// Copyright (c) 2026 manchunx7-bit. MIT License.
// Original geometric robot. Generated by tools/generate_avatar.py.
#include "muse_avatar_frames.h"
static const uint16_t frame_0[4096] = {
0x0000,0x0000,0x0000,0x0000,0x0000,0x0000,0x0000,0x0000,0x0000,0x0000,0x0000,0x0000,0x0000,0x0000,0x0000,0x0000,0x0000,0x0000,0x0000,0x0000,0x0000,0x0000,0x0000,0x0000,0x0000,0x0000,0x0000,0x0000,0x0000,0x0000,0x0000,0x0000,
0x0000,0x0000,0x0000,0x0000,0x0000,0x0000,0x0000,0x0000,0x0000,0x0000,0x0000,0x0000,0x0000,0x0000,0x0000,0x0000,0x0000,0x0000,0x0000,0x0000,0x0000,0x0000,0x0000,0x0000,0x0000,0x0000,0x0000,0x0000,0x0000,0x0000,0x0000,0x0000,
0x0000,0x0000,0x0000,0x0000,0x0000,0x0000,0x0000,0x0000,0x0000,0x0000,0x0000,0x0000,0x0000,0x0000,0x0000,0x0000,0x0000,0x0000,0x0000,0x0000,0x0000,0x0000,0x0000,0x0000,0x0000,0x0000,0x0000,0x0000,0x0000,0x0000,0x0000,0x0000,
0x0000,0x0000,0x0000,0x0000,0x0000,0x0000,0x0000,0x0000,0x0000,0x0000,0x0000,0x0000,0x0000,0x0000,0x0000,0x0000,0x0000,0x0000,0x0000,0x0000,0x0000,0x0000,0x0000,0x0000,0x0000,0x0000,0x0000,0x0000,0x0000,0x0000,0x0000,0x0000,
0x0000,0x0000,0x0000,0x0000,0x0000,0x0000,0x0000,0x0000,0x0000,0x0000,0x0000,0x0000,0x0000,0x0000,0x0000,0x0000,0x0000,0x0000,0x0000,0x0000,0x0000,0x0000,0x0000,0x0000,0x0000,0x0000,0x0000,0x0000,0x0000,0x0000,0x0000,0x0000,
0x0000,0x0000,0x0000,0x0000,0x0000,0x0000,0x0000,0x0000,0x0000,0x0000,0x0000,0x0000,0x0000,0x0000,0x0000,0x0000,0x0000,0x0000,0x0000,0x0000,0x0000,0x0000,0x0000,0x0000,0x0000,0x0000,0x0000,0x0000,0x0000,0x0000,0x0000,0x0000,
0x0000,0x0000,0x0000,0x0000,0x0000,0x0000,0x0000,0x0000,0x0000,0x0000,0x0000,0x0000,0x0000,0x0000,0x0000,0x0000,0x0000,0x0000,0x0000,0x0000,0x0000,0x0000,0x0000,0x0000,0x0000,0x0000,0x0000,0x0000,0x0000,0x0000,0x0000,0x0000,
0x0000,0x0000,0x0000,0x0000,0x0000,0x0000,0x0000,0x0000,0x0000,0x0000,0x0000,0x0000,0x0000,0x0000,0x0000,0x0000,0x0000,0x0000,0x0000,0x0000,0x0000,0x0000,0x0000,0x0000,0x0000,0x0000,0x0000,0x0000,0x0000,0x0000,0x0000,0x0000,
0x0000,0x0000,0x0000,0x0000,0x0000,0x0000,0x0000,0x0000,0x0000,0x0000,0x0000,0x0000,0x0000,0x0000,0x0000,0x0000,0x0000,0x0000,0x0000,0x0000,0x0000,0x0000,0x0000,0x0000,0x0000,0x0000,0x0000,0x0000,0x0000,0x0000,0x0000,0x0000,
0x0000,0x0000,0x0000,0x0000,0x0000,0x0000,0x0000,0x0000,0x0000,0x0000,0x0000,0x0000,0x0000,0x0000,0x0000,0x0000,0x0000,0x0000,0x0000,0x0000,0x0000,0x0000,0x0000,0x0000,0x0000,0x0000,0x0000,0x0000,0x0000,0x0000,0x0000,0x0000,
0x0000,0x0000,0x0000,0x0000,0x0000,0x0000,0x0000,0x0000,0x0000,0x0000,0x0000,0x0000,0x0000,0x0000,0x0000,0x0000,0x0000,0x0000,0x0000,0x0000,0x0000,0x0000,0x0000,0x0000,0x0000,0x0000,0x0000,0x0000,0x0000,0x0000,0x0000,0x0000,
0x0000,0x0000,0x0000,0x0000,0x0000,0x0000,0x0000,0x0000,0x0000,0x0000,0x0000,0x0000,0x0000,0x0000,0x0000,0x0000,0x0000,0x0000,0x0000,0x0000,0x0000,0x0000,0x0000,0x0000,0x0000,0x0000,0x0000,0x0000,0x0000,0x0000,0x0000,0x0000,
0x0000,0x0000,0x0000,0x0000,0x0000,0x0000,0x0000,0x0000,0x0000,0x0000,0x0000,0x0000,0x0000,0x0000,0x0000,0x0000,0x0000,0x0000,0x0000,0x0000,0x0000,0x0000,0x0000,0x0000,0x0000,0x0000,0x0000,0x0000,0x0000,0x0000,0x0000,0x0000,
0x0000,0x0000,0x0000,0x0000,0x0000,0x0000,0x0000,0x0000,0x0000,0x0000,0x0000,0x0000,0x0000,0x0000,0x0000,0x0000,0x0000,0x0000,0x0000,0x0000,0x0000,0x0000,0x0000,0x0000,0x0000,0x0000,0x0000,0x0000,0x0000,0x0000,0x0000,0x0000,
0x0000,0x0000,0x0000,0x0000,0x0000,0x0000,0x0000,0x0000,0x0000,0x0000,0x0000,0x0000,0x0000,0x0000,0x0000,0x0000,0x0000,0x0000,0x0000,0x0000,0x0000,0x0000,0x0000,0x0000,0x0000,0x0000,0x0000,0xfeb2,0xfeb2,0xfeb2,0xfeb2,0xfeb2,
0xfeb2,0xfeb2,0xfeb2,0xfeb2,0xfeb2,0x0000,0x0000,0x0000,0x0000,0x0000,0x0000,0x0000,0x0000,0x0000,0x0000,0x0000,0x0000,0x0000,0x0000,0x0000,0x0000,0x0000,0x0000,0x0000,0x0000,0x0000,0x0000,0x0000,0x0000,0x0000,0x0000,0x0000,
0x0000,0x0000,0x0000,0x0000,0x0000,0x0000,0x0000,0x0000,0x0000,0x0000,0x0000,0x0000,0x0000,0x0000,0x0000,0x0000,0x0000,0x0000,0x0000,0x0000,0x0000,0x0000,0x0000,0x0000,0x0000,0x0000,0x0000,0xfeb2,0xfeb2,0xfeb2,0xfeb2,0xfeb2,
0xfeb2,0xfeb2,0xfeb2,0xfeb2,0xfeb2,0x0000,0x0000,0x0000,0x0000,0x0000,0x0000,0x0000,0x0000,0x0000,0x0000,0x0000,0x0000,0x0000,0x0000,0x0000,0x0000,0x0000,0x0000,0x0000,0x0000,0x0000,0x0000,0x0000,0x0000,0x0000,0x0000,0x0000,
0x0000,0x0000,0x0000,0x0000,0x0000,0x0000,0x0000,0x0000,0x0000,0x0000,0x0000,0x0000,0x0000,0x0000,0x0000,0x0000,0x0000,0x0000,0x0000,0x0000,0x0000,0x0000,0x0000,0x0000,0x0000,0x0000,0x0000,0xfeb2,0xfeb2,0xfeb2,0xfeb2,0xfeb2,
0xfeb2,0xfeb2,0xfeb2,0xfeb2,0xfeb2,0x0000,0x0000,0x0000,0x0000,0x0000,0x0000,0x0000,0x0000,0x0000,0x0000,0x0000,0x0000,0x0000,0x0000,0x0000,0x0000,0x0000,0x0000,0x0000,0x0000,0x0000,0x0000,0x0000,0x0000,0x0000,0x0000,0x0000,
0x0000,0x0000,0x0000,0x0000,0x0000,0x0000,0x0000,0x0000,0x0000,0x0000,0x0000,0x0000,0x0000,0x0000,0x0000,0x0000,0x0000,0x0000,0x0000,0x0000,0x0000,0x0000,0x0000,0x0000,0x0000,0x0000,0x0000,0xfeb2,0xfeb2,0xfeb2,0xa6fa,0xa6fa,
0xa6fa,0xa6fa,0xfeb2,0xfeb2,0xfeb2,0x0000,0x0000,0x0000,0x0000,0x0000,0x0000,0x0000,0x0000,0x0000,0x0000,0x0000,0x0000,0x0000,0x0000,0x0000,0x0000,0x0000,0x0000,0x0000,0x0000,0x0000,0x0000,0x0000,0x0000,0x0000,0x0000,0x0000,
0x0000,0x0000,0x0000,0x0000,0x0000,0x0000,0x0000,0x0000,0x0000,0x0000,0x0000,0x0000,0x0000,0x0000,0x0000,0x0000,0x0000,0x0000,0x0000,0x0000,0x0000,0x0000,0x0000,0x0000,0x0000,0x0000,0x0000,0x0000,0x0000,0x0000,0xa6fa,0xa6fa,
0xa6fa,0xa6fa,0x0000,0x0000,0x0000,0x0000,0x0000,0x0000,0x0000,0x0000,0x0000,0x0000,0x0000,0x0000,0x0000,0x0000,0x0000,0x0000,0x0000,0x0000,0x0000,0x0000,0x0000,0x0000,0x0000,0x0000,0x0000,0x0000,0x0000,0x0000,0x0000,0x0000,
0x0000,0x0000,0x0000,0x0000,0x0000,0x0000,0x0000,0x0000,0x0000,0x0000,0x0000,0x0000,0x0000,0x0000,0x0000,0x0000,0x0000,0x0000,0x0000,0x0000,0x0000,0x0000,0x0000,0x0000,0x0000,0x0000,0x0000,0x0000,0x0000,0x0000,0xa6fa,0xa6fa,
0xa6fa,0xa6fa,0x0000,0x0000,0x0000,0x0000,0x0000,0x0000,0x0000,0x0000,0x0000,0x0000,0x0000,0x0000,0x0000,0x0000,0x0000,0x0000,0x0000,0x0000,0x0000,0x0000,0x0000,0x0000,0x0000,0x0000,0x0000,0x0000,0x0000,0x0000,0x0000,0x0000,
0x0000,0x0000,0x0000,0x0000,0x0000,0x0000,0x0000,0x0000,0x0000,0x0000,0x0000,0x0000,0x0000,0x0000,0x0000,0x0000,0x0000,0x0000,0x0000,0x0000,0x0000,0x0000,0x0000,0x0000,0x0000,0x0000,0x0000,0x0000,0x0000,0x0000,0xa6fa,0xa6fa,
0xa6fa,0xa6fa,0x0000,0x0000,0x0000,0x0000,0x0000,0x0000,0x0000,0x0000,0x0000,0x0000,0x0000,0x0000,0x0000,0x0000,0x0000,0x0000,0x0000,0x0000,0x0000,0x0000,0x0000,0x0000,0x0000,0x0000,0x0000,0x0000,0x0000,0x0000,0x0000,0x0000,
0x0000,0x0000,0x0000,0x0000,0x0000,0x0000,0x0000,0x0000,0x0000,0x0000,0x0000,0x0000,0x0000,0x0000,0x0000,0x19e8,0x19e8,0x19e8,0x19e8,0x19e8,0x19e8,0x19e8,0x19e8,0x19e8,0x19e8,0x19e8,0x19e8,0x19e8,0x19e8,0x19e8,0x19e8,0x19e8,
0x19e8,0x19e8,0x19e8,0x19e8,0x19e8,0x19e8,0x19e8,0x19e8,0x19e8,0x19e8,0x19e8,0x19e8,0x19e8,0x19e8,0x19e8,0x19e8,0x19e8,0x0000,0x0000,0x0000,0x0000,0x0000,0x0000,0x0000,0x0000,0x0000,0x0000,0x0000,0x0000,0x0000,0x0000,0x0000,
0x0000,0x0000,0x0000,0x0000,0x0000,0x0000,0x0000,0x0000,0x0000,0x0000,0x0000,0x0000,0x0000,0x0000,0x0000,0x19e8,0x19e8,0x19e8,0x19e8,0x19e8,0x19e8,0x19e8,0x19e8,0x19e8,0x19e8,0x19e8,0x19e8,0x19e8,0x19e8,0x19e8,0x19e8,0x19e8,
0x19e8,0x19e8,0x19e8,0x19e8,0x19e8,0x19e8,0x19e8,0x19e8,0x19e8,0x19e8,0x19e8,0x19e8,0x19e8,0x19e8,0x19e8,0x19e8,0x19e8,0x0000,0x0000,0x0000,0x0000,0x0000,0x0000,0x0000,0x0000,0x0000,0x0000,0x0000,0x0000,0x0000,0x0000,0x0000,
0x0000,0x0000,0x0000,0x0000,0x0000,0x0000,0x0000,0x0000,0x0000,0x0000,0x0000,0x0000,0x0000,0x0000,0x0000,0x19e8,0x19e8,0xa6fa,0xa6fa,0xa6fa,0xa6fa,0xa6fa,0xa6fa,0xa6fa,0xa6fa,0xa6fa,0xa6fa,0xa6fa,0xa6fa,0xa6fa,0xa6fa,0xa6fa,
0xa6fa,0xa6fa,0xa6fa,0xa6fa,0xa6fa,0xa6fa,0xa6fa,0xa6fa,0xa6fa,0xa6fa,0xa6fa,0xa6fa,0xa6fa,0xa6fa,0xa6fa,0x19e8,0x19e8,0x0000,0x0000,0x0000,0x0000,0x0000,0x0000,0x0000,0x0000,0x0000,0x0000,0x0000,0x0000,0x0000,0x0000,0x0000,
0x0000,0x0000,0x0000,0x0000,0x0000,0x0000,0x0000,0x0000,0x0000,0x0000,0x0000,0x0000,0x0000,0x0000,0x0000,0x19e8,0x19e8,0xa6fa,0xa6fa,0xa6fa,0xa6fa,0xa6fa,0xa6fa,0xa6fa,0xa6fa,0xa6fa,0xa6fa,0xa6fa,0xa6fa,0xa6fa,0xa6fa,0xa6fa,
0xa6fa,0xa6fa,0xa6fa,0xa6fa,0xa6fa,0xa6fa,0xa6fa,0xa6fa,0xa6fa,0xa6fa,0xa6fa,0xa6fa,0xa6fa,0xa6fa,0xa6fa,0x19e8,0x19e8,0x0000,0x0000,0x0000,0x0000,0x0000,0x0000,0x0000,0x0000,0x0000,0x0000,0x0000,0x0000,0x0000,0x0000,0x0000,
0x0000,0x0000,0x0000,0x0000,0x0000,0x0000,0x0000,0x0000,0x0000,0x0000,0x0000,0x0000,0x0000,0x0000,0x0000,0x19e8,0x19e8,0xa6fa,0xa6fa,0xa6fa,0xa6fa,0xa6fa,0xa6fa,0xa6fa,0xa6fa,0xa6fa,0xa6fa,0xa6fa,0xa6fa,0xa6fa,0xa6fa,0xa6fa,
0xa6fa,0xa6fa,0xa6fa,0xa6fa,0xa6fa,0xa6fa,0xa6fa,0xa6fa,0xa6fa,0xa6fa,0xa6fa,0xa6fa,0xa6fa,0xa6fa,0xa6fa,0x19e8,0x19e8,0x0000,0x0000,0x0000,0x0000,0x0000,0x0000,0x0000,0x0000,0x0000,0x0000,0x0000,0x0000,0x0000,0x0000,0x0000,
0x0000,0x0000,0x0000,0x0000,0x0000,0x0000,0x0000,0x0000,0x0000,0x0000,0x0000,0x0000,0x0000,0x0000,0x0000,0x19e8,0x19e8,0xa6fa,0xa6fa,0xa6fa,0xa6fa,0xa6fa,0xa6fa,0xa6fa,0xa6fa,0xa6fa,0xa6fa,0xa6fa,0xa6fa,0xa6fa,0xa6fa,0xa6fa,
0xa6fa,0xa6fa,0xa6fa,0xa6fa,0xa6fa,0xa6fa,0xa6fa,0xa6fa,0xa6fa,0xa6fa,0xa6fa,0xa6fa,0xa6fa,0xa6fa,0xa6fa,0x19e8,0x19e8,0x0000,0x0000,0x0000,0x0000,0x0000,0x0000,0x0000,0x0000,0x0000,0x0000,0x0000,0x0000,0x0000,0x0000,0x0000,
0x0000,0x0000,0x0000,0x0000,0x0000,0x0000,0x0000,0x0000,0x0000,0x0000,0x0000,0x0000,0x0000,0x0000,0x0000,0x19e8,0x19e8,0xa6fa,0xa6fa,0xa6fa,0xa6fa,0x19e8,0x19e8,0x19e8,0x19e8,0x19e8,0x19e8,0x19e8,0x19e8,0x19e8,0x19e8,0x19e8,
0x19e8,0x19e8,0x19e8,0x19e8,0x19e8,0x19e8,0x19e8,0x19e8,0x19e8,0x19e8,0x19e8,0xa6fa,0xa6fa,0xa6fa,0xa6fa,0x19e8,0x19e8,0x0000,0x0000,0x0000,0x0000,0x0000,0x0000,0x0000,0x0000,0x0000,0x0000,0x0000,0x0000,0x0000,0x0000,0x0000,
0x0000,0x0000,0x0000,0x0000,0x0000,0x0000,0x0000,0x0000,0x0000,0x0000,0x0000,0x0000,0x0000,0x0000,0x0000,0x19e8,0x19e8,0xa6fa,0xa6fa,0xa6fa,0xa6fa,0x19e8,0x19e8,0x19e8,0x19e8,0x19e8,0x19e8,0x19e8,0x19e8,0x19e8,0x19e8,0x19e8,
0x19e8,0x19e8,0x19e8,0x19e8,0x19e8,0x19e8,0x19e8,0x19e8,0x19e8,0x19e8,0x19e8,0xa6fa,0xa6fa,0xa6fa,0xa6fa,0x19e8,0x19e8,0x0000,0x0000,0x0000,0x0000,0x0000,0x0000,0x0000,0x0000,0x0000,0x0000,0x0000,0x0000,0x0000,0x0000,0x0000,
0x0000,0x0000,0x0000,0x0000,0x0000,0x0000,0x0000,0x0000,0x0000,0x0000,0x0000,0x0000,0x0000,0x0000,0x0000,0x19e8,0x19e8,0xa6fa,0xa6fa,0xa6fa,0xa6fa,0x19e8,0x19e8,0x19e8,0x19e8,0x19e8,0x19e8,0x19e8,0x19e8,0x19e8,0x19e8,0x19e8,
0x19e8,0x19e8,0x19e8,0x19e8,0x19e8,0x19e8,0x19e8,0x19e8,0x19e8,0x19e8,0x19e8,0xa6fa,0xa6fa,0xa6fa,0xa6fa,0x19e8,0x19e8,0x0000,0x0000,0x0000,0x0000,0x0000,0x0000,0x0000,0x0000,0x0000,0x0000,0x0000,0x0000,0x0000,0x0000,0x0000,
0x0000,0x0000,0x0000,0x0000,0x0000,0x0000,0x0000,0x0000,0x0000,0x0000,0x0000,0x0000,0x0000,0x0000,0x0000,0x19e8,0x19e8,0xa6fa,0xa6fa,0xa6fa,0xa6fa,0x19e8,0x19e8,0x19e8,0xefdb,0xefdb,0xefdb,0xefdb,0x19e8,0x19e8,0x19e8,0x19e8,
0x19e8,0x19e8,0x19e8,0xefdb,0xefdb,0xefdb,0xefdb,0x19e8,0x19e8,0x19e8,0x19e8,0xa6fa,0xa6fa,0xa6fa,0xa6fa,0x19e8,0x19e8,0x0000,0x0000,0x0000,0x0000,0x0000,0x0000,0x0000,0x0000,0x0000,0x0000,0x0000,0x0000,0x0000,0x0000,0x0000,
0x0000,0x0000,0x0000,0x0000,0x0000,0x0000,0x0000,0x0000,0x0000,0x0000,0x0000,0x0000,0x0000,0x0000,0x0000,0x19e8,0x19e8,0xa6fa,0xa6fa,0xa6fa,0xa6fa,0x19e8,0x19e8,0x19e8,0xefdb,0xefdb,0xefdb,0xefdb,0x19e8,0x19e8,0x19e8,0x19e8,
0x19e8,0x19e8,0x19e8,0xefdb,0xefdb,0xefdb,0xefdb,0x19e8,0x19e8,0x19e8,0x19e8,0xa6fa,0xa6fa,0xa6fa,0xa6fa,0x19e8,0x19e8,0x0000,0x0000,0x0000,0x0000,0x0000,0x0000,0x0000,0x0000,0x0000,0x0000,0x0000,0x0000,0x0000,0x0000,0x0000,
0x0000,0x0000,0x0000,0x0000,0x0000,0x0000,0x0000,0x0000,0x0000,0x0000,0x0000,0x0000,0x0000,0x0000,0x0000,0x19e8,0x19e8,0xa6fa,0xa6fa,0xa6fa,0xa6fa,0x19e8,0x19e8,0x19e8,0xefdb,0xefdb,0xefdb,0xefdb,0x19e8,0x19e8,0x19e8,0x19e8,
0x19e8,0x19e8,0x19e8,0xefdb,0xefdb,0xefdb,0xefdb,0x19e8,0x19e8,0x19e8,0x19e8,0xa6fa,0xa6fa,0xa6fa,0xa6fa,0x19e8,0x19e8,0x0000,0x0000,0x0000,0x0000,0x0000,0x0000,0x0000,0x0000,0x0000,0x0000,0x0000,0x0000,0x0000,0x0000,0x0000,
0x0000,0x0000,0x0000,0x0000,0x0000,0x0000,0x0000,0x0000,0x0000,0x0000,0x0000,0x0000,0x0000,0x0000,0x0000,0x19e8,0x19e8,0xa6fa,0xa6fa,0xa6fa,0xa6fa,0x19e8,0x19e8,0x19e8,0xefdb,0xefdb,0xefdb,0xefdb,0x19e8,0x19e8,0x19e8,0x19e8,
0x19e8,0x19e8,0x19e8,0xefdb,0xefdb,0xefdb,0xefdb,0x19e8,0x19e8,0x19e8,0x19e8,0xa6fa,0xa6fa,0xa6fa,0xa6fa,0x19e8,0x19e8,0x0000,0x0000,0x0000,0x0000,0x0000,0x0000,0x0000,0x0000,0x0000,0x0000,0x0000,0x0000,0x0000,0x0000,0x0000,
0x0000,0x0000,0x0000,0x0000,0x0000,0x0000,0x0000,0x0000,0x0000,0x0000,0x0000,0x0000,0x0000,0x0000,0x0000,0x19e8,0x19e8,0xa6fa,0xa6fa,0xa6fa,0xa6fa,0x19e8,0x19e8,0x19e8,0xefdb,0xefdb,0xefdb,0xefdb,0x19e8,0x19e8,0x19e8,0x19e8,
0x19e8,0x19e8,0x19e8,0xefdb,0xefdb,0xefdb,0xefdb,0x19e8,0x19e8,0x19e8,0x19e8,0xa6fa,0xa6fa,0xa6fa,0xa6fa,0x19e8,0x19e8,0x0000,0x0000,0x0000,0x0000,0x0000,0x0000,0x0000,0x0000,0x0000,0x0000,0x0000,0x0000,0x0000,0x0000,0x0000,
0x0000,0x0000,0x0000,0x0000,0x0000,0x0000,0x0000,0x0000,0x0000,0x0000,0x0000,0x0000,0x0000,0x0000,0x0000,0x19e8,0x19e8,0xa6fa,0xa6fa,0xa6fa,0xa6fa,0x19e8,0x19e8,0x19e8,0xefdb,0xefdb,0xefdb,0xefdb,0x19e8,0x19e8,0x19e8,0x19e8,
0x19e8,0x19e8,0x19e8,0xefdb,0xefdb,0xefdb,0xefdb,0x19e8,0x19e8,0x19e8,0x19e8,0xa6fa,0xa6fa,0xa6fa,0xa6fa,0x19e8,0x19e8,0x0000,0x0000,0x0000,0x0000,0x0000,0x0000,0x0000,0x0000,0x0000,0x0000,0x0000,0x0000,0x0000,0x0000,0x0000,
0x0000,0x0000,0x0000,0x0000,0x0000,0x0000,0x0000,0x0000,0x0000,0x0000,0x0000,0x0000,0x0000,0x0000,0x0000,0x19e8,0x19e8,0xa6fa,0xa6fa,0xa6fa,0xa6fa,0x19e8,0x19e8,0x19e8,0xefdb,0xefdb,0xefdb,0xefdb,0x19e8,0x19e8,0x19e8,0x19e8,
0x19e8,0x19e8,0x19e8,0xefdb,0xefdb,0xefdb,0xefdb,0x19e8,0x19e8,0x19e8,0x19e8,0xa6fa,0xa6fa,0xa6fa,0xa6fa,0x19e8,0x19e8,0x0000,0x0000,0x0000,0x0000,0x0000,0x0000,0x0000,0x0000,0x0000,0x0000,0x0000,0x0000,0x0000,0x0000,0x0000,
0x0000,0x0000,0x0000,0x0000,0x0000,0x0000,0x0000,0x0000,0x0000,0x0000,0x0000,0x0000,0x0000,0x0000,0x0000,0x19e8,0x19e8,0xa6fa,0xa6fa,0xa6fa,0xa6fa,0x19e8,0x19e8,0x19e8,0x19e8,0x19e8,0x19e8,0x19e8,0x19e8,0x19e8,0x19e8,0x19e8,
0x19e8,0x19e8,0x19e8,0x19e8,0x19e8,0x19e8,0x19e8,0x19e8,0x19e8,0x19e8,0x19e8,0xa6fa,0xa6fa,0xa6fa,0xa6fa,0x19e8,0x19e8,0x0000,0x0000,0x0000,0x0000,0x0000,0x0000,0x0000,0x0000,0x0000,0x0000,0x0000,0x0000,0x0000,0x0000,0x0000,
0x0000,0x0000,0x0000,0x0000,0x0000,0x0000,0x0000,0x0000,0x0000,0x0000,0x0000,0x0000,0x0000,0x0000,0x0000,0x19e8,0x19e8,0xa6fa,0xa6fa,0xa6fa,0xa6fa,0x19e8,0x19e8,0x19e8,0x19e8,0x19e8,0x19e8,0x19e8,0x19e8,0x19e8,0x19e8,0x19e8,
0x19e8,0x19e8,0x19e8,0x19e8,0x19e8,0x19e8,0x19e8,0x19e8,0x19e8,0x19e8,0x19e8,0xa6fa,0xa6fa,0xa6fa,0xa6fa,0x19e8,0x19e8,0x0000,0x0000,0x0000,0x0000,0x0000,0x0000,0x0000,0x0000,0x0000,0x0000,0x0000,0x0000,0x0000,0x0000,0x0000,
0x0000,0x0000,0x0000,0x0000,0x0000,0x0000,0x0000,0x0000,0x0000,0x0000,0x0000,0x0000,0x0000,0x0000,0x0000,0x19e8,0x19e8,0xa6fa,0xa6fa,0xa6fa,0xa6fa,0x19e8,0x19e8,0x19e8,0x19e8,0x19e8,0x19e8,0x19e8,0x19e8,0x19e8,0x19e8,0x19e8,
0x19e8,0x19e8,0x19e8,0x19e8,0x19e8,0x19e8,0x19e8,0x19e8,0x19e8,0x19e8,0x19e8,0xa6fa,0xa6fa,0xa6fa,0xa6fa,0x19e8,0x19e8,0x0000,0x0000,0x0000,0x0000,0x0000,0x0000,0x0000,0x0000,0x0000,0x0000,0x0000,0x0000,0x0000,0x0000,0x0000,
0x0000,0x0000,0x0000,0x0000,0x0000,0x0000,0x0000,0x0000,0x0000,0x0000,0x0000,0x0000,0x0000,0x0000,0x0000,0x19e8,0x19e8,0xa6fa,0xa6fa,0xa6fa,0xa6fa,0x19e8,0x19e8,0x19e8,0x19e8,0x19e8,0x19e8,0x19e8,0x19e8,0x19e8,0x19e8,0x19e8,
0x19e8,0x19e8,0x19e8,0x19e8,0x19e8,0x19e8,0x19e8,0x19e8,0x19e8,0x19e8,0x19e8,0xa6fa,0xa6fa,0xa6fa,0xa6fa,0x19e8,0x19e8,0x0000,0x0000,0x0000,0x0000,0x0000,0x0000,0x0000,0x0000,0x0000,0x0000,0x0000,0x0000,0x0000,0x0000,0x0000,
0x0000,0x0000,0x0000,0x0000,0x0000,0x0000,0x0000,0x0000,0x0000,0x0000,0x0000,0x0000,0x0000,0x0000,0x0000,0x19e8,0x19e8,0xa6fa,0xa6fa,0xa6fa,0xa6fa,0xa6fa,0xa6fa,0xa6fa,0xa6fa,0xa6fa,0xa6fa,0xa6fa,0xa6fa,0xa6fa,0xa6fa,0xa6fa,
0xa6fa,0xa6fa,0xa6fa,0xa6fa,0xa6fa,0xa6fa,0xa6fa,0xa6fa,0xa6fa,0xa6fa,0xa6fa,0xa6fa,0xa6fa,0xa6fa,0xa6fa,0x19e8,0x19e8,0x0000,0x0000,0x0000,0x0000,0x0000,0x0000,0x0000,0x0000,0x0000,0x0000,0x0000,0x0000,0x0000,0x0000,0x0000,
0x0000,0x0000,0x0000,0x0000,0x0000,0x0000,0x0000,0x0000,0x0000,0x0000,0x0000,0x0000,0x0000,0x0000,0x0000,0x19e8,0x19e8,0xa6fa,0xa6fa,0xa6fa,0xa6fa,0xa6fa,0xa6fa,0xa6fa,0xa6fa,0xa6fa,0xa6fa,0x19e8,0x19e8,0x19e8,0x19e8,0x19e8,
0x19e8,0x19e8,0x19e8,0x19e8,0x19e8,0xa6fa,0xa6fa,0xa6fa,0xa6fa,0xa6fa,0xa6fa,0xa6fa,0xa6fa,0xa6fa,0xa6fa,0x19e8,0x19e8,0x0000,0x0000,0x0000,0x0000,0x0000,0x0000,0x0000,0x0000,0x0000,0x0000,0x0000,0x0000,0x0000,0x0000,0x0000,
0x0000,0x0000,0x0000,0x0000,0x0000,0x0000,0x0000,0x0000,0x0000,0x0000,0x0000,0x0000,0x0000,0x0000,0x0000,0x19e8,0x19e8,0xa6fa,0xa6fa,0xa6fa,0xa6fa,0xa6fa,0xa6fa,0xa6fa,0xa6fa,0xa6fa,0xa6fa,0x19e8,0x19e8,0x19e8,0x19e8,0x19e8,
0x19e8,0x19e8,0x19e8,0x19e8,0x19e8,0xa6fa,0xa6fa,0xa6fa,0xa6fa,0xa6fa,0xa6fa,0xa6fa,0xa6fa,0xa6fa,0xa6fa,0x19e8,0x19e8,0x0000,0x0000,0x0000,0x0000,0x0000,0x0000,0x0000,0x0000,0x0000,0x0000,0x0000,0x0000,0x0000,0x0000,0x0000,
0x0000,0x0000,0x0000,0x0000,0x0000,0x0000,0x0000,0x0000,0x0000,0x0000,0x0000,0x0000,0x0000,0x0000,0x0000,0x19e8,0x19e8,0xa6fa,0xa6fa,0xa6fa,0xa6fa,0xa6fa,0xa6fa,0xa6fa,0xa6fa,0xa6fa,0xa6fa,0xa6fa,0xa6fa,0xa6fa,0xa6fa,0xa6fa,
0xa6fa,0xa6fa,0xa6fa,0xa6fa,0xa6fa,0xa6fa,0xa6fa,0xa6fa,0xa6fa,0xa6fa,0xa6fa,0xa6fa,0xa6fa,0xa6fa,0xa6fa,0x19e8,0x19e8,0x0000,0x0000,0x0000,0x0000,0x0000,0x0000,0x0000,0x0000,0x0000,0x0000,0x0000,0x0000,0x0000,0x0000,0x0000,
0x0000,0x0000,0x0000,0x0000,0x0000,0x0000,0x0000,0x0000,0x0000,0x0000,0x0000,0x0000,0x0000,0x0000,0x0000,0x19e8,0x19e8,0xa6fa,0xa6fa,0xa6fa,0xa6fa,0xa6fa,0xa6fa,0xa6fa,0xa6fa,0xa6fa,0xa6fa,0xa6fa,0xa6fa,0xa6fa,0xa6fa,0xa6fa,
0xa6fa,0xa6fa,0xa6fa,0xa6fa,0xa6fa,0xa6fa,0xa6fa,0xa6fa,0xa6fa,0xa6fa,0xa6fa,0xa6fa,0xa6fa,0xa6fa,0xa6fa,0x19e8,0x19e8,0x0000,0x0000,0x0000,0x0000,0x0000,0x0000,0x0000,0x0000,0x0000,0x0000,0x0000,0x0000,0x0000,0x0000,0x0000,
0x0000,0x0000,0x0000,0x0000,0x0000,0x0000,0x0000,0x0000,0x0000,0x0000,0x0000,0x0000,0x0000,0x0000,0x0000,0x19e8,0x19e8,0x19e8,0x19e8,0x19e8,0x19e8,0x19e8,0x19e8,0x19e8,0x19e8,0x19e8,0x19e8,0x19e8,0x19e8,0x19e8,0x19e8,0x19e8,
0x19e8,0x19e8,0x19e8,0x19e8,0x19e8,0x19e8,0x19e8,0x19e8,0x19e8,0x19e8,0x19e8,0x19e8,0x19e8,0x19e8,0x19e8,0x19e8,0x19e8,0x0000,0x0000,0x0000,0x0000,0x0000,0x0000,0x0000,0x0000,0x0000,0x0000,0x0000,0x0000,0x0000,0x0000,0x0000,
0x0000,0x0000,0x0000,0x0000,0x0000,0x0000,0x0000,0x0000,0x0000,0x0000,0x0000,0x0000,0x0000,0x0000,0x0000,0x19e8,0x19e8,0x19e8,0x19e8,0x19e8,0x19e8,0x19e8,0x19e8,0x19e8,0x19e8,0x19e8,0x19e8,0x19e8,0x19e8,0x19e8,0x19e8,0x19e8,
0x19e8,0x19e8,0x19e8,0x19e8,0x19e8,0x19e8,0x19e8,0x19e8,0x19e8,0x19e8,0x19e8,0x19e8,0x19e8,0x19e8,0x19e8,0x19e8,0x19e8,0x0000,0x0000,0x0000,0x0000,0x0000,0x0000,0x0000,0x0000,0x0000,0x0000,0x0000,0x0000,0x0000,0x0000,0x0000,
0x0000,0x0000,0x0000,0x0000,0x0000,0x0000,0x0000,0x0000,0x0000,0x0000,0x0000,0x0000,0x0000,0x0000,0x0000,0x0000,0x0000,0x0000,0x0000,0x0000,0x0000,0x19e8,0x19e8,0x19e8,0x19e8,0x19e8,0x19e8,0x19e8,0x19e8,0x19e8,0x19e8,0x19e8,
0x19e8,0x19e8,0x19e8,0x19e8,0x19e8,0x19e8,0x19e8,0x19e8,0x19e8,0x19e8,0x19e8,0x0000,0x0000,0x0000,0x0000,0x0000,0x0000,0x0000,0x0000,0x0000,0x0000,0x0000,0x0000,0x0000,0x0000,0x0000,0x0000,0x0000,0x0000,0x0000,0x0000,0x0000,
0x0000,0x0000,0x0000,0x0000,0x0000,0x0000,0x0000,0x0000,0x0000,0x0000,0x0000,0x0000,0x0000,0x0000,0x0000,0x0000,0x0000,0x0000,0x0000,0x0000,0x0000,0x19e8,0x19e8,0x19e8,0x19e8,0x19e8,0x19e8,0x19e8,0x19e8,0x19e8,0x19e8,0x19e8,
0x19e8,0x19e8,0x19e8,0x19e8,0x19e8,0x19e8,0x19e8,0x19e8,0x19e8,0x19e8,0x19e8,0x0000,0x0000,0x0000,0x0000,0x0000,0x0000,0x0000,0x0000,0x0000,0x0000,0x0000,0x0000,0x0000,0x0000,0x0000,0x0000,0x0000,0x0000,0x0000,0x0000,0x0000,
0x0000,0x0000,0x0000,0x0000,0x0000,0x0000,0x0000,0x0000,0x0000,0x0000,0x0000,0x0000,0x0000,0x0000,0x0000,0x0000,0x0000,0x0000,0x0000,0x0000,0x0000,0x19e8,0x19e8,0xa6fa,0xa6fa,0xa6fa,0xa6fa,0xa6fa,0xa6fa,0xa6fa,0xa6fa,0xa6fa,
0xa6fa,0xa6fa,0xa6fa,0xa6fa,0xa6fa,0xa6fa,0xa6fa,0xa6fa,0xa6fa,0x19e8,0x19e8,0x0000,0x0000,0x0000,0x0000,0x0000,0x0000,0x0000,0x0000,0x0000,0x0000,0x0000,0x0000,0x0000,0x0000,0x0000,0x0000,0x0000,0x0000,0x0000,0x0000,0x0000,
0x0000,0x0000,0x0000,0x0000,0x0000,0x0000,0x0000,0x0000,0x0000,0xa6fa,0xa6fa,0xa6fa,0xa6fa,0xa6fa,0x0000,0x0000,0x0000,0x0000,0x0000,0x0000,0x0000,0x19e8,0x19e8,0xa6fa,0xa6fa,0xa6fa,0xa6fa,0xa6fa,0xa6fa,0xa6fa,0xa6fa,0xa6fa,
0xa6fa,0xa6fa,0xa6fa,0xa6fa,0xa6fa,0xa6fa,0xa6fa,0xa6fa,0xa6fa,0x19e8,0x19e8,0x0000,0x0000,0x0000,0x0000,0x0000,0x0000,0x0000,0xa6fa,0xa6fa,0xa6fa,0xa6fa,0xa6fa,0x0000,0x0000,0x0000,0x0000,0x0000,0x0000,0x0000,0x0000,0x0000,
0x0000,0x0000,0x0000,0x0000,0x0000,0x0000,0x0000,0x0000,0x0000,0xa6fa,0xa6fa,0xa6fa,0xa6fa,0xa6fa,0x0000,0x0000,0x0000,0x0000,0x0000,0x0000,0x0000,0x19e8,0x19e8,0xa6fa,0xa6fa,0xa6fa,0xa6fa,0xa6fa,0xa6fa,0xa6fa,0xa6fa,0xa6fa,
0xa6fa,0xa6fa,0xa6fa,0xa6fa,0xa6fa,0xa6fa,0xa6fa,0xa6fa,0xa6fa,0x19e8,0x19e8,0x0000,0x0000,0x0000,0x0000,0x0000,0x0000,0x0000,0xa6fa,0xa6fa,0xa6fa,0xa6fa,0xa6fa,0x0000,0x0000,0x0000,0x0000,0x0000,0x0000,0x0000,0x0000,0x0000,
0x0000,0x0000,0x0000,0x0000,0x0000,0x0000,0x0000,0x0000,0x0000,0xa6fa,0xa6fa,0xa6fa,0xa6fa,0xa6fa,0x0000,0x0000,0x0000,0x0000,0x0000,0x0000,0x0000,0x19e8,0x19e8,0xa6fa,0xa6fa,0xa6fa,0xa6fa,0xa6fa,0xa6fa,0xa6fa,0xa6fa,0xa6fa,
0xa6fa,0xa6fa,0xa6fa,0xa6fa,0xa6fa,0xa6fa,0xa6fa,0xa6fa,0xa6fa,0x19e8,0x19e8,0x0000,0x0000,0x0000,0x0000,0x0000,0x0000,0x0000,0xa6fa,0xa6fa,0xa6fa,0xa6fa,0xa6fa,0x0000,0x0000,0x0000,0x0000,0x0000,0x0000,0x0000,0x0000,0x0000,
0x0000,0x0000,0x0000,0x0000,0x0000,0x0000,0x0000,0x0000,0x0000,0xa6fa,0xa6fa,0xa6fa,0xa6fa,0xa6fa,0x0000,0x0000,0x0000,0x0000,0x0000,0x0000,0x0000,0x19e8,0x19e8,0xa6fa,0xa6fa,0xa6fa,0xa6fa,0xa6fa,0xa6fa,0xa6fa,0xa6fa,0xa6fa,
0xa6fa,0xa6fa,0xa6fa,0xa6fa,0xa6fa,0xa6fa,0xa6fa,0xa6fa,0xa6fa,0x19e8,0x19e8,0x0000,0x0000,0x0000,0x0000,0x0000,0x0000,0x0000,0xa6fa,0xa6fa,0xa6fa,0xa6fa,0xa6fa,0x0000,0x0000,0x0000,0x0000,0x0000,0x0000,0x0000,0x0000,0x0000,
0x0000,0x0000,0x0000,0x0000,0x0000,0x0000,0x0000,0x0000,0x0000,0xa6fa,0xa6fa,0xa6fa,0xa6fa,0xa6fa,0x0000,0x0000,0x0000,0x0000,0x0000,0x0000,0x0000,0x19e8,0x19e8,0xa6fa,0xa6fa,0xa6fa,0xa6fa,0xa6fa,0xa6fa,0xa6fa,0xa6fa,0xa6fa,
0xa6fa,0xa6fa,0xa6fa,0xa6fa,0xa6fa,0xa6fa,0xa6fa,0xa6fa,0xa6fa,0x19e8,0x19e8,0x0000,0x0000,0x0000,0x0000,0x0000,0x0000,0x0000,0xa6fa,0xa6fa,0xa6fa,0xa6fa,0xa6fa,0x0000,0x0000,0x0000,0x0000,0x0000,0x0000,0x0000,0x0000,0x0000,
0x0000,0x0000,0x0000,0x0000,0x0000,0x0000,0x0000,0x0000,0x0000,0xa6fa,0xa6fa,0xa6fa,0xa6fa,0xa6fa,0x0000,0x0000,0x0000,0x0000,0x0000,0x0000,0x0000,0x19e8,0x19e8,0xa6fa,0xa6fa,0xa6fa,0xa6fa,0xa6fa,0xa6fa,0xa6fa,0xa6fa,0xa6fa,
0xa6fa,0xa6fa,0xa6fa,0xa6fa,0xa6fa,0xa6fa,0xa6fa,0xa6fa,0xa6fa,0x19e8,0x19e8,0x0000,0x0000,0x0000,0x0000,0x0000,0x0000,0x0000,0xa6fa,0xa6fa,0xa6fa,0xa6fa,0xa6fa,0x0000,0x0000,0x0000,0x0000,0x0000,0x0000,0x0000,0x0000,0x0000,
0x0000,0x0000,0x0000,0x0000,0x0000,0x0000,0x0000,0x0000,0x0000,0xa6fa,0xa6fa,0xa6fa,0xa6fa,0xa6fa,0x0000,0x0000,0x0000,0x0000,0x0000,0x0000,0x0000,0x19e8,0x19e8,0xa6fa,0xa6fa,0xa6fa,0xa6fa,0xa6fa,0xa6fa,0xa6fa,0xa6fa,0xa6fa,
0xa6fa,0xa6fa,0xa6fa,0xa6fa,0xa6fa,0xa6fa,0xa6fa,0xa6fa,0xa6fa,0x19e8,0x19e8,0x0000,0x0000,0x0000,0x0000,0x0000,0x0000,0x0000,0xa6fa,0xa6fa,0xa6fa,0xa6fa,0xa6fa,0x0000,0x0000,0x0000,0x0000,0x0000,0x0000,0x0000,0x0000,0x0000,
0x0000,0x0000,0x0000,0x0000,0x0000,0x0000,0x0000,0x0000,0x0000,0xa6fa,0xa6fa,0xa6fa,0xa6fa,0xa6fa,0x0000,0x0000,0x0000,0x0000,0x0000,0x0000,0x0000,0x19e8,0x19e8,0x19e8,0x19e8,0x19e8,0x19e8,0x19e8,0x19e8,0x19e8,0x19e8,0x19e8,
0x19e8,0x19e8,0x19e8,0x19e8,0x19e8,0x19e8,0x19e8,0x19e8,0x19e8,0x19e8,0x19e8,0x0000,0x0000,0x0000,0x0000,0x0000,0x0000,0x0000,0xa6fa,0xa6fa,0xa6fa,0xa6fa,0xa6fa,0x0000,0x0000,0x0000,0x0000,0x0000,0x0000,0x0000,0x0000,0x0000,
0x0000,0x0000,0x0000,0x0000,0x0000,0x0000,0x0000,0x0000,0x0000,0xa6fa,0xa6fa,0xa6fa,0xa6fa,0xa6fa,0x0000,0x0000,0x0000,0x0000,0x0000,0x0000,0x0000,0x19e8,0x19e8,0x19e8,0x19e8,0x19e8,0x19e8,0x19e8,0x19e8,0x19e8,0x19e8,0x19e8,
0x19e8,0x19e8,0x19e8,0x19e8,0x19e8,0x19e8,0x19e8,0x19e8,0x19e8,0x19e8,0x19e8,0x0000,0x0000,0x0000,0x0000,0x0000,0x0000,0x0000,0xa6fa,0xa6fa,0xa6fa,0xa6fa,0xa6fa,0x0000,0x0000,0x0000,0x0000,0x0000,0x0000,0x0000,0x0000,0x0000,
0x0000,0x0000,0x0000,0x0000,0x0000,0x0000,0x0000,0x0000,0x0000,0x0000,0x0000,0x0000,0x0000,0x0000,0x0000,0x0000,0x0000,0x0000,0x0000,0x0000,0x0000,0x0000,0x0000,0x0000,0x0000,0x0000,0x0000,0x0000,0x0000,0x0000,0x0000,0x0000,
0x0000,0x0000,0x0000,0x0000,0x0000,0x0000,0x0000,0x0000,0x0000,0x0000,0x0000,0x0000,0x0000,0x0000,0x0000,0x0000,0x0000,0x0000,0x0000,0x0000,0x0000,0x0000,0x0000,0x0000,0x0000,0x0000,0x0000,0x0000,0x0000,0x0000,0x0000,0x0000,
0x0000,0x0000,0x0000,0x0000,0x0000,0x0000,0x0000,0x0000,0x0000,0x0000,0x0000,0x0000,0x0000,0x0000,0x0000,0x0000,0x0000,0x0000,0x0000,0x0000,0x0000,0x0000,0x0000,0x0000,0x0000,0x0000,0xa6fa,0xa6fa,0xa6fa,0xa6fa,0x0000,0x0000,
0x0000,0x0000,0xa6fa,0xa6fa,0xa6fa,0xa6fa,0x0000,0x0000,0x0000,0x0000,0x0000,0x0000,0x0000,0x0000,0x0000,0x0000,0x0000,0x0000,0x0000,0x0000,0x0000,0x0000,0x0000,0x0000,0x0000,0x0000,0x0000,0x0000,0x0000,0x0000,0x0000,0x0000,
0x0000,0x0000,0x0000,0x0000,0x0000,0x0000,0x0000,0x0000,0x0000,0x0000,0x0000,0x0000,0x0000,0x0000,0x0000,0x0000,0x0000,0x0000,0x0000,0x0000,0x0000,0x0000,0x0000,0x0000,0x0000,0x0000,0xa6fa,0xa6fa,0xa6fa,0xa6fa,0x0000,0x0000,
0x0000,0x0000,0xa6fa,0xa6fa,0xa6fa,0xa6fa,0x0000,0x0000,0x0000,0x0000,0x0000,0x0000,0x0000,0x0000,0x0000,0x0000,0x0000,0x0000,0x0000,0x0000,0x0000,0x0000,0x0000,0x0000,0x0000,0x0000,0x0000,0x0000,0x0000,0x0000,0x0000,0x0000,
0x0000,0x0000,0x0000,0x0000,0x0000,0x0000,0x0000,0x0000,0x0000,0x0000,0x0000,0x0000,0x0000,0x0000,0x0000,0x0000,0x0000,0x0000,0x0000,0x0000,0x0000,0x0000,0x0000,0x0000,0x0000,0x0000,0xa6fa,0xa6fa,0xa6fa,0xa6fa,0x0000,0x0000,
0x0000,0x0000,0xa6fa,0xa6fa,0xa6fa,0xa6fa,0x0000,0x0000,0x0000,0x0000,0x0000,0x0000,0x0000,0x0000,0x0000,0x0000,0x0000,0x0000,0x0000,0x0000,0x0000,0x0000,0x0000,0x0000,0x0000,0x0000,0x0000,0x0000,0x0000,0x0000,0x0000,0x0000,
0x0000,0x0000,0x0000,0x0000,0x0000,0x0000,0x0000,0x0000,0x0000,0x0000,0x0000,0x0000,0x0000,0x0000,0x0000,0x0000,0x0000,0x0000,0x0000,0x0000,0x0000,0x0000,0x0000,0x0000,0x0000,0x0000,0xa6fa,0xa6fa,0xa6fa,0xa6fa,0x0000,0x0000,
0x0000,0x0000,0xa6fa,0xa6fa,0xa6fa,0xa6fa,0x0000,0x0000,0x0000,0x0000,0x0000,0x0000,0x0000,0x0000,0x0000,0x0000,0x0000,0x0000,0x0000,0x0000,0x0000,0x0000,0x0000,0x0000,0x0000,0x0000,0x0000,0x0000,0x0000,0x0000,0x0000,0x0000,
0x0000,0x0000,0x0000,0x0000,0x0000,0x0000,0x0000,0x0000,0x0000,0x0000,0x0000,0x0000,0x0000,0x0000,0x0000,0x0000,0x0000,0x0000,0x0000,0x0000,0x0000,0x0000,0x0000,0x0000,0x0000,0x0000,0x0000,0x0000,0x0000,0x0000,0x0000,0x0000,
0x0000,0x0000,0x0000,0x0000,0x0000,0x0000,0x0000,0x0000,0x0000,0x0000,0x0000,0x0000,0x0000,0x0000,0x0000,0x0000,0x0000,0x0000,0x0000,0x0000,0x0000,0x0000,0x0000,0x0000,0x0000,0x0000,0x0000,0x0000,0x0000,0x0000,0x0000,0x0000,
0x0000,0x0000,0x0000,0x0000,0x0000,0x0000,0x0000,0x0000,0x0000,0x0000,0x0000,0x0000,0x0000,0x0000,0x0000,0x0000,0x0000,0x0000,0x0000,0x0000,0x0000,0x0000,0x0000,0x0000,0x0000,0x0000,0x0000,0x0000,0x0000,0x0000,0x0000,0x0000,
0x0000,0x0000,0x0000,0x0000,0x0000,0x0000,0x0000,0x0000,0x0000,0x0000,0x0000,0x0000,0x0000,0x0000,0x0000,0x0000,0x0000,0x0000,0x0000,0x0000,0x0000,0x0000,0x0000,0x0000,0x0000,0x0000,0x0000,0x0000,0x0000,0x0000,0x0000,0x0000,
0x0000,0x0000,0x0000,0x0000,0x0000,0x0000,0x0000,0x0000,0x0000,0x0000,0x0000,0x0000,0x0000,0x0000,0x0000,0x0000,0x0000,0x0000,0x0000,0x0000,0x0000,0x0000,0x0000,0x0000,0x0000,0x0000,0x0000,0x0000,0x0000,0x0000,0x0000,0x0000,
0x0000,0x0000,0x0000,0x0000,0x0000,0x0000,0x0000,0x0000,0x0000,0x0000,0x0000,0x0000,0x0000,0x0000,0x0000,0x0000,0x0000,0x0000,0x0000,0x0000,0x0000,0x0000,0x0000,0x0000,0x0000,0x0000,0x0000,0x0000,0x0000,0x0000,0x0000,0x0000,
0x0000,0x0000,0x0000,0x0000,0x0000,0x0000,0x0000,0x0000,0x0000,0x0000,0x0000,0x0000,0x0000,0x0000,0x0000,0x0000,0x0000,0x0000,0x0000,0x0000,0x0000,0x0000,0x0000,0x0000,0x0000,0x0000,0x0000,0x0000,0x0000,0x0000,0x0000,0x0000,
0x0000,0x0000,0x0000,0x0000,0x0000,0x0000,0x0000,0x0000,0x0000,0x0000,0x0000,0x0000,0x0000,0x0000,0x0000,0x0000,0x0000,0x0000,0x0000,0x0000,0x0000,0x0000,0x0000,0x0000,0x0000,0x0000,0x0000,0x0000,0x0000,0x0000,0x0000,0x0000,
0x0000,0x0000,0x0000,0x0000,0x0000,0x0000,0x0000,0x0000,0x0000,0x0000,0x0000,0x0000,0x0000,0x0000,0x0000,0x0000,0x0000,0x0000,0x0000,0x0000,0x0000,0x0000,0x0000,0x0000,0x0000,0x0000,0x0000,0x0000,0x0000,0x0000,0x0000,0x0000,
0x0000,0x0000,0x0000,0x0000,0x0000,0x0000,0x0000,0x0000,0x0000,0x0000,0x0000,0x0000,0x0000,0x0000,0x0000,0x0000,0x0000,0x0000,0x0000,0x0000,0x0000,0x0000,0x0000,0x0000,0x0000,0x0000,0x0000,0x0000,0x0000,0x0000,0x0000,0x0000,
0x0000,0x0000,0x0000,0x0000,0x0000,0x0000,0x0000,0x0000,0x0000,0x0000,0x0000,0x0000,0x0000,0x0000,0x0000,0x0000,0x0000,0x0000,0x0000,0x0000,0x0000,0x0000,0x0000,0x0000,0x0000,0x0000,0x0000,0x0000,0x0000,0x0000,0x0000,0x0000,
0x0000,0x0000,0x0000,0x0000,0x0000,0x0000,0x0000,0x0000,0x0000,0x0000,0x0000,0x0000,0x0000,0x0000,0x0000,0x0000,0x0000,0x0000,0x0000,0x0000,0x0000,0x0000,0x0000,0x0000,0x0000,0x0000,0x0000,0x0000,0x0000,0x0000,0x0000,0x0000,
};
static const uint16_t frame_1[4096] = {
0x0000,0x0000,0x0000,0x0000,0x0000,0x0000,0x0000,0x0000,0x0000,0x0000,0x0000,0x0000,0x0000,0x0000,0x0000,0x0000,0x0000,0x0000,0x0000,0x0000,0x0000,0x0000,0x0000,0x0000,0x0000,0x0000,0x0000,0x0000,0x0000,0x0000,0x0000,0x0000,
0x0000,0x0000,0x0000,0x0000,0x0000,0x0000,0x0000,0x0000,0x0000,0x0000,0x0000,0x0000,0x0000,0x0000,0x0000,0x0000,0x0000,0x0000,0x0000,0x0000,0x0000,0x0000,0x0000,0x0000,0x0000,0x0000,0x0000,0x0000,0x0000,0x0000,0x0000,0x0000,
0x0000,0x0000,0x0000,0x0000,0x0000,0x0000,0x0000,0x0000,0x0000,0x0000,0x0000,0x0000,0x0000,0x0000,0x0000,0x0000,0x0000,0x0000,0x0000,0x0000,0x0000,0x0000,0x0000,0x0000,0x0000,0x0000,0x0000,0x0000,0x0000,0x0000,0x0000,0x0000,
0x0000,0x0000,0x0000,0x0000,0x0000,0x0000,0x0000,0x0000,0x0000,0x0000,0x0000,0x0000,0x0000,0x0000,0x0000,0x0000,0x0000,0x0000,0x0000,0x0000,0x0000,0x0000,0x0000,0x0000,0x0000,0x0000,0x0000,0x0000,0x0000,0x0000,0x0000,0x0000,
0x0000,0x0000,0x0000,0x0000,0x0000,0x0000,0x0000,0x0000,0x0000,0x0000,0x0000,0x0000,0x0000,0x0000,0x0000,0x0000,0x0000,0x0000,0x0000,0x0000,0x0000,0x0000,0x0000,0x0000,0x0000,0x0000,0x0000,0x0000,0x0000,0x0000,0x0000,0x0000,
0x0000,0x0000,0x0000,0x0000,0x0000,0x0000,0x0000,0x0000,0x0000,0x0000,0x0000,0x0000,0x0000,0x0000,0x0000,0x0000,0x0000,0x0000,0x0000,0x0000,0x0000,0x0000,0x0000,0x0000,0x0000,0x0000,0x0000,0x0000,0x0000,0x0000,0x0000,0x0000,
0x0000,0x0000,0x0000,0x0000,0x0000,0x0000,0x0000,0x0000,0x0000,0x0000,0x0000,0x0000,0x0000,0x0000,0x0000,0x0000,0x0000,0x0000,0x0000,0x0000,0x0000,0x0000,0x0000,0x0000,0x0000,0x0000,0x0000,0x0000,0x0000,0x0000,0x0000,0x0000,
0x0000,0x0000,0x0000,0x0000,0x0000,0x0000,0x0000,0x0000,0x0000,0x0000,0x0000,0x0000,0x0000,0x0000,0x0000,0x0000,0x0000,0x0000,0x0000,0x0000,0x0000,0x0000,0x0000,0x0000,0x0000,0x0000,0x0000,0x0000,0x0000,0x0000,0x0000,0x0000,
0x0000,0x0000,0x0000,0x0000,0x0000,0x0000,0x0000,0x0000,0x0000,0x0000,0x0000,0x0000,0x0000,0x0000,0x0000,0x0000,0x0000,0x0000,0x0000,0x0000,0x0000,0x0000,0x0000,0x0000,0x0000,0x0000,0x0000,0x0000,0x0000,0x0000,0x0000,0x0000,
0x0000,0x0000,0x0000,0x0000,0x0000,0x0000,0x0000,0x0000,0x0000,0x0000,0x0000,0x0000,0x0000,0x0000,0x0000,0x0000,0x0000,0x0000,0x0000,0x0000,0x0000,0x0000,0x0000,0x0000,0x0000,0x0000,0x0000,0x0000,0x0000,0x0000,0x0000,0x0000,
0x0000,0x0000,0x0000,0x0000,0x0000,0x0000,0x0000,0x0000,0x0000,0x0000,0x0000,0x0000,0x0000,0x0000,0x0000,0x0000,0x0000,0x0000,0x0000,0x0000,0x0000,0x0000,0x0000,0x0000,0x0000,0x0000,0x0000,0x0000,0x0000,0x0000,0x0000,0x0000,
0x0000,0x0000,0x0000,0x0000,0x0000,0x0000,0x0000,0x0000,0x0000,0x0000,0x0000,0x0000,0x0000,0x0000,0x0000,0x0000,0x0000,0x0000,0x0000,0x0000,0x0000,0x0000,0x0000,0x0000,0x0000,0x0000,0x0000,0x0000,0x0000,0x0000,0x0000,0x0000,
0x0000,0x0000,0x0000,0x0000,0x0000,0x0000,0x0000,0x0000,0x0000,0x0000,0x0000,0x0000,0x0000,0x0000,0x0000,0x0000,0x0000,0x0000,0x0000,0x0000,0x0000,0x0000,0x0000,0x0000,0x0000,0x0000,0x0000,0x0000,0x0000,0x0000,0x0000,0x0000,
0x0000,0x0000,0x0000,0x0000,0x0000,0x0000,0x0000,0x0000,0x0000,0x0000,0x0000,0x0000,0x0000,0x0000,0x0000,0x0000,0x0000,0x0000,0x0000,0x0000,0x0000,0x0000,0x0000,0x0000,0x0000,0x0000,0x0000,0x0000,0x0000,0x0000,0x0000,0x0000,
0x0000,0x0000,0x0000,0x0000,0x0000,0x0000,0x0000,0x0000,0x0000,0x0000,0x0000,0x0000,0x0000,0x0000,0x0000,0x0000,0x0000,0x0000,0x0000,0x0000,0x0000,0x0000,0x0000,0x0000,0x0000,0x0000,0x0000,0x0000,0x0000,0x0000,0x0000,0x0000,
0x0000,0x0000,0x0000,0x0000,0x0000,0x0000,0x0000,0x0000,0x0000,0x0000,0x0000,0x0000,0x0000,0x0000,0x0000,0x0000,0x0000,0x0000,0x0000,0x0000,0x0000,0x0000,0x0000,0x0000,0x0000,0x0000,0x0000,0x0000,0x0000,0x0000,0x0000,0x0000,
0x0000,0x0000,0x0000,0x0000,0x0000,0x0000,0x0000,0x0000,0x0000,0x0000,0x0000,0x0000,0x0000,0x0000,0x0000,0x0000,0x0000,0x0000,0x0000,0x0000,0x0000,0x0000,0x0000,0x0000,0x0000,0x0000,0x0000,0xfeb2,0xfeb2,0xfeb2,0xfeb2,0xfeb2,
0xfeb2,0xfeb2,0xfeb2,0xfeb2,0xfeb2,0x0000,0x0000,0x0000,0x0000,0x0000,0x0000,0x0000,0x0000,0x0000,0x0000,0x0000,0x0000,0x0000,0x0000,0x0000,0x0000,0x0000,0x0000,0x0000,0x0000,0x0000,0x0000,0x0000,0x0000,0x0000,0x0000,0x0000,
0x0000,0x0000,0x0000,0x0000,0x0000,0x0000,0x0000,0x0000,0x0000,0x0000,0x0000,0x0000,0x0000,0x0000,0x0000,0x0000,0x0000,0x0000,0x0000,0x0000,0x0000,0x0000,0x0000,0x0000,0x0000,0x0000,0x0000,0xfeb2,0xfeb2,0xfeb2,0xfeb2,0xfeb2,
0xfeb2,0xfeb2,0xfeb2,0xfeb2,0xfeb2,0x0000,0x0000,0x0000,0x0000,0x0000,0x0000,0x0000,0x0000,0x0000,0x0000,0x0000,0x0000,0x0000,0x0000,0x0000,0x0000,0x0000,0x0000,0x0000,0x0000,0x0000,0x0000,0x0000,0x0000,0x0000,0x0000,0x0000,
0x0000,0x0000,0x0000,0x0000,0x0000,0x0000,0x0000,0x0000,0x0000,0x0000,0x0000,0x0000,0x0000,0x0000,0x0000,0x0000,0x0000,0x0000,0x0000,0x0000,0x0000,0x0000,0x0000,0x0000,0x0000,0x0000,0x0000,0xfeb2,0xfeb2,0xfeb2,0xfeb2,0xfeb2,
0xfeb2,0xfeb2,0xfeb2,0xfeb2,0xfeb2,0x0000,0x0000,0x0000,0x0000,0x0000,0x0000,0x0000,0x0000,0x0000,0x0000,0x0000,0x0000,0x0000,0x0000,0x0000,0x0000,0x0000,0x0000,0x0000,0x0000,0x0000,0x0000,0x0000,0x0000,0x0000,0x0000,0x0000,
0x0000,0x0000,0x0000,0x0000,0x0000,0x0000,0x0000,0x0000,0x0000,0x0000,0x0000,0x0000,0x0000,0x0000,0x0000,0x0000,0x0000,0x0000,0x0000,0x0000,0x0000,0x0000,0x0000,0x0000,0x0000,0x0000,0x0000,0xfeb2,0xfeb2,0xfeb2,0xa6fa,0xa6fa,
0xa6fa,0xa6fa,0xfeb2,0xfeb2,0xfeb2,0x0000,0x0000,0x0000,0x0000,0x0000,0x0000,0x0000,0x0000,0x0000,0x0000,0x0000,0x0000,0x0000,0x0000,0x0000,0x0000,0x0000,0x0000,0x0000,0x0000,0x0000,0x0000,0x0000,0x0000,0x0000,0x0000,0x0000,
0x0000,0x0000,0x0000,0x0000,0x0000,0x0000,0x0000,0x0000,0x0000,0x0000,0x0000,0x0000,0x0000,0x0000,0x0000,0x0000,0x0000,0x0000,0x0000,0x0000,0x0000,0x0000,0x0000,0x0000,0x0000,0x0000,0x0000,0x0000,0x0000,0x0000,0xa6fa,0xa6fa,
0xa6fa,0xa6fa,0x0000,0x0000,0x0000,0x0000,0x0000,0x0000,0x0000,0x0000,0x0000,0x0000,0x0000,0x0000,0x0000,0x0000,0x0000,0x0000,0x0000,0x0000,0x0000,0x0000,0x0000,0x0000,0x0000,0x0000,0x0000,0x0000,0x0000,0x0000,0x0000,0x0000,
0x0000,0x0000,0x0000,0x0000,0x0000,0x0000,0x0000,0x0000,0x0000,0x0000,0x0000,0x0000,0x0000,0x0000,0x0000,0x0000,0x0000,0x0000,0x0000,0x0000,0x0000,0x0000,0x0000,0x0000,0x0000,0x0000,0x0000,0x0000,0x0000,0x0000,0xa6fa,0xa6fa,
0xa6fa,0xa6fa,0x0000,0x0000,0x0000,0x0000,0x0000,0x0000,0x0000,0x0000,0x0000,0x0000,0x0000,0x0000,0x0000,0x0000,0x0000,0x0000,0x0000,0x0000,0x0000,0x0000,0x0000,0x0000,0x0000,0x0000,0x0000,0x0000,0x0000,0x0000,0x0000,0x0000,
0x0000,0x0000,0x0000,0x0000,0x0000,0x0000,0x0000,0x0000,0x0000,0x0000,0x0000,0x0000,0x0000,0x0000,0x0000,0x0000,0x0000,0x0000,0x0000,0x0000,0x0000,0x0000,0x0000,0x0000,0x0000,0x0000,0x0000,0x0000,0x0000,0x0000,0xa6fa,0xa6fa,
0xa6fa,0xa6fa,0x0000,0x0000,0x0000,0x0000,0x0000,0x0000,0x0000,0x0000,0x0000,0x0000,0x0000,0x0000,0x0000,0x0000,0x0000,0x0000,0x0000,0x0000,0x0000,0x0000,0x0000,0x0000,0x0000,0x0000,0x0000,0x0000,0x0000,0x0000,0x0000,0x0000,
0x0000,0x0000,0x0000,0x0000,0x0000,0x0000,0x0000,0x0000,0x0000,0x0000,0x0000,0x0000,0x0000,0x0000,0x0000,0x19e8,0x19e8,0x19e8,0x19e8,0x19e8,0x19e8,0x19e8,0x19e8,0x19e8,0x19e8,0x19e8,0x19e8,0x19e8,0x19e8,0x19e8,0x19e8,0x19e8,
0x19e8,0x19e8,0x19e8,0x19e8,0x19e8,0x19e8,0x19e8,0x19e8,0x19e8,0x19e8,0x19e8,0x19e8,0x19e8,0x19e8,0x19e8,0x19e8,0x19e8,0x0000,0x0000,0x0000,0x0000,0x0000,0x0000,0x0000,0x0000,0x0000,0x0000,0x0000,0x0000,0x0000,0x0000,0x0000,
0x0000,0x0000,0x0000,0x0000,0x0000,0x0000,0x0000,0x0000,0x0000,0x0000,0x0000,0x0000,0x0000,0x0000,0x0000,0x19e8,0x19e8,0x19e8,0x19e8,0x19e8,0x19e8,0x19e8,0x19e8,0x19e8,0x19e8,0x19e8,0x19e8,0x19e8,0x19e8,0x19e8,0x19e8,0x19e8,
0x19e8,0x19e8,0x19e8,0x19e8,0x19e8,0x19e8,0x19e8,0x19e8,0x19e8,0x19e8,0x19e8,0x19e8,0x19e8,0x19e8,0x19e8,0x19e8,0x19e8,0x0000,0x0000,0x0000,0x0000,0x0000,0x0000,0x0000,0x0000,0x0000,0x0000,0x0000,0x0000,0x0000,0x0000,0x0000,
0x0000,0x0000,0x0000,0x0000,0x0000,0x0000,0x0000,0x0000,0x0000,0x0000,0x0000,0x0000,0x0000,0x0000,0x0000,0x19e8,0x19e8,0xa6fa,0xa6fa,0xa6fa,0xa6fa,0xa6fa,0xa6fa,0xa6fa,0xa6fa,0xa6fa,0xa6fa,0xa6fa,0xa6fa,0xa6fa,0xa6fa,0xa6fa,
0xa6fa,0xa6fa,0xa6fa,0xa6fa,0xa6fa,0xa6fa,0xa6fa,0xa6fa,0xa6fa,0xa6fa,0xa6fa,0xa6fa,0xa6fa,0xa6fa,0xa6fa,0x19e8,0x19e8,0x0000,0x0000,0x0000,0x0000,0x0000,0x0000,0x0000,0x0000,0x0000,0x0000,0x0000,0x0000,0x0000,0x0000,0x0000,
0x0000,0x0000,0x0000,0x0000,0x0000,0x0000,0x0000,0x0000,0x0000,0x0000,0x0000,0x0000,0x0000,0x0000,0x0000,0x19e8,0x19e8,0xa6fa,0xa6fa,0xa6fa,0xa6fa,0xa6fa,0xa6fa,0xa6fa,0xa6fa,0xa6fa,0xa6fa,0xa6fa,0xa6fa,0xa6fa,0xa6fa,0xa6fa,
0xa6fa,0xa6fa,0xa6fa,0xa6fa,0xa6fa,0xa6fa,0xa6fa,0xa6fa,0xa6fa,0xa6fa,0xa6fa,0xa6fa,0xa6fa,0xa6fa,0xa6fa,0x19e8,0x19e8,0x0000,0x0000,0x0000,0x0000,0x0000,0x0000,0x0000,0x0000,0x0000,0x0000,0x0000,0x0000,0x0000,0x0000,0x0000,
0x0000,0x0000,0x0000,0x0000,0x0000,0x0000,0x0000,0x0000,0x0000,0x0000,0x0000,0x0000,0x0000,0x0000,0x0000,0x19e8,0x19e8,0xa6fa,0xa6fa,0xa6fa,0xa6fa,0xa6fa,0xa6fa,0xa6fa,0xa6fa,0xa6fa,0xa6fa,0xa6fa,0xa6fa,0xa6fa,0xa6fa,0xa6fa,
0xa6fa,0xa6fa,0xa6fa,0xa6fa,0xa6fa,0xa6fa,0xa6fa,0xa6fa,0xa6fa,0xa6fa,0xa6fa,0xa6fa,0xa6fa,0xa6fa,0xa6fa,0x19e8,0x19e8,0x0000,0x0000,0x0000,0x0000,0x0000,0x0000,0x0000,0x0000,0x0000,0x0000,0x0000,0x0000,0x0000,0x0000,0x0000,
0x0000,0x0000,0x0000,0x0000,0x0000,0x0000,0x0000,0x0000,0x0000,0x0000,0x0000,0x0000,0x0000,0x0000,0x0000,0x19e8,0x19e8,0xa6fa,0xa6fa,0xa6fa,0xa6fa,0xa6fa,0xa6fa,0xa6fa,0xa6fa,0xa6fa,0xa6fa,0xa6fa,0xa6fa,0xa6fa,0xa6fa,0xa6fa,
0xa6fa,0xa6fa,0xa6fa,0xa6fa,0xa6fa,0xa6fa,0xa6fa,0xa6fa,0xa6fa,0xa6fa,0xa6fa,0xa6fa,0xa6fa,0xa6fa,0xa6fa,0x19e8,0x19e8,0x0000,0x0000,0x0000,0x0000,0x0000,0x0000,0x0000,0x0000,0x0000,0x0000,0x0000,0x0000,0x0000,0x0000,0x0000,
0x0000,0x0000,0x0000,0x0000,0x0000,0x0000,0x0000,0x0000,0x0000,0x0000,0x0000,0x0000,0x0000,0x0000,0x0000,0x19e8,0x19e8,0xa6fa,0xa6fa,0xa6fa,0xa6fa,0x19e8,0x19e8,0x19e8,0x19e8,0x19e8,0x19e8,0x19e8,0x19e8,0x19e8,0x19e8,0x19e8,
0x19e8,0x19e8,0x19e8,0x19e8,0x19e8,0x19e8,0x19e8,0x19e8,0x19e8,0x19e8,0x19e8,0xa6fa,0xa6fa,0xa6fa,0xa6fa,0x19e8,0x19e8,0x0000,0x0000,0x0000,0x0000,0x0000,0x0000,0x0000,0x0000,0x0000,0x0000,0x0000,0x0000,0x0000,0x0000,0x0000,
0x0000,0x0000,0x0000,0x0000,0x0000,0x0000,0x0000,0x0000,0x0000,0x0000,0x0000,0x0000,0x0000,0x0000,0x0000,0x19e8,0x19e8,0xa6fa,0xa6fa,0xa6fa,0xa6fa,0x19e8,0x19e8,0x19e8,0x19e8,0x19e8,0x19e8,0x19e8,0x19e8,0x19e8,0x19e8,0x19e8,
0x19e8,0x19e8,0x19e8,0x19e8,0x19e8,0x19e8,0x19e8,0x19e8,0x19e8,0x19e8,0x19e8,0xa6fa,0xa6fa,0xa6fa,0xa6fa,0x19e8,0x19e8,0x0000,0x0000,0x0000,0x0000,0x0000,0x0000,0x0000,0x0000,0x0000,0x0000,0x0000,0x0000,0x0000,0x0000,0x0000,
0x0000,0x0000,0x0000,0x0000,0x0000,0x0000,0x0000,0x0000,0x0000,0x0000,0x0000,0x0000,0x0000,0x0000,0x0000,0x19e8,0x19e8,0xa6fa,0xa6fa,0xa6fa,0xa6fa,0x19e8,0x19e8,0x19e8,0x19e8,0x19e8,0x19e8,0x19e8,0x19e8,0x19e8,0x19e8,0x19e8,
0x19e8,0x19e8,0x19e8,0x19e8,0x19e8,0x19e8,0x19e8,0x19e8,0x19e8,0x19e8,0x19e8,0xa6fa,0xa6fa,0xa6fa,0xa6fa,0x19e8,0x19e8,0x0000,0x0000,0x0000,0x0000,0x0000,0x0000,0x0000,0x0000,0x0000,0x0000,0x0000,0x0000,0x0000,0x0000,0x0000,
0x0000,0x0000,0x0000,0x0000,0x0000,0x0000,0x0000,0x0000,0x0000,0x0000,0x0000,0x0000,0x0000,0x0000,0x0000,0x19e8,0x19e8,0xa6fa,0xa6fa,0xa6fa,0xa6fa,0x19e8,0x19e8,0x19e8,0xefdb,0xefdb,0xefdb,0xefdb,0x19e8,0x19e8,0x19e8,0x19e8,
0x19e8,0x19e8,0x19e8,0xefdb,0xefdb,0xefdb,0xefdb,0x19e8,0x19e8,0x19e8,0x19e8,0xa6fa,0xa6fa,0xa6fa,0xa6fa,0x19e8,0x19e8,0x0000,0x0000,0x0000,0x0000,0x0000,0x0000,0x0000,0x0000,0x0000,0x0000,0x0000,0x0000,0x0000,0x0000,0x0000,
0x0000,0x0000,0x0000,0x0000,0x0000,0x0000,0x0000,0x0000,0x0000,0x0000,0x0000,0x0000,0x0000,0x0000,0x0000,0x19e8,0x19e8,0xa6fa,0xa6fa,0xa6fa,0xa6fa,0x19e8,0x19e8,0x19e8,0xefdb,0xefdb,0xefdb,0xefdb,0x19e8,0x19e8,0x19e8,0x19e8,
0x19e8,0x19e8,0x19e8,0xefdb,0xefdb,0xefdb,0xefdb,0x19e8,0x19e8,0x19e8,0x19e8,0xa6fa,0xa6fa,0xa6fa,0xa6fa,0x19e8,0x19e8,0x0000,0x0000,0x0000,0x0000,0x0000,0x0000,0x0000,0x0000,0x0000,0x0000,0x0000,0x0000,0x0000,0x0000,0x0000,
0x0000,0x0000,0x0000,0x0000,0x0000,0x0000,0x0000,0x0000,0x0000,0x0000,0x0000,0x0000,0x0000,0x0000,0x0000,0x19e8,0x19e8,0xa6fa,0xa6fa,0xa6fa,0xa6fa,0x19e8,0x19e8,0x19e8,0xefdb,0xefdb,0xefdb,0xefdb,0x19e8,0x19e8,0x19e8,0x19e8,
0x19e8,0x19e8,0x19e8,0xefdb,0xefdb,0xefdb,0xefdb,0x19e8,0x19e8,0x19e8,0x19e8,0xa6fa,0xa6fa,0xa6fa,0xa6fa,0x19e8,0x19e8,0x0000,0x0000,0x0000,0x0000,0x0000,0x0000,0x0000,0x0000,0x0000,0x0000,0x0000,0x0000,0x0000,0x0000,0x0000,
0x0000,0x0000,0x0000,0x0000,0x0000,0x0000,0x0000,0x0000,0x0000,0x0000,0x0000,0x0000,0x0000,0x0000,0x0000,0x19e8,0x19e8,0xa6fa,0xa6fa,0xa6fa,0xa6fa,0x19e8,0x19e8,0x19e8,0xefdb,0xefdb,0xefdb,0xefdb,0x19e8,0x19e8,0x19e8,0x19e8,
0x19e8,0x19e8,0x19e8,0xefdb,0xefdb,0xefdb,0xefdb,0x19e8,0x19e8,0x19e8,0x19e8,0xa6fa,0xa6fa,0xa6fa,0xa6fa,0x19e8,0x19e8,0x0000,0x0000,0x0000,0x0000,0x0000,0x0000,0x0000,0x0000,0x0000,0x0000,0x0000,0x0000,0x0000,0x0000,0x0000,
0x0000,0x0000,0x0000,0x0000,0x0000,0x0000,0x0000,0x0000,0x0000,0x0000,0x0000,0x0000,0x0000,0x0000,0x0000,0x19e8,0x19e8,0xa6fa,0xa6fa,0xa6fa,0xa6fa,0x19e8,0x19e8,0x19e8,0xefdb,0xefdb,0xefdb,0xefdb,0x19e8,0x19e8,0x19e8,0x19e8,
0x19e8,0x19e8,0x19e8,0xefdb,0xefdb,0xefdb,0xefdb,0x19e8,0x19e8,0x19e8,0x19e8,0xa6fa,0xa6fa,0xa6fa,0xa6fa,0x19e8,0x19e8,0x0000,0x0000,0x0000,0x0000,0x0000,0x0000,0x0000,0x0000,0x0000,0x0000,0x0000,0x0000,0x0000,0x0000,0x0000,
0x0000,0x0000,0x0000,0x0000,0x0000,0x0000,0x0000,0x0000,0x0000,0x0000,0x0000,0x0000,0x0000,0x0000,0x0000,0x19e8,0x19e8,0xa6fa,0xa6fa,0xa6fa,0xa6fa,0x19e8,0x19e8,0x19e8,0xefdb,0xefdb,0xefdb,0xefdb,0x19e8,0x19e8,0x19e8,0x19e8,
0x19e8,0x19e8,0x19e8,0xefdb,0xefdb,0xefdb,0xefdb,0x19e8,0x19e8,0x19e8,0x19e8,0xa6fa,0xa6fa,0xa6fa,0xa6fa,0x19e8,0x19e8,0x0000,0x0000,0x0000,0x0000,0x0000,0x0000,0x0000,0x0000,0x0000,0x0000,0x0000,0x0000,0x0000,0x0000,0x0000,
0x0000,0x0000,0x0000,0x0000,0x0000,0x0000,0x0000,0x0000,0x0000,0x0000,0x0000,0x0000,0x0000,0x0000,0x0000,0x19e8,0x19e8,0xa6fa,0xa6fa,0xa6fa,0xa6fa,0x19e8,0x19e8,0x19e8,0xefdb,0xefdb,0xefdb,0xefdb,0x19e8,0x19e8,0x19e8,0x19e8,
0x19e8,0x19e8,0x19e8,0xefdb,0xefdb,0xefdb,0xefdb,0x19e8,0x19e8,0x19e8,0x19e8,0xa6fa,0xa6fa,0xa6fa,0xa6fa,0x19e8,0x19e8,0x0000,0x0000,0x0000,0x0000,0x0000,0x0000,0x0000,0x0000,0x0000,0x0000,0x0000,0x0000,0x0000,0x0000,0x0000,
0x0000,0x0000,0x0000,0x0000,0x0000,0x0000,0x0000,0x0000,0x0000,0x0000,0x0000,0x0000,0x0000,0x0000,0x0000,0x19e8,0x19e8,0xa6fa,0xa6fa,0xa6fa,0xa6fa,0x19e8,0x19e8,0x19e8,0x19e8,0x19e8,0x19e8,0x19e8,0x19e8,0x19e8,0x19e8,0x19e8,
0x19e8,0x19e8,0x19e8,0x19e8,0x19e8,0x19e8,0x19e8,0x19e8,0x19e8,0x19e8,0x19e8,0xa6fa,0xa6fa,0xa6fa,0xa6fa,0x19e8,0x19e8,0x0000,0x0000,0x0000,0x0000,0x0000,0x0000,0x0000,0x0000,0x0000,0x0000,0x0000,0x0000,0x0000,0x0000,0x0000,
0x0000,0x0000,0x0000,0x0000,0x0000,0x0000,0x0000,0x0000,0x0000,0x0000,0x0000,0x0000,0x0000,0x0000,0x0000,0x19e8,0x19e8,0xa6fa,0xa6fa,0xa6fa,0xa6fa,0x19e8,0x19e8,0x19e8,0x19e8,0x19e8,0x19e8,0x19e8,0x19e8,0x19e8,0x19e8,0x19e8,
0x19e8,0x19e8,0x19e8,0x19e8,0x19e8,0x19e8,0x19e8,0x19e8,0x19e8,0x19e8,0x19e8,0xa6fa,0xa6fa,0xa6fa,0xa6fa,0x19e8,0x19e8,0x0000,0x0000,0x0000,0x0000,0x0000,0x0000,0x0000,0x0000,0x0000,0x0000,0x0000,0x0000,0x0000,0x0000,0x0000,
0x0000,0x0000,0x0000,0x0000,0x0000,0x0000,0x0000,0x0000,0x0000,0x0000,0x0000,0x0000,0x0000,0x0000,0x0000,0x19e8,0x19e8,0xa6fa,0xa6fa,0xa6fa,0xa6fa,0x19e8,0x19e8,0x19e8,0x19e8,0x19e8,0x19e8,0x19e8,0x19e8,0x19e8,0x19e8,0x19e8,
0x19e8,0x19e8,0x19e8,0x19e8,0x19e8,0x19e8,0x19e8,0x19e8,0x19e8,0x19e8,0x19e8,0xa6fa,0xa6fa,0xa6fa,0xa6fa,0x19e8,0x19e8,0x0000,0x0000,0x0000,0x0000,0x0000,0x0000,0x0000,0x0000,0x0000,0x0000,0x0000,0x0000,0x0000,0x0000,0x0000,
0x0000,0x0000,0x0000,0x0000,0x0000,0x0000,0x0000,0x0000,0x0000,0x0000,0x0000,0x0000,0x0000,0x0000,0x0000,0x19e8,0x19e8,0xa6fa,0xa6fa,0xa6fa,0xa6fa,0x19e8,0x19e8,0x19e8,0x19e8,0x19e8,0x19e8,0x19e8,0x19e8,0x19e8,0x19e8,0x19e8,
0x19e8,0x19e8,0x19e8,0x19e8,0x19e8,0x19e8,0x19e8,0x19e8,0x19e8,0x19e8,0x19e8,0xa6fa,0xa6fa,0xa6fa,0xa6fa,0x19e8,0x19e8,0x0000,0x0000,0x0000,0x0000,0x0000,0x0000,0x0000,0x0000,0x0000,0x0000,0x0000,0x0000,0x0000,0x0000,0x0000,
0x0000,0x0000,0x0000,0x0000,0x0000,0x0000,0x0000,0x0000,0x0000,0x0000,0x0000,0x0000,0x0000,0x0000,0x0000,0x19e8,0x19e8,0xa6fa,0xa6fa,0xa6fa,0xa6fa,0xa6fa,0xa6fa,0xa6fa,0xa6fa,0xa6fa,0xa6fa,0xa6fa,0xa6fa,0xa6fa,0xa6fa,0xa6fa,
0xa6fa,0xa6fa,0xa6fa,0xa6fa,0xa6fa,0xa6fa,0xa6fa,0xa6fa,0xa6fa,0xa6fa,0xa6fa,0xa6fa,0xa6fa,0xa6fa,0xa6fa,0x19e8,0x19e8,0x0000,0x0000,0x0000,0x0000,0x0000,0x0000,0x0000,0x0000,0x0000,0x0000,0x0000,0x0000,0x0000,0x0000,0x0000,
0x0000,0x0000,0x0000,0x0000,0x0000,0x0000,0x0000,0x0000,0x0000,0x0000,0x0000,0x0000,0x0000,0x0000,0x0000,0x19e8,0x19e8,0xa6fa,0xa6fa,0xa6fa,0xa6fa,0xa6fa,0xa6fa,0xa6fa,0xa6fa,0xa6fa,0xa6fa,0x19e8,0x19e8,0x19e8,0x19e8,0x19e8,
0x19e8,0x19e8,0x19e8,0x19e8,0x19e8,0xa6fa,0xa6fa,0xa6fa,0xa6fa,0xa6fa,0xa6fa,0xa6fa,0xa6fa,0xa6fa,0xa6fa,0x19e8,0x19e8,0x0000,0x0000,0x0000,0x0000,0x0000,0x0000,0x0000,0x0000,0x0000,0x0000,0x0000,0x0000,0x0000,0x0000,0x0000,
0x0000,0x0000,0x0000,0x0000,0x0000,0x0000,0x0000,0x0000,0x0000,0x0000,0x0000,0x0000,0x0000,0x0000,0x0000,0x19e8,0x19e8,0xa6fa,0xa6fa,0xa6fa,0xa6fa,0xa6fa,0xa6fa,0xa6fa,0xa6fa,0xa6fa,0xa6fa,0x19e8,0x19e8,0x19e8,0x19e8,0x19e8,
0x19e8,0x19e8,0x19e8,0x19e8,0x19e8,0xa6fa,0xa6fa,0xa6fa,0xa6fa,0xa6fa,0xa6fa,0xa6fa,0xa6fa,0xa6fa,0xa6fa,0x19e8,0x19e8,0x0000,0x0000,0x0000,0x0000,0x0000,0x0000,0x0000,0x0000,0x0000,0x0000,0x0000,0x0000,0x0000,0x0000,0x0000,
0x0000,0x0000,0x0000,0x0000,0x0000,0x0000,0x0000,0x0000,0x0000,0x0000,0x0000,0x0000,0x0000,0x0000,0x0000,0x19e8,0x19e8,0xa6fa,0xa6fa,0xa6fa,0xa6fa,0xa6fa,0xa6fa,0xa6fa,0xa6fa,0xa6fa,0xa6fa,0xa6fa,0xa6fa,0xa6fa,0xa6fa,0xa6fa,
0xa6fa,0xa6fa,0xa6fa,0xa6fa,0xa6fa,0xa6fa,0xa6fa,0xa6fa,0xa6fa,0xa6fa,0xa6fa,0xa6fa,0xa6fa,0xa6fa,0xa6fa,0x19e8,0x19e8,0x0000,0x0000,0x0000,0x0000,0x0000,0x0000,0x0000,0x0000,0x0000,0x0000,0x0000,0x0000,0x0000,0x0000,0x0000,
0x0000,0x0000,0x0000,0x0000,0x0000,0x0000,0x0000,0x0000,0x0000,0x0000,0x0000,0x0000,0x0000,0x0000,0x0000,0x19e8,0x19e8,0xa6fa,0xa6fa,0xa6fa,0xa6fa,0xa6fa,0xa6fa,0xa6fa,0xa6fa,0xa6fa,0xa6fa,0xa6fa,0xa6fa,0xa6fa,0xa6fa,0xa6fa,
0xa6fa,0xa6fa,0xa6fa,0xa6fa,0xa6fa,0xa6fa,0xa6fa,0xa6fa,0xa6fa,0xa6fa,0xa6fa,0xa6fa,0xa6fa,0xa6fa,0xa6fa,0x19e8,0x19e8,0x0000,0x0000,0x0000,0x0000,0x0000,0x0000,0x0000,0x0000,0x0000,0x0000,0x0000,0x0000,0x0000,0x0000,0x0000,
0x0000,0x0000,0x0000,0x0000,0x0000,0x0000,0x0000,0x0000,0x0000,0x0000,0x0000,0x0000,0x0000,0x0000,0x0000,0x19e8,0x19e8,0x19e8,0x19e8,0x19e8,0x19e8,0x19e8,0x19e8,0x19e8,0x19e8,0x19e8,0x19e8,0x19e8,0x19e8,0x19e8,0x19e8,0x19e8,
0x19e8,0x19e8,0x19e8,0x19e8,0x19e8,0x19e8,0x19e8,0x19e8,0x19e8,0x19e8,0x19e8,0x19e8,0x19e8,0x19e8,0x19e8,0x19e8,0x19e8,0x0000,0x0000,0x0000,0x0000,0x0000,0x0000,0x0000,0x0000,0x0000,0x0000,0x0000,0x0000,0x0000,0x0000,0x0000,
0x0000,0x0000,0x0000,0x0000,0x0000,0x0000,0x0000,0x0000,0x0000,0x0000,0x0000,0x0000,0x0000,0x0000,0x0000,0x19e8,0x19e8,0x19e8,0x19e8,0x19e8,0x19e8,0x19e8,0x19e8,0x19e8,0x19e8,0x19e8,0x19e8,0x19e8,0x19e8,0x19e8,0x19e8,0x19e8,
0x19e8,0x19e8,0x19e8,0x19e8,0x19e8,0x19e8,0x19e8,0x19e8,0x19e8,0x19e8,0x19e8,0x19e8,0x19e8,0x19e8,0x19e8,0x19e8,0x19e8,0x0000,0x0000,0x0000,0x0000,0x0000,0x0000,0x0000,0x0000,0x0000,0x0000,0x0000,0x0000,0x0000,0x0000,0x0000,
0x0000,0x0000,0x0000,0x0000,0x0000,0x0000,0x0000,0x0000,0x0000,0x0000,0x0000,0x0000,0x0000,0x0000,0x0000,0x0000,0x0000,0x0000,0x0000,0x0000,0x0000,0x19e8,0x19e8,0x19e8,0x19e8,0x19e8,0x19e8,0x19e8,0x19e8,0x19e8,0x19e8,0x19e8,
0x19e8,0x19e8,0x19e8,0x19e8,0x19e8,0x19e8,0x19e8,0x19e8,0x19e8,0x19e8,0x19e8,0x0000,0x0000,0x0000,0x0000,0x0000,0x0000,0x0000,0x0000,0x0000,0x0000,0x0000,0x0000,0x0000,0x0000,0x0000,0x0000,0x0000,0x0000,0x0000,0x0000,0x0000,
0x0000,0x0000,0x0000,0x0000,0x0000,0x0000,0x0000,0x0000,0x0000,0x0000,0x0000,0x0000,0x0000,0x0000,0x0000,0x0000,0x0000,0x0000,0x0000,0x0000,0x0000,0x19e8,0x19e8,0x19e8,0x19e8,0x19e8,0x19e8,0x19e8,0x19e8,0x19e8,0x19e8,0x19e8,
0x19e8,0x19e8,0x19e8,0x19e8,0x19e8,0x19e8,0x19e8,0x19e8,0x19e8,0x19e8,0x19e8,0x0000,0x0000,0x0000,0x0000,0x0000,0x0000,0x0000,0x0000,0x0000,0x0000,0x0000,0x0000,0x0000,0x0000,0x0000,0x0000,0x0000,0x0000,0x0000,0x0000,0x0000,
0x0000,0x0000,0x0000,0x0000,0x0000,0x0000,0x0000,0x0000,0x0000,0x0000,0x0000,0x0000,0x0000,0x0000,0x0000,0x0000,0x0000,0x0000,0x0000,0x0000,0x0000,0x19e8,0x19e8,0xa6fa,0xa6fa,0xa6fa,0xa6fa,0xa6fa,0xa6fa,0xa6fa,0xa6fa,0xa6fa,
0xa6fa,0xa6fa,0xa6fa,0xa6fa,0xa6fa,0xa6fa,0xa6fa,0xa6fa,0xa6fa,0x19e8,0x19e8,0x0000,0x0000,0x0000,0x0000,0x0000,0x0000,0x0000,0x0000,0x0000,0x0000,0x0000,0x0000,0x0000,0x0000,0x0000,0x0000,0x0000,0x0000,0x0000,0x0000,0x0000,
0x0000,0x0000,0x0000,0x0000,0x0000,0x0000,0x0000,0x0000,0x0000,0xa6fa,0xa6fa,0xa6fa,0xa6fa,0xa6fa,0x0000,0x0000,0x0000,0x0000,0x0000,0x0000,0x0000,0x19e8,0x19e8,0xa6fa,0xa6fa,0xa6fa,0xa6fa,0xa6fa,0xa6fa,0xa6fa,0xa6fa,0xa6fa,
0xa6fa,0xa6fa,0xa6fa,0xa6fa,0xa6fa,0xa6fa,0xa6fa,0xa6fa,0xa6fa,0x19e8,0x19e8,0x0000,0x0000,0x0000,0x0000,0x0000,0x0000,0x0000,0xa6fa,0xa6fa,0xa6fa,0xa6fa,0xa6fa,0x0000,0x0000,0x0000,0x0000,0x0000,0x0000,0x0000,0x0000,0x0000,
0x0000,0x0000,0x0000,0x0000,0x0000,0x0000,0x0000,0x0000,0x0000,0xa6fa,0xa6fa,0xa6fa,0xa6fa,0xa6fa,0x0000,0x0000,0x0000,0x0000,0x0000,0x0000,0x0000,0x19e8,0x19e8,0xa6fa,0xa6fa,0xa6fa,0xa6fa,0xa6fa,0xa6fa,0xa6fa,0xa6fa,0xa6fa,
0xa6fa,0xa6fa,0xa6fa,0xa6fa,0xa6fa,0xa6fa,0xa6fa,0xa6fa,0xa6fa,0x19e8,0x19e8,0x0000,0x0000,0x0000,0x0000,0x0000,0x0000,0x0000,0xa6fa,0xa6fa,0xa6fa,0xa6fa,0xa6fa,0x0000,0x0000,0x0000,0x0000,0x0000,0x0000,0x0000,0x0000,0x0000,
0x0000,0x0000,0x0000,0x0000,0x0000,0x0000,0x0000,0x0000,0x0000,0xa6fa,0xa6fa,0xa6fa,0xa6fa,0xa6fa,0x0000,0x0000,0x0000,0x0000,0x0000,0x0000,0x0000,0x19e8,0x19e8,0xa6fa,0xa6fa,0xa6fa,0xa6fa,0xa6fa,0xa6fa,0xa6fa,0xa6fa,0xa6fa,
0xa6fa,0xa6fa,0xa6fa,0xa6fa,0xa6fa,0xa6fa,0xa6fa,0xa6fa,0xa6fa,0x19e8,0x19e8,0x0000,0x0000,0x0000,0x0000,0x0000,0x0000,0x0000,0xa6fa,0xa6fa,0xa6fa,0xa6fa,0xa6fa,0x0000,0x0000,0x0000,0x0000,0x0000,0x0000,0x0000,0x0000,0x0000,
0x0000,0x0000,0x0000,0x0000,0x0000,0x0000,0x0000,0x0000,0x0000,0xa6fa,0xa6fa,0xa6fa,0xa6fa,0xa6fa,0x0000,0x0000,0x0000,0x0000,0x0000,0x0000,0x0000,0x19e8,0x19e8,0xa6fa,0xa6fa,0xa6fa,0xa6fa,0xa6fa,0xa6fa,0xa6fa,0xa6fa,0xa6fa,
0xa6fa,0xa6fa,0xa6fa,0xa6fa,0xa6fa,0xa6fa,0xa6fa,0xa6fa,0xa6fa,0x19e8,0x19e8,0x0000,0x0000,0x0000,0x0000,0x0000,0x0000,0x0000,0xa6fa,0xa6fa,0xa6fa,0xa6fa,0xa6fa,0x0000,0x0000,0x0000,0x0000,0x0000,0x0000,0x0000,0x0000,0x0000,
0x0000,0x0000,0x0000,0x0000,0x0000,0x0000,0x0000,0x0000,0x0000,0xa6fa,0xa6fa,0xa6fa,0xa6fa,0xa6fa,0x0000,0x0000,0x0000,0x0000,0x0000,0x0000,0x0000,0x19e8,0x19e8,0xa6fa,0xa6fa,0xa6fa,0xa6fa,0xa6fa,0xa6fa,0xa6fa,0xa6fa,0xa6fa,
0xa6fa,0xa6fa,0xa6fa,0xa6fa,0xa6fa,0xa6fa,0xa6fa,0xa6fa,0xa6fa,0x19e8,0x19e8,0x0000,0x0000,0x0000,0x0000,0x0000,0x0000,0x0000,0xa6fa,0xa6fa,0xa6fa,0xa6fa,0xa6fa,0x0000,0x0000,0x0000,0x0000,0x0000,0x0000,0x0000,0x0000,0x0000,
0x0000,0x0000,0x0000,0x0000,0x0000,0x0000,0x0000,0x0000,0x0000,0xa6fa,0xa6fa,0xa6fa,0xa6fa,0xa6fa,0x0000,0x0000,0x0000,0x0000,0x0000,0x0000,0x0000,0x19e8,0x19e8,0xa6fa,0xa6fa,0xa6fa,0xa6fa,0xa6fa,0xa6fa,0xa6fa,0xa6fa,0xa6fa,
0xa6fa,0xa6fa,0xa6fa,0xa6fa,0xa6fa,0xa6fa,0xa6fa,0xa6fa,0xa6fa,0x19e8,0x19e8,0x0000,0x0000,0x0000,0x0000,0x0000,0x0000,0x0000,0xa6fa,0xa6fa,0xa6fa,0xa6fa,0xa6fa,0x0000,0x0000,0x0000,0x0000,0x0000,0x0000,0x0000,0x0000,0x0000,
0x0000,0x0000,0x0000,0x0000,0x0000,0x0000,0x0000,0x0000,0x0000,0xa6fa,0xa6fa,0xa6fa,0xa6fa,0xa6fa,0x0000,0x0000,0x0000,0x0000,0x0000,0x0000,0x0000,0x19e8,0x19e8,0xa6fa,0xa6fa,0xa6fa,0xa6fa,0xa6fa,0xa6fa,0xa6fa,0xa6fa,0xa6fa,
0xa6fa,0xa6fa,0xa6fa,0xa6fa,0xa6fa,0xa6fa,0xa6fa,0xa6fa,0xa6fa,0x19e8,0x19e8,0x0000,0x0000,0x0000,0x0000,0x0000,0x0000,0x0000,0xa6fa,0xa6fa,0xa6fa,0xa6fa,0xa6fa,0x0000,0x0000,0x0000,0x0000,0x0000,0x0000,0x0000,0x0000,0x0000,
0x0000,0x0000,0x0000,0x0000,0x0000,0x0000,0x0000,0x0000,0x0000,0xa6fa,0xa6fa,0xa6fa,0xa6fa,0xa6fa,0x0000,0x0000,0x0000,0x0000,0x0000,0x0000,0x0000,0x19e8,0x19e8,0x19e8,0x19e8,0x19e8,0x19e8,0x19e8,0x19e8,0x19e8,0x19e8,0x19e8,
0x19e8,0x19e8,0x19e8,0x19e8,0x19e8,0x19e8,0x19e8,0x19e8,0x19e8,0x19e8,0x19e8,0x0000,0x0000,0x0000,0x0000,0x0000,0x0000,0x0000,0xa6fa,0xa6fa,0xa6fa,0xa6fa,0xa6fa,0x0000,0x0000,0x0000,0x0000,0x0000,0x0000,0x0000,0x0000,0x0000,
0x0000,0x0000,0x0000,0x0000,0x0000,0x0000,0x0000,0x0000,0x0000,0xa6fa,0xa6fa,0xa6fa,0xa6fa,0xa6fa,0x0000,0x0000,0x0000,0x0000,0x0000,0x0000,0x0000,0x19e8,0x19e8,0x19e8,0x19e8,0x19e8,0x19e8,0x19e8,0x19e8,0x19e8,0x19e8,0x19e8,
0x19e8,0x19e8,0x19e8,0x19e8,0x19e8,0x19e8,0x19e8,0x19e8,0x19e8,0x19e8,0x19e8,0x0000,0x0000,0x0000,0x0000,0x0000,0x0000,0x0000,0xa6fa,0xa6fa,0xa6fa,0xa6fa,0xa6fa,0x0000,0x0000,0x0000,0x0000,0x0000,0x0000,0x0000,0x0000,0x0000,
0x0000,0x0000,0x0000,0x0000,0x0000,0x0000,0x0000,0x0000,0x0000,0x0000,0x0000,0x0000,0x0000,0x0000,0x0000,0x0000,0x0000,0x0000,0x0000,0x0000,0x0000,0x0000,0x0000,0x0000,0x0000,0x0000,0x0000,0x0000,0x0000,0x0000,0x0000,0x0000,
0x0000,0x0000,0x0000,0x0000,0x0000,0x0000,0x0000,0x0000,0x0000,0x0000,0x0000,0x0000,0x0000,0x0000,0x0000,0x0000,0x0000,0x0000,0x0000,0x0000,0x0000,0x0000,0x0000,0x0000,0x0000,0x0000,0x0000,0x0000,0x0000,0x0000,0x0000,0x0000,
0x0000,0x0000,0x0000,0x0000,0x0000,0x0000,0x0000,0x0000,0x0000,0x0000,0x0000,0x0000,0x0000,0x0000,0x0000,0x0000,0x0000,0x0000,0x0000,0x0000,0x0000,0x0000,0x0000,0x0000,0x0000,0x0000,0xa6fa,0xa6fa,0xa6fa,0xa6fa,0x0000,0x0000,
0x0000,0x0000,0xa6fa,0xa6fa,0xa6fa,0xa6fa,0x0000,0x0000,0x0000,0x0000,0x0000,0x0000,0x0000,0x0000,0x0000,0x0000,0x0000,0x0000,0x0000,0x0000,0x0000,0x0000,0x0000,0x0000,0x0000,0x0000,0x0000,0x0000,0x0000,0x0000,0x0000,0x0000,
0x0000,0x0000,0x0000,0x0000,0x0000,0x0000,0x0000,0x0000,0x0000,0x0000,0x0000,0x0000,0x0000,0x0000,0x0000,0x0000,0x0000,0x0000,0x0000,0x0000,0x0000,0x0000,0x0000,0x0000,0x0000,0x0000,0xa6fa,0xa6fa,0xa6fa,0xa6fa,0x0000,0x0000,
0x0000,0x0000,0xa6fa,0xa6fa,0xa6fa,0xa6fa,0x0000,0x0000,0x0000,0x0000,0x0000,0x0000,0x0000,0x0000,0x0000,0x0000,0x0000,0x0000,0x0000,0x0000,0x0000,0x0000,0x0000,0x0000,0x0000,0x0000,0x0000,0x0000,0x0000,0x0000,0x0000,0x0000,
0x0000,0x0000,0x0000,0x0000,0x0000,0x0000,0x0000,0x0000,0x0000,0x0000,0x0000,0x0000,0x0000,0x0000,0x0000,0x0000,0x0000,0x0000,0x0000,0x0000,0x0000,0x0000,0x0000,0x0000,0x0000,0x0000,0xa6fa,0xa6fa,0xa6fa,0xa6fa,0x0000,0x0000,
0x0000,0x0000,0xa6fa,0xa6fa,0xa6fa,0xa6fa,0x0000,0x0000,0x0000,0x0000,0x0000,0x0000,0x0000,0x0000,0x0000,0x0000,0x0000,0x0000,0x0000,0x0000,0x0000,0x0000,0x0000,0x0000,0x0000,0x0000,0x0000,0x0000,0x0000,0x0000,0x0000,0x0000,
0x0000,0x0000,0x0000,0x0000,0x0000,0x0000,0x0000,0x0000,0x0000,0x0000,0x0000,0x0000,0x0000,0x0000,0x0000,0x0000,0x0000,0x0000,0x0000,0x0000,0x0000,0x0000,0x0000,0x0000,0x0000,0x0000,0xa6fa,0xa6fa,0xa6fa,0xa6fa,0x0000,0x0000,
0x0000,0x0000,0xa6fa,0xa6fa,0xa6fa,0xa6fa,0x0000,0x0000,0x0000,0x0000,0x0000,0x0000,0x0000,0x0000,0x0000,0x0000,0x0000,0x0000,0x0000,0x0000,0x0000,0x0000,0x0000,0x0000,0x0000,0x0000,0x0000,0x0000,0x0000,0x0000,0x0000,0x0000,
0x0000,0x0000,0x0000,0x0000,0x0000,0x0000,0x0000,0x0000,0x0000,0x0000,0x0000,0x0000,0x0000,0x0000,0x0000,0x0000,0x0000,0x0000,0x0000,0x0000,0x0000,0x0000,0x0000,0x0000,0x0000,0x0000,0x0000,0x0000,0x0000,0x0000,0x0000,0x0000,
0x0000,0x0000,0x0000,0x0000,0x0000,0x0000,0x0000,0x0000,0x0000,0x0000,0x0000,0x0000,0x0000,0x0000,0x0000,0x0000,0x0000,0x0000,0x0000,0x0000,0x0000,0x0000,0x0000,0x0000,0x0000,0x0000,0x0000,0x0000,0x0000,0x0000,0x0000,0x0000,
0x0000,0x0000,0x0000,0x0000,0x0000,0x0000,0x0000,0x0000,0x0000,0x0000,0x0000,0x0000,0x0000,0x0000,0x0000,0x0000,0x0000,0x0000,0x0000,0x0000,0x0000,0x0000,0x0000,0x0000,0x0000,0x0000,0x0000,0x0000,0x0000,0x0000,0x0000,0x0000,
0x0000,0x0000,0x0000,0x0000,0x0000,0x0000,0x0000,0x0000,0x0000,0x0000,0x0000,0x0000,0x0000,0x0000,0x0000,0x0000,0x0000,0x0000,0x0000,0x0000,0x0000,0x0000,0x0000,0x0000,0x0000,0x0000,0x0000,0x0000,0x0000,0x0000,0x0000,0x0000,
0x0000,0x0000,0x0000,0x0000,0x0000,0x0000,0x0000,0x0000,0x0000,0x0000,0x0000,0x0000,0x0000,0x0000,0x0000,0x0000,0x0000,0x0000,0x0000,0x0000,0x0000,0x0000,0x0000,0x0000,0x0000,0x0000,0x0000,0x0000,0x0000,0x0000,0x0000,0x0000,
0x0000,0x0000,0x0000,0x0000,0x0000,0x0000,0x0000,0x0000,0x0000,0x0000,0x0000,0x0000,0x0000,0x0000,0x0000,0x0000,0x0000,0x0000,0x0000,0x0000,0x0000,0x0000,0x0000,0x0000,0x0000,0x0000,0x0000,0x0000,0x0000,0x0000,0x0000,0x0000,
0x0000,0x0000,0x0000,0x0000,0x0000,0x0000,0x0000,0x0000,0x0000,0x0000,0x0000,0x0000,0x0000,0x0000,0x0000,0x0000,0x0000,0x0000,0x0000,0x0000,0x0000,0x0000,0x0000,0x0000,0x0000,0x0000,0x0000,0x0000,0x0000,0x0000,0x0000,0x0000,
0x0000,0x0000,0x0000,0x0000,0x0000,0x0000,0x0000,0x0000,0x0000,0x0000,0x0000,0x0000,0x0000,0x0000,0x0000,0x0000,0x0000,0x0000,0x0000,0x0000,0x0000,0x0000,0x0000,0x0000,0x0000,0x0000,0x0000,0x0000,0x0000,0x0000,0x0000,0x0000,
0x0000,0x0000,0x0000,0x0000,0x0000,0x0000,0x0000,0x0000,0x0000,0x0000,0x0000,0x0000,0x0000,0x0000,0x0000,0x0000,0x0000,0x0000,0x0000,0x0000,0x0000,0x0000,0x0000,0x0000,0x0000,0x0000,0x0000,0x0000,0x0000,0x0000,0x0000,0x0000,
0x0000,0x0000,0x0000,0x0000,0x0000,0x0000,0x0000,0x0000,0x0000,0x0000,0x0000,0x0000,0x0000,0x0000,0x0000,0x0000,0x0000,0x0000,0x0000,0x0000,0x0000,0x0000,0x0000,0x0000,0x0000,0x0000,0x0000,0x0000,0x0000,0x0000,0x0000,0x0000,
};
static const uint16_t frame_2[4096] = {
0x0000,0x0000,0x0000,0x0000,0x0000,0x0000,0x0000,0x0000,0x0000,0x0000,0x0000,0x0000,0x0000,0x0000,0x0000,0x0000,0x0000,0x0000,0x0000,0x0000,0x0000,0x0000,0x0000,0x0000,0x0000,0x0000,0x0000,0x0000,0x0000,0x0000,0x0000,0x0000,
0x0000,0x0000,0x0000,0x0000,0x0000,0x0000,0x0000,0x0000,0x0000,0x0000,0x0000,0x0000,0x0000,0x0000,0x0000,0x0000,0x0000,0x0000,0x0000,0x0000,0x0000,0x0000,0x0000,0x0000,0x0000,0x0000,0x0000,0x0000,0x0000,0x0000,0x0000,0x0000,
0x0000,0x0000,0x0000,0x0000,0x0000,0x0000,0x0000,0x0000,0x0000,0x0000,0x0000,0x0000,0x0000,0x0000,0x0000,0x0000,0x0000,0x0000,0x0000,0x0000,0x0000,0x0000,0x0000,0x0000,0x0000,0x0000,0x0000,0x0000,0x0000,0x0000,0x0000,0x0000,
0x0000,0x0000,0x0000,0x0000,0x0000,0x0000,0x0000,0x0000,0x0000,0x0000,0x0000,0x0000,0x0000,0x0000,0x0000,0x0000,0x0000,0x0000,0x0000,0x0000,0x0000,0x0000,0x0000,0x0000,0x0000,0x0000,0x0000,0x0000,0x0000,0x0000,0x0000,0x0000,
0x0000,0x0000,0x0000,0x0000,0x0000,0x0000,0x0000,0x0000,0x0000,0x0000,0x0000,0x0000,0x0000,0x0000,0x0000,0x0000,0x0000,0x0000,0x0000,0x0000,0x0000,0x0000,0x0000,0x0000,0x0000,0x0000,0x0000,0x0000,0x0000,0x0000,0x0000,0x0000,
0x0000,0x0000,0x0000,0x0000,0x0000,0x0000,0x0000,0x0000,0x0000,0x0000,0x0000,0x0000,0x0000,0x0000,0x0000,0x0000,0x0000,0x0000,0x0000,0x0000,0x0000,0x0000,0x0000,0x0000,0x0000,0x0000,0x0000,0x0000,0x0000,0x0000,0x0000,0x0000,
0x0000,0x0000,0x0000,0x0000,0x0000,0x0000,0x0000,0x0000,0x0000,0x0000,0x0000,0x0000,0x0000,0x0000,0x0000,0x0000,0x0000,0x0000,0x0000,0x0000,0x0000,0x0000,0x0000,0x0000,0x0000,0x0000,0x0000,0x0000,0x0000,0x0000,0x0000,0x0000,
0x0000,0x0000,0x0000,0x0000,0x0000,0x0000,0x0000,0x0000,0x0000,0x0000,0x0000,0x0000,0x0000,0x0000,0x0000,0x0000,0x0000,0x0000,0x0000,0x0000,0x0000,0x0000,0x0000,0x0000,0x0000,0x0000,0x0000,0x0000,0x0000,0x0000,0x0000,0x0000,
0x0000,0x0000,0x0000,0x0000,0x0000,0x0000,0x0000,0x0000,0x0000,0x0000,0x0000,0x0000,0x0000,0x0000,0x0000,0x0000,0x0000,0x0000,0x0000,0x0000,0x0000,0x0000,0x0000,0x0000,0x0000,0x0000,0x0000,0x0000,0x0000,0x0000,0x0000,0x0000,
0x0000,0x0000,0x0000,0x0000,0x0000,0x0000,0x0000,0x0000,0x0000,0x0000,0x0000,0x0000,0x0000,0x0000,0x0000,0x0000,0x0000,0x0000,0x0000,0x0000,0x0000,0x0000,0x0000,0x0000,0x0000,0x0000,0x0000,0x0000,0x0000,0x0000,0x0000,0x0000,
0x0000,0x0000,0x0000,0x0000,0x0000,0x0000,0x0000,0x0000,0x0000,0x0000,0x0000,0x0000,0x0000,0x0000,0x0000,0x0000,0x0000,0x0000,0x0000,0x0000,0x0000,0x0000,0x0000,0x0000,0x0000,0x0000,0x0000,0x0000,0x0000,0x0000,0x0000,0x0000,
0x0000,0x0000,0x0000,0x0000,0x0000,0x0000,0x0000,0x0000,0x0000,0x0000,0x0000,0x0000,0x0000,0x0000,0x0000,0x0000,0x0000,0x0000,0x0000,0x0000,0x0000,0x0000,0x0000,0x0000,0x0000,0x0000,0x0000,0x0000,0x0000,0x0000,0x0000,0x0000,
0x0000,0x0000,0x0000,0x0000,0x0000,0x0000,0x0000,0x0000,0x0000,0x0000,0x0000,0x0000,0x0000,0x0000,0x0000,0x0000,0x0000,0x0000,0x0000,0x0000,0x0000,0x0000,0x0000,0x0000,0x0000,0x0000,0x0000,0x0000,0x0000,0x0000,0x0000,0x0000,
0x0000,0x0000,0x0000,0x0000,0x0000,0x0000,0x0000,0x0000,0x0000,0x0000,0x0000,0x0000,0x0000,0x0000,0x0000,0x0000,0x0000,0x0000,0x0000,0x0000,0x0000,0x0000,0x0000,0x0000,0x0000,0x0000,0x0000,0x0000,0x0000,0x0000,0x0000,0x0000,
0x0000,0x0000,0x0000,0x0000,0x0000,0x0000,0x0000,0x0000,0x0000,0x0000,0x0000,0x0000,0x0000,0x0000,0x0000,0x0000,0x0000,0x0000,0x0000,0x0000,0x0000,0x0000,0x0000,0x0000,0x0000,0x0000,0x0000,0x0000,0x0000,0x0000,0x0000,0x0000,
0x0000,0x0000,0x0000,0x0000,0x0000,0x0000,0x0000,0x0000,0x0000,0x0000,0x0000,0x0000,0x0000,0x0000,0x0000,0x0000,0x0000,0x0000,0x0000,0x0000,0x0000,0x0000,0x0000,0x0000,0x0000,0x0000,0x0000,0x0000,0x0000,0x0000,0x0000,0x0000,
0x0000,0x0000,0x0000,0x0000,0x0000,0x0000,0x0000,0x0000,0x0000,0x0000,0x0000,0x0000,0x0000,0x0000,0x0000,0x0000,0x0000,0x0000,0x0000,0x0000,0x0000,0x0000,0x0000,0x0000,0x0000,0x0000,0x0000,0xfeb2,0xfeb2,0xfeb2,0xfeb2,0xfeb2,
0xfeb2,0xfeb2,0xfeb2,0xfeb2,0xfeb2,0x0000,0x0000,0x0000,0x0000,0x0000,0x0000,0x0000,0x0000,0x0000,0x0000,0x0000,0x0000,0x0000,0x0000,0x0000,0x0000,0x0000,0x0000,0x0000,0x0000,0x0000,0x0000,0x0000,0x0000,0x0000,0x0000,0x0000,
0x0000,0x0000,0x0000,0x0000,0x0000,0x0000,0x0000,0x0000,0x0000,0x0000,0x0000,0x0000,0x0000,0x0000,0x0000,0x0000,0x0000,0x0000,0x0000,0x0000,0x0000,0x0000,0x0000,0x0000,0x0000,0x0000,0x0000,0xfeb2,0xfeb2,0xfeb2,0xfeb2,0xfeb2,
0xfeb2,0xfeb2,0xfeb2,0xfeb2,0xfeb2,0x0000,0x0000,0x0000,0x0000,0x0000,0x0000,0x0000,0x0000,0x0000,0x0000,0x0000,0x0000,0x0000,0x0000,0x0000,0x0000,0x0000,0x0000,0x0000,0x0000,0x0000,0x0000,0x0000,0x0000,0x0000,0x0000,0x0000,
0x0000,0x0000,0x0000,0x0000,0x0000,0x0000,0x0000,0x0000,0x0000,0x0000,0x0000,0x0000,0x0000,0x0000,0x0000,0x0000,0x0000,0x0000,0x0000,0x0000,0x0000,0x0000,0x0000,0x0000,0x0000,0x0000,0x0000,0xfeb2,0xfeb2,0xfeb2,0xfeb2,0xfeb2,
0xfeb2,0xfeb2,0xfeb2,0xfeb2,0xfeb2,0x0000,0x0000,0x0000,0x0000,0x0000,0x0000,0x0000,0x0000,0x0000,0x0000,0x0000,0x0000,0x0000,0x0000,0x0000,0x0000,0x0000,0x0000,0x0000,0x0000,0x0000,0x0000,0x0000,0x0000,0x0000,0x0000,0x0000,
0x0000,0x0000,0x0000,0x0000,0x0000,0x0000,0x0000,0x0000,0x0000,0x0000,0x0000,0x0000,0x0000,0x0000,0x0000,0x0000,0x0000,0x0000,0x0000,0x0000,0x0000,0x0000,0x0000,0x0000,0x0000,0x0000,0x0000,0xfeb2,0xfeb2,0xfeb2,0xa6fa,0xa6fa,
0xa6fa,0xa6fa,0xfeb2,0xfeb2,0xfeb2,0x0000,0x0000,0x0000,0x0000,0x0000,0x0000,0x0000,0x0000,0x0000,0x0000,0x0000,0x0000,0x0000,0x0000,0x0000,0x0000,0x0000,0x0000,0x0000,0x0000,0x0000,0x0000,0x0000,0x0000,0x0000,0x0000,0x0000,
0x0000,0x0000,0x0000,0x0000,0x0000,0x0000,0x0000,0x0000,0x0000,0x0000,0x0000,0x0000,0x0000,0x0000,0x0000,0x0000,0x0000,0x0000,0x0000,0x0000,0x0000,0x0000,0x0000,0x0000,0x0000,0x0000,0x0000,0x0000,0x0000,0x0000,0xa6fa,0xa6fa,
0xa6fa,0xa6fa,0x0000,0x0000,0x0000,0x0000,0x0000,0x0000,0x0000,0x0000,0x0000,0x0000,0x0000,0x0000,0x0000,0x0000,0x0000,0x0000,0x0000,0x0000,0x0000,0x0000,0x0000,0x0000,0x0000,0x0000,0x0000,0x0000,0x0000,0x0000,0x0000,0x0000,
0x0000,0x0000,0x0000,0x0000,0x0000,0x0000,0x0000,0x0000,0x0000,0x0000,0x0000,0x0000,0x0000,0x0000,0x0000,0x0000,0x0000,0x0000,0x0000,0x0000,0x0000,0x0000,0x0000,0x0000,0x0000,0x0000,0x0000,0x0000,0x0000,0x0000,0xa6fa,0xa6fa,
0xa6fa,0xa6fa,0x0000,0x0000,0x0000,0x0000,0x0000,0x0000,0x0000,0x0000,0x0000,0x0000,0x0000,0x0000,0x0000,0x0000,0x0000,0x0000,0x0000,0x0000,0x0000,0x0000,0x0000,0x0000,0x0000,0x0000,0x0000,0x0000,0x0000,0x0000,0x0000,0x0000,
0x0000,0x0000,0x0000,0x0000,0x0000,0x0000,0x0000,0x0000,0x0000,0x0000,0x0000,0x0000,0x0000,0x0000,0x0000,0x0000,0x0000,0x0000,0x0000,0x0000,0x0000,0x0000,0x0000,0x0000,0x0000,0x0000,0x0000,0x0000,0x0000,0x0000,0xa6fa,0xa6fa,
0xa6fa,0xa6fa,0x0000,0x0000,0x0000,0x0000,0x0000,0x0000,0x0000,0x0000,0x0000,0x0000,0x0000,0x0000,0x0000,0x0000,0x0000,0x0000,0x0000,0x0000,0x0000,0x0000,0x0000,0x0000,0x0000,0x0000,0x0000,0x0000,0x0000,0x0000,0x0000,0x0000,
0x0000,0x0000,0x0000,0x0000,0x0000,0x0000,0x0000,0x0000,0x0000,0x0000,0x0000,0x0000,0x0000,0x0000,0x0000,0x19e8,0x19e8,0x19e8,0x19e8,0x19e8,0x19e8,0x19e8,0x19e8,0x19e8,0x19e8,0x19e8,0x19e8,0x19e8,0x19e8,0x19e8,0x19e8,0x19e8,
0x19e8,0x19e8,0x19e8,0x19e8,0x19e8,0x19e8,0x19e8,0x19e8,0x19e8,0x19e8,0x19e8,0x19e8,0x19e8,0x19e8,0x19e8,0x19e8,0x19e8,0x0000,0x0000,0x0000,0x0000,0x0000,0x0000,0x0000,0x0000,0x0000,0x0000,0x0000,0x0000,0x0000,0x0000,0x0000,
0x0000,0x0000,0x0000,0x0000,0x0000,0x0000,0x0000,0x0000,0x0000,0x0000,0x0000,0x0000,0x0000,0x0000,0x0000,0x19e8,0x19e8,0x19e8,0x19e8,0x19e8,0x19e8,0x19e8,0x19e8,0x19e8,0x19e8,0x19e8,0x19e8,0x19e8,0x19e8,0x19e8,0x19e8,0x19e8,
0x19e8,0x19e8,0x19e8,0x19e8,0x19e8,0x19e8,0x19e8,0x19e8,0x19e8,0x19e8,0x19e8,0x19e8,0x19e8,0x19e8,0x19e8,0x19e8,0x19e8,0x0000,0x0000,0x0000,0x0000,0x0000,0x0000,0x0000,0x0000,0x0000,0x0000,0x0000,0x0000,0x0000,0x0000,0x0000,
0x0000,0x0000,0x0000,0x0000,0x0000,0x0000,0x0000,0x0000,0x0000,0x0000,0x0000,0x0000,0x0000,0x0000,0x0000,0x19e8,0x19e8,0xa6fa,0xa6fa,0xa6fa,0xa6fa,0xa6fa,0xa6fa,0xa6fa,0xa6fa,0xa6fa,0xa6fa,0xa6fa,0xa6fa,0xa6fa,0xa6fa,0xa6fa,
0xa6fa,0xa6fa,0xa6fa,0xa6fa,0xa6fa,0xa6fa,0xa6fa,0xa6fa,0xa6fa,0xa6fa,0xa6fa,0xa6fa,0xa6fa,0xa6fa,0xa6fa,0x19e8,0x19e8,0x0000,0x0000,0x0000,0x0000,0x0000,0x0000,0x0000,0x0000,0x0000,0x0000,0x0000,0x0000,0x0000,0x0000,0x0000,
0x0000,0x0000,0x0000,0x0000,0x0000,0x0000,0x0000,0x0000,0x0000,0x0000,0x0000,0x0000,0x0000,0x0000,0x0000,0x19e8,0x19e8,0xa6fa,0xa6fa,0xa6fa,0xa6fa,0xa6fa,0xa6fa,0xa6fa,0xa6fa,0xa6fa,0xa6fa,0xa6fa,0xa6fa,0xa6fa,0xa6fa,0xa6fa,
0xa6fa,0xa6fa,0xa6fa,0xa6fa,0xa6fa,0xa6fa,0xa6fa,0xa6fa,0xa6fa,0xa6fa,0xa6fa,0xa6fa,0xa6fa,0xa6fa,0xa6fa,0x19e8,0x19e8,0x0000,0x0000,0x0000,0x0000,0x0000,0x0000,0x0000,0x0000,0x0000,0x0000,0x0000,0x0000,0x0000,0x0000,0x0000,
0x0000,0x0000,0x0000,0x0000,0x0000,0x0000,0x0000,0x0000,0x0000,0x0000,0x0000,0x0000,0x0000,0x0000,0x0000,0x19e8,0x19e8,0xa6fa,0xa6fa,0xa6fa,0xa6fa,0xa6fa,0xa6fa,0xa6fa,0xa6fa,0xa6fa,0xa6fa,0xa6fa,0xa6fa,0xa6fa,0xa6fa,0xa6fa,
0xa6fa,0xa6fa,0xa6fa,0xa6fa,0xa6fa,0xa6fa,0xa6fa,0xa6fa,0xa6fa,0xa6fa,0xa6fa,0xa6fa,0xa6fa,0xa6fa,0xa6fa,0x19e8,0x19e8,0x0000,0x0000,0x0000,0x0000,0x0000,0x0000,0x0000,0x0000,0x0000,0x0000,0x0000,0x0000,0x0000,0x0000,0x0000,
0x0000,0x0000,0x0000,0x0000,0x0000,0x0000,0x0000,0x0000,0x0000,0x0000,0x0000,0x0000,0x0000,0x0000,0x0000,0x19e8,0x19e8,0xa6fa,0xa6fa,0xa6fa,0xa6fa,0xa6fa,0xa6fa,0xa6fa,0xa6fa,0xa6fa,0xa6fa,0xa6fa,0xa6fa,0xa6fa,0xa6fa,0xa6fa,
0xa6fa,0xa6fa,0xa6fa,0xa6fa,0xa6fa,0xa6fa,0xa6fa,0xa6fa,0xa6fa,0xa6fa,0xa6fa,0xa6fa,0xa6fa,0xa6fa,0xa6fa,0x19e8,0x19e8,0x0000,0x0000,0x0000,0x0000,0x0000,0x0000,0x0000,0x0000,0x0000,0x0000,0x0000,0x0000,0x0000,0x0000,0x0000,
0x0000,0x0000,0x0000,0x0000,0x0000,0x0000,0x0000,0x0000,0x0000,0x0000,0x0000,0x0000,0x0000,0x0000,0x0000,0x19e8,0x19e8,0xa6fa,0xa6fa,0xa6fa,0xa6fa,0x19e8,0x19e8,0x19e8,0x19e8,0x19e8,0x19e8,0x19e8,0x19e8,0x19e8,0x19e8,0x19e8,
0x19e8,0x19e8,0x19e8,0x19e8,0x19e8,0x19e8,0x19e8,0x19e8,0x19e8,0x19e8,0x19e8,0xa6fa,0xa6fa,0xa6fa,0xa6fa,0x19e8,0x19e8,0x0000,0x0000,0x0000,0x0000,0x0000,0x0000,0x0000,0x0000,0x0000,0x0000,0x0000,0x0000,0x0000,0x0000,0x0000,
0x0000,0x0000,0x0000,0x0000,0x0000,0x0000,0x0000,0x0000,0x0000,0x0000,0x0000,0x0000,0x0000,0x0000,0x0000,0x19e8,0x19e8,0xa6fa,0xa6fa,0xa6fa,0xa6fa,0x19e8,0x19e8,0x19e8,0x19e8,0x19e8,0x19e8,0x19e8,0x19e8,0x19e8,0x19e8,0x19e8,
0x19e8,0x19e8,0x19e8,0x19e8,0x19e8,0x19e8,0x19e8,0x19e8,0x19e8,0x19e8,0x19e8,0xa6fa,0xa6fa,0xa6fa,0xa6fa,0x19e8,0x19e8,0x0000,0x0000,0x0000,0x0000,0x0000,0x0000,0x0000,0x0000,0x0000,0x0000,0x0000,0x0000,0x0000,0x0000,0x0000,
0x0000,0x0000,0x0000,0x0000,0x0000,0x0000,0x0000,0x0000,0x0000,0x0000,0x0000,0x0000,0x0000,0x0000,0x0000,0x19e8,0x19e8,0xa6fa,0xa6fa,0xa6fa,0xa6fa,0x19e8,0x19e8,0x19e8,0x19e8,0x19e8,0x19e8,0x19e8,0x19e8,0x19e8,0x19e8,0x19e8,
0x19e8,0x19e8,0x19e8,0x19e8,0x19e8,0x19e8,0x19e8,0x19e8,0x19e8,0x19e8,0x19e8,0xa6fa,0xa6fa,0xa6fa,0xa6fa,0x19e8,0x19e8,0x0000,0x0000,0x0000,0x0000,0x0000,0x0000,0x0000,0x0000,0x0000,0x0000,0x0000,0x0000,0x0000,0x0000,0x0000,
0x0000,0x0000,0x0000,0x0000,0x0000,0x0000,0x0000,0x0000,0x0000,0x0000,0x0000,0x0000,0x0000,0x0000,0x0000,0x19e8,0x19e8,0xa6fa,0xa6fa,0xa6fa,0xa6fa,0x19e8,0x19e8,0x19e8,0xefdb,0xefdb,0xefdb,0xefdb,0x19e8,0x19e8,0x19e8,0x19e8,
0x19e8,0x19e8,0x19e8,0xefdb,0xefdb,0xefdb,0xefdb,0x19e8,0x19e8,0x19e8,0x19e8,0xa6fa,0xa6fa,0xa6fa,0xa6fa,0x19e8,0x19e8,0x0000,0x0000,0x0000,0x0000,0x0000,0x0000,0x0000,0x0000,0x0000,0x0000,0x0000,0x0000,0x0000,0x0000,0x0000,
0x0000,0x0000,0x0000,0x0000,0x0000,0x0000,0x0000,0x0000,0x0000,0x0000,0x0000,0x0000,0x0000,0x0000,0x0000,0x19e8,0x19e8,0xa6fa,0xa6fa,0xa6fa,0xa6fa,0x19e8,0x19e8,0x19e8,0xefdb,0xefdb,0xefdb,0xefdb,0x19e8,0x19e8,0x19e8,0x19e8,
0x19e8,0x19e8,0x19e8,0xefdb,0xefdb,0xefdb,0xefdb,0x19e8,0x19e8,0x19e8,0x19e8,0xa6fa,0xa6fa,0xa6fa,0xa6fa,0x19e8,0x19e8,0x0000,0x0000,0x0000,0x0000,0x0000,0x0000,0x0000,0x0000,0x0000,0x0000,0x0000,0x0000,0x0000,0x0000,0x0000,
0x0000,0x0000,0x0000,0x0000,0x0000,0x0000,0x0000,0x0000,0x0000,0x0000,0x0000,0x0000,0x0000,0x0000,0x0000,0x19e8,0x19e8,0xa6fa,0xa6fa,0xa6fa,0xa6fa,0x19e8,0x19e8,0x19e8,0xefdb,0xefdb,0xefdb,0xefdb,0x19e8,0x19e8,0x19e8,0x19e8,
0x19e8,0x19e8,0x19e8,0xefdb,0xefdb,0xefdb,0xefdb,0x19e8,0x19e8,0x19e8,0x19e8,0xa6fa,0xa6fa,0xa6fa,0xa6fa,0x19e8,0x19e8,0x0000,0x0000,0x0000,0x0000,0x0000,0x0000,0x0000,0x0000,0x0000,0x0000,0x0000,0x0000,0x0000,0x0000,0x0000,
0x0000,0x0000,0x0000,0x0000,0x0000,0x0000,0x0000,0x0000,0x0000,0x0000,0x0000,0x0000,0x0000,0x0000,0x0000,0x19e8,0x19e8,0xa6fa,0xa6fa,0xa6fa,0xa6fa,0x19e8,0x19e8,0x19e8,0xefdb,0xefdb,0xefdb,0xefdb,0x19e8,0x19e8,0x19e8,0x19e8,
0x19e8,0x19e8,0x19e8,0xefdb,0xefdb,0xefdb,0xefdb,0x19e8,0x19e8,0x19e8,0x19e8,0xa6fa,0xa6fa,0xa6fa,0xa6fa,0x19e8,0x19e8,0x0000,0x0000,0x0000,0x0000,0x0000,0x0000,0x0000,0x0000,0x0000,0x0000,0x0000,0x0000,0x0000,0x0000,0x0000,
0x0000,0x0000,0x0000,0x0000,0x0000,0x0000,0x0000,0x0000,0x0000,0x0000,0x0000,0x0000,0x0000,0x0000,0x0000,0x19e8,0x19e8,0xa6fa,0xa6fa,0xa6fa,0xa6fa,0x19e8,0x19e8,0x19e8,0xefdb,0xefdb,0xefdb,0xefdb,0x19e8,0x19e8,0x19e8,0x19e8,
0x19e8,0x19e8,0x19e8,0xefdb,0xefdb,0xefdb,0xefdb,0x19e8,0x19e8,0x19e8,0x19e8,0xa6fa,0xa6fa,0xa6fa,0xa6fa,0x19e8,0x19e8,0x0000,0x0000,0x0000,0x0000,0x0000,0x0000,0x0000,0x0000,0x0000,0x0000,0x0000,0x0000,0x0000,0x0000,0x0000,
0x0000,0x0000,0x0000,0x0000,0x0000,0x0000,0x0000,0x0000,0x0000,0x0000,0x0000,0x0000,0x0000,0x0000,0x0000,0x19e8,0x19e8,0xa6fa,0xa6fa,0xa6fa,0xa6fa,0x19e8,0x19e8,0x19e8,0xefdb,0xefdb,0xefdb,0xefdb,0x19e8,0x19e8,0x19e8,0x19e8,
0x19e8,0x19e8,0x19e8,0xefdb,0xefdb,0xefdb,0xefdb,0x19e8,0x19e8,0x19e8,0x19e8,0xa6fa,0xa6fa,0xa6fa,0xa6fa,0x19e8,0x19e8,0x0000,0x0000,0x0000,0x0000,0x0000,0x0000,0x0000,0x0000,0x0000,0x0000,0x0000,0x0000,0x0000,0x0000,0x0000,
0x0000,0x0000,0x0000,0x0000,0x0000,0x0000,0x0000,0x0000,0x0000,0x0000,0x0000,0x0000,0x0000,0x0000,0x0000,0x19e8,0x19e8,0xa6fa,0xa6fa,0xa6fa,0xa6fa,0x19e8,0x19e8,0x19e8,0xefdb,0xefdb,0xefdb,0xefdb,0x19e8,0x19e8,0x19e8,0x19e8,
0x19e8,0x19e8,0x19e8,0xefdb,0xefdb,0xefdb,0xefdb,0x19e8,0x19e8,0x19e8,0x19e8,0xa6fa,0xa6fa,0xa6fa,0xa6fa,0x19e8,0x19e8,0x0000,0x0000,0x0000,0x0000,0x0000,0x0000,0x0000,0x0000,0x0000,0x0000,0x0000,0x0000,0x0000,0x0000,0x0000,
0x0000,0x0000,0x0000,0x0000,0x0000,0x0000,0x0000,0x0000,0x0000,0x0000,0x0000,0x0000,0x0000,0x0000,0x0000,0x19e8,0x19e8,0xa6fa,0xa6fa,0xa6fa,0xa6fa,0x19e8,0x19e8,0x19e8,0x19e8,0x19e8,0x19e8,0x19e8,0x19e8,0x19e8,0x19e8,0x19e8,
0x19e8,0x19e8,0x19e8,0x19e8,0x19e8,0x19e8,0x19e8,0x19e8,0x19e8,0x19e8,0x19e8,0xa6fa,0xa6fa,0xa6fa,0xa6fa,0x19e8,0x19e8,0x0000,0x0000,0x0000,0x0000,0x0000,0x0000,0x0000,0x0000,0x0000,0x0000,0x0000,0x0000,0x0000,0x0000,0x0000,
0x0000,0x0000,0x0000,0x0000,0x0000,0x0000,0x0000,0x0000,0x0000,0x0000,0x0000,0x0000,0x0000,0x0000,0x0000,0x19e8,0x19e8,0xa6fa,0xa6fa,0xa6fa,0xa6fa,0x19e8,0x19e8,0x19e8,0x19e8,0x19e8,0x19e8,0x19e8,0x19e8,0x19e8,0x19e8,0x19e8,
0x19e8,0x19e8,0x19e8,0x19e8,0x19e8,0x19e8,0x19e8,0x19e8,0x19e8,0x19e8,0x19e8,0xa6fa,0xa6fa,0xa6fa,0xa6fa,0x19e8,0x19e8,0x0000,0x0000,0x0000,0x0000,0x0000,0x0000,0x0000,0x0000,0x0000,0x0000,0x0000,0x0000,0x0000,0x0000,0x0000,
0x0000,0x0000,0x0000,0x0000,0x0000,0x0000,0x0000,0x0000,0x0000,0x0000,0x0000,0x0000,0x0000,0x0000,0x0000,0x19e8,0x19e8,0xa6fa,0xa6fa,0xa6fa,0xa6fa,0x19e8,0x19e8,0x19e8,0x19e8,0x19e8,0x19e8,0x19e8,0x19e8,0x19e8,0x19e8,0x19e8,
0x19e8,0x19e8,0x19e8,0x19e8,0x19e8,0x19e8,0x19e8,0x19e8,0x19e8,0x19e8,0x19e8,0xa6fa,0xa6fa,0xa6fa,0xa6fa,0x19e8,0x19e8,0x0000,0x0000,0x0000,0x0000,0x0000,0x0000,0x0000,0x0000,0x0000,0x0000,0x0000,0x0000,0x0000,0x0000,0x0000,
0x0000,0x0000,0x0000,0x0000,0x0000,0x0000,0x0000,0x0000,0x0000,0x0000,0x0000,0x0000,0x0000,0x0000,0x0000,0x19e8,0x19e8,0xa6fa,0xa6fa,0xa6fa,0xa6fa,0x19e8,0x19e8,0x19e8,0x19e8,0x19e8,0x19e8,0x19e8,0x19e8,0x19e8,0x19e8,0x19e8,
0x19e8,0x19e8,0x19e8,0x19e8,0x19e8,0x19e8,0x19e8,0x19e8,0x19e8,0x19e8,0x19e8,0xa6fa,0xa6fa,0xa6fa,0xa6fa,0x19e8,0x19e8,0x0000,0x0000,0x0000,0x0000,0x0000,0x0000,0x0000,0x0000,0x0000,0x0000,0x0000,0x0000,0x0000,0x0000,0x0000,
0x0000,0x0000,0x0000,0x0000,0x0000,0x0000,0x0000,0x0000,0x0000,0x0000,0x0000,0x0000,0x0000,0x0000,0x0000,0x19e8,0x19e8,0xa6fa,0xa6fa,0xa6fa,0xa6fa,0xa6fa,0xa6fa,0xa6fa,0xa6fa,0xa6fa,0xa6fa,0xa6fa,0xa6fa,0xa6fa,0xa6fa,0xa6fa,
0xa6fa,0xa6fa,0xa6fa,0xa6fa,0xa6fa,0xa6fa,0xa6fa,0xa6fa,0xa6fa,0xa6fa,0xa6fa,0xa6fa,0xa6fa,0xa6fa,0xa6fa,0x19e8,0x19e8,0x0000,0x0000,0x0000,0x0000,0x0000,0x0000,0x0000,0x0000,0x0000,0x0000,0x0000,0x0000,0x0000,0x0000,0x0000,
0x0000,0x0000,0x0000,0x0000,0x0000,0x0000,0x0000,0x0000,0x0000,0x0000,0x0000,0x0000,0x0000,0x0000,0x0000,0x19e8,0x19e8,0xa6fa,0xa6fa,0xa6fa,0xa6fa,0xa6fa,0xa6fa,0xa6fa,0xa6fa,0xa6fa,0xa6fa,0x19e8,0x19e8,0x19e8,0x19e8,0x19e8,
0x19e8,0x19e8,0x19e8,0x19e8,0x19e8,0xa6fa,0xa6fa,0xa6fa,0xa6fa,0xa6fa,0xa6fa,0xa6fa,0xa6fa,0xa6fa,0xa6fa,0x19e8,0x19e8,0x0000,0x0000,0x0000,0x0000,0x0000,0x0000,0x0000,0x0000,0x0000,0x0000,0x0000,0x0000,0x0000,0x0000,0x0000,
0x0000,0x0000,0x0000,0x0000,0x0000,0x0000,0x0000,0x0000,0x0000,0x0000,0x0000,0x0000,0x0000,0x0000,0x0000,0x19e8,0x19e8,0xa6fa,0xa6fa,0xa6fa,0xa6fa,0xa6fa,0xa6fa,0xa6fa,0xa6fa,0xa6fa,0xa6fa,0x19e8,0x19e8,0x19e8,0x19e8,0x19e8,
0x19e8,0x19e8,0x19e8,0x19e8,0x19e8,0xa6fa,0xa6fa,0xa6fa,0xa6fa,0xa6fa,0xa6fa,0xa6fa,0xa6fa,0xa6fa,0xa6fa,0x19e8,0x19e8,0x0000,0x0000,0x0000,0x0000,0x0000,0x0000,0x0000,0x0000,0x0000,0x0000,0x0000,0x0000,0x0000,0x0000,0x0000,
0x0000,0x0000,0x0000,0x0000,0x0000,0x0000,0x0000,0x0000,0x0000,0x0000,0x0000,0x0000,0x0000,0x0000,0x0000,0x19e8,0x19e8,0xa6fa,0xa6fa,0xa6fa,0xa6fa,0xa6fa,0xa6fa,0xa6fa,0xa6fa,0xa6fa,0xa6fa,0xa6fa,0xa6fa,0xa6fa,0xa6fa,0xa6fa,
0xa6fa,0xa6fa,0xa6fa,0xa6fa,0xa6fa,0xa6fa,0xa6fa,0xa6fa,0xa6fa,0xa6fa,0xa6fa,0xa6fa,0xa6fa,0xa6fa,0xa6fa,0x19e8,0x19e8,0x0000,0x0000,0x0000,0x0000,0x0000,0x0000,0x0000,0x0000,0x0000,0x0000,0x0000,0x0000,0x0000,0x0000,0x0000,
0x0000,0x0000,0x0000,0x0000,0x0000,0x0000,0x0000,0x0000,0x0000,0x0000,0x0000,0x0000,0x0000,0x0000,0x0000,0x19e8,0x19e8,0xa6fa,0xa6fa,0xa6fa,0xa6fa,0xa6fa,0xa6fa,0xa6fa,0xa6fa,0xa6fa,0xa6fa,0xa6fa,0xa6fa,0xa6fa,0xa6fa,0xa6fa,
0xa6fa,0xa6fa,0xa6fa,0xa6fa,0xa6fa,0xa6fa,0xa6fa,0xa6fa,0xa6fa,0xa6fa,0xa6fa,0xa6fa,0xa6fa,0xa6fa,0xa6fa,0x19e8,0x19e8,0x0000,0x0000,0x0000,0x0000,0x0000,0x0000,0x0000,0x0000,0x0000,0x0000,0x0000,0x0000,0x0000,0x0000,0x0000,
0x0000,0x0000,0x0000,0x0000,0x0000,0x0000,0x0000,0x0000,0x0000,0x0000,0x0000,0x0000,0x0000,0x0000,0x0000,0x19e8,0x19e8,0x19e8,0x19e8,0x19e8,0x19e8,0x19e8,0x19e8,0x19e8,0x19e8,0x19e8,0x19e8,0x19e8,0x19e8,0x19e8,0x19e8,0x19e8,
0x19e8,0x19e8,0x19e8,0x19e8,0x19e8,0x19e8,0x19e8,0x19e8,0x19e8,0x19e8,0x19e8,0x19e8,0x19e8,0x19e8,0x19e8,0x19e8,0x19e8,0x0000,0x0000,0x0000,0x0000,0x0000,0x0000,0x0000,0x0000,0x0000,0x0000,0x0000,0x0000,0x0000,0x0000,0x0000,
0x0000,0x0000,0x0000,0x0000,0x0000,0x0000,0x0000,0x0000,0x0000,0x0000,0x0000,0x0000,0x0000,0x0000,0x0000,0x19e8,0x19e8,0x19e8,0x19e8,0x19e8,0x19e8,0x19e8,0x19e8,0x19e8,0x19e8,0x19e8,0x19e8,0x19e8,0x19e8,0x19e8,0x19e8,0x19e8,
0x19e8,0x19e8,0x19e8,0x19e8,0x19e8,0x19e8,0x19e8,0x19e8,0x19e8,0x19e8,0x19e8,0x19e8,0x19e8,0x19e8,0x19e8,0x19e8,0x19e8,0x0000,0x0000,0x0000,0x0000,0x0000,0x0000,0x0000,0x0000,0x0000,0x0000,0x0000,0x0000,0x0000,0x0000,0x0000,
0x0000,0x0000,0x0000,0x0000,0x0000,0x0000,0x0000,0x0000,0x0000,0x0000,0x0000,0x0000,0x0000,0x0000,0x0000,0x0000,0x0000,0x0000,0x0000,0x0000,0x0000,0x19e8,0x19e8,0x19e8,0x19e8,0x19e8,0x19e8,0x19e8,0x19e8,0x19e8,0x19e8,0x19e8,
0x19e8,0x19e8,0x19e8,0x19e8,0x19e8,0x19e8,0x19e8,0x19e8,0x19e8,0x19e8,0x19e8,0x0000,0x0000,0x0000,0x0000,0x0000,0x0000,0x0000,0x0000,0x0000,0x0000,0x0000,0x0000,0x0000,0x0000,0x0000,0x0000,0x0000,0x0000,0x0000,0x0000,0x0000,
0x0000,0x0000,0x0000,0x0000,0x0000,0x0000,0x0000,0x0000,0x0000,0x0000,0x0000,0x0000,0x0000,0x0000,0x0000,0x0000,0x0000,0x0000,0x0000,0x0000,0x0000,0x19e8,0x19e8,0x19e8,0x19e8,0x19e8,0x19e8,0x19e8,0x19e8,0x19e8,0x19e8,0x19e8,
0x19e8,0x19e8,0x19e8,0x19e8,0x19e8,0x19e8,0x19e8,0x19e8,0x19e8,0x19e8,0x19e8,0x0000,0x0000,0x0000,0x0000,0x0000,0x0000,0x0000,0x0000,0x0000,0x0000,0x0000,0x0000,0x0000,0x0000,0x0000,0x0000,0x0000,0x0000,0x0000,0x0000,0x0000,
0x0000,0x0000,0x0000,0x0000,0x0000,0x0000,0x0000,0x0000,0x0000,0x0000,0x0000,0x0000,0x0000,0x0000,0x0000,0x0000,0x0000,0x0000,0x0000,0x0000,0x0000,0x19e8,0x19e8,0xa6fa,0xa6fa,0xa6fa,0xa6fa,0xa6fa,0xa6fa,0xa6fa,0xa6fa,0xa6fa,
0xa6fa,0xa6fa,0xa6fa,0xa6fa,0xa6fa,0xa6fa,0xa6fa,0xa6fa,0xa6fa,0x19e8,0x19e8,0x0000,0x0000,0x0000,0x0000,0x0000,0x0000,0x0000,0x0000,0x0000,0x0000,0x0000,0x0000,0x0000,0x0000,0x0000,0x0000,0x0000,0x0000,0x0000,0x0000,0x0000,
0x0000,0x0000,0x0000,0x0000,0x0000,0x0000,0x0000,0x0000,0x0000,0xa6fa,0xa6fa,0xa6fa,0xa6fa,0xa6fa,0x0000,0x0000,0x0000,0x0000,0x0000,0x0000,0x0000,0x19e8,0x19e8,0xa6fa,0xa6fa,0xa6fa,0xa6fa,0xa6fa,0xa6fa,0xa6fa,0xa6fa,0xa6fa,
0xa6fa,0xa6fa,0xa6fa,0xa6fa,0xa6fa,0xa6fa,0xa6fa,0xa6fa,0xa6fa,0x19e8,0x19e8,0x0000,0x0000,0x0000,0x0000,0x0000,0x0000,0x0000,0xa6fa,0xa6fa,0xa6fa,0xa6fa,0xa6fa,0x0000,0x0000,0x0000,0x0000,0x0000,0x0000,0x0000,0x0000,0x0000,
0x0000,0x0000,0x0000,0x0000,0x0000,0x0000,0x0000,0x0000,0x0000,0xa6fa,0xa6fa,0xa6fa,0xa6fa,0xa6fa,0x0000,0x0000,0x0000,0x0000,0x0000,0x0000,0x0000,0x19e8,0x19e8,0xa6fa,0xa6fa,0xa6fa,0xa6fa,0xa6fa,0xa6fa,0xa6fa,0xa6fa,0xa6fa,
0xa6fa,0xa6fa,0xa6fa,0xa6fa,0xa6fa,0xa6fa,0xa6fa,0xa6fa,0xa6fa,0x19e8,0x19e8,0x0000,0x0000,0x0000,0x0000,0x0000,0x0000,0x0000,0xa6fa,0xa6fa,0xa6fa,0xa6fa,0xa6fa,0x0000,0x0000,0x0000,0x0000,0x0000,0x0000,0x0000,0x0000,0x0000,
0x0000,0x0000,0x0000,0x0000,0x0000,0x0000,0x0000,0x0000,0x0000,0xa6fa,0xa6fa,0xa6fa,0xa6fa,0xa6fa,0x0000,0x0000,0x0000,0x0000,0x0000,0x0000,0x0000,0x19e8,0x19e8,0xa6fa,0xa6fa,0xa6fa,0xa6fa,0xa6fa,0xa6fa,0xa6fa,0xa6fa,0xa6fa,
0xa6fa,0xa6fa,0xa6fa,0xa6fa,0xa6fa,0xa6fa,0xa6fa,0xa6fa,0xa6fa,0x19e8,0x19e8,0x0000,0x0000,0x0000,0x0000,0x0000,0x0000,0x0000,0xa6fa,0xa6fa,0xa6fa,0xa6fa,0xa6fa,0x0000,0x0000,0x0000,0x0000,0x0000,0x0000,0x0000,0x0000,0x0000,
0x0000,0x0000,0x0000,0x0000,0x0000,0x0000,0x0000,0x0000,0x0000,0xa6fa,0xa6fa,0xa6fa,0xa6fa,0xa6fa,0x0000,0x0000,0x0000,0x0000,0x0000,0x0000,0x0000,0x19e8,0x19e8,0xa6fa,0xa6fa,0xa6fa,0xa6fa,0xa6fa,0xa6fa,0xa6fa,0xa6fa,0xa6fa,
0xa6fa,0xa6fa,0xa6fa,0xa6fa,0xa6fa,0xa6fa,0xa6fa,0xa6fa,0xa6fa,0x19e8,0x19e8,0x0000,0x0000,0x0000,0x0000,0x0000,0x0000,0x0000,0xa6fa,0xa6fa,0xa6fa,0xa6fa,0xa6fa,0x0000,0x0000,0x0000,0x0000,0x0000,0x0000,0x0000,0x0000,0x0000,
0x0000,0x0000,0x0000,0x0000,0x0000,0x0000,0x0000,0x0000,0x0000,0xa6fa,0xa6fa,0xa6fa,0xa6fa,0xa6fa,0x0000,0x0000,0x0000,0x0000,0x0000,0x0000,0x0000,0x19e8,0x19e8,0xa6fa,0xa6fa,0xa6fa,0xa6fa,0xa6fa,0xa6fa,0xa6fa,0xa6fa,0xa6fa,
0xa6fa,0xa6fa,0xa6fa,0xa6fa,0xa6fa,0xa6fa,0xa6fa,0xa6fa,0xa6fa,0x19e8,0x19e8,0x0000,0x0000,0x0000,0x0000,0x0000,0x0000,0x0000,0xa6fa,0xa6fa,0xa6fa,0xa6fa,0xa6fa,0x0000,0x0000,0x0000,0x0000,0x0000,0x0000,0x0000,0x0000,0x0000,
0x0000,0x0000,0x0000,0x0000,0x0000,0x0000,0x0000,0x0000,0x0000,0xa6fa,0xa6fa,0xa6fa,0xa6fa,0xa6fa,0x0000,0x0000,0x0000,0x0000,0x0000,0x0000,0x0000,0x19e8,0x19e8,0xa6fa,0xa6fa,0xa6fa,0xa6fa,0xa6fa,0xa6fa,0xa6fa,0xa6fa,0xa6fa,
0xa6fa,0xa6fa,0xa6fa,0xa6fa,0xa6fa,0xa6fa,0xa6fa,0xa6fa,0xa6fa,0x19e8,0x19e8,0x0000,0x0000,0x0000,0x0000,0x0000,0x0000,0x0000,0xa6fa,0xa6fa,0xa6fa,0xa6fa,0xa6fa,0x0000,0x0000,0x0000,0x0000,0x0000,0x0000,0x0000,0x0000,0x0000,
0x0000,0x0000,0x0000,0x0000,0x0000,0x0000,0x0000,0x0000,0x0000,0xa6fa,0xa6fa,0xa6fa,0xa6fa,0xa6fa,0x0000,0x0000,0x0000,0x0000,0x0000,0x0000,0x0000,0x19e8,0x19e8,0xa6fa,0xa6fa,0xa6fa,0xa6fa,0xa6fa,0xa6fa,0xa6fa,0xa6fa,0xa6fa,
0xa6fa,0xa6fa,0xa6fa,0xa6fa,0xa6fa,0xa6fa,0xa6fa,0xa6fa,0xa6fa,0x19e8,0x19e8,0x0000,0x0000,0x0000,0x0000,0x0000,0x0000,0x0000,0xa6fa,0xa6fa,0xa6fa,0xa6fa,0xa6fa,0x0000,0x0000,0x0000,0x0000,0x0000,0x0000,0x0000,0x0000,0x0000,
0x0000,0x0000,0x0000,0x0000,0x0000,0x0000,0x0000,0x0000,0x0000,0xa6fa,0xa6fa,0xa6fa,0xa6fa,0xa6fa,0x0000,0x0000,0x0000,0x0000,0x0000,0x0000,0x0000,0x19e8,0x19e8,0x19e8,0x19e8,0x19e8,0x19e8,0x19e8,0x19e8,0x19e8,0x19e8,0x19e8,
0x19e8,0x19e8,0x19e8,0x19e8,0x19e8,0x19e8,0x19e8,0x19e8,0x19e8,0x19e8,0x19e8,0x0000,0x0000,0x0000,0x0000,0x0000,0x0000,0x0000,0xa6fa,0xa6fa,0xa6fa,0xa6fa,0xa6fa,0x0000,0x0000,0x0000,0x0000,0x0000,0x0000,0x0000,0x0000,0x0000,
0x0000,0x0000,0x0000,0x0000,0x0000,0x0000,0x0000,0x0000,0x0000,0xa6fa,0xa6fa,0xa6fa,0xa6fa,0xa6fa,0x0000,0x0000,0x0000,0x0000,0x0000,0x0000,0x0000,0x19e8,0x19e8,0x19e8,0x19e8,0x19e8,0x19e8,0x19e8,0x19e8,0x19e8,0x19e8,0x19e8,
0x19e8,0x19e8,0x19e8,0x19e8,0x19e8,0x19e8,0x19e8,0x19e8,0x19e8,0x19e8,0x19e8,0x0000,0x0000,0x0000,0x0000,0x0000,0x0000,0x0000,0xa6fa,0xa6fa,0xa6fa,0xa6fa,0xa6fa,0x0000,0x0000,0x0000,0x0000,0x0000,0x0000,0x0000,0x0000,0x0000,
0x0000,0x0000,0x0000,0x0000,0x0000,0x0000,0x0000,0x0000,0x0000,0x0000,0x0000,0x0000,0x0000,0x0000,0x0000,0x0000,0x0000,0x0000,0x0000,0x0000,0x0000,0x0000,0x0000,0x0000,0x0000,0x0000,0x0000,0x0000,0x0000,0x0000,0x0000,0x0000,
0x0000,0x0000,0x0000,0x0000,0x0000,0x0000,0x0000,0x0000,0x0000,0x0000,0x0000,0x0000,0x0000,0x0000,0x0000,0x0000,0x0000,0x0000,0x0000,0x0000,0x0000,0x0000,0x0000,0x0000,0x0000,0x0000,0x0000,0x0000,0x0000,0x0000,0x0000,0x0000,
0x0000,0x0000,0x0000,0x0000,0x0000,0x0000,0x0000,0x0000,0x0000,0x0000,0x0000,0x0000,0x0000,0x0000,0x0000,0x0000,0x0000,0x0000,0x0000,0x0000,0x0000,0x0000,0x0000,0x0000,0x0000,0x0000,0xa6fa,0xa6fa,0xa6fa,0xa6fa,0x0000,0x0000,
0x0000,0x0000,0xa6fa,0xa6fa,0xa6fa,0xa6fa,0x0000,0x0000,0x0000,0x0000,0x0000,0x0000,0x0000,0x0000,0x0000,0x0000,0x0000,0x0000,0x0000,0x0000,0x0000,0x0000,0x0000,0x0000,0x0000,0x0000,0x0000,0x0000,0x0000,0x0000,0x0000,0x0000,
0x0000,0x0000,0x0000,0x0000,0x0000,0x0000,0x0000,0x0000,0x0000,0x0000,0x0000,0x0000,0x0000,0x0000,0x0000,0x0000,0x0000,0x0000,0x0000,0x0000,0x0000,0x0000,0x0000,0x0000,0x0000,0x0000,0xa6fa,0xa6fa,0xa6fa,0xa6fa,0x0000,0x0000,
0x0000,0x0000,0xa6fa,0xa6fa,0xa6fa,0xa6fa,0x0000,0x0000,0x0000,0x0000,0x0000,0x0000,0x0000,0x0000,0x0000,0x0000,0x0000,0x0000,0x0000,0x0000,0x0000,0x0000,0x0000,0x0000,0x0000,0x0000,0x0000,0x0000,0x0000,0x0000,0x0000,0x0000,
0x0000,0x0000,0x0000,0x0000,0x0000,0x0000,0x0000,0x0000,0x0000,0x0000,0x0000,0x0000,0x0000,0x0000,0x0000,0x0000,0x0000,0x0000,0x0000,0x0000,0x0000,0x0000,0x0000,0x0000,0x0000,0x0000,0xa6fa,0xa6fa,0xa6fa,0xa6fa,0x0000,0x0000,
0x0000,0x0000,0xa6fa,0xa6fa,0xa6fa,0xa6fa,0x0000,0x0000,0x0000,0x0000,0x0000,0x0000,0x0000,0x0000,0x0000,0x0000,0x0000,0x0000,0x0000,0x0000,0x0000,0x0000,0x0000,0x0000,0x0000,0x0000,0x0000,0x0000,0x0000,0x0000,0x0000,0x0000,
0x0000,0x0000,0x0000,0x0000,0x0000,0x0000,0x0000,0x0000,0x0000,0x0000,0x0000,0x0000,0x0000,0x0000,0x0000,0x0000,0x0000,0x0000,0x0000,0x0000,0x0000,0x0000,0x0000,0x0000,0x0000,0x0000,0xa6fa,0xa6fa,0xa6fa,0xa6fa,0x0000,0x0000,
0x0000,0x0000,0xa6fa,0xa6fa,0xa6fa,0xa6fa,0x0000,0x0000,0x0000,0x0000,0x0000,0x0000,0x0000,0x0000,0x0000,0x0000,0x0000,0x0000,0x0000,0x0000,0x0000,0x0000,0x0000,0x0000,0x0000,0x0000,0x0000,0x0000,0x0000,0x0000,0x0000,0x0000,
0x0000,0x0000,0x0000,0x0000,0x0000,0x0000,0x0000,0x0000,0x0000,0x0000,0x0000,0x0000,0x0000,0x0000,0x0000,0x0000,0x0000,0x0000,0x0000,0x0000,0x0000,0x0000,0x0000,0x0000,0x0000,0x0000,0x0000,0x0000,0x0000,0x0000,0x0000,0x0000,
0x0000,0x0000,0x0000,0x0000,0x0000,0x0000,0x0000,0x0000,0x0000,0x0000,0x0000,0x0000,0x0000,0x0000,0x0000,0x0000,0x0000,0x0000,0x0000,0x0000,0x0000,0x0000,0x0000,0x0000,0x0000,0x0000,0x0000,0x0000,0x0000,0x0000,0x0000,0x0000,
0x0000,0x0000,0x0000,0x0000,0x0000,0x0000,0x0000,0x0000,0x0000,0x0000,0x0000,0x0000,0x0000,0x0000,0x0000,0x0000,0x0000,0x0000,0x0000,0x0000,0x0000,0x0000,0x0000,0x0000,0x0000,0x0000,0x0000,0x0000,0x0000,0x0000,0x0000,0x0000,
0x0000,0x0000,0x0000,0x0000,0x0000,0x0000,0x0000,0x0000,0x0000,0x0000,0x0000,0x0000,0x0000,0x0000,0x0000,0x0000,0x0000,0x0000,0x0000,0x0000,0x0000,0x0000,0x0000,0x0000,0x0000,0x0000,0x0000,0x0000,0x0000,0x0000,0x0000,0x0000,
0x0000,0x0000,0x0000,0x0000,0x0000,0x0000,0x0000,0x0000,0x0000,0x0000,0x0000,0x0000,0x0000,0x0000,0x0000,0x0000,0x0000,0x0000,0x0000,0x0000,0x0000,0x0000,0x0000,0x0000,0x0000,0x0000,0x0000,0x0000,0x0000,0x0000,0x0000,0x0000,
0x0000,0x0000,0x0000,0x0000,0x0000,0x0000,0x0000,0x0000,0x0000,0x0000,0x0000,0x0000,0x0000,0x0000,0x0000,0x0000,0x0000,0x0000,0x0000,0x0000,0x0000,0x0000,0x0000,0x0000,0x0000,0x0000,0x0000,0x0000,0x0000,0x0000,0x0000,0x0000,
0x0000,0x0000,0x0000,0x0000,0x0000,0x0000,0x0000,0x0000,0x0000,0x0000,0x0000,0x0000,0x0000,0x0000,0x0000,0x0000,0x0000,0x0000,0x0000,0x0000,0x0000,0x0000,0x0000,0x0000,0x0000,0x0000,0x0000,0x0000,0x0000,0x0000,0x0000,0x0000,
0x0000,0x0000,0x0000,0x0000,0x0000,0x0000,0x0000,0x0000,0x0000,0x0000,0x0000,0x0000,0x0000,0x0000,0x0000,0x0000,0x0000,0x0000,0x0000,0x0000,0x0000,0x0000,0x0000,0x0000,0x0000,0x0000,0x0000,0x0000,0x0000,0x0000,0x0000,0x0000,
0x0000,0x0000,0x0000,0x0000,0x0000,0x0000,0x0000,0x0000,0x0000,0x0000,0x0000,0x0000,0x0000,0x0000,0x0000,0x0000,0x0000,0x0000,0x0000,0x0000,0x0000,0x0000,0x0000,0x0000,0x0000,0x0000,0x0000,0x0000,0x0000,0x0000,0x0000,0x0000,
0x0000,0x0000,0x0000,0x0000,0x0000,0x0000,0x0000,0x0000,0x0000,0x0000,0x0000,0x0000,0x0000,0x0000,0x0000,0x0000,0x0000,0x0000,0x0000,0x0000,0x0000,0x0000,0x0000,0x0000,0x0000,0x0000,0x0000,0x0000,0x0000,0x0000,0x0000,0x0000,
};
static const uint16_t frame_3[4096] = {
0x0000,0x0000,0x0000,0x0000,0x0000,0x0000,0x0000,0x0000,0x0000,0x0000,0x0000,0x0000,0x0000,0x0000,0x0000,0x0000,0x0000,0x0000,0x0000,0x0000,0x0000,0x0000,0x0000,0x0000,0x0000,0x0000,0x0000,0x0000,0x0000,0x0000,0x0000,0x0000,
0x0000,0x0000,0x0000,0x0000,0x0000,0x0000,0x0000,0x0000,0x0000,0x0000,0x0000,0x0000,0x0000,0x0000,0x0000,0x0000,0x0000,0x0000,0x0000,0x0000,0x0000,0x0000,0x0000,0x0000,0x0000,0x0000,0x0000,0x0000,0x0000,0x0000,0x0000,0x0000,
0x0000,0x0000,0x0000,0x0000,0x0000,0x0000,0x0000,0x0000,0x0000,0x0000,0x0000,0x0000,0x0000,0x0000,0x0000,0x0000,0x0000,0x0000,0x0000,0x0000,0x0000,0x0000,0x0000,0x0000,0x0000,0x0000,0x0000,0x0000,0x0000,0x0000,0x0000,0x0000,
0x0000,0x0000,0x0000,0x0000,0x0000,0x0000,0x0000,0x0000,0x0000,0x0000,0x0000,0x0000,0x0000,0x0000,0x0000,0x0000,0x0000,0x0000,0x0000,0x0000,0x0000,0x0000,0x0000,0x0000,0x0000,0x0000,0x0000,0x0000,0x0000,0x0000,0x0000,0x0000,
0x0000,0x0000,0x0000,0x0000,0x0000,0x0000,0x0000,0x0000,0x0000,0x0000,0x0000,0x0000,0x0000,0x0000,0x0000,0x0000,0x0000,0x0000,0x0000,0x0000,0x0000,0x0000,0x0000,0x0000,0x0000,0x0000,0x0000,0x0000,0x0000,0x0000,0x0000,0x0000,
0x0000,0x0000,0x0000,0x0000,0x0000,0x0000,0x0000,0x0000,0x0000,0x0000,0x0000,0x0000,0x0000,0x0000,0x0000,0x0000,0x0000,0x0000,0x0000,0x0000,0x0000,0x0000,0x0000,0x0000,0x0000,0x0000,0x0000,0x0000,0x0000,0x0000,0x0000,0x0000,
0x0000,0x0000,0x0000,0x0000,0x0000,0x0000,0x0000,0x0000,0x0000,0x0000,0x0000,0x0000,0x0000,0x0000,0x0000,0x0000,0x0000,0x0000,0x0000,0x0000,0x0000,0x0000,0x0000,0x0000,0x0000,0x0000,0x0000,0x0000,0x0000,0x0000,0x0000,0x0000,
0x0000,0x0000,0x0000,0x0000,0x0000,0x0000,0x0000,0x0000,0x0000,0x0000,0x0000,0x0000,0x0000,0x0000,0x0000,0x0000,0x0000,0x0000,0x0000,0x0000,0x0000,0x0000,0x0000,0x0000,0x0000,0x0000,0x0000,0x0000,0x0000,0x0000,0x0000,0x0000,
0x0000,0x0000,0x0000,0x0000,0x0000,0x0000,0x0000,0x0000,0x0000,0x0000,0x0000,0x0000,0x0000,0x0000,0x0000,0x0000,0x0000,0x0000,0x0000,0x0000,0x0000,0x0000,0x0000,0x0000,0x0000,0x0000,0x0000,0x0000,0x0000,0x0000,0x0000,0x0000,
0x0000,0x0000,0x0000,0x0000,0x0000,0x0000,0x0000,0x0000,0x0000,0x0000,0x0000,0x0000,0x0000,0x0000,0x0000,0x0000,0x0000,0x0000,0x0000,0x0000,0x0000,0x0000,0x0000,0x0000,0x0000,0x0000,0x0000,0x0000,0x0000,0x0000,0x0000,0x0000,
0x0000,0x0000,0x0000,0x0000,0x0000,0x0000,0x0000,0x0000,0x0000,0x0000,0x0000,0x0000,0x0000,0x0000,0x0000,0x0000,0x0000,0x0000,0x0000,0x0000,0x0000,0x0000,0x0000,0x0000,0x0000,0x0000,0x0000,0x0000,0x0000,0x0000,0x0000,0x0000,
0x0000,0x0000,0x0000,0x0000,0x0000,0x0000,0x0000,0x0000,0x0000,0x0000,0x0000,0x0000,0x0000,0x0000,0x0000,0x0000,0x0000,0x0000,0x0000,0x0000,0x0000,0x0000,0x0000,0x0000,0x0000,0x0000,0x0000,0x0000,0x0000,0x0000,0x0000,0x0000,
0x0000,0x0000,0x0000,0x0000,0x0000,0x0000,0x0000,0x0000,0x0000,0x0000,0x0000,0x0000,0x0000,0x0000,0x0000,0x0000,0x0000,0x0000,0x0000,0x0000,0x0000,0x0000,0x0000,0x0000,0x0000,0x0000,0x0000,0x0000,0x0000,0x0000,0x0000,0x0000,
0x0000,0x0000,0x0000,0x0000,0x0000,0x0000,0x0000,0x0000,0x0000,0x0000,0x0000,0x0000,0x0000,0x0000,0x0000,0x0000,0x0000,0x0000,0x0000,0x0000,0x0000,0x0000,0x0000,0x0000,0x0000,0x0000,0x0000,0x0000,0x0000,0x0000,0x0000,0x0000,
0x0000,0x0000,0x0000,0x0000,0x0000,0x0000,0x0000,0x0000,0x0000,0x0000,0x0000,0x0000,0x0000,0x0000,0x0000,0x0000,0x0000,0x0000,0x0000,0x0000,0x0000,0x0000,0x0000,0x0000,0x0000,0x0000,0x0000,0xfeb2,0xfeb2,0xfeb2,0xfeb2,0xfeb2,
0xfeb2,0xfeb2,0xfeb2,0xfeb2,0xfeb2,0x0000,0x0000,0x0000,0x0000,0x0000,0x0000,0x0000,0x0000,0x0000,0x0000,0x0000,0x0000,0x0000,0x0000,0x0000,0x0000,0x0000,0x0000,0x0000,0x0000,0x0000,0x0000,0x0000,0x0000,0x0000,0x0000,0x0000,
0x0000,0x0000,0x0000,0x0000,0x0000,0x0000,0x0000,0x0000,0x0000,0x0000,0x0000,0x0000,0x0000,0x0000,0x0000,0x0000,0x0000,0x0000,0x0000,0x0000,0x0000,0x0000,0x0000,0x0000,0x0000,0x0000,0x0000,0xfeb2,0xfeb2,0xfeb2,0xfeb2,0xfeb2,
0xfeb2,0xfeb2,0xfeb2,0xfeb2,0xfeb2,0x0000,0x0000,0x0000,0x0000,0x0000,0x0000,0x0000,0x0000,0x0000,0x0000,0x0000,0x0000,0x0000,0x0000,0x0000,0x0000,0x0000,0x0000,0x0000,0x0000,0x0000,0x0000,0x0000,0x0000,0x0000,0x0000,0x0000,
0x0000,0x0000,0x0000,0x0000,0x0000,0x0000,0x0000,0x0000,0x0000,0x0000,0x0000,0x0000,0x0000,0x0000,0x0000,0x0000,0x0000,0x0000,0x0000,0x0000,0x0000,0x0000,0x0000,0x0000,0x0000,0x0000,0x0000,0xfeb2,0xfeb2,0xfeb2,0xfeb2,0xfeb2,
0xfeb2,0xfeb2,0xfeb2,0xfeb2,0xfeb2,0x0000,0x0000,0x0000,0x0000,0x0000,0x0000,0x0000,0x0000,0x0000,0x0000,0x0000,0x0000,0x0000,0x0000,0x0000,0x0000,0x0000,0x0000,0x0000,0x0000,0x0000,0x0000,0x0000,0x0000,0x0000,0x0000,0x0000,
0x0000,0x0000,0x0000,0x0000,0x0000,0x0000,0x0000,0x0000,0x0000,0x0000,0x0000,0x0000,0x0000,0x0000,0x0000,0x0000,0x0000,0x0000,0x0000,0x0000,0x0000,0x0000,0x0000,0x0000,0x0000,0x0000,0x0000,0xfeb2,0xfeb2,0xfeb2,0xa6fa,0xa6fa,
0xa6fa,0xa6fa,0xfeb2,0xfeb2,0xfeb2,0x0000,0x0000,0x0000,0x0000,0x0000,0x0000,0x0000,0x0000,0x0000,0x0000,0x0000,0x0000,0x0000,0x0000,0x0000,0x0000,0x0000,0x0000,0x0000,0x0000,0x0000,0x0000,0x0000,0x0000,0x0000,0x0000,0x0000,
0x0000,0x0000,0x0000,0x0000,0x0000,0x0000,0x0000,0x0000,0x0000,0x0000,0x0000,0x0000,0x0000,0x0000,0x0000,0x0000,0x0000,0x0000,0x0000,0x0000,0x0000,0x0000,0x0000,0x0000,0x0000,0x0000,0x0000,0x0000,0x0000,0x0000,0xa6fa,0xa6fa,
0xa6fa,0xa6fa,0x0000,0x0000,0x0000,0x0000,0x0000,0x0000,0x0000,0x0000,0x0000,0x0000,0x0000,0x0000,0x0000,0x0000,0x0000,0x0000,0x0000,0x0000,0x0000,0x0000,0x0000,0x0000,0x0000,0x0000,0x0000,0x0000,0x0000,0x0000,0x0000,0x0000,
0x0000,0x0000,0x0000,0x0000,0x0000,0x0000,0x0000,0x0000,0x0000,0x0000,0x0000,0x0000,0x0000,0x0000,0x0000,0x0000,0x0000,0x0000,0x0000,0x0000,0x0000,0x0000,0x0000,0x0000,0x0000,0x0000,0x0000,0x0000,0x0000,0x0000,0xa6fa,0xa6fa,
0xa6fa,0xa6fa,0x0000,0x0000,0x0000,0x0000,0x0000,0x0000,0x0000,0x0000,0x0000,0x0000,0x0000,0x0000,0x0000,0x0000,0x0000,0x0000,0x0000,0x0000,0x0000,0x0000,0x0000,0x0000,0x0000,0x0000,0x0000,0x0000,0x0000,0x0000,0x0000,0x0000,
0x0000,0x0000,0x0000,0x0000,0x0000,0x0000,0x0000,0x0000,0x0000,0x0000,0x0000,0x0000,0x0000,0x0000,0x0000,0x0000,0x0000,0x0000,0x0000,0x0000,0x0000,0x0000,0x0000,0x0000,0x0000,0x0000,0x0000,0x0000,0x0000,0x0000,0xa6fa,0xa6fa,
0xa6fa,0xa6fa,0x0000,0x0000,0x0000,0x0000,0x0000,0x0000,0x0000,0x0000,0x0000,0x0000,0x0000,0x0000,0x0000,0x0000,0x0000,0x0000,0x0000,0x0000,0x0000,0x0000,0x0000,0x0000,0x0000,0x0000,0x0000,0x0000,0x0000,0x0000,0x0000,0x0000,
0x0000,0x0000,0x0000,0x0000,0x0000,0x0000,0x0000,0x0000,0x0000,0x0000,0x0000,0x0000,0x0000,0x0000,0x0000,0x19e8,0x19e8,0x19e8,0x19e8,0x19e8,0x19e8,0x19e8,0x19e8,0x19e8,0x19e8,0x19e8,0x19e8,0x19e8,0x19e8,0x19e8,0x19e8,0x19e8,
0x19e8,0x19e8,0x19e8,0x19e8,0x19e8,0x19e8,0x19e8,0x19e8,0x19e8,0x19e8,0x19e8,0x19e8,0x19e8,0x19e8,0x19e8,0x19e8,0x19e8,0x0000,0x0000,0x0000,0x0000,0x0000,0x0000,0x0000,0x0000,0x0000,0x0000,0x0000,0x0000,0x0000,0x0000,0x0000,
0x0000,0x0000,0x0000,0x0000,0x0000,0x0000,0x0000,0x0000,0x0000,0x0000,0x0000,0x0000,0x0000,0x0000,0x0000,0x19e8,0x19e8,0x19e8,0x19e8,0x19e8,0x19e8,0x19e8,0x19e8,0x19e8,0x19e8,0x19e8,0x19e8,0x19e8,0x19e8,0x19e8,0x19e8,0x19e8,
0x19e8,0x19e8,0x19e8,0x19e8,0x19e8,0x19e8,0x19e8,0x19e8,0x19e8,0x19e8,0x19e8,0x19e8,0x19e8,0x19e8,0x19e8,0x19e8,0x19e8,0x0000,0x0000,0x0000,0x0000,0x0000,0x0000,0x0000,0x0000,0x0000,0x0000,0x0000,0x0000,0x0000,0x0000,0x0000,
0x0000,0x0000,0x0000,0x0000,0x0000,0x0000,0x0000,0x0000,0x0000,0x0000,0x0000,0x0000,0x0000,0x0000,0x0000,0x19e8,0x19e8,0xa6fa,0xa6fa,0xa6fa,0xa6fa,0xa6fa,0xa6fa,0xa6fa,0xa6fa,0xa6fa,0xa6fa,0xa6fa,0xa6fa,0xa6fa,0xa6fa,0xa6fa,
0xa6fa,0xa6fa,0xa6fa,0xa6fa,0xa6fa,0xa6fa,0xa6fa,0xa6fa,0xa6fa,0xa6fa,0xa6fa,0xa6fa,0xa6fa,0xa6fa,0xa6fa,0x19e8,0x19e8,0x0000,0x0000,0x0000,0x0000,0x0000,0x0000,0x0000,0x0000,0x0000,0x0000,0x0000,0x0000,0x0000,0x0000,0x0000,
0x0000,0x0000,0x0000,0x0000,0x0000,0x0000,0x0000,0x0000,0x0000,0x0000,0x0000,0x0000,0x0000,0x0000,0x0000,0x19e8,0x19e8,0xa6fa,0xa6fa,0xa6fa,0xa6fa,0xa6fa,0xa6fa,0xa6fa,0xa6fa,0xa6fa,0xa6fa,0xa6fa,0xa6fa,0xa6fa,0xa6fa,0xa6fa,
0xa6fa,0xa6fa,0xa6fa,0xa6fa,0xa6fa,0xa6fa,0xa6fa,0xa6fa,0xa6fa,0xa6fa,0xa6fa,0xa6fa,0xa6fa,0xa6fa,0xa6fa,0x19e8,0x19e8,0x0000,0x0000,0x0000,0x0000,0x0000,0x0000,0x0000,0x0000,0x0000,0x0000,0x0000,0x0000,0x0000,0x0000,0x0000,
0x0000,0x0000,0x0000,0x0000,0x0000,0x0000,0x0000,0x0000,0x0000,0x0000,0x0000,0x0000,0x0000,0x0000,0x0000,0x19e8,0x19e8,0xa6fa,0xa6fa,0xa6fa,0xa6fa,0xa6fa,0xa6fa,0xa6fa,0xa6fa,0xa6fa,0xa6fa,0xa6fa,0xa6fa,0xa6fa,0xa6fa,0xa6fa,
0xa6fa,0xa6fa,0xa6fa,0xa6fa,0xa6fa,0xa6fa,0xa6fa,0xa6fa,0xa6fa,0xa6fa,0xa6fa,0xa6fa,0xa6fa,0xa6fa,0xa6fa,0x19e8,0x19e8,0x0000,0x0000,0x0000,0x0000,0x0000,0x0000,0x0000,0x0000,0x0000,0x0000,0x0000,0x0000,0x0000,0x0000,0x0000,
0x0000,0x0000,0x0000,0x0000,0x0000,0x0000,0x0000,0x0000,0x0000,0x0000,0x0000,0x0000,0x0000,0x0000,0x0000,0x19e8,0x19e8,0xa6fa,0xa6fa,0xa6fa,0xa6fa,0xa6fa,0xa6fa,0xa6fa,0xa6fa,0xa6fa,0xa6fa,0xa6fa,0xa6fa,0xa6fa,0xa6fa,0xa6fa,
0xa6fa,0xa6fa,0xa6fa,0xa6fa,0xa6fa,0xa6fa,0xa6fa,0xa6fa,0xa6fa,0xa6fa,0xa6fa,0xa6fa,0xa6fa,0xa6fa,0xa6fa,0x19e8,0x19e8,0x0000,0x0000,0x0000,0x0000,0x0000,0x0000,0x0000,0x0000,0x0000,0x0000,0x0000,0x0000,0x0000,0x0000,0x0000,
0x0000,0x0000,0x0000,0x0000,0x0000,0x0000,0x0000,0x0000,0x0000,0x0000,0x0000,0x0000,0x0000,0x0000,0x0000,0x19e8,0x19e8,0xa6fa,0xa6fa,0xa6fa,0xa6fa,0x19e8,0x19e8,0x19e8,0x19e8,0x19e8,0x19e8,0x19e8,0x19e8,0x19e8,0x19e8,0x19e8,
0x19e8,0x19e8,0x19e8,0x19e8,0x19e8,0x19e8,0x19e8,0x19e8,0x19e8,0x19e8,0x19e8,0xa6fa,0xa6fa,0xa6fa,0xa6fa,0x19e8,0x19e8,0x0000,0x0000,0x0000,0x0000,0x0000,0x0000,0x0000,0x0000,0x0000,0x0000,0x0000,0x0000,0x0000,0x0000,0x0000,
0x0000,0x0000,0x0000,0x0000,0x0000,0x0000,0x0000,0x0000,0x0000,0x0000,0x0000,0x0000,0x0000,0x0000,0x0000,0x19e8,0x19e8,0xa6fa,0xa6fa,0xa6fa,0xa6fa,0x19e8,0x19e8,0x19e8,0x19e8,0x19e8,0x19e8,0x19e8,0x19e8,0x19e8,0x19e8,0x19e8,
0x19e8,0x19e8,0x19e8,0x19e8,0x19e8,0x19e8,0x19e8,0x19e8,0x19e8,0x19e8,0x19e8,0xa6fa,0xa6fa,0xa6fa,0xa6fa,0x19e8,0x19e8,0x0000,0x0000,0x0000,0x0000,0x0000,0x0000,0x0000,0x0000,0x0000,0x0000,0x0000,0x0000,0x0000,0x0000,0x0000,
0x0000,0x0000,0x0000,0x0000,0x0000,0x0000,0x0000,0x0000,0x0000,0x0000,0x0000,0x0000,0x0000,0x0000,0x0000,0x19e8,0x19e8,0xa6fa,0xa6fa,0xa6fa,0xa6fa,0x19e8,0x19e8,0x19e8,0x19e8,0x19e8,0x19e8,0x19e8,0x19e8,0x19e8,0x19e8,0x19e8,
0x19e8,0x19e8,0x19e8,0x19e8,0x19e8,0x19e8,0x19e8,0x19e8,0x19e8,0x19e8,0x19e8,0xa6fa,0xa6fa,0xa6fa,0xa6fa,0x19e8,0x19e8,0x0000,0x0000,0x0000,0x0000,0x0000,0x0000,0x0000,0x0000,0x0000,0x0000,0x0000,0x0000,0x0000,0x0000,0x0000,
0x0000,0x0000,0x0000,0x0000,0x0000,0x0000,0x0000,0x0000,0x0000,0x0000,0x0000,0x0000,0x0000,0x0000,0x0000,0x19e8,0x19e8,0xa6fa,0xa6fa,0xa6fa,0xa6fa,0x19e8,0x19e8,0x19e8,0xefdb,0xefdb,0xefdb,0xefdb,0x19e8,0x19e8,0x19e8,0x19e8,
0x19e8,0x19e8,0x19e8,0xefdb,0xefdb,0xefdb,0xefdb,0x19e8,0x19e8,0x19e8,0x19e8,0xa6fa,0xa6fa,0xa6fa,0xa6fa,0x19e8,0x19e8,0x0000,0x0000,0x0000,0x0000,0x0000,0x0000,0x0000,0x0000,0x0000,0x0000,0x0000,0x0000,0x0000,0x0000,0x0000,
0x0000,0x0000,0x0000,0x0000,0x0000,0x0000,0x0000,0x0000,0x0000,0x0000,0x0000,0x0000,0x0000,0x0000,0x0000,0x19e8,0x19e8,0xa6fa,0xa6fa,0xa6fa,0xa6fa,0x19e8,0x19e8,0x19e8,0xefdb,0xefdb,0xefdb,0xefdb,0x19e8,0x19e8,0x19e8,0x19e8,
0x19e8,0x19e8,0x19e8,0xefdb,0xefdb,0xefdb,0xefdb,0x19e8,0x19e8,0x19e8,0x19e8,0xa6fa,0xa6fa,0xa6fa,0xa6fa,0x19e8,0x19e8,0x0000,0x0000,0x0000,0x0000,0x0000,0x0000,0x0000,0x0000,0x0000,0x0000,0x0000,0x0000,0x0000,0x0000,0x0000,
0x0000,0x0000,0x0000,0x0000,0x0000,0x0000,0x0000,0x0000,0x0000,0x0000,0x0000,0x0000,0x0000,0x0000,0x0000,0x19e8,0x19e8,0xa6fa,0xa6fa,0xa6fa,0xa6fa,0x19e8,0x19e8,0x19e8,0xefdb,0xefdb,0xefdb,0xefdb,0x19e8,0x19e8,0x19e8,0x19e8,
0x19e8,0x19e8,0x19e8,0xefdb,0xefdb,0xefdb,0xefdb,0x19e8,0x19e8,0x19e8,0x19e8,0xa6fa,0xa6fa,0xa6fa,0xa6fa,0x19e8,0x19e8,0x0000,0x0000,0x0000,0x0000,0x0000,0x0000,0x0000,0x0000,0x0000,0x0000,0x0000,0x0000,0x0000,0x0000,0x0000,
0x0000,0x0000,0x0000,0x0000,0x0000,0x0000,0x0000,0x0000,0x0000,0x0000,0x0000,0x0000,0x0000,0x0000,0x0000,0x19e8,0x19e8,0xa6fa,0xa6fa,0xa6fa,0xa6fa,0x19e8,0x19e8,0x19e8,0xefdb,0xefdb,0xefdb,0xefdb,0x19e8,0x19e8,0x19e8,0x19e8,
0x19e8,0x19e8,0x19e8,0xefdb,0xefdb,0xefdb,0xefdb,0x19e8,0x19e8,0x19e8,0x19e8,0xa6fa,0xa6fa,0xa6fa,0xa6fa,0x19e8,0x19e8,0x0000,0x0000,0x0000,0x0000,0x0000,0x0000,0x0000,0x0000,0x0000,0x0000,0x0000,0x0000,0x0000,0x0000,0x0000,
0x0000,0x0000,0x0000,0x0000,0x0000,0x0000,0x0000,0x0000,0x0000,0x0000,0x0000,0x0000,0x0000,0x0000,0x0000,0x19e8,0x19e8,0xa6fa,0xa6fa,0xa6fa,0xa6fa,0x19e8,0x19e8,0x19e8,0xefdb,0xefdb,0xefdb,0xefdb,0x19e8,0x19e8,0x19e8,0x19e8,
0x19e8,0x19e8,0x19e8,0xefdb,0xefdb,0xefdb,0xefdb,0x19e8,0x19e8,0x19e8,0x19e8,0xa6fa,0xa6fa,0xa6fa,0xa6fa,0x19e8,0x19e8,0x0000,0x0000,0x0000,0x0000,0x0000,0x0000,0x0000,0x0000,0x0000,0x0000,0x0000,0x0000,0x0000,0x0000,0x0000,
0x0000,0x0000,0x0000,0x0000,0x0000,0x0000,0x0000,0x0000,0x0000,0x0000,0x0000,0x0000,0x0000,0x0000,0x0000,0x19e8,0x19e8,0xa6fa,0xa6fa,0xa6fa,0xa6fa,0x19e8,0x19e8,0x19e8,0xefdb,0xefdb,0xefdb,0xefdb,0x19e8,0x19e8,0x19e8,0x19e8,
0x19e8,0x19e8,0x19e8,0xefdb,0xefdb,0xefdb,0xefdb,0x19e8,0x19e8,0x19e8,0x19e8,0xa6fa,0xa6fa,0xa6fa,0xa6fa,0x19e8,0x19e8,0x0000,0x0000,0x0000,0x0000,0x0000,0x0000,0x0000,0x0000,0x0000,0x0000,0x0000,0x0000,0x0000,0x0000,0x0000,
0x0000,0x0000,0x0000,0x0000,0x0000,0x0000,0x0000,0x0000,0x0000,0x0000,0x0000,0x0000,0x0000,0x0000,0x0000,0x19e8,0x19e8,0xa6fa,0xa6fa,0xa6fa,0xa6fa,0x19e8,0x19e8,0x19e8,0xefdb,0xefdb,0xefdb,0xefdb,0x19e8,0x19e8,0x19e8,0x19e8,
0x19e8,0x19e8,0x19e8,0xefdb,0xefdb,0xefdb,0xefdb,0x19e8,0x19e8,0x19e8,0x19e8,0xa6fa,0xa6fa,0xa6fa,0xa6fa,0x19e8,0x19e8,0x0000,0x0000,0x0000,0x0000,0x0000,0x0000,0x0000,0x0000,0x0000,0x0000,0x0000,0x0000,0x0000,0x0000,0x0000,
0x0000,0x0000,0x0000,0x0000,0x0000,0x0000,0x0000,0x0000,0x0000,0x0000,0x0000,0x0000,0x0000,0x0000,0x0000,0x19e8,0x19e8,0xa6fa,0xa6fa,0xa6fa,0xa6fa,0x19e8,0x19e8,0x19e8,0x19e8,0x19e8,0x19e8,0x19e8,0x19e8,0x19e8,0x19e8,0x19e8,
0x19e8,0x19e8,0x19e8,0x19e8,0x19e8,0x19e8,0x19e8,0x19e8,0x19e8,0x19e8,0x19e8,0xa6fa,0xa6fa,0xa6fa,0xa6fa,0x19e8,0x19e8,0x0000,0x0000,0x0000,0x0000,0x0000,0x0000,0x0000,0x0000,0x0000,0x0000,0x0000,0x0000,0x0000,0x0000,0x0000,
0x0000,0x0000,0x0000,0x0000,0x0000,0x0000,0x0000,0x0000,0x0000,0x0000,0x0000,0x0000,0x0000,0x0000,0x0000,0x19e8,0x19e8,0xa6fa,0xa6fa,0xa6fa,0xa6fa,0x19e8,0x19e8,0x19e8,0x19e8,0x19e8,0x19e8,0x19e8,0x19e8,0x19e8,0x19e8,0x19e8,
0x19e8,0x19e8,0x19e8,0x19e8,0x19e8,0x19e8,0x19e8,0x19e8,0x19e8,0x19e8,0x19e8,0xa6fa,0xa6fa,0xa6fa,0xa6fa,0x19e8,0x19e8,0x0000,0x0000,0x0000,0x0000,0x0000,0x0000,0x0000,0x0000,0x0000,0x0000,0x0000,0x0000,0x0000,0x0000,0x0000,
0x0000,0x0000,0x0000,0x0000,0x0000,0x0000,0x0000,0x0000,0x0000,0x0000,0x0000,0x0000,0x0000,0x0000,0x0000,0x19e8,0x19e8,0xa6fa,0xa6fa,0xa6fa,0xa6fa,0x19e8,0x19e8,0x19e8,0x19e8,0x19e8,0x19e8,0x19e8,0x19e8,0x19e8,0x19e8,0x19e8,
0x19e8,0x19e8,0x19e8,0x19e8,0x19e8,0x19e8,0x19e8,0x19e8,0x19e8,0x19e8,0x19e8,0xa6fa,0xa6fa,0xa6fa,0xa6fa,0x19e8,0x19e8,0x0000,0x0000,0x0000,0x0000,0x0000,0x0000,0x0000,0x0000,0x0000,0x0000,0x0000,0x0000,0x0000,0x0000,0x0000,
0x0000,0x0000,0x0000,0x0000,0x0000,0x0000,0x0000,0x0000,0x0000,0x0000,0x0000,0x0000,0x0000,0x0000,0x0000,0x19e8,0x19e8,0xa6fa,0xa6fa,0xa6fa,0xa6fa,0x19e8,0x19e8,0x19e8,0x19e8,0x19e8,0x19e8,0x19e8,0x19e8,0x19e8,0x19e8,0x19e8,
0x19e8,0x19e8,0x19e8,0x19e8,0x19e8,0x19e8,0x19e8,0x19e8,0x19e8,0x19e8,0x19e8,0xa6fa,0xa6fa,0xa6fa,0xa6fa,0x19e8,0x19e8,0x0000,0x0000,0x0000,0x0000,0x0000,0x0000,0x0000,0x0000,0x0000,0x0000,0x0000,0x0000,0x0000,0x0000,0x0000,
0x0000,0x0000,0x0000,0x0000,0x0000,0x0000,0x0000,0x0000,0x0000,0x0000,0x0000,0x0000,0x0000,0x0000,0x0000,0x19e8,0x19e8,0xa6fa,0xa6fa,0xa6fa,0xa6fa,0xa6fa,0xa6fa,0xa6fa,0xa6fa,0xa6fa,0xa6fa,0xa6fa,0xa6fa,0xa6fa,0xa6fa,0xa6fa,
0xa6fa,0xa6fa,0xa6fa,0xa6fa,0xa6fa,0xa6fa,0xa6fa,0xa6fa,0xa6fa,0xa6fa,0xa6fa,0xa6fa,0xa6fa,0xa6fa,0xa6fa,0x19e8,0x19e8,0x0000,0x0000,0x0000,0x0000,0x0000,0x0000,0x0000,0x0000,0x0000,0x0000,0x0000,0x0000,0x0000,0x0000,0x0000,
0x0000,0x0000,0x0000,0x0000,0x0000,0x0000,0x0000,0x0000,0x0000,0x0000,0x0000,0x0000,0x0000,0x0000,0x0000,0x19e8,0x19e8,0xa6fa,0xa6fa,0xa6fa,0xa6fa,0xa6fa,0xa6fa,0xa6fa,0xa6fa,0xa6fa,0xa6fa,0x19e8,0x19e8,0x19e8,0x19e8,0x19e8,
0x19e8,0x19e8,0x19e8,0x19e8,0x19e8,0xa6fa,0xa6fa,0xa6fa,0xa6fa,0xa6fa,0xa6fa,0xa6fa,0xa6fa,0xa6fa,0xa6fa,0x19e8,0x19e8,0x0000,0x0000,0x0000,0x0000,0x0000,0x0000,0x0000,0x0000,0x0000,0x0000,0x0000,0x0000,0x0000,0x0000,0x0000,
0x0000,0x0000,0x0000,0x0000,0x0000,0x0000,0x0000,0x0000,0x0000,0x0000,0x0000,0x0000,0x0000,0x0000,0x0000,0x19e8,0x19e8,0xa6fa,0xa6fa,0xa6fa,0xa6fa,0xa6fa,0xa6fa,0xa6fa,0xa6fa,0xa6fa,0xa6fa,0x19e8,0x19e8,0x19e8,0x19e8,0x19e8,
0x19e8,0x19e8,0x19e8,0x19e8,0x19e8,0xa6fa,0xa6fa,0xa6fa,0xa6fa,0xa6fa,0xa6fa,0xa6fa,0xa6fa,0xa6fa,0xa6fa,0x19e8,0x19e8,0x0000,0x0000,0x0000,0x0000,0x0000,0x0000,0x0000,0x0000,0x0000,0x0000,0x0000,0x0000,0x0000,0x0000,0x0000,
0x0000,0x0000,0x0000,0x0000,0x0000,0x0000,0x0000,0x0000,0x0000,0x0000,0x0000,0x0000,0x0000,0x0000,0x0000,0x19e8,0x19e8,0xa6fa,0xa6fa,0xa6fa,0xa6fa,0xa6fa,0xa6fa,0xa6fa,0xa6fa,0xa6fa,0xa6fa,0xa6fa,0xa6fa,0xa6fa,0xa6fa,0xa6fa,
0xa6fa,0xa6fa,0xa6fa,0xa6fa,0xa6fa,0xa6fa,0xa6fa,0xa6fa,0xa6fa,0xa6fa,0xa6fa,0xa6fa,0xa6fa,0xa6fa,0xa6fa,0x19e8,0x19e8,0x0000,0x0000,0x0000,0x0000,0x0000,0x0000,0x0000,0x0000,0x0000,0x0000,0x0000,0x0000,0x0000,0x0000,0x0000,
0x0000,0x0000,0x0000,0x0000,0x0000,0x0000,0x0000,0x0000,0x0000,0x0000,0x0000,0x0000,0x0000,0x0000,0x0000,0x19e8,0x19e8,0xa6fa,0xa6fa,0xa6fa,0xa6fa,0xa6fa,0xa6fa,0xa6fa,0xa6fa,0xa6fa,0xa6fa,0xa6fa,0xa6fa,0xa6fa,0xa6fa,0xa6fa,
0xa6fa,0xa6fa,0xa6fa,0xa6fa,0xa6fa,0xa6fa,0xa6fa,0xa6fa,0xa6fa,0xa6fa,0xa6fa,0xa6fa,0xa6fa,0xa6fa,0xa6fa,0x19e8,0x19e8,0x0000,0x0000,0x0000,0x0000,0x0000,0x0000,0x0000,0x0000,0x0000,0x0000,0x0000,0x0000,0x0000,0x0000,0x0000,
0x0000,0x0000,0x0000,0x0000,0x0000,0x0000,0x0000,0x0000,0x0000,0x0000,0x0000,0x0000,0x0000,0x0000,0x0000,0x19e8,0x19e8,0x19e8,0x19e8,0x19e8,0x19e8,0x19e8,0x19e8,0x19e8,0x19e8,0x19e8,0x19e8,0x19e8,0x19e8,0x19e8,0x19e8,0x19e8,
0x19e8,0x19e8,0x19e8,0x19e8,0x19e8,0x19e8,0x19e8,0x19e8,0x19e8,0x19e8,0x19e8,0x19e8,0x19e8,0x19e8,0x19e8,0x19e8,0x19e8,0x0000,0x0000,0x0000,0x0000,0x0000,0x0000,0x0000,0x0000,0x0000,0x0000,0x0000,0x0000,0x0000,0x0000,0x0000,
0x0000,0x0000,0x0000,0x0000,0x0000,0x0000,0x0000,0x0000,0x0000,0x0000,0x0000,0x0000,0x0000,0x0000,0x0000,0x19e8,0x19e8,0x19e8,0x19e8,0x19e8,0x19e8,0x19e8,0x19e8,0x19e8,0x19e8,0x19e8,0x19e8,0x19e8,0x19e8,0x19e8,0x19e8,0x19e8,
0x19e8,0x19e8,0x19e8,0x19e8,0x19e8,0x19e8,0x19e8,0x19e8,0x19e8,0x19e8,0x19e8,0x19e8,0x19e8,0x19e8,0x19e8,0x19e8,0x19e8,0x0000,0x0000,0x0000,0x0000,0x0000,0x0000,0x0000,0x0000,0x0000,0x0000,0x0000,0x0000,0x0000,0x0000,0x0000,
0x0000,0x0000,0x0000,0x0000,0x0000,0x0000,0x0000,0x0000,0x0000,0x0000,0x0000,0x0000,0x0000,0x0000,0x0000,0x0000,0x0000,0x0000,0x0000,0x0000,0x0000,0x19e8,0x19e8,0x19e8,0x19e8,0x19e8,0x19e8,0x19e8,0x19e8,0x19e8,0x19e8,0x19e8,
0x19e8,0x19e8,0x19e8,0x19e8,0x19e8,0x19e8,0x19e8,0x19e8,0x19e8,0x19e8,0x19e8,0x0000,0x0000,0x0000,0x0000,0x0000,0x0000,0x0000,0x0000,0x0000,0x0000,0x0000,0x0000,0x0000,0x0000,0x0000,0x0000,0x0000,0x0000,0x0000,0x0000,0x0000,
0x0000,0x0000,0x0000,0x0000,0x0000,0x0000,0x0000,0x0000,0x0000,0x0000,0x0000,0x0000,0x0000,0x0000,0x0000,0x0000,0x0000,0x0000,0x0000,0x0000,0x0000,0x19e8,0x19e8,0x19e8,0x19e8,0x19e8,0x19e8,0x19e8,0x19e8,0x19e8,0x19e8,0x19e8,
0x19e8,0x19e8,0x19e8,0x19e8,0x19e8,0x19e8,0x19e8,0x19e8,0x19e8,0x19e8,0x19e8,0x0000,0x0000,0x0000,0x0000,0x0000,0x0000,0x0000,0x0000,0x0000,0x0000,0x0000,0x0000,0x0000,0x0000,0x0000,0x0000,0x0000,0x0000,0x0000,0x0000,0x0000,
0x0000,0x0000,0x0000,0x0000,0x0000,0x0000,0x0000,0x0000,0x0000,0x0000,0x0000,0x0000,0x0000,0x0000,0x0000,0x0000,0x0000,0x0000,0x0000,0x0000,0x0000,0x19e8,0x19e8,0xa6fa,0xa6fa,0xa6fa,0xa6fa,0xa6fa,0xa6fa,0xa6fa,0xa6fa,0xa6fa,
0xa6fa,0xa6fa,0xa6fa,0xa6fa,0xa6fa,0xa6fa,0xa6fa,0xa6fa,0xa6fa,0x19e8,0x19e8,0x0000,0x0000,0x0000,0x0000,0x0000,0x0000,0x0000,0x0000,0x0000,0x0000,0x0000,0x0000,0x0000,0x0000,0x0000,0x0000,0x0000,0x0000,0x0000,0x0000,0x0000,
0x0000,0x0000,0x0000,0x0000,0x0000,0x0000,0x0000,0x0000,0x0000,0xa6fa,0xa6fa,0xa6fa,0xa6fa,0xa6fa,0x0000,0x0000,0x0000,0x0000,0x0000,0x0000,0x0000,0x19e8,0x19e8,0xa6fa,0xa6fa,0xa6fa,0xa6fa,0xa6fa,0xa6fa,0xa6fa,0xa6fa,0xa6fa,
0xa6fa,0xa6fa,0xa6fa,0xa6fa,0xa6fa,0xa6fa,0xa6fa,0xa6fa,0xa6fa,0x19e8,0x19e8,0x0000,0x0000,0x0000,0x0000,0x0000,0x0000,0x0000,0xa6fa,0xa6fa,0xa6fa,0xa6fa,0xa6fa,0x0000,0x0000,0x0000,0x0000,0x0000,0x0000,0x0000,0x0000,0x0000,
0x0000,0x0000,0x0000,0x0000,0x0000,0x0000,0x0000,0x0000,0x0000,0xa6fa,0xa6fa,0xa6fa,0xa6fa,0xa6fa,0x0000,0x0000,0x0000,0x0000,0x0000,0x0000,0x0000,0x19e8,0x19e8,0xa6fa,0xa6fa,0xa6fa,0xa6fa,0xa6fa,0xa6fa,0xa6fa,0xa6fa,0xa6fa,
0xa6fa,0xa6fa,0xa6fa,0xa6fa,0xa6fa,0xa6fa,0xa6fa,0xa6fa,0xa6fa,0x19e8,0x19e8,0x0000,0x0000,0x0000,0x0000,0x0000,0x0000,0x0000,0xa6fa,0xa6fa,0xa6fa,0xa6fa,0xa6fa,0x0000,0x0000,0x0000,0x0000,0x0000,0x0000,0x0000,0x0000,0x0000,
0x0000,0x0000,0x0000,0x0000,0x0000,0x0000,0x0000,0x0000,0x0000,0xa6fa,0xa6fa,0xa6fa,0xa6fa,0xa6fa,0x0000,0x0000,0x0000,0x0000,0x0000,0x0000,0x0000,0x19e8,0x19e8,0xa6fa,0xa6fa,0xa6fa,0xa6fa,0xa6fa,0xa6fa,0xa6fa,0xa6fa,0xa6fa,
0xa6fa,0xa6fa,0xa6fa,0xa6fa,0xa6fa,0xa6fa,0xa6fa,0xa6fa,0xa6fa,0x19e8,0x19e8,0x0000,0x0000,0x0000,0x0000,0x0000,0x0000,0x0000,0xa6fa,0xa6fa,0xa6fa,0xa6fa,0xa6fa,0x0000,0x0000,0x0000,0x0000,0x0000,0x0000,0x0000,0x0000,0x0000,
0x0000,0x0000,0x0000,0x0000,0x0000,0x0000,0x0000,0x0000,0x0000,0xa6fa,0xa6fa,0xa6fa,0xa6fa,0xa6fa,0x0000,0x0000,0x0000,0x0000,0x0000,0x0000,0x0000,0x19e8,0x19e8,0xa6fa,0xa6fa,0xa6fa,0xa6fa,0xa6fa,0xa6fa,0xa6fa,0xa6fa,0xa6fa,
0xa6fa,0xa6fa,0xa6fa,0xa6fa,0xa6fa,0xa6fa,0xa6fa,0xa6fa,0xa6fa,0x19e8,0x19e8,0x0000,0x0000,0x0000,0x0000,0x0000,0x0000,0x0000,0xa6fa,0xa6fa,0xa6fa,0xa6fa,0xa6fa,0x0000,0x0000,0x0000,0x0000,0x0000,0x0000,0x0000,0x0000,0x0000,
0x0000,0x0000,0x0000,0x0000,0x0000,0x0000,0x0000,0x0000,0x0000,0xa6fa,0xa6fa,0xa6fa,0xa6fa,0xa6fa,0x0000,0x0000,0x0000,0x0000,0x0000,0x0000,0x0000,0x19e8,0x19e8,0xa6fa,0xa6fa,0xa6fa,0xa6fa,0xa6fa,0xa6fa,0xa6fa,0xa6fa,0xa6fa,
0xa6fa,0xa6fa,0xa6fa,0xa6fa,0xa6fa,0xa6fa,0xa6fa,0xa6fa,0xa6fa,0x19e8,0x19e8,0x0000,0x0000,0x0000,0x0000,0x0000,0x0000,0x0000,0xa6fa,0xa6fa,0xa6fa,0xa6fa,0xa6fa,0x0000,0x0000,0x0000,0x0000,0x0000,0x0000,0x0000,0x0000,0x0000,
0x0000,0x0000,0x0000,0x0000,0x0000,0x0000,0x0000,0x0000,0x0000,0xa6fa,0xa6fa,0xa6fa,0xa6fa,0xa6fa,0x0000,0x0000,0x0000,0x0000,0x0000,0x0000,0x0000,0x19e8,0x19e8,0xa6fa,0xa6fa,0xa6fa,0xa6fa,0xa6fa,0xa6fa,0xa6fa,0xa6fa,0xa6fa,
0xa6fa,0xa6fa,0xa6fa,0xa6fa,0xa6fa,0xa6fa,0xa6fa,0xa6fa,0xa6fa,0x19e8,0x19e8,0x0000,0x0000,0x0000,0x0000,0x0000,0x0000,0x0000,0xa6fa,0xa6fa,0xa6fa,0xa6fa,0xa6fa,0x0000,0x0000,0x0000,0x0000,0x0000,0x0000,0x0000,0x0000,0x0000,
0x0000,0x0000,0x0000,0x0000,0x0000,0x0000,0x0000,0x0000,0x0000,0xa6fa,0xa6fa,0xa6fa,0xa6fa,0xa6fa,0x0000,0x0000,0x0000,0x0000,0x0000,0x0000,0x0000,0x19e8,0x19e8,0xa6fa,0xa6fa,0xa6fa,0xa6fa,0xa6fa,0xa6fa,0xa6fa,0xa6fa,0xa6fa,
0xa6fa,0xa6fa,0xa6fa,0xa6fa,0xa6fa,0xa6fa,0xa6fa,0xa6fa,0xa6fa,0x19e8,0x19e8,0x0000,0x0000,0x0000,0x0000,0x0000,0x0000,0x0000,0xa6fa,0xa6fa,0xa6fa,0xa6fa,0xa6fa,0x0000,0x0000,0x0000,0x0000,0x0000,0x0000,0x0000,0x0000,0x0000,
0x0000,0x0000,0x0000,0x0000,0x0000,0x0000,0x0000,0x0000,0x0000,0xa6fa,0xa6fa,0xa6fa,0xa6fa,0xa6fa,0x0000,0x0000,0x0000,0x0000,0x0000,0x0000,0x0000,0x19e8,0x19e8,0x19e8,0x19e8,0x19e8,0x19e8,0x19e8,0x19e8,0x19e8,0x19e8,0x19e8,
0x19e8,0x19e8,0x19e8,0x19e8,0x19e8,0x19e8,0x19e8,0x19e8,0x19e8,0x19e8,0x19e8,0x0000,0x0000,0x0000,0x0000,0x0000,0x0000,0x0000,0xa6fa,0xa6fa,0xa6fa,0xa6fa,0xa6fa,0x0000,0x0000,0x0000,0x0000,0x0000,0x0000,0x0000,0x0000,0x0000,
0x0000,0x0000,0x0000,0x0000,0x0000,0x0000,0x0000,0x0000,0x0000,0xa6fa,0xa6fa,0xa6fa,0xa6fa,0xa6fa,0x0000,0x0000,0x0000,0x0000,0x0000,0x0000,0x0000,0x19e8,0x19e8,0x19e8,0x19e8,0x19e8,0x19e8,0x19e8,0x19e8,0x19e8,0x19e8,0x19e8,
0x19e8,0x19e8,0x19e8,0x19e8,0x19e8,0x19e8,0x19e8,0x19e8,0x19e8,0x19e8,0x19e8,0x0000,0x0000,0x0000,0x0000,0x0000,0x0000,0x0000,0xa6fa,0xa6fa,0xa6fa,0xa6fa,0xa6fa,0x0000,0x0000,0x0000,0x0000,0x0000,0x0000,0x0000,0x0000,0x0000,
0x0000,0x0000,0x0000,0x0000,0x0000,0x0000,0x0000,0x0000,0x0000,0x0000,0x0000,0x0000,0x0000,0x0000,0x0000,0x0000,0x0000,0x0000,0x0000,0x0000,0x0000,0x0000,0x0000,0x0000,0x0000,0x0000,0x0000,0x0000,0x0000,0x0000,0x0000,0x0000,
0x0000,0x0000,0x0000,0x0000,0x0000,0x0000,0x0000,0x0000,0x0000,0x0000,0x0000,0x0000,0x0000,0x0000,0x0000,0x0000,0x0000,0x0000,0x0000,0x0000,0x0000,0x0000,0x0000,0x0000,0x0000,0x0000,0x0000,0x0000,0x0000,0x0000,0x0000,0x0000,
0x0000,0x0000,0x0000,0x0000,0x0000,0x0000,0x0000,0x0000,0x0000,0x0000,0x0000,0x0000,0x0000,0x0000,0x0000,0x0000,0x0000,0x0000,0x0000,0x0000,0x0000,0x0000,0x0000,0x0000,0x0000,0x0000,0xa6fa,0xa6fa,0xa6fa,0xa6fa,0x0000,0x0000,
0x0000,0x0000,0xa6fa,0xa6fa,0xa6fa,0xa6fa,0x0000,0x0000,0x0000,0x0000,0x0000,0x0000,0x0000,0x0000,0x0000,0x0000,0x0000,0x0000,0x0000,0x0000,0x0000,0x0000,0x0000,0x0000,0x0000,0x0000,0x0000,0x0000,0x0000,0x0000,0x0000,0x0000,
0x0000,0x0000,0x0000,0x0000,0x0000,0x0000,0x0000,0x0000,0x0000,0x0000,0x0000,0x0000,0x0000,0x0000,0x0000,0x0000,0x0000,0x0000,0x0000,0x0000,0x0000,0x0000,0x0000,0x0000,0x0000,0x0000,0xa6fa,0xa6fa,0xa6fa,0xa6fa,0x0000,0x0000,
0x0000,0x0000,0xa6fa,0xa6fa,0xa6fa,0xa6fa,0x0000,0x0000,0x0000,0x0000,0x0000,0x0000,0x0000,0x0000,0x0000,0x0000,0x0000,0x0000,0x0000,0x0000,0x0000,0x0000,0x0000,0x0000,0x0000,0x0000,0x0000,0x0000,0x0000,0x0000,0x0000,0x0000,
0x0000,0x0000,0x0000,0x0000,0x0000,0x0000,0x0000,0x0000,0x0000,0x0000,0x0000,0x0000,0x0000,0x0000,0x0000,0x0000,0x0000,0x0000,0x0000,0x0000,0x0000,0x0000,0x0000,0x0000,0x0000,0x0000,0xa6fa,0xa6fa,0xa6fa,0xa6fa,0x0000,0x0000,
0x0000,0x0000,0xa6fa,0xa6fa,0xa6fa,0xa6fa,0x0000,0x0000,0x0000,0x0000,0x0000,0x0000,0x0000,0x0000,0x0000,0x0000,0x0000,0x0000,0x0000,0x0000,0x0000,0x0000,0x0000,0x0000,0x0000,0x0000,0x0000,0x0000,0x0000,0x0000,0x0000,0x0000,
0x0000,0x0000,0x0000,0x0000,0x0000,0x0000,0x0000,0x0000,0x0000,0x0000,0x0000,0x0000,0x0000,0x0000,0x0000,0x0000,0x0000,0x0000,0x0000,0x0000,0x0000,0x0000,0x0000,0x0000,0x0000,0x0000,0xa6fa,0xa6fa,0xa6fa,0xa6fa,0x0000,0x0000,
0x0000,0x0000,0xa6fa,0xa6fa,0xa6fa,0xa6fa,0x0000,0x0000,0x0000,0x0000,0x0000,0x0000,0x0000,0x0000,0x0000,0x0000,0x0000,0x0000,0x0000,0x0000,0x0000,0x0000,0x0000,0x0000,0x0000,0x0000,0x0000,0x0000,0x0000,0x0000,0x0000,0x0000,
0x0000,0x0000,0x0000,0x0000,0x0000,0x0000,0x0000,0x0000,0x0000,0x0000,0x0000,0x0000,0x0000,0x0000,0x0000,0x0000,0x0000,0x0000,0x0000,0x0000,0x0000,0x0000,0x0000,0x0000,0x0000,0x0000,0x0000,0x0000,0x0000,0x0000,0x0000,0x0000,
0x0000,0x0000,0x0000,0x0000,0x0000,0x0000,0x0000,0x0000,0x0000,0x0000,0x0000,0x0000,0x0000,0x0000,0x0000,0x0000,0x0000,0x0000,0x0000,0x0000,0x0000,0x0000,0x0000,0x0000,0x0000,0x0000,0x0000,0x0000,0x0000,0x0000,0x0000,0x0000,
0x0000,0x0000,0x0000,0x0000,0x0000,0x0000,0x0000,0x0000,0x0000,0x0000,0x0000,0x0000,0x0000,0x0000,0x0000,0x0000,0x0000,0x0000,0x0000,0x0000,0x0000,0x0000,0x0000,0x0000,0x0000,0x0000,0x0000,0x0000,0x0000,0x0000,0x0000,0x0000,
0x0000,0x0000,0x0000,0x0000,0x0000,0x0000,0x0000,0x0000,0x0000,0x0000,0x0000,0x0000,0x0000,0x0000,0x0000,0x0000,0x0000,0x0000,0x0000,0x0000,0x0000,0x0000,0x0000,0x0000,0x0000,0x0000,0x0000,0x0000,0x0000,0x0000,0x0000,0x0000,
0x0000,0x0000,0x0000,0x0000,0x0000,0x0000,0x0000,0x0000,0x0000,0x0000,0x0000,0x0000,0x0000,0x0000,0x0000,0x0000,0x0000,0x0000,0x0000,0x0000,0x0000,0x0000,0x0000,0x0000,0x0000,0x0000,0x0000,0x0000,0x0000,0x0000,0x0000,0x0000,
0x0000,0x0000,0x0000,0x0000,0x0000,0x0000,0x0000,0x0000,0x0000,0x0000,0x0000,0x0000,0x0000,0x0000,0x0000,0x0000,0x0000,0x0000,0x0000,0x0000,0x0000,0x0000,0x0000,0x0000,0x0000,0x0000,0x0000,0x0000,0x0000,0x0000,0x0000,0x0000,
0x0000,0x0000,0x0000,0x0000,0x0000,0x0000,0x0000,0x0000,0x0000,0x0000,0x0000,0x0000,0x0000,0x0000,0x0000,0x0000,0x0000,0x0000,0x0000,0x0000,0x0000,0x0000,0x0000,0x0000,0x0000,0x0000,0x0000,0x0000,0x0000,0x0000,0x0000,0x0000,
0x0000,0x0000,0x0000,0x0000,0x0000,0x0000,0x0000,0x0000,0x0000,0x0000,0x0000,0x0000,0x0000,0x0000,0x0000,0x0000,0x0000,0x0000,0x0000,0x0000,0x0000,0x0000,0x0000,0x0000,0x0000,0x0000,0x0000,0x0000,0x0000,0x0000,0x0000,0x0000,
0x0000,0x0000,0x0000,0x0000,0x0000,0x0000,0x0000,0x0000,0x0000,0x0000,0x0000,0x0000,0x0000,0x0000,0x0000,0x0000,0x0000,0x0000,0x0000,0x0000,0x0000,0x0000,0x0000,0x0000,0x0000,0x0000,0x0000,0x0000,0x0000,0x0000,0x0000,0x0000,
0x0000,0x0000,0x0000,0x0000,0x0000,0x0000,0x0000,0x0000,0x0000,0x0000,0x0000,0x0000,0x0000,0x0000,0x0000,0x0000,0x0000,0x0000,0x0000,0x0000,0x0000,0x0000,0x0000,0x0000,0x0000,0x0000,0x0000,0x0000,0x0000,0x0000,0x0000,0x0000,
0x0000,0x0000,0x0000,0x0000,0x0000,0x0000,0x0000,0x0000,0x0000,0x0000,0x0000,0x0000,0x0000,0x0000,0x0000,0x0000,0x0000,0x0000,0x0000,0x0000,0x0000,0x0000,0x0000,0x0000,0x0000,0x0000,0x0000,0x0000,0x0000,0x0000,0x0000,0x0000,
0x0000,0x0000,0x0000,0x0000,0x0000,0x0000,0x0000,0x0000,0x0000,0x0000,0x0000,0x0000,0x0000,0x0000,0x0000,0x0000,0x0000,0x0000,0x0000,0x0000,0x0000,0x0000,0x0000,0x0000,0x0000,0x0000,0x0000,0x0000,0x0000,0x0000,0x0000,0x0000,
};
static const uint16_t frame_4[4096] = {
0x0000,0x0000,0x0000,0x0000,0x0000,0x0000,0x0000,0x0000,0x0000,0x0000,0x0000,0x0000,0x0000,0x0000,0x0000,0x0000,0x0000,0x0000,0x0000,0x0000,0x0000,0x0000,0x0000,0x0000,0x0000,0x0000,0x0000,0x0000,0x0000,0x0000,0x0000,0x0000,
0x0000,0x0000,0x0000,0x0000,0x0000,0x0000,0x0000,0x0000,0x0000,0x0000,0x0000,0x0000,0x0000,0x0000,0x0000,0x0000,0x0000,0x0000,0x0000,0x0000,0x0000,0x0000,0x0000,0x0000,0x0000,0x0000,0x0000,0x0000,0x0000,0x0000,0x0000,0x0000,
0x0000,0x0000,0x0000,0x0000,0x0000,0x0000,0x0000,0x0000,0x0000,0x0000,0x0000,0x0000,0x0000,0x0000,0x0000,0x0000,0x0000,0x0000,0x0000,0x0000,0x0000,0x0000,0x0000,0x0000,0x0000,0x0000,0x0000,0x0000,0x0000,0x0000,0x0000,0x0000,
0x0000,0x0000,0x0000,0x0000,0x0000,0x0000,0x0000,0x0000,0x0000,0x0000,0x0000,0x0000,0x0000,0x0000,0x0000,0x0000,0x0000,0x0000,0x0000,0x0000,0x0000,0x0000,0x0000,0x0000,0x0000,0x0000,0x0000,0x0000,0x0000,0x0000,0x0000,0x0000,
0x0000,0x0000,0x0000,0x0000,0x0000,0x0000,0x0000,0x0000,0x0000,0x0000,0x0000,0x0000,0x0000,0x0000,0x0000,0x0000,0x0000,0x0000,0x0000,0x0000,0x0000,0x0000,0x0000,0x0000,0x0000,0x0000,0x0000,0x0000,0x0000,0x0000,0x0000,0x0000,
0x0000,0x0000,0x0000,0x0000,0x0000,0x0000,0x0000,0x0000,0x0000,0x0000,0x0000,0x0000,0x0000,0x0000,0x0000,0x0000,0x0000,0x0000,0x0000,0x0000,0x0000,0x0000,0x0000,0x0000,0x0000,0x0000,0x0000,0x0000,0x0000,0x0000,0x0000,0x0000,
0x0000,0x0000,0x0000,0x0000,0x0000,0x0000,0x0000,0x0000,0x0000,0x0000,0x0000,0x0000,0x0000,0x0000,0x0000,0x0000,0x0000,0x0000,0x0000,0x0000,0x0000,0x0000,0x0000,0x0000,0x0000,0x0000,0x0000,0x0000,0x0000,0x0000,0x0000,0x0000,
0x0000,0x0000,0x0000,0x0000,0x0000,0x0000,0x0000,0x0000,0x0000,0x0000,0x0000,0x0000,0x0000,0x0000,0x0000,0x0000,0x0000,0x0000,0x0000,0x0000,0x0000,0x0000,0x0000,0x0000,0x0000,0x0000,0x0000,0x0000,0x0000,0x0000,0x0000,0x0000,
0x0000,0x0000,0x0000,0x0000,0x0000,0x0000,0x0000,0x0000,0x0000,0x0000,0x0000,0x0000,0x0000,0x0000,0x0000,0x0000,0x0000,0x0000,0x0000,0x0000,0x0000,0x0000,0x0000,0x0000,0x0000,0x0000,0x0000,0x0000,0x0000,0x0000,0x0000,0x0000,
0x0000,0x0000,0x0000,0x0000,0x0000,0x0000,0x0000,0x0000,0x0000,0x0000,0x0000,0x0000,0x0000,0x0000,0x0000,0x0000,0x0000,0x0000,0x0000,0x0000,0x0000,0x0000,0x0000,0x0000,0x0000,0x0000,0x0000,0x0000,0x0000,0x0000,0x0000,0x0000,
0x0000,0x0000,0x0000,0x0000,0x0000,0x0000,0x0000,0x0000,0x0000,0x0000,0x0000,0x0000,0x0000,0x0000,0x0000,0x0000,0x0000,0x0000,0x0000,0x0000,0x0000,0x0000,0x0000,0x0000,0x0000,0x0000,0x0000,0x0000,0x0000,0x0000,0x0000,0x0000,
0x0000,0x0000,0x0000,0x0000,0x0000,0x0000,0x0000,0x0000,0x0000,0x0000,0x0000,0x0000,0x0000,0x0000,0x0000,0x0000,0x0000,0x0000,0x0000,0x0000,0x0000,0x0000,0x0000,0x0000,0x0000,0x0000,0x0000,0x0000,0x0000,0x0000,0x0000,0x0000,
0x0000,0x0000,0x0000,0x0000,0x0000,0x0000,0x0000,0x0000,0x0000,0x0000,0x0000,0x0000,0x0000,0x0000,0x0000,0x0000,0x0000,0x0000,0x0000,0x0000,0x0000,0x0000,0x0000,0x0000,0x0000,0x0000,0x0000,0xfeb2,0xfeb2,0xfeb2,0xfeb2,0xfeb2,
0xfeb2,0xfeb2,0xfeb2,0xfeb2,0xfeb2,0x0000,0x0000,0x0000,0x0000,0x0000,0x0000,0x0000,0x0000,0x0000,0x0000,0x0000,0x0000,0x0000,0x0000,0x0000,0x0000,0x0000,0x0000,0x0000,0x0000,0x0000,0x0000,0x0000,0x0000,0x0000,0x0000,0x0000,
0x0000,0x0000,0x0000,0x0000,0x0000,0x0000,0x0000,0x0000,0x0000,0x0000,0x0000,0x0000,0x0000,0x0000,0x0000,0x0000,0x0000,0x0000,0x0000,0x0000,0x0000,0x0000,0x0000,0x0000,0x0000,0x0000,0x0000,0xfeb2,0xfeb2,0xfeb2,0xfeb2,0xfeb2,
0xfeb2,0xfeb2,0xfeb2,0xfeb2,0xfeb2,0x0000,0x0000,0x0000,0x0000,0x0000,0x0000,0x0000,0x0000,0x0000,0x0000,0x0000,0x0000,0x0000,0x0000,0x0000,0x0000,0x0000,0x0000,0x0000,0x0000,0x0000,0x0000,0x0000,0x0000,0x0000,0x0000,0x0000,
0x0000,0x0000,0x0000,0x0000,0x0000,0x0000,0x0000,0x0000,0x0000,0x0000,0x0000,0x0000,0x0000,0x0000,0x0000,0x0000,0x0000,0x0000,0x0000,0x0000,0x0000,0x0000,0x0000,0x0000,0x0000,0x0000,0x0000,0xfeb2,0xfeb2,0xfeb2,0xfeb2,0xfeb2,
0xfeb2,0xfeb2,0xfeb2,0xfeb2,0xfeb2,0x0000,0x0000,0x0000,0x0000,0x0000,0x0000,0x0000,0x0000,0x0000,0x0000,0x0000,0x0000,0x0000,0x0000,0x0000,0x0000,0x0000,0x0000,0x0000,0x0000,0x0000,0x0000,0x0000,0x0000,0x0000,0x0000,0x0000,
0x0000,0x0000,0x0000,0x0000,0x0000,0x0000,0x0000,0x0000,0x0000,0x0000,0x0000,0x0000,0x0000,0x0000,0x0000,0x0000,0x0000,0x0000,0x0000,0x0000,0x0000,0x0000,0x0000,0x0000,0x0000,0x0000,0x0000,0xfeb2,0xfeb2,0xfeb2,0xa6fa,0xa6fa,
0xa6fa,0xa6fa,0xfeb2,0xfeb2,0xfeb2,0x0000,0x0000,0x0000,0x0000,0x0000,0x0000,0x0000,0x0000,0x0000,0x0000,0x0000,0x0000,0x0000,0x0000,0x0000,0x0000,0x0000,0x0000,0x0000,0x0000,0x0000,0x0000,0x0000,0x0000,0x0000,0x0000,0x0000,
0x0000,0x0000,0x0000,0x0000,0x0000,0x0000,0x0000,0x0000,0x0000,0x0000,0x0000,0x0000,0x0000,0x0000,0x0000,0x0000,0x0000,0x0000,0x0000,0x0000,0x0000,0x0000,0x0000,0x0000,0x0000,0x0000,0x0000,0x0000,0x0000,0x0000,0xa6fa,0xa6fa,
0xa6fa,0xa6fa,0x0000,0x0000,0x0000,0x0000,0x0000,0x0000,0x0000,0x0000,0x0000,0x0000,0x0000,0x0000,0x0000,0x0000,0x0000,0x0000,0x0000,0x0000,0x0000,0x0000,0x0000,0x0000,0x0000,0x0000,0x0000,0x0000,0x0000,0x0000,0x0000,0x0000,
0x0000,0x0000,0x0000,0x0000,0x0000,0x0000,0x0000,0x0000,0x0000,0x0000,0x0000,0x0000,0x0000,0x0000,0x0000,0x0000,0x0000,0x0000,0x0000,0x0000,0x0000,0x0000,0x0000,0x0000,0x0000,0x0000,0x0000,0x0000,0x0000,0x0000,0xa6fa,0xa6fa,
0xa6fa,0xa6fa,0x0000,0x0000,0x0000,0x0000,0x0000,0x0000,0x0000,0x0000,0x0000,0x0000,0x0000,0x0000,0x0000,0x0000,0x0000,0x0000,0x0000,0x0000,0x0000,0x0000,0x0000,0x0000,0x0000,0x0000,0x0000,0x0000,0x0000,0x0000,0x0000,0x0000,
0x0000,0x0000,0x0000,0x0000,0x0000,0x0000,0x0000,0x0000,0x0000,0x0000,0x0000,0x0000,0x0000,0x0000,0x0000,0x0000,0x0000,0x0000,0x0000,0x0000,0x0000,0x0000,0x0000,0x0000,0x0000,0x0000,0x0000,0x0000,0x0000,0x0000,0xa6fa,0xa6fa,
0xa6fa,0xa6fa,0x0000,0x0000,0x0000,0x0000,0x0000,0x0000,0x0000,0x0000,0x0000,0x0000,0x0000,0x0000,0x0000,0x0000,0x0000,0x0000,0x0000,0x0000,0x0000,0x0000,0x0000,0x0000,0x0000,0x0000,0x0000,0x0000,0x0000,0x0000,0x0000,0x0000,
0x0000,0x0000,0x0000,0x0000,0x0000,0x0000,0x0000,0x0000,0x0000,0x0000,0x0000,0x0000,0x0000,0x0000,0x0000,0x19e8,0x19e8,0x19e8,0x19e8,0x19e8,0x19e8,0x19e8,0x19e8,0x19e8,0x19e8,0x19e8,0x19e8,0x19e8,0x19e8,0x19e8,0x19e8,0x19e8,
0x19e8,0x19e8,0x19e8,0x19e8,0x19e8,0x19e8,0x19e8,0x19e8,0x19e8,0x19e8,0x19e8,0x19e8,0x19e8,0x19e8,0x19e8,0x19e8,0x19e8,0x0000,0x0000,0x0000,0x0000,0x0000,0x0000,0x0000,0x0000,0x0000,0x0000,0x0000,0x0000,0x0000,0x0000,0x0000,
0x0000,0x0000,0x0000,0x0000,0x0000,0x0000,0x0000,0x0000,0x0000,0x0000,0x0000,0x0000,0x0000,0x0000,0x0000,0x19e8,0x19e8,0x19e8,0x19e8,0x19e8,0x19e8,0x19e8,0x19e8,0x19e8,0x19e8,0x19e8,0x19e8,0x19e8,0x19e8,0x19e8,0x19e8,0x19e8,
0x19e8,0x19e8,0x19e8,0x19e8,0x19e8,0x19e8,0x19e8,0x19e8,0x19e8,0x19e8,0x19e8,0x19e8,0x19e8,0x19e8,0x19e8,0x19e8,0x19e8,0x0000,0x0000,0x0000,0x0000,0x0000,0x0000,0x0000,0x0000,0x0000,0x0000,0x0000,0x0000,0x0000,0x0000,0x0000,
0x0000,0x0000,0x0000,0x0000,0x0000,0x0000,0x0000,0x0000,0x0000,0x0000,0x0000,0x0000,0x0000,0x0000,0x0000,0x19e8,0x19e8,0xa6fa,0xa6fa,0xa6fa,0xa6fa,0xa6fa,0xa6fa,0xa6fa,0xa6fa,0xa6fa,0xa6fa,0xa6fa,0xa6fa,0xa6fa,0xa6fa,0xa6fa,
0xa6fa,0xa6fa,0xa6fa,0xa6fa,0xa6fa,0xa6fa,0xa6fa,0xa6fa,0xa6fa,0xa6fa,0xa6fa,0xa6fa,0xa6fa,0xa6fa,0xa6fa,0x19e8,0x19e8,0x0000,0x0000,0x0000,0x0000,0x0000,0x0000,0x0000,0x0000,0x0000,0x0000,0x0000,0x0000,0x0000,0x0000,0x0000,
0x0000,0x0000,0x0000,0x0000,0x0000,0x0000,0x0000,0x0000,0x0000,0x0000,0x0000,0x0000,0x0000,0x0000,0x0000,0x19e8,0x19e8,0xa6fa,0xa6fa,0xa6fa,0xa6fa,0xa6fa,0xa6fa,0xa6fa,0xa6fa,0xa6fa,0xa6fa,0xa6fa,0xa6fa,0xa6fa,0xa6fa,0xa6fa,
0xa6fa,0xa6fa,0xa6fa,0xa6fa,0xa6fa,0xa6fa,0xa6fa,0xa6fa,0xa6fa,0xa6fa,0xa6fa,0xa6fa,0xa6fa,0xa6fa,0xa6fa,0x19e8,0x19e8,0x0000,0x0000,0x0000,0x0000,0x0000,0x0000,0x0000,0x0000,0x0000,0x0000,0x0000,0x0000,0x0000,0x0000,0x0000,
0x0000,0x0000,0x0000,0x0000,0x0000,0x0000,0x0000,0x0000,0x0000,0x0000,0x0000,0x0000,0x0000,0x0000,0x0000,0x19e8,0x19e8,0xa6fa,0xa6fa,0xa6fa,0xa6fa,0xa6fa,0xa6fa,0xa6fa,0xa6fa,0xa6fa,0xa6fa,0xa6fa,0xa6fa,0xa6fa,0xa6fa,0xa6fa,
0xa6fa,0xa6fa,0xa6fa,0xa6fa,0xa6fa,0xa6fa,0xa6fa,0xa6fa,0xa6fa,0xa6fa,0xa6fa,0xa6fa,0xa6fa,0xa6fa,0xa6fa,0x19e8,0x19e8,0x0000,0x0000,0x0000,0x0000,0x0000,0x0000,0x0000,0x0000,0x0000,0x0000,0x0000,0x0000,0x0000,0x0000,0x0000,
0x0000,0x0000,0x0000,0x0000,0x0000,0x0000,0x0000,0x0000,0x0000,0x0000,0x0000,0x0000,0x0000,0x0000,0x0000,0x19e8,0x19e8,0xa6fa,0xa6fa,0xa6fa,0xa6fa,0xa6fa,0xa6fa,0xa6fa,0xa6fa,0xa6fa,0xa6fa,0xa6fa,0xa6fa,0xa6fa,0xa6fa,0xa6fa,
0xa6fa,0xa6fa,0xa6fa,0xa6fa,0xa6fa,0xa6fa,0xa6fa,0xa6fa,0xa6fa,0xa6fa,0xa6fa,0xa6fa,0xa6fa,0xa6fa,0xa6fa,0x19e8,0x19e8,0x0000,0x0000,0x0000,0x0000,0x0000,0x0000,0x0000,0x0000,0x0000,0x0000,0x0000,0x0000,0x0000,0x0000,0x0000,
0x0000,0x0000,0x0000,0x0000,0x0000,0x0000,0x0000,0x0000,0x0000,0x0000,0x0000,0x0000,0x0000,0x0000,0x0000,0x19e8,0x19e8,0xa6fa,0xa6fa,0xa6fa,0xa6fa,0x19e8,0x19e8,0x19e8,0x19e8,0x19e8,0x19e8,0x19e8,0x19e8,0x19e8,0x19e8,0x19e8,
0x19e8,0x19e8,0x19e8,0x19e8,0x19e8,0x19e8,0x19e8,0x19e8,0x19e8,0x19e8,0x19e8,0xa6fa,0xa6fa,0xa6fa,0xa6fa,0x19e8,0x19e8,0x0000,0x0000,0x0000,0x0000,0x0000,0x0000,0x0000,0x0000,0x0000,0x0000,0x0000,0x0000,0x0000,0x0000,0x0000,
0x0000,0x0000,0x0000,0x0000,0x0000,0x0000,0x0000,0x0000,0x0000,0x0000,0x0000,0x0000,0x0000,0x0000,0x0000,0x19e8,0x19e8,0xa6fa,0xa6fa,0xa6fa,0xa6fa,0x19e8,0x19e8,0x19e8,0x19e8,0x19e8,0x19e8,0x19e8,0x19e8,0x19e8,0x19e8,0x19e8,
0x19e8,0x19e8,0x19e8,0x19e8,0x19e8,0x19e8,0x19e8,0x19e8,0x19e8,0x19e8,0x19e8,0xa6fa,0xa6fa,0xa6fa,0xa6fa,0x19e8,0x19e8,0x0000,0x0000,0x0000,0x0000,0x0000,0x0000,0x0000,0x0000,0x0000,0x0000,0x0000,0x0000,0x0000,0x0000,0x0000,
0x0000,0x0000,0x0000,0x0000,0x0000,0x0000,0x0000,0x0000,0x0000,0x0000,0x0000,0x0000,0x0000,0x0000,0x0000,0x19e8,0x19e8,0xa6fa,0xa6fa,0xa6fa,0xa6fa,0x19e8,0x19e8,0x19e8,0x19e8,0x19e8,0x19e8,0x19e8,0x19e8,0x19e8,0x19e8,0x19e8,
0x19e8,0x19e8,0x19e8,0x19e8,0x19e8,0x19e8,0x19e8,0x19e8,0x19e8,0x19e8,0x19e8,0xa6fa,0xa6fa,0xa6fa,0xa6fa,0x19e8,0x19e8,0x0000,0x0000,0x0000,0x0000,0x0000,0x0000,0x0000,0x0000,0x0000,0x0000,0x0000,0x0000,0x0000,0x0000,0x0000,
0x0000,0x0000,0x0000,0x0000,0x0000,0x0000,0x0000,0x0000,0x0000,0x0000,0x0000,0x0000,0x0000,0x0000,0x0000,0x19e8,0x19e8,0xa6fa,0xa6fa,0xa6fa,0xa6fa,0x19e8,0x19e8,0x19e8,0xefdb,0xefdb,0xefdb,0xefdb,0x19e8,0x19e8,0x19e8,0x19e8,
0x19e8,0x19e8,0x19e8,0xefdb,0xefdb,0xefdb,0xefdb,0x19e8,0x19e8,0x19e8,0x19e8,0xa6fa,0xa6fa,0xa6fa,0xa6fa,0x19e8,0x19e8,0x0000,0x0000,0x0000,0x0000,0x0000,0x0000,0x0000,0x0000,0x0000,0x0000,0x0000,0x0000,0x0000,0x0000,0x0000,
0x0000,0x0000,0x0000,0x0000,0x0000,0x0000,0x0000,0x0000,0x0000,0x0000,0x0000,0x0000,0x0000,0x0000,0x0000,0x19e8,0x19e8,0xa6fa,0xa6fa,0xa6fa,0xa6fa,0x19e8,0x19e8,0x19e8,0xefdb,0xefdb,0xefdb,0xefdb,0x19e8,0x19e8,0x19e8,0x19e8,
0x19e8,0x19e8,0x19e8,0xefdb,0xefdb,0xefdb,0xefdb,0x19e8,0x19e8,0x19e8,0x19e8,0xa6fa,0xa6fa,0xa6fa,0xa6fa,0x19e8,0x19e8,0x0000,0x0000,0x0000,0x0000,0x0000,0x0000,0x0000,0x0000,0x0000,0x0000,0x0000,0x0000,0x0000,0x0000,0x0000,
0x0000,0x0000,0x0000,0x0000,0x0000,0x0000,0x0000,0x0000,0x0000,0x0000,0x0000,0x0000,0x0000,0x0000,0x0000,0x19e8,0x19e8,0xa6fa,0xa6fa,0xa6fa,0xa6fa,0x19e8,0x19e8,0x19e8,0xefdb,0xefdb,0xefdb,0xefdb,0x19e8,0x19e8,0x19e8,0x19e8,
0x19e8,0x19e8,0x19e8,0xefdb,0xefdb,0xefdb,0xefdb,0x19e8,0x19e8,0x19e8,0x19e8,0xa6fa,0xa6fa,0xa6fa,0xa6fa,0x19e8,0x19e8,0x0000,0x0000,0x0000,0x0000,0x0000,0x0000,0x0000,0x0000,0x0000,0x0000,0x0000,0x0000,0x0000,0x0000,0x0000,
0x0000,0x0000,0x0000,0x0000,0x0000,0x0000,0x0000,0x0000,0x0000,0x0000,0x0000,0x0000,0x0000,0x0000,0x0000,0x19e8,0x19e8,0xa6fa,0xa6fa,0xa6fa,0xa6fa,0x19e8,0x19e8,0x19e8,0xefdb,0xefdb,0xefdb,0xefdb,0x19e8,0x19e8,0x19e8,0x19e8,
0x19e8,0x19e8,0x19e8,0xefdb,0xefdb,0xefdb,0xefdb,0x19e8,0x19e8,0x19e8,0x19e8,0xa6fa,0xa6fa,0xa6fa,0xa6fa,0x19e8,0x19e8,0x0000,0x0000,0x0000,0x0000,0x0000,0x0000,0x0000,0x0000,0x0000,0x0000,0x0000,0x0000,0x0000,0x0000,0x0000,
0x0000,0x0000,0x0000,0x0000,0x0000,0x0000,0x0000,0x0000,0x0000,0x0000,0x0000,0x0000,0x0000,0x0000,0x0000,0x19e8,0x19e8,0xa6fa,0xa6fa,0xa6fa,0xa6fa,0x19e8,0x19e8,0x19e8,0xefdb,0xefdb,0xefdb,0xefdb,0x19e8,0x19e8,0x19e8,0x19e8,
0x19e8,0x19e8,0x19e8,0xefdb,0xefdb,0xefdb,0xefdb,0x19e8,0x19e8,0x19e8,0x19e8,0xa6fa,0xa6fa,0xa6fa,0xa6fa,0x19e8,0x19e8,0x0000,0x0000,0x0000,0x0000,0x0000,0x0000,0x0000,0x0000,0x0000,0x0000,0x0000,0x0000,0x0000,0x0000,0x0000,
0x0000,0x0000,0x0000,0x0000,0x0000,0x0000,0x0000,0x0000,0x0000,0x0000,0x0000,0x0000,0x0000,0x0000,0x0000,0x19e8,0x19e8,0xa6fa,0xa6fa,0xa6fa,0xa6fa,0x19e8,0x19e8,0x19e8,0xefdb,0xefdb,0xefdb,0xefdb,0x19e8,0x19e8,0x19e8,0x19e8,
0x19e8,0x19e8,0x19e8,0xefdb,0xefdb,0xefdb,0xefdb,0x19e8,0x19e8,0x19e8,0x19e8,0xa6fa,0xa6fa,0xa6fa,0xa6fa,0x19e8,0x19e8,0x0000,0x0000,0x0000,0x0000,0x0000,0x0000,0x0000,0x0000,0x0000,0x0000,0x0000,0x0000,0x0000,0x0000,0x0000,
0x0000,0x0000,0x0000,0x0000,0x0000,0x0000,0x0000,0x0000,0x0000,0x0000,0x0000,0x0000,0x0000,0x0000,0x0000,0x19e8,0x19e8,0xa6fa,0xa6fa,0xa6fa,0xa6fa,0x19e8,0x19e8,0x19e8,0xefdb,0xefdb,0xefdb,0xefdb,0x19e8,0x19e8,0x19e8,0x19e8,
0x19e8,0x19e8,0x19e8,0xefdb,0xefdb,0xefdb,0xefdb,0x19e8,0x19e8,0x19e8,0x19e8,0xa6fa,0xa6fa,0xa6fa,0xa6fa,0x19e8,0x19e8,0x0000,0x0000,0x0000,0x0000,0x0000,0x0000,0x0000,0x0000,0x0000,0x0000,0x0000,0x0000,0x0000,0x0000,0x0000,
0x0000,0x0000,0x0000,0x0000,0x0000,0x0000,0x0000,0x0000,0x0000,0x0000,0x0000,0x0000,0x0000,0x0000,0x0000,0x19e8,0x19e8,0xa6fa,0xa6fa,0xa6fa,0xa6fa,0x19e8,0x19e8,0x19e8,0x19e8,0x19e8,0x19e8,0x19e8,0x19e8,0x19e8,0x19e8,0x19e8,
0x19e8,0x19e8,0x19e8,0x19e8,0x19e8,0x19e8,0x19e8,0x19e8,0x19e8,0x19e8,0x19e8,0xa6fa,0xa6fa,0xa6fa,0xa6fa,0x19e8,0x19e8,0x0000,0x0000,0x0000,0x0000,0x0000,0x0000,0x0000,0x0000,0x0000,0x0000,0x0000,0x0000,0x0000,0x0000,0x0000,
0x0000,0x0000,0x0000,0x0000,0x0000,0x0000,0x0000,0x0000,0x0000,0x0000,0x0000,0x0000,0x0000,0x0000,0x0000,0x19e8,0x19e8,0xa6fa,0xa6fa,0xa6fa,0xa6fa,0x19e8,0x19e8,0x19e8,0x19e8,0x19e8,0x19e8,0x19e8,0x19e8,0x19e8,0x19e8,0x19e8,
0x19e8,0x19e8,0x19e8,0x19e8,0x19e8,0x19e8,0x19e8,0x19e8,0x19e8,0x19e8,0x19e8,0xa6fa,0xa6fa,0xa6fa,0xa6fa,0x19e8,0x19e8,0x0000,0x0000,0x0000,0x0000,0x0000,0x0000,0x0000,0x0000,0x0000,0x0000,0x0000,0x0000,0x0000,0x0000,0x0000,
0x0000,0x0000,0x0000,0x0000,0x0000,0x0000,0x0000,0x0000,0x0000,0x0000,0x0000,0x0000,0x0000,0x0000,0x0000,0x19e8,0x19e8,0xa6fa,0xa6fa,0xa6fa,0xa6fa,0x19e8,0x19e8,0x19e8,0x19e8,0x19e8,0x19e8,0x19e8,0x19e8,0x19e8,0x19e8,0x19e8,
0x19e8,0x19e8,0x19e8,0x19e8,0x19e8,0x19e8,0x19e8,0x19e8,0x19e8,0x19e8,0x19e8,0xa6fa,0xa6fa,0xa6fa,0xa6fa,0x19e8,0x19e8,0x0000,0x0000,0x0000,0x0000,0x0000,0x0000,0x0000,0x0000,0x0000,0x0000,0x0000,0x0000,0x0000,0x0000,0x0000,
0x0000,0x0000,0x0000,0x0000,0x0000,0x0000,0x0000,0x0000,0x0000,0x0000,0x0000,0x0000,0x0000,0x0000,0x0000,0x19e8,0x19e8,0xa6fa,0xa6fa,0xa6fa,0xa6fa,0x19e8,0x19e8,0x19e8,0x19e8,0x19e8,0x19e8,0x19e8,0x19e8,0x19e8,0x19e8,0x19e8,
0x19e8,0x19e8,0x19e8,0x19e8,0x19e8,0x19e8,0x19e8,0x19e8,0x19e8,0x19e8,0x19e8,0xa6fa,0xa6fa,0xa6fa,0xa6fa,0x19e8,0x19e8,0x0000,0x0000,0x0000,0x0000,0x0000,0x0000,0x0000,0x0000,0x0000,0x0000,0x0000,0x0000,0x0000,0x0000,0x0000,
0x0000,0x0000,0x0000,0x0000,0x0000,0x0000,0x0000,0x0000,0x0000,0x0000,0x0000,0x0000,0x0000,0x0000,0x0000,0x19e8,0x19e8,0xa6fa,0xa6fa,0xa6fa,0xa6fa,0xa6fa,0xa6fa,0xa6fa,0xa6fa,0xa6fa,0xa6fa,0xa6fa,0xa6fa,0xa6fa,0xa6fa,0xa6fa,
0xa6fa,0xa6fa,0xa6fa,0xa6fa,0xa6fa,0xa6fa,0xa6fa,0xa6fa,0xa6fa,0xa6fa,0xa6fa,0xa6fa,0xa6fa,0xa6fa,0xa6fa,0x19e8,0x19e8,0x0000,0x0000,0x0000,0x0000,0x0000,0x0000,0x0000,0x0000,0x0000,0x0000,0x0000,0x0000,0x0000,0x0000,0x0000,
0x0000,0x0000,0x0000,0x0000,0x0000,0x0000,0x0000,0x0000,0x0000,0x0000,0x0000,0x0000,0x0000,0x0000,0x0000,0x19e8,0x19e8,0xa6fa,0xa6fa,0xa6fa,0xa6fa,0xa6fa,0xa6fa,0xa6fa,0xa6fa,0xa6fa,0xa6fa,0x19e8,0x19e8,0x19e8,0x19e8,0x19e8,
0x19e8,0x19e8,0x19e8,0x19e8,0x19e8,0xa6fa,0xa6fa,0xa6fa,0xa6fa,0xa6fa,0xa6fa,0xa6fa,0xa6fa,0xa6fa,0xa6fa,0x19e8,0x19e8,0x0000,0x0000,0x0000,0x0000,0x0000,0x0000,0x0000,0x0000,0x0000,0x0000,0x0000,0x0000,0x0000,0x0000,0x0000,
0x0000,0x0000,0x0000,0x0000,0x0000,0x0000,0x0000,0x0000,0x0000,0x0000,0x0000,0x0000,0x0000,0x0000,0x0000,0x19e8,0x19e8,0xa6fa,0xa6fa,0xa6fa,0xa6fa,0xa6fa,0xa6fa,0xa6fa,0xa6fa,0xa6fa,0xa6fa,0x19e8,0x19e8,0x19e8,0x19e8,0x19e8,
0x19e8,0x19e8,0x19e8,0x19e8,0x19e8,0xa6fa,0xa6fa,0xa6fa,0xa6fa,0xa6fa,0xa6fa,0xa6fa,0xa6fa,0xa6fa,0xa6fa,0x19e8,0x19e8,0x0000,0x0000,0x0000,0x0000,0x0000,0x0000,0x0000,0x0000,0x0000,0x0000,0x0000,0x0000,0x0000,0x0000,0x0000,
0x0000,0x0000,0x0000,0x0000,0x0000,0x0000,0x0000,0x0000,0x0000,0x0000,0x0000,0x0000,0x0000,0x0000,0x0000,0x19e8,0x19e8,0xa6fa,0xa6fa,0xa6fa,0xa6fa,0xa6fa,0xa6fa,0xa6fa,0xa6fa,0xa6fa,0xa6fa,0xa6fa,0xa6fa,0xa6fa,0xa6fa,0xa6fa,
0xa6fa,0xa6fa,0xa6fa,0xa6fa,0xa6fa,0xa6fa,0xa6fa,0xa6fa,0xa6fa,0xa6fa,0xa6fa,0xa6fa,0xa6fa,0xa6fa,0xa6fa,0x19e8,0x19e8,0x0000,0x0000,0x0000,0x0000,0x0000,0x0000,0x0000,0x0000,0x0000,0x0000,0x0000,0x0000,0x0000,0x0000,0x0000,
0x0000,0x0000,0x0000,0x0000,0x0000,0x0000,0x0000,0x0000,0x0000,0x0000,0x0000,0x0000,0x0000,0x0000,0x0000,0x19e8,0x19e8,0xa6fa,0xa6fa,0xa6fa,0xa6fa,0xa6fa,0xa6fa,0xa6fa,0xa6fa,0xa6fa,0xa6fa,0xa6fa,0xa6fa,0xa6fa,0xa6fa,0xa6fa,
0xa6fa,0xa6fa,0xa6fa,0xa6fa,0xa6fa,0xa6fa,0xa6fa,0xa6fa,0xa6fa,0xa6fa,0xa6fa,0xa6fa,0xa6fa,0xa6fa,0xa6fa,0x19e8,0x19e8,0x0000,0x0000,0x0000,0x0000,0x0000,0x0000,0x0000,0x0000,0x0000,0x0000,0x0000,0x0000,0x0000,0x0000,0x0000,
0x0000,0x0000,0x0000,0x0000,0x0000,0x0000,0x0000,0x0000,0x0000,0x0000,0x0000,0x0000,0x0000,0x0000,0x0000,0x19e8,0x19e8,0x19e8,0x19e8,0x19e8,0x19e8,0x19e8,0x19e8,0x19e8,0x19e8,0x19e8,0x19e8,0x19e8,0x19e8,0x19e8,0x19e8,0x19e8,
0x19e8,0x19e8,0x19e8,0x19e8,0x19e8,0x19e8,0x19e8,0x19e8,0x19e8,0x19e8,0x19e8,0x19e8,0x19e8,0x19e8,0x19e8,0x19e8,0x19e8,0x0000,0x0000,0x0000,0x0000,0x0000,0x0000,0x0000,0x0000,0x0000,0x0000,0x0000,0x0000,0x0000,0x0000,0x0000,
0x0000,0x0000,0x0000,0x0000,0x0000,0x0000,0x0000,0x0000,0x0000,0x0000,0x0000,0x0000,0x0000,0x0000,0x0000,0x19e8,0x19e8,0x19e8,0x19e8,0x19e8,0x19e8,0x19e8,0x19e8,0x19e8,0x19e8,0x19e8,0x19e8,0x19e8,0x19e8,0x19e8,0x19e8,0x19e8,
0x19e8,0x19e8,0x19e8,0x19e8,0x19e8,0x19e8,0x19e8,0x19e8,0x19e8,0x19e8,0x19e8,0x19e8,0x19e8,0x19e8,0x19e8,0x19e8,0x19e8,0x0000,0x0000,0x0000,0x0000,0x0000,0x0000,0x0000,0x0000,0x0000,0x0000,0x0000,0x0000,0x0000,0x0000,0x0000,
0x0000,0x0000,0x0000,0x0000,0x0000,0x0000,0x0000,0x0000,0x0000,0x0000,0x0000,0x0000,0x0000,0x0000,0x0000,0x0000,0x0000,0x0000,0x0000,0x0000,0x0000,0x19e8,0x19e8,0x19e8,0x19e8,0x19e8,0x19e8,0x19e8,0x19e8,0x19e8,0x19e8,0x19e8,
0x19e8,0x19e8,0x19e8,0x19e8,0x19e8,0x19e8,0x19e8,0x19e8,0x19e8,0x19e8,0x19e8,0x0000,0x0000,0x0000,0x0000,0x0000,0x0000,0x0000,0x0000,0x0000,0x0000,0x0000,0x0000,0x0000,0x0000,0x0000,0x0000,0x0000,0x0000,0x0000,0x0000,0x0000,
0x0000,0x0000,0x0000,0x0000,0x0000,0x0000,0x0000,0x0000,0x0000,0x0000,0x0000,0x0000,0x0000,0x0000,0x0000,0x0000,0x0000,0x0000,0x0000,0x0000,0x0000,0x19e8,0x19e8,0x19e8,0x19e8,0x19e8,0x19e8,0x19e8,0x19e8,0x19e8,0x19e8,0x19e8,
0x19e8,0x19e8,0x19e8,0x19e8,0x19e8,0x19e8,0x19e8,0x19e8,0x19e8,0x19e8,0x19e8,0x0000,0x0000,0x0000,0x0000,0x0000,0x0000,0x0000,0x0000,0x0000,0x0000,0x0000,0x0000,0x0000,0x0000,0x0000,0x0000,0x0000,0x0000,0x0000,0x0000,0x0000,
0x0000,0x0000,0x0000,0x0000,0x0000,0x0000,0x0000,0x0000,0x0000,0x0000,0x0000,0x0000,0x0000,0x0000,0x0000,0x0000,0x0000,0x0000,0x0000,0x0000,0x0000,0x19e8,0x19e8,0xa6fa,0xa6fa,0xa6fa,0xa6fa,0xa6fa,0xa6fa,0xa6fa,0xa6fa,0xa6fa,
0xa6fa,0xa6fa,0xa6fa,0xa6fa,0xa6fa,0xa6fa,0xa6fa,0xa6fa,0xa6fa,0x19e8,0x19e8,0x0000,0x0000,0x0000,0x0000,0x0000,0x0000,0x0000,0x0000,0x0000,0x0000,0x0000,0x0000,0x0000,0x0000,0x0000,0x0000,0x0000,0x0000,0x0000,0x0000,0x0000,
0x0000,0x0000,0x0000,0x0000,0x0000,0x0000,0x0000,0x0000,0x0000,0xa6fa,0xa6fa,0xa6fa,0xa6fa,0xa6fa,0x0000,0x0000,0x0000,0x0000,0x0000,0x0000,0x0000,0x19e8,0x19e8,0xa6fa,0xa6fa,0xa6fa,0xa6fa,0xa6fa,0xa6fa,0xa6fa,0xa6fa,0xa6fa,
0xa6fa,0xa6fa,0xa6fa,0xa6fa,0xa6fa,0xa6fa,0xa6fa,0xa6fa,0xa6fa,0x19e8,0x19e8,0x0000,0x0000,0x0000,0x0000,0x0000,0x0000,0x0000,0xa6fa,0xa6fa,0xa6fa,0xa6fa,0xa6fa,0x0000,0x0000,0x0000,0x0000,0x0000,0x0000,0x0000,0x0000,0x0000,
0x0000,0x0000,0x0000,0x0000,0x0000,0x0000,0x0000,0x0000,0x0000,0xa6fa,0xa6fa,0xa6fa,0xa6fa,0xa6fa,0x0000,0x0000,0x0000,0x0000,0x0000,0x0000,0x0000,0x19e8,0x19e8,0xa6fa,0xa6fa,0xa6fa,0xa6fa,0xa6fa,0xa6fa,0xa6fa,0xa6fa,0xa6fa,
0xa6fa,0xa6fa,0xa6fa,0xa6fa,0xa6fa,0xa6fa,0xa6fa,0xa6fa,0xa6fa,0x19e8,0x19e8,0x0000,0x0000,0x0000,0x0000,0x0000,0x0000,0x0000,0xa6fa,0xa6fa,0xa6fa,0xa6fa,0xa6fa,0x0000,0x0000,0x0000,0x0000,0x0000,0x0000,0x0000,0x0000,0x0000,
0x0000,0x0000,0x0000,0x0000,0x0000,0x0000,0x0000,0x0000,0x0000,0xa6fa,0xa6fa,0xa6fa,0xa6fa,0xa6fa,0x0000,0x0000,0x0000,0x0000,0x0000,0x0000,0x0000,0x19e8,0x19e8,0xa6fa,0xa6fa,0xa6fa,0xa6fa,0xa6fa,0xa6fa,0xa6fa,0xa6fa,0xa6fa,
0xa6fa,0xa6fa,0xa6fa,0xa6fa,0xa6fa,0xa6fa,0xa6fa,0xa6fa,0xa6fa,0x19e8,0x19e8,0x0000,0x0000,0x0000,0x0000,0x0000,0x0000,0x0000,0xa6fa,0xa6fa,0xa6fa,0xa6fa,0xa6fa,0x0000,0x0000,0x0000,0x0000,0x0000,0x0000,0x0000,0x0000,0x0000,
0x0000,0x0000,0x0000,0x0000,0x0000,0x0000,0x0000,0x0000,0x0000,0xa6fa,0xa6fa,0xa6fa,0xa6fa,0xa6fa,0x0000,0x0000,0x0000,0x0000,0x0000,0x0000,0x0000,0x19e8,0x19e8,0xa6fa,0xa6fa,0xa6fa,0xa6fa,0xa6fa,0xa6fa,0xa6fa,0xa6fa,0xa6fa,
0xa6fa,0xa6fa,0xa6fa,0xa6fa,0xa6fa,0xa6fa,0xa6fa,0xa6fa,0xa6fa,0x19e8,0x19e8,0x0000,0x0000,0x0000,0x0000,0x0000,0x0000,0x0000,0xa6fa,0xa6fa,0xa6fa,0xa6fa,0xa6fa,0x0000,0x0000,0x0000,0x0000,0x0000,0x0000,0x0000,0x0000,0x0000,
0x0000,0x0000,0x0000,0x0000,0x0000,0x0000,0x0000,0x0000,0x0000,0xa6fa,0xa6fa,0xa6fa,0xa6fa,0xa6fa,0x0000,0x0000,0x0000,0x0000,0x0000,0x0000,0x0000,0x19e8,0x19e8,0xa6fa,0xa6fa,0xa6fa,0xa6fa,0xa6fa,0xa6fa,0xa6fa,0xa6fa,0xa6fa,
0xa6fa,0xa6fa,0xa6fa,0xa6fa,0xa6fa,0xa6fa,0xa6fa,0xa6fa,0xa6fa,0x19e8,0x19e8,0x0000,0x0000,0x0000,0x0000,0x0000,0x0000,0x0000,0xa6fa,0xa6fa,0xa6fa,0xa6fa,0xa6fa,0x0000,0x0000,0x0000,0x0000,0x0000,0x0000,0x0000,0x0000,0x0000,
0x0000,0x0000,0x0000,0x0000,0x0000,0x0000,0x0000,0x0000,0x0000,0xa6fa,0xa6fa,0xa6fa,0xa6fa,0xa6fa,0x0000,0x0000,0x0000,0x0000,0x0000,0x0000,0x0000,0x19e8,0x19e8,0xa6fa,0xa6fa,0xa6fa,0xa6fa,0xa6fa,0xa6fa,0xa6fa,0xa6fa,0xa6fa,
0xa6fa,0xa6fa,0xa6fa,0xa6fa,0xa6fa,0xa6fa,0xa6fa,0xa6fa,0xa6fa,0x19e8,0x19e8,0x0000,0x0000,0x0000,0x0000,0x0000,0x0000,0x0000,0xa6fa,0xa6fa,0xa6fa,0xa6fa,0xa6fa,0x0000,0x0000,0x0000,0x0000,0x0000,0x0000,0x0000,0x0000,0x0000,
0x0000,0x0000,0x0000,0x0000,0x0000,0x0000,0x0000,0x0000,0x0000,0xa6fa,0xa6fa,0xa6fa,0xa6fa,0xa6fa,0x0000,0x0000,0x0000,0x0000,0x0000,0x0000,0x0000,0x19e8,0x19e8,0xa6fa,0xa6fa,0xa6fa,0xa6fa,0xa6fa,0xa6fa,0xa6fa,0xa6fa,0xa6fa,
0xa6fa,0xa6fa,0xa6fa,0xa6fa,0xa6fa,0xa6fa,0xa6fa,0xa6fa,0xa6fa,0x19e8,0x19e8,0x0000,0x0000,0x0000,0x0000,0x0000,0x0000,0x0000,0xa6fa,0xa6fa,0xa6fa,0xa6fa,0xa6fa,0x0000,0x0000,0x0000,0x0000,0x0000,0x0000,0x0000,0x0000,0x0000,
0x0000,0x0000,0x0000,0x0000,0x0000,0x0000,0x0000,0x0000,0x0000,0xa6fa,0xa6fa,0xa6fa,0xa6fa,0xa6fa,0x0000,0x0000,0x0000,0x0000,0x0000,0x0000,0x0000,0x19e8,0x19e8,0x19e8,0x19e8,0x19e8,0x19e8,0x19e8,0x19e8,0x19e8,0x19e8,0x19e8,
0x19e8,0x19e8,0x19e8,0x19e8,0x19e8,0x19e8,0x19e8,0x19e8,0x19e8,0x19e8,0x19e8,0x0000,0x0000,0x0000,0x0000,0x0000,0x0000,0x0000,0xa6fa,0xa6fa,0xa6fa,0xa6fa,0xa6fa,0x0000,0x0000,0x0000,0x0000,0x0000,0x0000,0x0000,0x0000,0x0000,
0x0000,0x0000,0x0000,0x0000,0x0000,0x0000,0x0000,0x0000,0x0000,0xa6fa,0xa6fa,0xa6fa,0xa6fa,0xa6fa,0x0000,0x0000,0x0000,0x0000,0x0000,0x0000,0x0000,0x19e8,0x19e8,0x19e8,0x19e8,0x19e8,0x19e8,0x19e8,0x19e8,0x19e8,0x19e8,0x19e8,
0x19e8,0x19e8,0x19e8,0x19e8,0x19e8,0x19e8,0x19e8,0x19e8,0x19e8,0x19e8,0x19e8,0x0000,0x0000,0x0000,0x0000,0x0000,0x0000,0x0000,0xa6fa,0xa6fa,0xa6fa,0xa6fa,0xa6fa,0x0000,0x0000,0x0000,0x0000,0x0000,0x0000,0x0000,0x0000,0x0000,
0x0000,0x0000,0x0000,0x0000,0x0000,0x0000,0x0000,0x0000,0x0000,0x0000,0x0000,0x0000,0x0000,0x0000,0x0000,0x0000,0x0000,0x0000,0x0000,0x0000,0x0000,0x0000,0x0000,0x0000,0x0000,0x0000,0x0000,0x0000,0x0000,0x0000,0x0000,0x0000,
0x0000,0x0000,0x0000,0x0000,0x0000,0x0000,0x0000,0x0000,0x0000,0x0000,0x0000,0x0000,0x0000,0x0000,0x0000,0x0000,0x0000,0x0000,0x0000,0x0000,0x0000,0x0000,0x0000,0x0000,0x0000,0x0000,0x0000,0x0000,0x0000,0x0000,0x0000,0x0000,
0x0000,0x0000,0x0000,0x0000,0x0000,0x0000,0x0000,0x0000,0x0000,0x0000,0x0000,0x0000,0x0000,0x0000,0x0000,0x0000,0x0000,0x0000,0x0000,0x0000,0x0000,0x0000,0x0000,0x0000,0x0000,0x0000,0xa6fa,0xa6fa,0xa6fa,0xa6fa,0x0000,0x0000,
0x0000,0x0000,0xa6fa,0xa6fa,0xa6fa,0xa6fa,0x0000,0x0000,0x0000,0x0000,0x0000,0x0000,0x0000,0x0000,0x0000,0x0000,0x0000,0x0000,0x0000,0x0000,0x0000,0x0000,0x0000,0x0000,0x0000,0x0000,0x0000,0x0000,0x0000,0x0000,0x0000,0x0000,
0x0000,0x0000,0x0000,0x0000,0x0000,0x0000,0x0000,0x0000,0x0000,0x0000,0x0000,0x0000,0x0000,0x0000,0x0000,0x0000,0x0000,0x0000,0x0000,0x0000,0x0000,0x0000,0x0000,0x0000,0x0000,0x0000,0xa6fa,0xa6fa,0xa6fa,0xa6fa,0x0000,0x0000,
0x0000,0x0000,0xa6fa,0xa6fa,0xa6fa,0xa6fa,0x0000,0x0000,0x0000,0x0000,0x0000,0x0000,0x0000,0x0000,0x0000,0x0000,0x0000,0x0000,0x0000,0x0000,0x0000,0x0000,0x0000,0x0000,0x0000,0x0000,0x0000,0x0000,0x0000,0x0000,0x0000,0x0000,
0x0000,0x0000,0x0000,0x0000,0x0000,0x0000,0x0000,0x0000,0x0000,0x0000,0x0000,0x0000,0x0000,0x0000,0x0000,0x0000,0x0000,0x0000,0x0000,0x0000,0x0000,0x0000,0x0000,0x0000,0x0000,0x0000,0xa6fa,0xa6fa,0xa6fa,0xa6fa,0x0000,0x0000,
0x0000,0x0000,0xa6fa,0xa6fa,0xa6fa,0xa6fa,0x0000,0x0000,0x0000,0x0000,0x0000,0x0000,0x0000,0x0000,0x0000,0x0000,0x0000,0x0000,0x0000,0x0000,0x0000,0x0000,0x0000,0x0000,0x0000,0x0000,0x0000,0x0000,0x0000,0x0000,0x0000,0x0000,
0x0000,0x0000,0x0000,0x0000,0x0000,0x0000,0x0000,0x0000,0x0000,0x0000,0x0000,0x0000,0x0000,0x0000,0x0000,0x0000,0x0000,0x0000,0x0000,0x0000,0x0000,0x0000,0x0000,0x0000,0x0000,0x0000,0xa6fa,0xa6fa,0xa6fa,0xa6fa,0x0000,0x0000,
0x0000,0x0000,0xa6fa,0xa6fa,0xa6fa,0xa6fa,0x0000,0x0000,0x0000,0x0000,0x0000,0x0000,0x0000,0x0000,0x0000,0x0000,0x0000,0x0000,0x0000,0x0000,0x0000,0x0000,0x0000,0x0000,0x0000,0x0000,0x0000,0x0000,0x0000,0x0000,0x0000,0x0000,
0x0000,0x0000,0x0000,0x0000,0x0000,0x0000,0x0000,0x0000,0x0000,0x0000,0x0000,0x0000,0x0000,0x0000,0x0000,0x0000,0x0000,0x0000,0x0000,0x0000,0x0000,0x0000,0x0000,0x0000,0x0000,0x0000,0x0000,0x0000,0x0000,0x0000,0x0000,0x0000,
0x0000,0x0000,0x0000,0x0000,0x0000,0x0000,0x0000,0x0000,0x0000,0x0000,0x0000,0x0000,0x0000,0x0000,0x0000,0x0000,0x0000,0x0000,0x0000,0x0000,0x0000,0x0000,0x0000,0x0000,0x0000,0x0000,0x0000,0x0000,0x0000,0x0000,0x0000,0x0000,
0x0000,0x0000,0x0000,0x0000,0x0000,0x0000,0x0000,0x0000,0x0000,0x0000,0x0000,0x0000,0x0000,0x0000,0x0000,0x0000,0x0000,0x0000,0x0000,0x0000,0x0000,0x0000,0x0000,0x0000,0x0000,0x0000,0x0000,0x0000,0x0000,0x0000,0x0000,0x0000,
0x0000,0x0000,0x0000,0x0000,0x0000,0x0000,0x0000,0x0000,0x0000,0x0000,0x0000,0x0000,0x0000,0x0000,0x0000,0x0000,0x0000,0x0000,0x0000,0x0000,0x0000,0x0000,0x0000,0x0000,0x0000,0x0000,0x0000,0x0000,0x0000,0x0000,0x0000,0x0000,
0x0000,0x0000,0x0000,0x0000,0x0000,0x0000,0x0000,0x0000,0x0000,0x0000,0x0000,0x0000,0x0000,0x0000,0x0000,0x0000,0x0000,0x0000,0x0000,0x0000,0x0000,0x0000,0x0000,0x0000,0x0000,0x0000,0x0000,0x0000,0x0000,0x0000,0x0000,0x0000,
0x0000,0x0000,0x0000,0x0000,0x0000,0x0000,0x0000,0x0000,0x0000,0x0000,0x0000,0x0000,0x0000,0x0000,0x0000,0x0000,0x0000,0x0000,0x0000,0x0000,0x0000,0x0000,0x0000,0x0000,0x0000,0x0000,0x0000,0x0000,0x0000,0x0000,0x0000,0x0000,
0x0000,0x0000,0x0000,0x0000,0x0000,0x0000,0x0000,0x0000,0x0000,0x0000,0x0000,0x0000,0x0000,0x0000,0x0000,0x0000,0x0000,0x0000,0x0000,0x0000,0x0000,0x0000,0x0000,0x0000,0x0000,0x0000,0x0000,0x0000,0x0000,0x0000,0x0000,0x0000,
0x0000,0x0000,0x0000,0x0000,0x0000,0x0000,0x0000,0x0000,0x0000,0x0000,0x0000,0x0000,0x0000,0x0000,0x0000,0x0000,0x0000,0x0000,0x0000,0x0000,0x0000,0x0000,0x0000,0x0000,0x0000,0x0000,0x0000,0x0000,0x0000,0x0000,0x0000,0x0000,
0x0000,0x0000,0x0000,0x0000,0x0000,0x0000,0x0000,0x0000,0x0000,0x0000,0x0000,0x0000,0x0000,0x0000,0x0000,0x0000,0x0000,0x0000,0x0000,0x0000,0x0000,0x0000,0x0000,0x0000,0x0000,0x0000,0x0000,0x0000,0x0000,0x0000,0x0000,0x0000,
0x0000,0x0000,0x0000,0x0000,0x0000,0x0000,0x0000,0x0000,0x0000,0x0000,0x0000,0x0000,0x0000,0x0000,0x0000,0x0000,0x0000,0x0000,0x0000,0x0000,0x0000,0x0000,0x0000,0x0000,0x0000,0x0000,0x0000,0x0000,0x0000,0x0000,0x0000,0x0000,
0x0000,0x0000,0x0000,0x0000,0x0000,0x0000,0x0000,0x0000,0x0000,0x0000,0x0000,0x0000,0x0000,0x0000,0x0000,0x0000,0x0000,0x0000,0x0000,0x0000,0x0000,0x0000,0x0000,0x0000,0x0000,0x0000,0x0000,0x0000,0x0000,0x0000,0x0000,0x0000,
0x0000,0x0000,0x0000,0x0000,0x0000,0x0000,0x0000,0x0000,0x0000,0x0000,0x0000,0x0000,0x0000,0x0000,0x0000,0x0000,0x0000,0x0000,0x0000,0x0000,0x0000,0x0000,0x0000,0x0000,0x0000,0x0000,0x0000,0x0000,0x0000,0x0000,0x0000,0x0000,
0x0000,0x0000,0x0000,0x0000,0x0000,0x0000,0x0000,0x0000,0x0000,0x0000,0x0000,0x0000,0x0000,0x0000,0x0000,0x0000,0x0000,0x0000,0x0000,0x0000,0x0000,0x0000,0x0000,0x0000,0x0000,0x0000,0x0000,0x0000,0x0000,0x0000,0x0000,0x0000,
0x0000,0x0000,0x0000,0x0000,0x0000,0x0000,0x0000,0x0000,0x0000,0x0000,0x0000,0x0000,0x0000,0x0000,0x0000,0x0000,0x0000,0x0000,0x0000,0x0000,0x0000,0x0000,0x0000,0x0000,0x0000,0x0000,0x0000,0x0000,0x0000,0x0000,0x0000,0x0000,
};
static const uint16_t frame_5[4096] = {
0x0000,0x0000,0x0000,0x0000,0x0000,0x0000,0x0000,0x0000,0x0000,0x0000,0x0000,0x0000,0x0000,0x0000,0x0000,0x0000,0x0000,0x0000,0x0000,0x0000,0x0000,0x0000,0x0000,0x0000,0x0000,0x0000,0x0000,0x0000,0x0000,0x0000,0x0000,0x0000,
0x0000,0x0000,0x0000,0x0000,0x0000,0x0000,0x0000,0x0000,0x0000,0x0000,0x0000,0x0000,0x0000,0x0000,0x0000,0x0000,0x0000,0x0000,0x0000,0x0000,0x0000,0x0000,0x0000,0x0000,0x0000,0x0000,0x0000,0x0000,0x0000,0x0000,0x0000,0x0000,
0x0000,0x0000,0x0000,0x0000,0x0000,0x0000,0x0000,0x0000,0x0000,0x0000,0x0000,0x0000,0x0000,0x0000,0x0000,0x0000,0x0000,0x0000,0x0000,0x0000,0x0000,0x0000,0x0000,0x0000,0x0000,0x0000,0x0000,0x0000,0x0000,0x0000,0x0000,0x0000,
0x0000,0x0000,0x0000,0x0000,0x0000,0x0000,0x0000,0x0000,0x0000,0x0000,0x0000,0x0000,0x0000,0x0000,0x0000,0x0000,0x0000,0x0000,0x0000,0x0000,0x0000,0x0000,0x0000,0x0000,0x0000,0x0000,0x0000,0x0000,0x0000,0x0000,0x0000,0x0000,
0x0000,0x0000,0x0000,0x0000,0x0000,0x0000,0x0000,0x0000,0x0000,0x0000,0x0000,0x0000,0x0000,0x0000,0x0000,0x0000,0x0000,0x0000,0x0000,0x0000,0x0000,0x0000,0x0000,0x0000,0x0000,0x0000,0x0000,0x0000,0x0000,0x0000,0x0000,0x0000,
0x0000,0x0000,0x0000,0x0000,0x0000,0x0000,0x0000,0x0000,0x0000,0x0000,0x0000,0x0000,0x0000,0x0000,0x0000,0x0000,0x0000,0x0000,0x0000,0x0000,0x0000,0x0000,0x0000,0x0000,0x0000,0x0000,0x0000,0x0000,0x0000,0x0000,0x0000,0x0000,
0x0000,0x0000,0x0000,0x0000,0x0000,0x0000,0x0000,0x0000,0x0000,0x0000,0x0000,0x0000,0x0000,0x0000,0x0000,0x0000,0x0000,0x0000,0x0000,0x0000,0x0000,0x0000,0x0000,0x0000,0x0000,0x0000,0x0000,0x0000,0x0000,0x0000,0x0000,0x0000,
0x0000,0x0000,0x0000,0x0000,0x0000,0x0000,0x0000,0x0000,0x0000,0x0000,0x0000,0x0000,0x0000,0x0000,0x0000,0x0000,0x0000,0x0000,0x0000,0x0000,0x0000,0x0000,0x0000,0x0000,0x0000,0x0000,0x0000,0x0000,0x0000,0x0000,0x0000,0x0000,
0x0000,0x0000,0x0000,0x0000,0x0000,0x0000,0x0000,0x0000,0x0000,0x0000,0x0000,0x0000,0x0000,0x0000,0x0000,0x0000,0x0000,0x0000,0x0000,0x0000,0x0000,0x0000,0x0000,0x0000,0x0000,0x0000,0x0000,0x0000,0x0000,0x0000,0x0000,0x0000,
0x0000,0x0000,0x0000,0x0000,0x0000,0x0000,0x0000,0x0000,0x0000,0x0000,0x0000,0x0000,0x0000,0x0000,0x0000,0x0000,0x0000,0x0000,0x0000,0x0000,0x0000,0x0000,0x0000,0x0000,0x0000,0x0000,0x0000,0x0000,0x0000,0x0000,0x0000,0x0000,
0x0000,0x0000,0x0000,0x0000,0x0000,0x0000,0x0000,0x0000,0x0000,0x0000,0x0000,0x0000,0x0000,0x0000,0x0000,0x0000,0x0000,0x0000,0x0000,0x0000,0x0000,0x0000,0x0000,0x0000,0x0000,0x0000,0x0000,0x0000,0x0000,0x0000,0x0000,0x0000,
0x0000,0x0000,0x0000,0x0000,0x0000,0x0000,0x0000,0x0000,0x0000,0x0000,0x0000,0x0000,0x0000,0x0000,0x0000,0x0000,0x0000,0x0000,0x0000,0x0000,0x0000,0x0000,0x0000,0x0000,0x0000,0x0000,0x0000,0x0000,0x0000,0x0000,0x0000,0x0000,
0x0000,0x0000,0x0000,0x0000,0x0000,0x0000,0x0000,0x0000,0x0000,0x0000,0x0000,0x0000,0x0000,0x0000,0x0000,0x0000,0x0000,0x0000,0x0000,0x0000,0x0000,0x0000,0x0000,0x0000,0x0000,0x0000,0x0000,0x0000,0x0000,0x0000,0x0000,0x0000,
0x0000,0x0000,0x0000,0x0000,0x0000,0x0000,0x0000,0x0000,0x0000,0x0000,0x0000,0x0000,0x0000,0x0000,0x0000,0x0000,0x0000,0x0000,0x0000,0x0000,0x0000,0x0000,0x0000,0x0000,0x0000,0x0000,0x0000,0x0000,0x0000,0x0000,0x0000,0x0000,
0x0000,0x0000,0x0000,0x0000,0x0000,0x0000,0x0000,0x0000,0x0000,0x0000,0x0000,0x0000,0x0000,0x0000,0x0000,0x0000,0x0000,0x0000,0x0000,0x0000,0x0000,0x0000,0x0000,0x0000,0x0000,0x0000,0x0000,0xfeb2,0xfeb2,0xfeb2,0xfeb2,0xfeb2,
0xfeb2,0xfeb2,0xfeb2,0xfeb2,0xfeb2,0x0000,0x0000,0x0000,0x0000,0x0000,0x0000,0x0000,0x0000,0x0000,0x0000,0x0000,0x0000,0x0000,0x0000,0x0000,0x0000,0x0000,0x0000,0x0000,0x0000,0x0000,0x0000,0x0000,0x0000,0x0000,0x0000,0x0000,
0x0000,0x0000,0x0000,0x0000,0x0000,0x0000,0x0000,0x0000,0x0000,0x0000,0x0000,0x0000,0x0000,0x0000,0x0000,0x0000,0x0000,0x0000,0x0000,0x0000,0x0000,0x0000,0x0000,0x0000,0x0000,0x0000,0x0000,0xfeb2,0xfeb2,0xfeb2,0xfeb2,0xfeb2,
0xfeb2,0xfeb2,0xfeb2,0xfeb2,0xfeb2,0x0000,0x0000,0x0000,0x0000,0x0000,0x0000,0x0000,0x0000,0x0000,0x0000,0x0000,0x0000,0x0000,0x0000,0x0000,0x0000,0x0000,0x0000,0x0000,0x0000,0x0000,0x0000,0x0000,0x0000,0x0000,0x0000,0x0000,
0x0000,0x0000,0x0000,0x0000,0x0000,0x0000,0x0000,0x0000,0x0000,0x0000,0x0000,0x0000,0x0000,0x0000,0x0000,0x0000,0x0000,0x0000,0x0000,0x0000,0x0000,0x0000,0x0000,0x0000,0x0000,0x0000,0x0000,0xfeb2,0xfeb2,0xfeb2,0xfeb2,0xfeb2,
0xfeb2,0xfeb2,0xfeb2,0xfeb2,0xfeb2,0x0000,0x0000,0x0000,0x0000,0x0000,0x0000,0x0000,0x0000,0x0000,0x0000,0x0000,0x0000,0x0000,0x0000,0x0000,0x0000,0x0000,0x0000,0x0000,0x0000,0x0000,0x0000,0x0000,0x0000,0x0000,0x0000,0x0000,
0x0000,0x0000,0x0000,0x0000,0x0000,0x0000,0x0000,0x0000,0x0000,0x0000,0x0000,0x0000,0x0000,0x0000,0x0000,0x0000,0x0000,0x0000,0x0000,0x0000,0x0000,0x0000,0x0000,0x0000,0x0000,0x0000,0x0000,0xfeb2,0xfeb2,0xfeb2,0xa6fa,0xa6fa,
0xa6fa,0xa6fa,0xfeb2,0xfeb2,0xfeb2,0x0000,0x0000,0x0000,0x0000,0x0000,0x0000,0x0000,0x0000,0x0000,0x0000,0x0000,0x0000,0x0000,0x0000,0x0000,0x0000,0x0000,0x0000,0x0000,0x0000,0x0000,0x0000,0x0000,0x0000,0x0000,0x0000,0x0000,
0x0000,0x0000,0x0000,0x0000,0x0000,0x0000,0x0000,0x0000,0x0000,0x0000,0x0000,0x0000,0x0000,0x0000,0x0000,0x0000,0x0000,0x0000,0x0000,0x0000,0x0000,0x0000,0x0000,0x0000,0x0000,0x0000,0x0000,0x0000,0x0000,0x0000,0xa6fa,0xa6fa,
0xa6fa,0xa6fa,0x0000,0x0000,0x0000,0x0000,0x0000,0x0000,0x0000,0x0000,0x0000,0x0000,0x0000,0x0000,0x0000,0x0000,0x0000,0x0000,0x0000,0x0000,0x0000,0x0000,0x0000,0x0000,0x0000,0x0000,0x0000,0x0000,0x0000,0x0000,0x0000,0x0000,
0x0000,0x0000,0x0000,0x0000,0x0000,0x0000,0x0000,0x0000,0x0000,0x0000,0x0000,0x0000,0x0000,0x0000,0x0000,0x0000,0x0000,0x0000,0x0000,0x0000,0x0000,0x0000,0x0000,0x0000,0x0000,0x0000,0x0000,0x0000,0x0000,0x0000,0xa6fa,0xa6fa,
0xa6fa,0xa6fa,0x0000,0x0000,0x0000,0x0000,0x0000,0x0000,0x0000,0x0000,0x0000,0x0000,0x0000,0x0000,0x0000,0x0000,0x0000,0x0000,0x0000,0x0000,0x0000,0x0000,0x0000,0x0000,0x0000,0x0000,0x0000,0x0000,0x0000,0x0000,0x0000,0x0000,
0x0000,0x0000,0x0000,0x0000,0x0000,0x0000,0x0000,0x0000,0x0000,0x0000,0x0000,0x0000,0x0000,0x0000,0x0000,0x0000,0x0000,0x0000,0x0000,0x0000,0x0000,0x0000,0x0000,0x0000,0x0000,0x0000,0x0000,0x0000,0x0000,0x0000,0xa6fa,0xa6fa,
0xa6fa,0xa6fa,0x0000,0x0000,0x0000,0x0000,0x0000,0x0000,0x0000,0x0000,0x0000,0x0000,0x0000,0x0000,0x0000,0x0000,0x0000,0x0000,0x0000,0x0000,0x0000,0x0000,0x0000,0x0000,0x0000,0x0000,0x0000,0x0000,0x0000,0x0000,0x0000,0x0000,
0x0000,0x0000,0x0000,0x0000,0x0000,0x0000,0x0000,0x0000,0x0000,0x0000,0x0000,0x0000,0x0000,0x0000,0x0000,0x19e8,0x19e8,0x19e8,0x19e8,0x19e8,0x19e8,0x19e8,0x19e8,0x19e8,0x19e8,0x19e8,0x19e8,0x19e8,0x19e8,0x19e8,0x19e8,0x19e8,
0x19e8,0x19e8,0x19e8,0x19e8,0x19e8,0x19e8,0x19e8,0x19e8,0x19e8,0x19e8,0x19e8,0x19e8,0x19e8,0x19e8,0x19e8,0x19e8,0x19e8,0x0000,0x0000,0x0000,0x0000,0x0000,0x0000,0x0000,0x0000,0x0000,0x0000,0x0000,0x0000,0x0000,0x0000,0x0000,
0x0000,0x0000,0x0000,0x0000,0x0000,0x0000,0x0000,0x0000,0x0000,0x0000,0x0000,0x0000,0x0000,0x0000,0x0000,0x19e8,0x19e8,0x19e8,0x19e8,0x19e8,0x19e8,0x19e8,0x19e8,0x19e8,0x19e8,0x19e8,0x19e8,0x19e8,0x19e8,0x19e8,0x19e8,0x19e8,
0x19e8,0x19e8,0x19e8,0x19e8,0x19e8,0x19e8,0x19e8,0x19e8,0x19e8,0x19e8,0x19e8,0x19e8,0x19e8,0x19e8,0x19e8,0x19e8,0x19e8,0x0000,0x0000,0x0000,0x0000,0x0000,0x0000,0x0000,0x0000,0x0000,0x0000,0x0000,0x0000,0x0000,0x0000,0x0000,
0x0000,0x0000,0x0000,0x0000,0x0000,0x0000,0x0000,0x0000,0x0000,0x0000,0x0000,0x0000,0x0000,0x0000,0x0000,0x19e8,0x19e8,0xa6fa,0xa6fa,0xa6fa,0xa6fa,0xa6fa,0xa6fa,0xa6fa,0xa6fa,0xa6fa,0xa6fa,0xa6fa,0xa6fa,0xa6fa,0xa6fa,0xa6fa,
0xa6fa,0xa6fa,0xa6fa,0xa6fa,0xa6fa,0xa6fa,0xa6fa,0xa6fa,0xa6fa,0xa6fa,0xa6fa,0xa6fa,0xa6fa,0xa6fa,0xa6fa,0x19e8,0x19e8,0x0000,0x0000,0x0000,0x0000,0x0000,0x0000,0x0000,0x0000,0x0000,0x0000,0x0000,0x0000,0x0000,0x0000,0x0000,
0x0000,0x0000,0x0000,0x0000,0x0000,0x0000,0x0000,0x0000,0x0000,0x0000,0x0000,0x0000,0x0000,0x0000,0x0000,0x19e8,0x19e8,0xa6fa,0xa6fa,0xa6fa,0xa6fa,0xa6fa,0xa6fa,0xa6fa,0xa6fa,0xa6fa,0xa6fa,0xa6fa,0xa6fa,0xa6fa,0xa6fa,0xa6fa,
0xa6fa,0xa6fa,0xa6fa,0xa6fa,0xa6fa,0xa6fa,0xa6fa,0xa6fa,0xa6fa,0xa6fa,0xa6fa,0xa6fa,0xa6fa,0xa6fa,0xa6fa,0x19e8,0x19e8,0x0000,0x0000,0x0000,0x0000,0x0000,0x0000,0x0000,0x0000,0x0000,0x0000,0x0000,0x0000,0x0000,0x0000,0x0000,
0x0000,0x0000,0x0000,0x0000,0x0000,0x0000,0x0000,0x0000,0x0000,0x0000,0x0000,0x0000,0x0000,0x0000,0x0000,0x19e8,0x19e8,0xa6fa,0xa6fa,0xa6fa,0xa6fa,0xa6fa,0xa6fa,0xa6fa,0xa6fa,0xa6fa,0xa6fa,0xa6fa,0xa6fa,0xa6fa,0xa6fa,0xa6fa,
0xa6fa,0xa6fa,0xa6fa,0xa6fa,0xa6fa,0xa6fa,0xa6fa,0xa6fa,0xa6fa,0xa6fa,0xa6fa,0xa6fa,0xa6fa,0xa6fa,0xa6fa,0x19e8,0x19e8,0x0000,0x0000,0x0000,0x0000,0x0000,0x0000,0x0000,0x0000,0x0000,0x0000,0x0000,0x0000,0x0000,0x0000,0x0000,
0x0000,0x0000,0x0000,0x0000,0x0000,0x0000,0x0000,0x0000,0x0000,0x0000,0x0000,0x0000,0x0000,0x0000,0x0000,0x19e8,0x19e8,0xa6fa,0xa6fa,0xa6fa,0xa6fa,0xa6fa,0xa6fa,0xa6fa,0xa6fa,0xa6fa,0xa6fa,0xa6fa,0xa6fa,0xa6fa,0xa6fa,0xa6fa,
0xa6fa,0xa6fa,0xa6fa,0xa6fa,0xa6fa,0xa6fa,0xa6fa,0xa6fa,0xa6fa,0xa6fa,0xa6fa,0xa6fa,0xa6fa,0xa6fa,0xa6fa,0x19e8,0x19e8,0x0000,0x0000,0x0000,0x0000,0x0000,0x0000,0x0000,0x0000,0x0000,0x0000,0x0000,0x0000,0x0000,0x0000,0x0000,
0x0000,0x0000,0x0000,0x0000,0x0000,0x0000,0x0000,0x0000,0x0000,0x0000,0x0000,0x0000,0x0000,0x0000,0x0000,0x19e8,0x19e8,0xa6fa,0xa6fa,0xa6fa,0xa6fa,0x19e8,0x19e8,0x19e8,0x19e8,0x19e8,0x19e8,0x19e8,0x19e8,0x19e8,0x19e8,0x19e8,
0x19e8,0x19e8,0x19e8,0x19e8,0x19e8,0x19e8,0x19e8,0x19e8,0x19e8,0x19e8,0x19e8,0xa6fa,0xa6fa,0xa6fa,0xa6fa,0x19e8,0x19e8,0x0000,0x0000,0x0000,0x0000,0x0000,0x0000,0x0000,0x0000,0x0000,0x0000,0x0000,0x0000,0x0000,0x0000,0x0000,
0x0000,0x0000,0x0000,0x0000,0x0000,0x0000,0x0000,0x0000,0x0000,0x0000,0x0000,0x0000,0x0000,0x0000,0x0000,0x19e8,0x19e8,0xa6fa,0xa6fa,0xa6fa,0xa6fa,0x19e8,0x19e8,0x19e8,0x19e8,0x19e8,0x19e8,0x19e8,0x19e8,0x19e8,0x19e8,0x19e8,
0x19e8,0x19e8,0x19e8,0x19e8,0x19e8,0x19e8,0x19e8,0x19e8,0x19e8,0x19e8,0x19e8,0xa6fa,0xa6fa,0xa6fa,0xa6fa,0x19e8,0x19e8,0x0000,0x0000,0x0000,0x0000,0x0000,0x0000,0x0000,0x0000,0x0000,0x0000,0x0000,0x0000,0x0000,0x0000,0x0000,
0x0000,0x0000,0x0000,0x0000,0x0000,0x0000,0x0000,0x0000,0x0000,0x0000,0x0000,0x0000,0x0000,0x0000,0x0000,0x19e8,0x19e8,0xa6fa,0xa6fa,0xa6fa,0xa6fa,0x19e8,0x19e8,0x19e8,0x19e8,0x19e8,0x19e8,0x19e8,0x19e8,0x19e8,0x19e8,0x19e8,
0x19e8,0x19e8,0x19e8,0x19e8,0x19e8,0x19e8,0x19e8,0x19e8,0x19e8,0x19e8,0x19e8,0xa6fa,0xa6fa,0xa6fa,0xa6fa,0x19e8,0x19e8,0x0000,0x0000,0x0000,0x0000,0x0000,0x0000,0x0000,0x0000,0x0000,0x0000,0x0000,0x0000,0x0000,0x0000,0x0000,
0x0000,0x0000,0x0000,0x0000,0x0000,0x0000,0x0000,0x0000,0x0000,0x0000,0x0000,0x0000,0x0000,0x0000,0x0000,0x19e8,0x19e8,0xa6fa,0xa6fa,0xa6fa,0xa6fa,0x19e8,0x19e8,0x19e8,0x19e8,0x19e8,0x19e8,0x19e8,0x19e8,0x19e8,0x19e8,0x19e8,
0x19e8,0x19e8,0x19e8,0x19e8,0x19e8,0x19e8,0x19e8,0x19e8,0x19e8,0x19e8,0x19e8,0xa6fa,0xa6fa,0xa6fa,0xa6fa,0x19e8,0x19e8,0x0000,0x0000,0x0000,0x0000,0x0000,0x0000,0x0000,0x0000,0x0000,0x0000,0x0000,0x0000,0x0000,0x0000,0x0000,
0x0000,0x0000,0x0000,0x0000,0x0000,0x0000,0x0000,0x0000,0x0000,0x0000,0x0000,0x0000,0x0000,0x0000,0x0000,0x19e8,0x19e8,0xa6fa,0xa6fa,0xa6fa,0xa6fa,0x19e8,0x19e8,0x19e8,0x19e8,0x19e8,0x19e8,0x19e8,0x19e8,0x19e8,0x19e8,0x19e8,
0x19e8,0x19e8,0x19e8,0x19e8,0x19e8,0x19e8,0x19e8,0x19e8,0x19e8,0x19e8,0x19e8,0xa6fa,0xa6fa,0xa6fa,0xa6fa,0x19e8,0x19e8,0x0000,0x0000,0x0000,0x0000,0x0000,0x0000,0x0000,0x0000,0x0000,0x0000,0x0000,0x0000,0x0000,0x0000,0x0000,
0x0000,0x0000,0x0000,0x0000,0x0000,0x0000,0x0000,0x0000,0x0000,0x0000,0x0000,0x0000,0x0000,0x0000,0x0000,0x19e8,0x19e8,0xa6fa,0xa6fa,0xa6fa,0xa6fa,0x19e8,0x19e8,0x19e8,0x19e8,0x19e8,0x19e8,0x19e8,0x19e8,0x19e8,0x19e8,0x19e8,
0x19e8,0x19e8,0x19e8,0x19e8,0x19e8,0x19e8,0x19e8,0x19e8,0x19e8,0x19e8,0x19e8,0xa6fa,0xa6fa,0xa6fa,0xa6fa,0x19e8,0x19e8,0x0000,0x0000,0x0000,0x0000,0x0000,0x0000,0x0000,0x0000,0x0000,0x0000,0x0000,0x0000,0x0000,0x0000,0x0000,
0x0000,0x0000,0x0000,0x0000,0x0000,0x0000,0x0000,0x0000,0x0000,0x0000,0x0000,0x0000,0x0000,0x0000,0x0000,0x19e8,0x19e8,0xa6fa,0xa6fa,0xa6fa,0xa6fa,0x19e8,0x19e8,0x19e8,0xefdb,0xefdb,0xefdb,0xefdb,0xefdb,0x19e8,0x19e8,0x19e8,
0x19e8,0x19e8,0x19e8,0xefdb,0xefdb,0xefdb,0xefdb,0xefdb,0x19e8,0x19e8,0x19e8,0xa6fa,0xa6fa,0xa6fa,0xa6fa,0x19e8,0x19e8,0x0000,0x0000,0x0000,0x0000,0x0000,0x0000,0x0000,0x0000,0x0000,0x0000,0x0000,0x0000,0x0000,0x0000,0x0000,
0x0000,0x0000,0x0000,0x0000,0x0000,0x0000,0x0000,0x0000,0x0000,0x0000,0x0000,0x0000,0x0000,0x0000,0x0000,0x19e8,0x19e8,0xa6fa,0xa6fa,0xa6fa,0xa6fa,0x19e8,0x19e8,0x19e8,0xefdb,0xefdb,0xefdb,0xefdb,0xefdb,0x19e8,0x19e8,0x19e8,
0x19e8,0x19e8,0x19e8,0xefdb,0xefdb,0xefdb,0xefdb,0xefdb,0x19e8,0x19e8,0x19e8,0xa6fa,0xa6fa,0xa6fa,0xa6fa,0x19e8,0x19e8,0x0000,0x0000,0x0000,0x0000,0x0000,0x0000,0x0000,0x0000,0x0000,0x0000,0x0000,0x0000,0x0000,0x0000,0x0000,
0x0000,0x0000,0x0000,0x0000,0x0000,0x0000,0x0000,0x0000,0x0000,0x0000,0x0000,0x0000,0x0000,0x0000,0x0000,0x19e8,0x19e8,0xa6fa,0xa6fa,0xa6fa,0xa6fa,0x19e8,0x19e8,0x19e8,0x19e8,0x19e8,0x19e8,0x19e8,0x19e8,0x19e8,0x19e8,0x19e8,
0x19e8,0x19e8,0x19e8,0x19e8,0x19e8,0x19e8,0x19e8,0x19e8,0x19e8,0x19e8,0x19e8,0xa6fa,0xa6fa,0xa6fa,0xa6fa,0x19e8,0x19e8,0x0000,0x0000,0x0000,0x0000,0x0000,0x0000,0x0000,0x0000,0x0000,0x0000,0x0000,0x0000,0x0000,0x0000,0x0000,
0x0000,0x0000,0x0000,0x0000,0x0000,0x0000,0x0000,0x0000,0x0000,0x0000,0x0000,0x0000,0x0000,0x0000,0x0000,0x19e8,0x19e8,0xa6fa,0xa6fa,0xa6fa,0xa6fa,0x19e8,0x19e8,0x19e8,0x19e8,0x19e8,0x19e8,0x19e8,0x19e8,0x19e8,0x19e8,0x19e8,
0x19e8,0x19e8,0x19e8,0x19e8,0x19e8,0x19e8,0x19e8,0x19e8,0x19e8,0x19e8,0x19e8,0xa6fa,0xa6fa,0xa6fa,0xa6fa,0x19e8,0x19e8,0x0000,0x0000,0x0000,0x0000,0x0000,0x0000,0x0000,0x0000,0x0000,0x0000,0x0000,0x0000,0x0000,0x0000,0x0000,
0x0000,0x0000,0x0000,0x0000,0x0000,0x0000,0x0000,0x0000,0x0000,0x0000,0x0000,0x0000,0x0000,0x0000,0x0000,0x19e8,0x19e8,0xa6fa,0xa6fa,0xa6fa,0xa6fa,0x19e8,0x19e8,0x19e8,0x19e8,0x19e8,0x19e8,0x19e8,0x19e8,0x19e8,0x19e8,0x19e8,
0x19e8,0x19e8,0x19e8,0x19e8,0x19e8,0x19e8,0x19e8,0x19e8,0x19e8,0x19e8,0x19e8,0xa6fa,0xa6fa,0xa6fa,0xa6fa,0x19e8,0x19e8,0x0000,0x0000,0x0000,0x0000,0x0000,0x0000,0x0000,0x0000,0x0000,0x0000,0x0000,0x0000,0x0000,0x0000,0x0000,
0x0000,0x0000,0x0000,0x0000,0x0000,0x0000,0x0000,0x0000,0x0000,0x0000,0x0000,0x0000,0x0000,0x0000,0x0000,0x19e8,0x19e8,0xa6fa,0xa6fa,0xa6fa,0xa6fa,0x19e8,0x19e8,0x19e8,0x19e8,0x19e8,0x19e8,0x19e8,0x19e8,0x19e8,0x19e8,0x19e8,
0x19e8,0x19e8,0x19e8,0x19e8,0x19e8,0x19e8,0x19e8,0x19e8,0x19e8,0x19e8,0x19e8,0xa6fa,0xa6fa,0xa6fa,0xa6fa,0x19e8,0x19e8,0x0000,0x0000,0x0000,0x0000,0x0000,0x0000,0x0000,0x0000,0x0000,0x0000,0x0000,0x0000,0x0000,0x0000,0x0000,
0x0000,0x0000,0x0000,0x0000,0x0000,0x0000,0x0000,0x0000,0x0000,0x0000,0x0000,0x0000,0x0000,0x0000,0x0000,0x19e8,0x19e8,0xa6fa,0xa6fa,0xa6fa,0xa6fa,0x19e8,0x19e8,0x19e8,0x19e8,0x19e8,0x19e8,0x19e8,0x19e8,0x19e8,0x19e8,0x19e8,
0x19e8,0x19e8,0x19e8,0x19e8,0x19e8,0x19e8,0x19e8,0x19e8,0x19e8,0x19e8,0x19e8,0xa6fa,0xa6fa,0xa6fa,0xa6fa,0x19e8,0x19e8,0x0000,0x0000,0x0000,0x0000,0x0000,0x0000,0x0000,0x0000,0x0000,0x0000,0x0000,0x0000,0x0000,0x0000,0x0000,
0x0000,0x0000,0x0000,0x0000,0x0000,0x0000,0x0000,0x0000,0x0000,0x0000,0x0000,0x0000,0x0000,0x0000,0x0000,0x19e8,0x19e8,0xa6fa,0xa6fa,0xa6fa,0xa6fa,0x19e8,0x19e8,0x19e8,0x19e8,0x19e8,0x19e8,0x19e8,0x19e8,0x19e8,0x19e8,0x19e8,
0x19e8,0x19e8,0x19e8,0x19e8,0x19e8,0x19e8,0x19e8,0x19e8,0x19e8,0x19e8,0x19e8,0xa6fa,0xa6fa,0xa6fa,0xa6fa,0x19e8,0x19e8,0x0000,0x0000,0x0000,0x0000,0x0000,0x0000,0x0000,0x0000,0x0000,0x0000,0x0000,0x0000,0x0000,0x0000,0x0000,
0x0000,0x0000,0x0000,0x0000,0x0000,0x0000,0x0000,0x0000,0x0000,0x0000,0x0000,0x0000,0x0000,0x0000,0x0000,0x19e8,0x19e8,0xa6fa,0xa6fa,0xa6fa,0xa6fa,0xa6fa,0xa6fa,0xa6fa,0xa6fa,0xa6fa,0xa6fa,0xa6fa,0xa6fa,0xa6fa,0xa6fa,0xa6fa,
0xa6fa,0xa6fa,0xa6fa,0xa6fa,0xa6fa,0xa6fa,0xa6fa,0xa6fa,0xa6fa,0xa6fa,0xa6fa,0xa6fa,0xa6fa,0xa6fa,0xa6fa,0x19e8,0x19e8,0x0000,0x0000,0x0000,0x0000,0x0000,0x0000,0x0000,0x0000,0x0000,0x0000,0x0000,0x0000,0x0000,0x0000,0x0000,
0x0000,0x0000,0x0000,0x0000,0x0000,0x0000,0x0000,0x0000,0x0000,0x0000,0x0000,0x0000,0x0000,0x0000,0x0000,0x19e8,0x19e8,0xa6fa,0xa6fa,0xa6fa,0xa6fa,0xa6fa,0xa6fa,0xa6fa,0xa6fa,0xa6fa,0xa6fa,0x19e8,0x19e8,0x19e8,0x19e8,0x19e8,
0x19e8,0x19e8,0x19e8,0x19e8,0x19e8,0xa6fa,0xa6fa,0xa6fa,0xa6fa,0xa6fa,0xa6fa,0xa6fa,0xa6fa,0xa6fa,0xa6fa,0x19e8,0x19e8,0x0000,0x0000,0x0000,0x0000,0x0000,0x0000,0x0000,0x0000,0x0000,0x0000,0x0000,0x0000,0x0000,0x0000,0x0000,
0x0000,0x0000,0x0000,0x0000,0x0000,0x0000,0x0000,0x0000,0x0000,0x0000,0x0000,0x0000,0x0000,0x0000,0x0000,0x19e8,0x19e8,0xa6fa,0xa6fa,0xa6fa,0xa6fa,0xa6fa,0xa6fa,0xa6fa,0xa6fa,0xa6fa,0xa6fa,0x19e8,0x19e8,0x19e8,0x19e8,0x19e8,
0x19e8,0x19e8,0x19e8,0x19e8,0x19e8,0xa6fa,0xa6fa,0xa6fa,0xa6fa,0xa6fa,0xa6fa,0xa6fa,0xa6fa,0xa6fa,0xa6fa,0x19e8,0x19e8,0x0000,0x0000,0x0000,0x0000,0x0000,0x0000,0x0000,0x0000,0x0000,0x0000,0x0000,0x0000,0x0000,0x0000,0x0000,
0x0000,0x0000,0x0000,0x0000,0x0000,0x0000,0x0000,0x0000,0x0000,0x0000,0x0000,0x0000,0x0000,0x0000,0x0000,0x19e8,0x19e8,0xa6fa,0xa6fa,0xa6fa,0xa6fa,0xa6fa,0xa6fa,0xa6fa,0xa6fa,0xa6fa,0xa6fa,0xa6fa,0xa6fa,0xa6fa,0xa6fa,0xa6fa,
0xa6fa,0xa6fa,0xa6fa,0xa6fa,0xa6fa,0xa6fa,0xa6fa,0xa6fa,0xa6fa,0xa6fa,0xa6fa,0xa6fa,0xa6fa,0xa6fa,0xa6fa,0x19e8,0x19e8,0x0000,0x0000,0x0000,0x0000,0x0000,0x0000,0x0000,0x0000,0x0000,0x0000,0x0000,0x0000,0x0000,0x0000,0x0000,
0x0000,0x0000,0x0000,0x0000,0x0000,0x0000,0x0000,0x0000,0x0000,0x0000,0x0000,0x0000,0x0000,0x0000,0x0000,0x19e8,0x19e8,0xa6fa,0xa6fa,0xa6fa,0xa6fa,0xa6fa,0xa6fa,0xa6fa,0xa6fa,0xa6fa,0xa6fa,0xa6fa,0xa6fa,0xa6fa,0xa6fa,0xa6fa,
0xa6fa,0xa6fa,0xa6fa,0xa6fa,0xa6fa,0xa6fa,0xa6fa,0xa6fa,0xa6fa,0xa6fa,0xa6fa,0xa6fa,0xa6fa,0xa6fa,0xa6fa,0x19e8,0x19e8,0x0000,0x0000,0x0000,0x0000,0x0000,0x0000,0x0000,0x0000,0x0000,0x0000,0x0000,0x0000,0x0000,0x0000,0x0000,
0x0000,0x0000,0x0000,0x0000,0x0000,0x0000,0x0000,0x0000,0x0000,0x0000,0x0000,0x0000,0x0000,0x0000,0x0000,0x19e8,0x19e8,0x19e8,0x19e8,0x19e8,0x19e8,0x19e8,0x19e8,0x19e8,0x19e8,0x19e8,0x19e8,0x19e8,0x19e8,0x19e8,0x19e8,0x19e8,
0x19e8,0x19e8,0x19e8,0x19e8,0x19e8,0x19e8,0x19e8,0x19e8,0x19e8,0x19e8,0x19e8,0x19e8,0x19e8,0x19e8,0x19e8,0x19e8,0x19e8,0x0000,0x0000,0x0000,0x0000,0x0000,0x0000,0x0000,0x0000,0x0000,0x0000,0x0000,0x0000,0x0000,0x0000,0x0000,
0x0000,0x0000,0x0000,0x0000,0x0000,0x0000,0x0000,0x0000,0x0000,0x0000,0x0000,0x0000,0x0000,0x0000,0x0000,0x19e8,0x19e8,0x19e8,0x19e8,0x19e8,0x19e8,0x19e8,0x19e8,0x19e8,0x19e8,0x19e8,0x19e8,0x19e8,0x19e8,0x19e8,0x19e8,0x19e8,
0x19e8,0x19e8,0x19e8,0x19e8,0x19e8,0x19e8,0x19e8,0x19e8,0x19e8,0x19e8,0x19e8,0x19e8,0x19e8,0x19e8,0x19e8,0x19e8,0x19e8,0x0000,0x0000,0x0000,0x0000,0x0000,0x0000,0x0000,0x0000,0x0000,0x0000,0x0000,0x0000,0x0000,0x0000,0x0000,
0x0000,0x0000,0x0000,0x0000,0x0000,0x0000,0x0000,0x0000,0x0000,0x0000,0x0000,0x0000,0x0000,0x0000,0x0000,0x0000,0x0000,0x0000,0x0000,0x0000,0x0000,0x19e8,0x19e8,0x19e8,0x19e8,0x19e8,0x19e8,0x19e8,0x19e8,0x19e8,0x19e8,0x19e8,
0x19e8,0x19e8,0x19e8,0x19e8,0x19e8,0x19e8,0x19e8,0x19e8,0x19e8,0x19e8,0x19e8,0x0000,0x0000,0x0000,0x0000,0x0000,0x0000,0x0000,0x0000,0x0000,0x0000,0x0000,0x0000,0x0000,0x0000,0x0000,0x0000,0x0000,0x0000,0x0000,0x0000,0x0000,
0x0000,0x0000,0x0000,0x0000,0x0000,0x0000,0x0000,0x0000,0x0000,0x0000,0x0000,0x0000,0x0000,0x0000,0x0000,0x0000,0x0000,0x0000,0x0000,0x0000,0x0000,0x19e8,0x19e8,0x19e8,0x19e8,0x19e8,0x19e8,0x19e8,0x19e8,0x19e8,0x19e8,0x19e8,
0x19e8,0x19e8,0x19e8,0x19e8,0x19e8,0x19e8,0x19e8,0x19e8,0x19e8,0x19e8,0x19e8,0x0000,0x0000,0x0000,0x0000,0x0000,0x0000,0x0000,0x0000,0x0000,0x0000,0x0000,0x0000,0x0000,0x0000,0x0000,0x0000,0x0000,0x0000,0x0000,0x0000,0x0000,
0x0000,0x0000,0x0000,0x0000,0x0000,0x0000,0x0000,0x0000,0x0000,0x0000,0x0000,0x0000,0x0000,0x0000,0x0000,0x0000,0x0000,0x0000,0x0000,0x0000,0x0000,0x19e8,0x19e8,0xa6fa,0xa6fa,0xa6fa,0xa6fa,0xa6fa,0xa6fa,0xa6fa,0xa6fa,0xa6fa,
0xa6fa,0xa6fa,0xa6fa,0xa6fa,0xa6fa,0xa6fa,0xa6fa,0xa6fa,0xa6fa,0x19e8,0x19e8,0x0000,0x0000,0x0000,0x0000,0x0000,0x0000,0x0000,0x0000,0x0000,0x0000,0x0000,0x0000,0x0000,0x0000,0x0000,0x0000,0x0000,0x0000,0x0000,0x0000,0x0000,
0x0000,0x0000,0x0000,0x0000,0x0000,0x0000,0x0000,0x0000,0x0000,0xa6fa,0xa6fa,0xa6fa,0xa6fa,0xa6fa,0x0000,0x0000,0x0000,0x0000,0x0000,0x0000,0x0000,0x19e8,0x19e8,0xa6fa,0xa6fa,0xa6fa,0xa6fa,0xa6fa,0xa6fa,0xa6fa,0xa6fa,0xa6fa,
0xa6fa,0xa6fa,0xa6fa,0xa6fa,0xa6fa,0xa6fa,0xa6fa,0xa6fa,0xa6fa,0x19e8,0x19e8,0x0000,0x0000,0x0000,0x0000,0x0000,0x0000,0x0000,0xa6fa,0xa6fa,0xa6fa,0xa6fa,0xa6fa,0x0000,0x0000,0x0000,0x0000,0x0000,0x0000,0x0000,0x0000,0x0000,
0x0000,0x0000,0x0000,0x0000,0x0000,0x0000,0x0000,0x0000,0x0000,0xa6fa,0xa6fa,0xa6fa,0xa6fa,0xa6fa,0x0000,0x0000,0x0000,0x0000,0x0000,0x0000,0x0000,0x19e8,0x19e8,0xa6fa,0xa6fa,0xa6fa,0xa6fa,0xa6fa,0xa6fa,0xa6fa,0xa6fa,0xa6fa,
0xa6fa,0xa6fa,0xa6fa,0xa6fa,0xa6fa,0xa6fa,0xa6fa,0xa6fa,0xa6fa,0x19e8,0x19e8,0x0000,0x0000,0x0000,0x0000,0x0000,0x0000,0x0000,0xa6fa,0xa6fa,0xa6fa,0xa6fa,0xa6fa,0x0000,0x0000,0x0000,0x0000,0x0000,0x0000,0x0000,0x0000,0x0000,
0x0000,0x0000,0x0000,0x0000,0x0000,0x0000,0x0000,0x0000,0x0000,0xa6fa,0xa6fa,0xa6fa,0xa6fa,0xa6fa,0x0000,0x0000,0x0000,0x0000,0x0000,0x0000,0x0000,0x19e8,0x19e8,0xa6fa,0xa6fa,0xa6fa,0xa6fa,0xa6fa,0xa6fa,0xa6fa,0xa6fa,0xa6fa,
0xa6fa,0xa6fa,0xa6fa,0xa6fa,0xa6fa,0xa6fa,0xa6fa,0xa6fa,0xa6fa,0x19e8,0x19e8,0x0000,0x0000,0x0000,0x0000,0x0000,0x0000,0x0000,0xa6fa,0xa6fa,0xa6fa,0xa6fa,0xa6fa,0x0000,0x0000,0x0000,0x0000,0x0000,0x0000,0x0000,0x0000,0x0000,
0x0000,0x0000,0x0000,0x0000,0x0000,0x0000,0x0000,0x0000,0x0000,0xa6fa,0xa6fa,0xa6fa,0xa6fa,0xa6fa,0x0000,0x0000,0x0000,0x0000,0x0000,0x0000,0x0000,0x19e8,0x19e8,0xa6fa,0xa6fa,0xa6fa,0xa6fa,0xa6fa,0xa6fa,0xa6fa,0xa6fa,0xa6fa,
0xa6fa,0xa6fa,0xa6fa,0xa6fa,0xa6fa,0xa6fa,0xa6fa,0xa6fa,0xa6fa,0x19e8,0x19e8,0x0000,0x0000,0x0000,0x0000,0x0000,0x0000,0x0000,0xa6fa,0xa6fa,0xa6fa,0xa6fa,0xa6fa,0x0000,0x0000,0x0000,0x0000,0x0000,0x0000,0x0000,0x0000,0x0000,
0x0000,0x0000,0x0000,0x0000,0x0000,0x0000,0x0000,0x0000,0x0000,0xa6fa,0xa6fa,0xa6fa,0xa6fa,0xa6fa,0x0000,0x0000,0x0000,0x0000,0x0000,0x0000,0x0000,0x19e8,0x19e8,0xa6fa,0xa6fa,0xa6fa,0xa6fa,0xa6fa,0xa6fa,0xa6fa,0xa6fa,0xa6fa,
0xa6fa,0xa6fa,0xa6fa,0xa6fa,0xa6fa,0xa6fa,0xa6fa,0xa6fa,0xa6fa,0x19e8,0x19e8,0x0000,0x0000,0x0000,0x0000,0x0000,0x0000,0x0000,0xa6fa,0xa6fa,0xa6fa,0xa6fa,0xa6fa,0x0000,0x0000,0x0000,0x0000,0x0000,0x0000,0x0000,0x0000,0x0000,
0x0000,0x0000,0x0000,0x0000,0x0000,0x0000,0x0000,0x0000,0x0000,0xa6fa,0xa6fa,0xa6fa,0xa6fa,0xa6fa,0x0000,0x0000,0x0000,0x0000,0x0000,0x0000,0x0000,0x19e8,0x19e8,0xa6fa,0xa6fa,0xa6fa,0xa6fa,0xa6fa,0xa6fa,0xa6fa,0xa6fa,0xa6fa,
0xa6fa,0xa6fa,0xa6fa,0xa6fa,0xa6fa,0xa6fa,0xa6fa,0xa6fa,0xa6fa,0x19e8,0x19e8,0x0000,0x0000,0x0000,0x0000,0x0000,0x0000,0x0000,0xa6fa,0xa6fa,0xa6fa,0xa6fa,0xa6fa,0x0000,0x0000,0x0000,0x0000,0x0000,0x0000,0x0000,0x0000,0x0000,
0x0000,0x0000,0x0000,0x0000,0x0000,0x0000,0x0000,0x0000,0x0000,0xa6fa,0xa6fa,0xa6fa,0xa6fa,0xa6fa,0x0000,0x0000,0x0000,0x0000,0x0000,0x0000,0x0000,0x19e8,0x19e8,0xa6fa,0xa6fa,0xa6fa,0xa6fa,0xa6fa,0xa6fa,0xa6fa,0xa6fa,0xa6fa,
0xa6fa,0xa6fa,0xa6fa,0xa6fa,0xa6fa,0xa6fa,0xa6fa,0xa6fa,0xa6fa,0x19e8,0x19e8,0x0000,0x0000,0x0000,0x0000,0x0000,0x0000,0x0000,0xa6fa,0xa6fa,0xa6fa,0xa6fa,0xa6fa,0x0000,0x0000,0x0000,0x0000,0x0000,0x0000,0x0000,0x0000,0x0000,
0x0000,0x0000,0x0000,0x0000,0x0000,0x0000,0x0000,0x0000,0x0000,0xa6fa,0xa6fa,0xa6fa,0xa6fa,0xa6fa,0x0000,0x0000,0x0000,0x0000,0x0000,0x0000,0x0000,0x19e8,0x19e8,0x19e8,0x19e8,0x19e8,0x19e8,0x19e8,0x19e8,0x19e8,0x19e8,0x19e8,
0x19e8,0x19e8,0x19e8,0x19e8,0x19e8,0x19e8,0x19e8,0x19e8,0x19e8,0x19e8,0x19e8,0x0000,0x0000,0x0000,0x0000,0x0000,0x0000,0x0000,0xa6fa,0xa6fa,0xa6fa,0xa6fa,0xa6fa,0x0000,0x0000,0x0000,0x0000,0x0000,0x0000,0x0000,0x0000,0x0000,
0x0000,0x0000,0x0000,0x0000,0x0000,0x0000,0x0000,0x0000,0x0000,0xa6fa,0xa6fa,0xa6fa,0xa6fa,0xa6fa,0x0000,0x0000,0x0000,0x0000,0x0000,0x0000,0x0000,0x19e8,0x19e8,0x19e8,0x19e8,0x19e8,0x19e8,0x19e8,0x19e8,0x19e8,0x19e8,0x19e8,
0x19e8,0x19e8,0x19e8,0x19e8,0x19e8,0x19e8,0x19e8,0x19e8,0x19e8,0x19e8,0x19e8,0x0000,0x0000,0x0000,0x0000,0x0000,0x0000,0x0000,0xa6fa,0xa6fa,0xa6fa,0xa6fa,0xa6fa,0x0000,0x0000,0x0000,0x0000,0x0000,0x0000,0x0000,0x0000,0x0000,
0x0000,0x0000,0x0000,0x0000,0x0000,0x0000,0x0000,0x0000,0x0000,0x0000,0x0000,0x0000,0x0000,0x0000,0x0000,0x0000,0x0000,0x0000,0x0000,0x0000,0x0000,0x0000,0x0000,0x0000,0x0000,0x0000,0x0000,0x0000,0x0000,0x0000,0x0000,0x0000,
0x0000,0x0000,0x0000,0x0000,0x0000,0x0000,0x0000,0x0000,0x0000,0x0000,0x0000,0x0000,0x0000,0x0000,0x0000,0x0000,0x0000,0x0000,0x0000,0x0000,0x0000,0x0000,0x0000,0x0000,0x0000,0x0000,0x0000,0x0000,0x0000,0x0000,0x0000,0x0000,
0x0000,0x0000,0x0000,0x0000,0x0000,0x0000,0x0000,0x0000,0x0000,0x0000,0x0000,0x0000,0x0000,0x0000,0x0000,0x0000,0x0000,0x0000,0x0000,0x0000,0x0000,0x0000,0x0000,0x0000,0x0000,0x0000,0xa6fa,0xa6fa,0xa6fa,0xa6fa,0x0000,0x0000,
0x0000,0x0000,0xa6fa,0xa6fa,0xa6fa,0xa6fa,0x0000,0x0000,0x0000,0x0000,0x0000,0x0000,0x0000,0x0000,0x0000,0x0000,0x0000,0x0000,0x0000,0x0000,0x0000,0x0000,0x0000,0x0000,0x0000,0x0000,0x0000,0x0000,0x0000,0x0000,0x0000,0x0000,
0x0000,0x0000,0x0000,0x0000,0x0000,0x0000,0x0000,0x0000,0x0000,0x0000,0x0000,0x0000,0x0000,0x0000,0x0000,0x0000,0x0000,0x0000,0x0000,0x0000,0x0000,0x0000,0x0000,0x0000,0x0000,0x0000,0xa6fa,0xa6fa,0xa6fa,0xa6fa,0x0000,0x0000,
0x0000,0x0000,0xa6fa,0xa6fa,0xa6fa,0xa6fa,0x0000,0x0000,0x0000,0x0000,0x0000,0x0000,0x0000,0x0000,0x0000,0x0000,0x0000,0x0000,0x0000,0x0000,0x0000,0x0000,0x0000,0x0000,0x0000,0x0000,0x0000,0x0000,0x0000,0x0000,0x0000,0x0000,
0x0000,0x0000,0x0000,0x0000,0x0000,0x0000,0x0000,0x0000,0x0000,0x0000,0x0000,0x0000,0x0000,0x0000,0x0000,0x0000,0x0000,0x0000,0x0000,0x0000,0x0000,0x0000,0x0000,0x0000,0x0000,0x0000,0xa6fa,0xa6fa,0xa6fa,0xa6fa,0x0000,0x0000,
0x0000,0x0000,0xa6fa,0xa6fa,0xa6fa,0xa6fa,0x0000,0x0000,0x0000,0x0000,0x0000,0x0000,0x0000,0x0000,0x0000,0x0000,0x0000,0x0000,0x0000,0x0000,0x0000,0x0000,0x0000,0x0000,0x0000,0x0000,0x0000,0x0000,0x0000,0x0000,0x0000,0x0000,
0x0000,0x0000,0x0000,0x0000,0x0000,0x0000,0x0000,0x0000,0x0000,0x0000,0x0000,0x0000,0x0000,0x0000,0x0000,0x0000,0x0000,0x0000,0x0000,0x0000,0x0000,0x0000,0x0000,0x0000,0x0000,0x0000,0xa6fa,0xa6fa,0xa6fa,0xa6fa,0x0000,0x0000,
0x0000,0x0000,0xa6fa,0xa6fa,0xa6fa,0xa6fa,0x0000,0x0000,0x0000,0x0000,0x0000,0x0000,0x0000,0x0000,0x0000,0x0000,0x0000,0x0000,0x0000,0x0000,0x0000,0x0000,0x0000,0x0000,0x0000,0x0000,0x0000,0x0000,0x0000,0x0000,0x0000,0x0000,
0x0000,0x0000,0x0000,0x0000,0x0000,0x0000,0x0000,0x0000,0x0000,0x0000,0x0000,0x0000,0x0000,0x0000,0x0000,0x0000,0x0000,0x0000,0x0000,0x0000,0x0000,0x0000,0x0000,0x0000,0x0000,0x0000,0x0000,0x0000,0x0000,0x0000,0x0000,0x0000,
0x0000,0x0000,0x0000,0x0000,0x0000,0x0000,0x0000,0x0000,0x0000,0x0000,0x0000,0x0000,0x0000,0x0000,0x0000,0x0000,0x0000,0x0000,0x0000,0x0000,0x0000,0x0000,0x0000,0x0000,0x0000,0x0000,0x0000,0x0000,0x0000,0x0000,0x0000,0x0000,
0x0000,0x0000,0x0000,0x0000,0x0000,0x0000,0x0000,0x0000,0x0000,0x0000,0x0000,0x0000,0x0000,0x0000,0x0000,0x0000,0x0000,0x0000,0x0000,0x0000,0x0000,0x0000,0x0000,0x0000,0x0000,0x0000,0x0000,0x0000,0x0000,0x0000,0x0000,0x0000,
0x0000,0x0000,0x0000,0x0000,0x0000,0x0000,0x0000,0x0000,0x0000,0x0000,0x0000,0x0000,0x0000,0x0000,0x0000,0x0000,0x0000,0x0000,0x0000,0x0000,0x0000,0x0000,0x0000,0x0000,0x0000,0x0000,0x0000,0x0000,0x0000,0x0000,0x0000,0x0000,
0x0000,0x0000,0x0000,0x0000,0x0000,0x0000,0x0000,0x0000,0x0000,0x0000,0x0000,0x0000,0x0000,0x0000,0x0000,0x0000,0x0000,0x0000,0x0000,0x0000,0x0000,0x0000,0x0000,0x0000,0x0000,0x0000,0x0000,0x0000,0x0000,0x0000,0x0000,0x0000,
0x0000,0x0000,0x0000,0x0000,0x0000,0x0000,0x0000,0x0000,0x0000,0x0000,0x0000,0x0000,0x0000,0x0000,0x0000,0x0000,0x0000,0x0000,0x0000,0x0000,0x0000,0x0000,0x0000,0x0000,0x0000,0x0000,0x0000,0x0000,0x0000,0x0000,0x0000,0x0000,
0x0000,0x0000,0x0000,0x0000,0x0000,0x0000,0x0000,0x0000,0x0000,0x0000,0x0000,0x0000,0x0000,0x0000,0x0000,0x0000,0x0000,0x0000,0x0000,0x0000,0x0000,0x0000,0x0000,0x0000,0x0000,0x0000,0x0000,0x0000,0x0000,0x0000,0x0000,0x0000,
0x0000,0x0000,0x0000,0x0000,0x0000,0x0000,0x0000,0x0000,0x0000,0x0000,0x0000,0x0000,0x0000,0x0000,0x0000,0x0000,0x0000,0x0000,0x0000,0x0000,0x0000,0x0000,0x0000,0x0000,0x0000,0x0000,0x0000,0x0000,0x0000,0x0000,0x0000,0x0000,
0x0000,0x0000,0x0000,0x0000,0x0000,0x0000,0x0000,0x0000,0x0000,0x0000,0x0000,0x0000,0x0000,0x0000,0x0000,0x0000,0x0000,0x0000,0x0000,0x0000,0x0000,0x0000,0x0000,0x0000,0x0000,0x0000,0x0000,0x0000,0x0000,0x0000,0x0000,0x0000,
0x0000,0x0000,0x0000,0x0000,0x0000,0x0000,0x0000,0x0000,0x0000,0x0000,0x0000,0x0000,0x0000,0x0000,0x0000,0x0000,0x0000,0x0000,0x0000,0x0000,0x0000,0x0000,0x0000,0x0000,0x0000,0x0000,0x0000,0x0000,0x0000,0x0000,0x0000,0x0000,
0x0000,0x0000,0x0000,0x0000,0x0000,0x0000,0x0000,0x0000,0x0000,0x0000,0x0000,0x0000,0x0000,0x0000,0x0000,0x0000,0x0000,0x0000,0x0000,0x0000,0x0000,0x0000,0x0000,0x0000,0x0000,0x0000,0x0000,0x0000,0x0000,0x0000,0x0000,0x0000,
0x0000,0x0000,0x0000,0x0000,0x0000,0x0000,0x0000,0x0000,0x0000,0x0000,0x0000,0x0000,0x0000,0x0000,0x0000,0x0000,0x0000,0x0000,0x0000,0x0000,0x0000,0x0000,0x0000,0x0000,0x0000,0x0000,0x0000,0x0000,0x0000,0x0000,0x0000,0x0000,
};
static const uint16_t frame_6[4096] = {
0x0000,0x0000,0x0000,0x0000,0x0000,0x0000,0x0000,0x0000,0x0000,0x0000,0x0000,0x0000,0x0000,0x0000,0x0000,0x0000,0x0000,0x0000,0x0000,0x0000,0x0000,0x0000,0x0000,0x0000,0x0000,0x0000,0x0000,0x0000,0x0000,0x0000,0x0000,0x0000,
0x0000,0x0000,0x0000,0x0000,0x0000,0x0000,0x0000,0x0000,0x0000,0x0000,0x0000,0x0000,0x0000,0x0000,0x0000,0x0000,0x0000,0x0000,0x0000,0x0000,0x0000,0x0000,0x0000,0x0000,0x0000,0x0000,0x0000,0x0000,0x0000,0x0000,0x0000,0x0000,
0x0000,0x0000,0x0000,0x0000,0x0000,0x0000,0x0000,0x0000,0x0000,0x0000,0x0000,0x0000,0x0000,0x0000,0x0000,0x0000,0x0000,0x0000,0x0000,0x0000,0x0000,0x0000,0x0000,0x0000,0x0000,0x0000,0x0000,0x0000,0x0000,0x0000,0x0000,0x0000,
0x0000,0x0000,0x0000,0x0000,0x0000,0x0000,0x0000,0x0000,0x0000,0x0000,0x0000,0x0000,0x0000,0x0000,0x0000,0x0000,0x0000,0x0000,0x0000,0x0000,0x0000,0x0000,0x0000,0x0000,0x0000,0x0000,0x0000,0x0000,0x0000,0x0000,0x0000,0x0000,
0x0000,0x0000,0x0000,0x0000,0x0000,0x0000,0x0000,0x0000,0x0000,0x0000,0x0000,0x0000,0x0000,0x0000,0x0000,0x0000,0x0000,0x0000,0x0000,0x0000,0x0000,0x0000,0x0000,0x0000,0x0000,0x0000,0x0000,0x0000,0x0000,0x0000,0x0000,0x0000,
0x0000,0x0000,0x0000,0x0000,0x0000,0x0000,0x0000,0x0000,0x0000,0x0000,0x0000,0x0000,0x0000,0x0000,0x0000,0x0000,0x0000,0x0000,0x0000,0x0000,0x0000,0x0000,0x0000,0x0000,0x0000,0x0000,0x0000,0x0000,0x0000,0x0000,0x0000,0x0000,
0x0000,0x0000,0x0000,0x0000,0x0000,0x0000,0x0000,0x0000,0x0000,0x0000,0x0000,0x0000,0xfeb2,0xfeb2,0xfeb2,0x0000,0x0000,0x0000,0x0000,0x0000,0x0000,0x0000,0x0000,0x0000,0x19e8,0x19e8,0x19e8,0x0000,0x0000,0x0000,0x0000,0x0000,
0x0000,0x0000,0x0000,0x0000,0x19e8,0x19e8,0x19e8,0x0000,0x0000,0x0000,0x0000,0x0000,0x0000,0x0000,0x0000,0x0000,0x19e8,0x19e8,0x19e8,0x0000,0x0000,0x0000,0x0000,0x0000,0x0000,0x0000,0x0000,0x0000,0x0000,0x0000,0x0000,0x0000,
0x0000,0x0000,0x0000,0x0000,0x0000,0x0000,0x0000,0x0000,0x0000,0x0000,0x0000,0x0000,0xfeb2,0xfeb2,0xfeb2,0x0000,0x0000,0x0000,0x0000,0x0000,0x0000,0x0000,0x0000,0x0000,0x19e8,0x19e8,0x19e8,0x0000,0x0000,0x0000,0x0000,0x0000,
0x0000,0x0000,0x0000,0x0000,0x19e8,0x19e8,0x19e8,0x0000,0x0000,0x0000,0x0000,0x0000,0x0000,0x0000,0x0000,0x0000,0x19e8,0x19e8,0x19e8,0x0000,0x0000,0x0000,0x0000,0x0000,0x0000,0x0000,0x0000,0x0000,0x0000,0x0000,0x0000,0x0000,
0x0000,0x0000,0x0000,0x0000,0x0000,0x0000,0x0000,0x0000,0x0000,0x0000,0x0000,0x0000,0xfeb2,0xfeb2,0xfeb2,0x0000,0x0000,0x0000,0x0000,0x0000,0x0000,0x0000,0x0000,0x0000,0x19e8,0x19e8,0x19e8,0x0000,0x0000,0x0000,0x0000,0x0000,
0x0000,0x0000,0x0000,0x0000,0x19e8,0x19e8,0x19e8,0x0000,0x0000,0x0000,0x0000,0x0000,0x0000,0x0000,0x0000,0x0000,0x19e8,0x19e8,0x19e8,0x0000,0x0000,0x0000,0x0000,0x0000,0x0000,0x0000,0x0000,0x0000,0x0000,0x0000,0x0000,0x0000,
0x0000,0x0000,0x0000,0x0000,0x0000,0x0000,0x0000,0x0000,0x0000,0x0000,0x0000,0x0000,0x0000,0x0000,0x0000,0x0000,0x0000,0x0000,0x0000,0x0000,0x0000,0x0000,0x0000,0x0000,0x0000,0x0000,0x0000,0x0000,0x0000,0x0000,0x0000,0x0000,
0x0000,0x0000,0x0000,0x0000,0x0000,0x0000,0x0000,0x0000,0x0000,0x0000,0x0000,0x0000,0x0000,0x0000,0x0000,0x0000,0x0000,0x0000,0x0000,0x0000,0x0000,0x0000,0x0000,0x0000,0x0000,0x0000,0x0000,0x0000,0x0000,0x0000,0x0000,0x0000,
0x0000,0x0000,0x0000,0x0000,0x0000,0x0000,0x0000,0x0000,0x0000,0x0000,0x0000,0x0000,0x0000,0x0000,0x0000,0x0000,0x0000,0x0000,0x0000,0x0000,0x0000,0x0000,0x0000,0x0000,0x0000,0x0000,0x0000,0x0000,0x0000,0x0000,0x0000,0x0000,
0x0000,0x0000,0x0000,0x0000,0x0000,0x0000,0x0000,0x0000,0x0000,0x0000,0x0000,0x0000,0x0000,0x0000,0x0000,0x0000,0x0000,0x0000,0x0000,0x0000,0x0000,0x0000,0x0000,0x0000,0x0000,0x0000,0x0000,0x0000,0x0000,0x0000,0x0000,0x0000,
0x0000,0x0000,0x0000,0x0000,0x0000,0x0000,0x0000,0x0000,0x0000,0x0000,0x0000,0x0000,0x0000,0x0000,0x0000,0x0000,0x0000,0x0000,0x0000,0x0000,0x0000,0x0000,0x0000,0x0000,0x0000,0x0000,0x0000,0xfeb2,0xfeb2,0xfeb2,0xfeb2,0xfeb2,
0xfeb2,0xfeb2,0xfeb2,0xfeb2,0xfeb2,0x0000,0x0000,0x0000,0x0000,0x0000,0x0000,0x0000,0x0000,0x0000,0x0000,0x0000,0x0000,0x0000,0x0000,0x0000,0x0000,0x0000,0x0000,0x0000,0x0000,0x0000,0x0000,0x0000,0x0000,0x0000,0x0000,0x0000,
0x0000,0x0000,0x0000,0x0000,0x0000,0x0000,0x0000,0x0000,0x0000,0x0000,0x0000,0x0000,0x0000,0x0000,0x0000,0x0000,0x0000,0x0000,0x0000,0x0000,0x0000,0x0000,0x0000,0x0000,0x0000,0x0000,0x0000,0xfeb2,0xfeb2,0xfeb2,0xfeb2,0xfeb2,
0xfeb2,0xfeb2,0xfeb2,0xfeb2,0xfeb2,0x0000,0x0000,0x0000,0x0000,0x0000,0x0000,0x0000,0x0000,0x0000,0x0000,0x0000,0x0000,0x0000,0x0000,0x0000,0x0000,0x0000,0x0000,0x0000,0x0000,0x0000,0x0000,0x0000,0x0000,0x0000,0x0000,0x0000,
0x0000,0x0000,0x0000,0x0000,0x0000,0x0000,0x0000,0x0000,0x0000,0x0000,0x0000,0x0000,0x0000,0x0000,0x0000,0x0000,0x0000,0x0000,0x0000,0x0000,0x0000,0x0000,0x0000,0x0000,0x0000,0x0000,0x0000,0xfeb2,0xfeb2,0xfeb2,0xfeb2,0xfeb2,
0xfeb2,0xfeb2,0xfeb2,0xfeb2,0xfeb2,0x0000,0x0000,0x0000,0x0000,0x0000,0x0000,0x0000,0x0000,0x0000,0x0000,0x0000,0x0000,0x0000,0x0000,0x0000,0x0000,0x0000,0x0000,0x0000,0x0000,0x0000,0x0000,0x0000,0x0000,0x0000,0x0000,0x0000,
0x0000,0x0000,0x0000,0x0000,0x0000,0x0000,0x0000,0x0000,0x0000,0x0000,0x0000,0x0000,0x0000,0x0000,0x0000,0x0000,0x0000,0x0000,0x0000,0x0000,0x0000,0x0000,0x0000,0x0000,0x0000,0x0000,0x0000,0xfeb2,0xfeb2,0xfeb2,0xa6fa,0xa6fa,
0xa6fa,0xa6fa,0xfeb2,0xfeb2,0xfeb2,0x0000,0x0000,0x0000,0x0000,0x0000,0x0000,0x0000,0x0000,0x0000,0x0000,0x0000,0x0000,0x0000,0x0000,0x0000,0x0000,0x0000,0x0000,0x0000,0x0000,0x0000,0x0000,0x0000,0x0000,0x0000,0x0000,0x0000,
0x0000,0x0000,0x0000,0x0000,0x0000,0x0000,0x0000,0x0000,0x0000,0x0000,0x0000,0x0000,0x0000,0x0000,0x0000,0x0000,0x0000,0x0000,0x0000,0x0000,0x0000,0x0000,0x0000,0x0000,0x0000,0x0000,0x0000,0x0000,0x0000,0x0000,0xa6fa,0xa6fa,
0xa6fa,0xa6fa,0x0000,0x0000,0x0000,0x0000,0x0000,0x0000,0x0000,0x0000,0x0000,0x0000,0x0000,0x0000,0x0000,0x0000,0x0000,0x0000,0x0000,0x0000,0x0000,0x0000,0x0000,0x0000,0x0000,0x0000,0x0000,0x0000,0x0000,0x0000,0x0000,0x0000,
0x0000,0x0000,0x0000,0x0000,0x0000,0x0000,0x0000,0x0000,0x0000,0x0000,0x0000,0x0000,0x0000,0x0000,0x0000,0x0000,0x0000,0x0000,0x0000,0x0000,0x0000,0x0000,0x0000,0x0000,0x0000,0x0000,0x0000,0x0000,0x0000,0x0000,0xa6fa,0xa6fa,
0xa6fa,0xa6fa,0x0000,0x0000,0x0000,0x0000,0x0000,0x0000,0x0000,0x0000,0x0000,0x0000,0x0000,0x0000,0x0000,0x0000,0x0000,0x0000,0x0000,0x0000,0x0000,0x0000,0x0000,0x0000,0x0000,0x0000,0x0000,0x0000,0x0000,0x0000,0x0000,0x0000,
0x0000,0x0000,0x0000,0x0000,0x0000,0x0000,0x0000,0x0000,0x0000,0x0000,0x0000,0x0000,0x0000,0x0000,0x0000,0x0000,0x0000,0x0000,0x0000,0x0000,0x0000,0x0000,0x0000,0x0000,0x0000,0x0000,0x0000,0x0000,0x0000,0x0000,0xa6fa,0xa6fa,
0xa6fa,0xa6fa,0x0000,0x0000,0x0000,0x0000,0x0000,0x0000,0x0000,0x0000,0x0000,0x0000,0x0000,0x0000,0x0000,0x0000,0x0000,0x0000,0x0000,0x0000,0x0000,0x0000,0x0000,0x0000,0x0000,0x0000,0x0000,0x0000,0x0000,0x0000,0x0000,0x0000,
0x0000,0x0000,0x0000,0x0000,0x0000,0x0000,0x0000,0x0000,0x0000,0x0000,0x0000,0x0000,0x0000,0x0000,0x0000,0x19e8,0x19e8,0x19e8,0x19e8,0x19e8,0x19e8,0x19e8,0x19e8,0x19e8,0x19e8,0x19e8,0x19e8,0x19e8,0x19e8,0x19e8,0x19e8,0x19e8,
0x19e8,0x19e8,0x19e8,0x19e8,0x19e8,0x19e8,0x19e8,0x19e8,0x19e8,0x19e8,0x19e8,0x19e8,0x19e8,0x19e8,0x19e8,0x19e8,0x19e8,0x0000,0x0000,0x0000,0x0000,0x0000,0x0000,0x0000,0x0000,0x0000,0x0000,0x0000,0x0000,0x0000,0x0000,0x0000,
0x0000,0x0000,0x0000,0x0000,0x0000,0x0000,0x0000,0x0000,0x0000,0x0000,0x0000,0x0000,0x0000,0x0000,0x0000,0x19e8,0x19e8,0x19e8,0x19e8,0x19e8,0x19e8,0x19e8,0x19e8,0x19e8,0x19e8,0x19e8,0x19e8,0x19e8,0x19e8,0x19e8,0x19e8,0x19e8,
0x19e8,0x19e8,0x19e8,0x19e8,0x19e8,0x19e8,0x19e8,0x19e8,0x19e8,0x19e8,0x19e8,0x19e8,0x19e8,0x19e8,0x19e8,0x19e8,0x19e8,0x0000,0x0000,0x0000,0x0000,0x0000,0x0000,0x0000,0x0000,0x0000,0x0000,0x0000,0x0000,0x0000,0x0000,0x0000,
0x0000,0x0000,0x0000,0x0000,0x0000,0x0000,0x0000,0x0000,0x0000,0x0000,0x0000,0x0000,0x0000,0x0000,0x0000,0x19e8,0x19e8,0xa6fa,0xa6fa,0xa6fa,0xa6fa,0xa6fa,0xa6fa,0xa6fa,0xa6fa,0xa6fa,0xa6fa,0xa6fa,0xa6fa,0xa6fa,0xa6fa,0xa6fa,
0xa6fa,0xa6fa,0xa6fa,0xa6fa,0xa6fa,0xa6fa,0xa6fa,0xa6fa,0xa6fa,0xa6fa,0xa6fa,0xa6fa,0xa6fa,0xa6fa,0xa6fa,0x19e8,0x19e8,0x0000,0x0000,0x0000,0x0000,0x0000,0x0000,0x0000,0x0000,0x0000,0x0000,0x0000,0x0000,0x0000,0x0000,0x0000,
0x0000,0x0000,0x0000,0x0000,0x0000,0x0000,0x0000,0x0000,0x0000,0x0000,0x0000,0x0000,0x0000,0x0000,0x0000,0x19e8,0x19e8,0xa6fa,0xa6fa,0xa6fa,0xa6fa,0xa6fa,0xa6fa,0xa6fa,0xa6fa,0xa6fa,0xa6fa,0xa6fa,0xa6fa,0xa6fa,0xa6fa,0xa6fa,
0xa6fa,0xa6fa,0xa6fa,0xa6fa,0xa6fa,0xa6fa,0xa6fa,0xa6fa,0xa6fa,0xa6fa,0xa6fa,0xa6fa,0xa6fa,0xa6fa,0xa6fa,0x19e8,0x19e8,0x0000,0x0000,0x0000,0x0000,0x0000,0x0000,0x0000,0x0000,0x0000,0x0000,0x0000,0x0000,0x0000,0x0000,0x0000,
0x0000,0x0000,0x0000,0x0000,0x0000,0x0000,0x0000,0x0000,0x0000,0x0000,0x0000,0x0000,0x0000,0x0000,0x0000,0x19e8,0x19e8,0xa6fa,0xa6fa,0xa6fa,0xa6fa,0xa6fa,0xa6fa,0xa6fa,0xa6fa,0xa6fa,0xa6fa,0xa6fa,0xa6fa,0xa6fa,0xa6fa,0xa6fa,
0xa6fa,0xa6fa,0xa6fa,0xa6fa,0xa6fa,0xa6fa,0xa6fa,0xa6fa,0xa6fa,0xa6fa,0xa6fa,0xa6fa,0xa6fa,0xa6fa,0xa6fa,0x19e8,0x19e8,0x0000,0x0000,0x0000,0x0000,0x0000,0x0000,0x0000,0x0000,0x0000,0x0000,0x0000,0x0000,0x0000,0x0000,0x0000,
0x0000,0x0000,0x0000,0x0000,0x0000,0x0000,0x0000,0x0000,0x0000,0x0000,0x0000,0x0000,0x0000,0x0000,0x0000,0x19e8,0x19e8,0xa6fa,0xa6fa,0xa6fa,0xa6fa,0xa6fa,0xa6fa,0xa6fa,0xa6fa,0xa6fa,0xa6fa,0xa6fa,0xa6fa,0xa6fa,0xa6fa,0xa6fa,
0xa6fa,0xa6fa,0xa6fa,0xa6fa,0xa6fa,0xa6fa,0xa6fa,0xa6fa,0xa6fa,0xa6fa,0xa6fa,0xa6fa,0xa6fa,0xa6fa,0xa6fa,0x19e8,0x19e8,0x0000,0x0000,0x0000,0x0000,0x0000,0x0000,0x0000,0x0000,0x0000,0x0000,0x0000,0x0000,0x0000,0x0000,0x0000,
0x0000,0x0000,0x0000,0x0000,0x0000,0x0000,0x0000,0x0000,0x0000,0x0000,0x0000,0x0000,0x0000,0x0000,0x0000,0x19e8,0x19e8,0xa6fa,0xa6fa,0xa6fa,0xa6fa,0x19e8,0x19e8,0x19e8,0x19e8,0x19e8,0x19e8,0x19e8,0x19e8,0x19e8,0x19e8,0x19e8,
0x19e8,0x19e8,0x19e8,0x19e8,0x19e8,0x19e8,0x19e8,0x19e8,0x19e8,0x19e8,0x19e8,0xa6fa,0xa6fa,0xa6fa,0xa6fa,0x19e8,0x19e8,0x0000,0x0000,0x0000,0x0000,0x0000,0x0000,0x0000,0x0000,0x0000,0x0000,0x0000,0x0000,0x0000,0x0000,0x0000,
0x0000,0x0000,0x0000,0x0000,0x0000,0x0000,0x0000,0x0000,0x0000,0x0000,0x0000,0x0000,0x0000,0x0000,0x0000,0x19e8,0x19e8,0xa6fa,0xa6fa,0xa6fa,0xa6fa,0x19e8,0x19e8,0x19e8,0x19e8,0x19e8,0x19e8,0x19e8,0x19e8,0x19e8,0x19e8,0x19e8,
0x19e8,0x19e8,0x19e8,0x19e8,0x19e8,0x19e8,0x19e8,0x19e8,0x19e8,0x19e8,0x19e8,0xa6fa,0xa6fa,0xa6fa,0xa6fa,0x19e8,0x19e8,0x0000,0x0000,0x0000,0x0000,0x0000,0x0000,0x0000,0x0000,0x0000,0x0000,0x0000,0x0000,0x0000,0x0000,0x0000,
0x0000,0x0000,0x0000,0x0000,0x0000,0x0000,0x0000,0x0000,0x0000,0x0000,0x0000,0x0000,0x0000,0x0000,0x0000,0x19e8,0x19e8,0xa6fa,0xa6fa,0xa6fa,0xa6fa,0x19e8,0x19e8,0x19e8,0x19e8,0x19e8,0x19e8,0x19e8,0x19e8,0x19e8,0x19e8,0x19e8,
0x19e8,0x19e8,0x19e8,0x19e8,0x19e8,0x19e8,0x19e8,0x19e8,0x19e8,0x19e8,0x19e8,0xa6fa,0xa6fa,0xa6fa,0xa6fa,0x19e8,0x19e8,0x0000,0x0000,0x0000,0x0000,0x0000,0x0000,0x0000,0x0000,0x0000,0x0000,0x0000,0x0000,0x0000,0x0000,0x0000,
0x0000,0x0000,0x0000,0x0000,0x0000,0x0000,0x0000,0x0000,0x0000,0x0000,0x0000,0x0000,0x0000,0x0000,0x0000,0x19e8,0x19e8,0xa6fa,0xa6fa,0xa6fa,0xa6fa,0x19e8,0x19e8,0x19e8,0xefdb,0xefdb,0xefdb,0xefdb,0x19e8,0x19e8,0x19e8,0x19e8,
0x19e8,0x19e8,0x19e8,0xefdb,0xefdb,0xefdb,0xefdb,0x19e8,0x19e8,0x19e8,0x19e8,0xa6fa,0xa6fa,0xa6fa,0xa6fa,0x19e8,0x19e8,0x0000,0x0000,0x0000,0x0000,0x0000,0x0000,0x0000,0x0000,0x0000,0x0000,0x0000,0x0000,0x0000,0x0000,0x0000,
0x0000,0x0000,0x0000,0x0000,0x0000,0x0000,0x0000,0x0000,0x0000,0x0000,0x0000,0x0000,0x0000,0x0000,0x0000,0x19e8,0x19e8,0xa6fa,0xa6fa,0xa6fa,0xa6fa,0x19e8,0x19e8,0x19e8,0xefdb,0xefdb,0xefdb,0xefdb,0x19e8,0x19e8,0x19e8,0x19e8,
0x19e8,0x19e8,0x19e8,0xefdb,0xefdb,0xefdb,0xefdb,0x19e8,0x19e8,0x19e8,0x19e8,0xa6fa,0xa6fa,0xa6fa,0xa6fa,0x19e8,0x19e8,0x0000,0x0000,0x0000,0x0000,0x0000,0x0000,0x0000,0x0000,0x0000,0x0000,0x0000,0x0000,0x0000,0x0000,0x0000,
0x0000,0x0000,0x0000,0x0000,0x0000,0x0000,0x0000,0x0000,0x0000,0x0000,0x0000,0x0000,0x0000,0x0000,0x0000,0x19e8,0x19e8,0xa6fa,0xa6fa,0xa6fa,0xa6fa,0x19e8,0x19e8,0x19e8,0xefdb,0xefdb,0xefdb,0xefdb,0x19e8,0x19e8,0x19e8,0x19e8,
0x19e8,0x19e8,0x19e8,0xefdb,0xefdb,0xefdb,0xefdb,0x19e8,0x19e8,0x19e8,0x19e8,0xa6fa,0xa6fa,0xa6fa,0xa6fa,0x19e8,0x19e8,0x0000,0x0000,0x0000,0x0000,0x0000,0x0000,0x0000,0x0000,0x0000,0x0000,0x0000,0x0000,0x0000,0x0000,0x0000,
0x0000,0x0000,0x0000,0x0000,0x0000,0x0000,0x0000,0x0000,0x0000,0x0000,0x0000,0x0000,0x0000,0x0000,0x0000,0x19e8,0x19e8,0xa6fa,0xa6fa,0xa6fa,0xa6fa,0x19e8,0x19e8,0x19e8,0xefdb,0xefdb,0xefdb,0xefdb,0x19e8,0x19e8,0x19e8,0x19e8,
0x19e8,0x19e8,0x19e8,0xefdb,0xefdb,0xefdb,0xefdb,0x19e8,0x19e8,0x19e8,0x19e8,0xa6fa,0xa6fa,0xa6fa,0xa6fa,0x19e8,0x19e8,0x0000,0x0000,0x0000,0x0000,0x0000,0x0000,0x0000,0x0000,0x0000,0x0000,0x0000,0x0000,0x0000,0x0000,0x0000,
0x0000,0x0000,0x0000,0x0000,0x0000,0x0000,0x0000,0x0000,0x0000,0x0000,0x0000,0x0000,0x0000,0x0000,0x0000,0x19e8,0x19e8,0xa6fa,0xa6fa,0xa6fa,0xa6fa,0x19e8,0x19e8,0x19e8,0xefdb,0xefdb,0xefdb,0xefdb,0x19e8,0x19e8,0x19e8,0x19e8,
0x19e8,0x19e8,0x19e8,0xefdb,0xefdb,0xefdb,0xefdb,0x19e8,0x19e8,0x19e8,0x19e8,0xa6fa,0xa6fa,0xa6fa,0xa6fa,0x19e8,0x19e8,0x0000,0x0000,0x0000,0x0000,0x0000,0x0000,0x0000,0x0000,0x0000,0x0000,0x0000,0x0000,0x0000,0x0000,0x0000,
0x0000,0x0000,0x0000,0x0000,0x0000,0x0000,0x0000,0x0000,0x0000,0x0000,0x0000,0x0000,0x0000,0x0000,0x0000,0x19e8,0x19e8,0xa6fa,0xa6fa,0xa6fa,0xa6fa,0x19e8,0x19e8,0x19e8,0xefdb,0xefdb,0xefdb,0xefdb,0x19e8,0x19e8,0x19e8,0x19e8,
0x19e8,0x19e8,0x19e8,0xefdb,0xefdb,0xefdb,0xefdb,0x19e8,0x19e8,0x19e8,0x19e8,0xa6fa,0xa6fa,0xa6fa,0xa6fa,0x19e8,0x19e8,0x0000,0x0000,0x0000,0x0000,0x0000,0x0000,0x0000,0x0000,0x0000,0x0000,0x0000,0x0000,0x0000,0x0000,0x0000,
0x0000,0x0000,0x0000,0x0000,0x0000,0x0000,0x0000,0x0000,0x0000,0x0000,0x0000,0x0000,0x0000,0x0000,0x0000,0x19e8,0x19e8,0xa6fa,0xa6fa,0xa6fa,0xa6fa,0x19e8,0x19e8,0x19e8,0xefdb,0xefdb,0xefdb,0xefdb,0x19e8,0x19e8,0x19e8,0x19e8,
0x19e8,0x19e8,0x19e8,0xefdb,0xefdb,0xefdb,0xefdb,0x19e8,0x19e8,0x19e8,0x19e8,0xa6fa,0xa6fa,0xa6fa,0xa6fa,0x19e8,0x19e8,0x0000,0x0000,0x0000,0x0000,0x0000,0x0000,0x0000,0x0000,0x0000,0x0000,0x0000,0x0000,0x0000,0x0000,0x0000,
0x0000,0x0000,0x0000,0x0000,0x0000,0x0000,0x0000,0x0000,0x0000,0x0000,0x0000,0x0000,0x0000,0x0000,0x0000,0x19e8,0x19e8,0xa6fa,0xa6fa,0xa6fa,0xa6fa,0x19e8,0x19e8,0x19e8,0x19e8,0x19e8,0x19e8,0x19e8,0x19e8,0x19e8,0x19e8,0x19e8,
0x19e8,0x19e8,0x19e8,0x19e8,0x19e8,0x19e8,0x19e8,0x19e8,0x19e8,0x19e8,0x19e8,0xa6fa,0xa6fa,0xa6fa,0xa6fa,0x19e8,0x19e8,0x0000,0x0000,0x0000,0x0000,0x0000,0x0000,0x0000,0x0000,0x0000,0x0000,0x0000,0x0000,0x0000,0x0000,0x0000,
0x0000,0x0000,0x0000,0x0000,0x0000,0x0000,0x0000,0x0000,0x0000,0x0000,0x0000,0x0000,0x0000,0x0000,0x0000,0x19e8,0x19e8,0xa6fa,0xa6fa,0xa6fa,0xa6fa,0x19e8,0x19e8,0x19e8,0x19e8,0x19e8,0x19e8,0x19e8,0x19e8,0x19e8,0x19e8,0x19e8,
0x19e8,0x19e8,0x19e8,0x19e8,0x19e8,0x19e8,0x19e8,0x19e8,0x19e8,0x19e8,0x19e8,0xa6fa,0xa6fa,0xa6fa,0xa6fa,0x19e8,0x19e8,0x0000,0x0000,0x0000,0x0000,0x0000,0x0000,0x0000,0x0000,0x0000,0x0000,0x0000,0x0000,0x0000,0x0000,0x0000,
0x0000,0x0000,0x0000,0x0000,0x0000,0x0000,0x0000,0x0000,0x0000,0x0000,0x0000,0x0000,0x0000,0x0000,0x0000,0x19e8,0x19e8,0xa6fa,0xa6fa,0xa6fa,0xa6fa,0x19e8,0x19e8,0x19e8,0x19e8,0x19e8,0x19e8,0x19e8,0x19e8,0x19e8,0x19e8,0x19e8,
0x19e8,0x19e8,0x19e8,0x19e8,0x19e8,0x19e8,0x19e8,0x19e8,0x19e8,0x19e8,0x19e8,0xa6fa,0xa6fa,0xa6fa,0xa6fa,0x19e8,0x19e8,0x0000,0x0000,0x0000,0x0000,0x0000,0x0000,0x0000,0x0000,0x0000,0x0000,0x0000,0x0000,0x0000,0x0000,0x0000,
0x0000,0x0000,0x0000,0x0000,0x0000,0x0000,0x0000,0x0000,0x0000,0x0000,0x0000,0x0000,0x0000,0x0000,0x0000,0x19e8,0x19e8,0xa6fa,0xa6fa,0xa6fa,0xa6fa,0x19e8,0x19e8,0x19e8,0x19e8,0x19e8,0x19e8,0x19e8,0x19e8,0x19e8,0x19e8,0x19e8,
0x19e8,0x19e8,0x19e8,0x19e8,0x19e8,0x19e8,0x19e8,0x19e8,0x19e8,0x19e8,0x19e8,0xa6fa,0xa6fa,0xa6fa,0xa6fa,0x19e8,0x19e8,0x0000,0x0000,0x0000,0x0000,0x0000,0x0000,0x0000,0x0000,0x0000,0x0000,0x0000,0x0000,0x0000,0x0000,0x0000,
0x0000,0x0000,0x0000,0x0000,0x0000,0x0000,0x0000,0x0000,0x0000,0x0000,0x0000,0x0000,0x0000,0x0000,0x0000,0x19e8,0x19e8,0xa6fa,0xa6fa,0xa6fa,0xa6fa,0xa6fa,0xa6fa,0xa6fa,0xa6fa,0xa6fa,0xa6fa,0xa6fa,0xa6fa,0xa6fa,0xa6fa,0xa6fa,
0xa6fa,0xa6fa,0xa6fa,0xa6fa,0xa6fa,0xa6fa,0xa6fa,0xa6fa,0xa6fa,0xa6fa,0xa6fa,0xa6fa,0xa6fa,0xa6fa,0xa6fa,0x19e8,0x19e8,0x0000,0x0000,0x0000,0x0000,0x0000,0x0000,0x0000,0x0000,0x0000,0x0000,0x0000,0x0000,0x0000,0x0000,0x0000,
0x0000,0x0000,0x0000,0x0000,0x0000,0x0000,0x0000,0x0000,0x0000,0x0000,0x0000,0x0000,0x0000,0x0000,0x0000,0x19e8,0x19e8,0xa6fa,0xa6fa,0xa6fa,0xa6fa,0xa6fa,0xa6fa,0xa6fa,0xa6fa,0xa6fa,0xa6fa,0x19e8,0x19e8,0x19e8,0x19e8,0x19e8,
0x19e8,0x19e8,0x19e8,0x19e8,0x19e8,0xa6fa,0xa6fa,0xa6fa,0xa6fa,0xa6fa,0xa6fa,0xa6fa,0xa6fa,0xa6fa,0xa6fa,0x19e8,0x19e8,0x0000,0x0000,0x0000,0x0000,0x0000,0x0000,0x0000,0x0000,0x0000,0x0000,0x0000,0x0000,0x0000,0x0000,0x0000,
0x0000,0x0000,0x0000,0x0000,0x0000,0x0000,0x0000,0x0000,0x0000,0x0000,0x0000,0x0000,0x0000,0x0000,0x0000,0x19e8,0x19e8,0xa6fa,0xa6fa,0xa6fa,0xa6fa,0xa6fa,0xa6fa,0xa6fa,0xa6fa,0xa6fa,0xa6fa,0x19e8,0x19e8,0x19e8,0x19e8,0x19e8,
0x19e8,0x19e8,0x19e8,0x19e8,0x19e8,0xa6fa,0xa6fa,0xa6fa,0xa6fa,0xa6fa,0xa6fa,0xa6fa,0xa6fa,0xa6fa,0xa6fa,0x19e8,0x19e8,0x0000,0x0000,0x0000,0x0000,0x0000,0x0000,0x0000,0x0000,0x0000,0x0000,0x0000,0x0000,0x0000,0x0000,0x0000,
0x0000,0x0000,0x0000,0x0000,0x0000,0x0000,0x0000,0x0000,0x0000,0x0000,0x0000,0x0000,0x0000,0x0000,0x0000,0x19e8,0x19e8,0xa6fa,0xa6fa,0xa6fa,0xa6fa,0xa6fa,0xa6fa,0xa6fa,0xa6fa,0xa6fa,0xa6fa,0xa6fa,0xa6fa,0xa6fa,0xa6fa,0xa6fa,
0xa6fa,0xa6fa,0xa6fa,0xa6fa,0xa6fa,0xa6fa,0xa6fa,0xa6fa,0xa6fa,0xa6fa,0xa6fa,0xa6fa,0xa6fa,0xa6fa,0xa6fa,0x19e8,0x19e8,0x0000,0x0000,0x0000,0x0000,0x0000,0x0000,0x0000,0x0000,0x0000,0x0000,0x0000,0x0000,0x0000,0x0000,0x0000,
0x0000,0x0000,0x0000,0x0000,0x0000,0x0000,0x0000,0x0000,0x0000,0x0000,0x0000,0x0000,0x0000,0x0000,0x0000,0x19e8,0x19e8,0xa6fa,0xa6fa,0xa6fa,0xa6fa,0xa6fa,0xa6fa,0xa6fa,0xa6fa,0xa6fa,0xa6fa,0xa6fa,0xa6fa,0xa6fa,0xa6fa,0xa6fa,
0xa6fa,0xa6fa,0xa6fa,0xa6fa,0xa6fa,0xa6fa,0xa6fa,0xa6fa,0xa6fa,0xa6fa,0xa6fa,0xa6fa,0xa6fa,0xa6fa,0xa6fa,0x19e8,0x19e8,0x0000,0x0000,0x0000,0x0000,0x0000,0x0000,0x0000,0x0000,0x0000,0x0000,0x0000,0x0000,0x0000,0x0000,0x0000,
0x0000,0x0000,0x0000,0x0000,0x0000,0x0000,0x0000,0x0000,0x0000,0x0000,0x0000,0x0000,0x0000,0x0000,0x0000,0x19e8,0x19e8,0x19e8,0x19e8,0x19e8,0x19e8,0x19e8,0x19e8,0x19e8,0x19e8,0x19e8,0x19e8,0x19e8,0x19e8,0x19e8,0x19e8,0x19e8,
0x19e8,0x19e8,0x19e8,0x19e8,0x19e8,0x19e8,0x19e8,0x19e8,0x19e8,0x19e8,0x19e8,0x19e8,0x19e8,0x19e8,0x19e8,0x19e8,0x19e8,0x0000,0x0000,0x0000,0x0000,0x0000,0x0000,0x0000,0x0000,0x0000,0x0000,0x0000,0x0000,0x0000,0x0000,0x0000,
0x0000,0x0000,0x0000,0x0000,0x0000,0x0000,0x0000,0x0000,0x0000,0x0000,0x0000,0x0000,0x0000,0x0000,0x0000,0x19e8,0x19e8,0x19e8,0x19e8,0x19e8,0x19e8,0x19e8,0x19e8,0x19e8,0x19e8,0x19e8,0x19e8,0x19e8,0x19e8,0x19e8,0x19e8,0x19e8,
0x19e8,0x19e8,0x19e8,0x19e8,0x19e8,0x19e8,0x19e8,0x19e8,0x19e8,0x19e8,0x19e8,0x19e8,0x19e8,0x19e8,0x19e8,0x19e8,0x19e8,0x0000,0x0000,0x0000,0x0000,0x0000,0x0000,0x0000,0x0000,0x0000,0x0000,0x0000,0x0000,0x0000,0x0000,0x0000,
0x0000,0x0000,0x0000,0x0000,0x0000,0x0000,0x0000,0x0000,0x0000,0x0000,0x0000,0x0000,0x0000,0x0000,0x0000,0x0000,0x0000,0x0000,0x0000,0x0000,0x0000,0x19e8,0x19e8,0x19e8,0x19e8,0x19e8,0x19e8,0x19e8,0x19e8,0x19e8,0x19e8,0x19e8,
0x19e8,0x19e8,0x19e8,0x19e8,0x19e8,0x19e8,0x19e8,0x19e8,0x19e8,0x19e8,0x19e8,0x0000,0x0000,0x0000,0x0000,0x0000,0x0000,0x0000,0x0000,0x0000,0x0000,0x0000,0x0000,0x0000,0x0000,0x0000,0x0000,0x0000,0x0000,0x0000,0x0000,0x0000,
0x0000,0x0000,0x0000,0x0000,0x0000,0x0000,0x0000,0x0000,0x0000,0x0000,0x0000,0x0000,0x0000,0x0000,0x0000,0x0000,0x0000,0x0000,0x0000,0x0000,0x0000,0x19e8,0x19e8,0x19e8,0x19e8,0x19e8,0x19e8,0x19e8,0x19e8,0x19e8,0x19e8,0x19e8,
0x19e8,0x19e8,0x19e8,0x19e8,0x19e8,0x19e8,0x19e8,0x19e8,0x19e8,0x19e8,0x19e8,0x0000,0x0000,0x0000,0x0000,0x0000,0x0000,0x0000,0x0000,0x0000,0x0000,0x0000,0x0000,0x0000,0x0000,0x0000,0x0000,0x0000,0x0000,0x0000,0x0000,0x0000,
0x0000,0x0000,0x0000,0x0000,0x0000,0x0000,0x0000,0x0000,0x0000,0x0000,0x0000,0x0000,0x0000,0x0000,0x0000,0x0000,0x0000,0x0000,0x0000,0x0000,0x0000,0x19e8,0x19e8,0xa6fa,0xa6fa,0xa6fa,0xa6fa,0xa6fa,0xa6fa,0xa6fa,0xa6fa,0xa6fa,
0xa6fa,0xa6fa,0xa6fa,0xa6fa,0xa6fa,0xa6fa,0xa6fa,0xa6fa,0xa6fa,0x19e8,0x19e8,0x0000,0x0000,0x0000,0x0000,0x0000,0x0000,0x0000,0x0000,0x0000,0x0000,0x0000,0x0000,0x0000,0x0000,0x0000,0x0000,0x0000,0x0000,0x0000,0x0000,0x0000,
0x0000,0x0000,0x0000,0x0000,0x0000,0x0000,0x0000,0x0000,0x0000,0xa6fa,0xa6fa,0xa6fa,0xa6fa,0xa6fa,0x0000,0x0000,0x0000,0x0000,0x0000,0x0000,0x0000,0x19e8,0x19e8,0xa6fa,0xa6fa,0xa6fa,0xa6fa,0xa6fa,0xa6fa,0xa6fa,0xa6fa,0xa6fa,
0xa6fa,0xa6fa,0xa6fa,0xa6fa,0xa6fa,0xa6fa,0xa6fa,0xa6fa,0xa6fa,0x19e8,0x19e8,0x0000,0x0000,0x0000,0x0000,0x0000,0x0000,0x0000,0xa6fa,0xa6fa,0xa6fa,0xa6fa,0xa6fa,0x0000,0x0000,0x0000,0x0000,0x0000,0x0000,0x0000,0x0000,0x0000,
0x0000,0x0000,0x0000,0x0000,0x0000,0x0000,0x0000,0x0000,0x0000,0xa6fa,0xa6fa,0xa6fa,0xa6fa,0xa6fa,0x0000,0x0000,0x0000,0x0000,0x0000,0x0000,0x0000,0x19e8,0x19e8,0xa6fa,0xa6fa,0xa6fa,0xa6fa,0xa6fa,0xa6fa,0xa6fa,0xa6fa,0xa6fa,
0xa6fa,0xa6fa,0xa6fa,0xa6fa,0xa6fa,0xa6fa,0xa6fa,0xa6fa,0xa6fa,0x19e8,0x19e8,0x0000,0x0000,0x0000,0x0000,0x0000,0x0000,0x0000,0xa6fa,0xa6fa,0xa6fa,0xa6fa,0xa6fa,0x0000,0x0000,0x0000,0x0000,0x0000,0x0000,0x0000,0x0000,0x0000,
0x0000,0x0000,0x0000,0x0000,0x0000,0x0000,0x0000,0x0000,0x0000,0xa6fa,0xa6fa,0xa6fa,0xa6fa,0xa6fa,0x0000,0x0000,0x0000,0x0000,0x0000,0x0000,0x0000,0x19e8,0x19e8,0xa6fa,0xa6fa,0xa6fa,0xa6fa,0xa6fa,0xa6fa,0xa6fa,0xa6fa,0xa6fa,
0xa6fa,0xa6fa,0xa6fa,0xa6fa,0xa6fa,0xa6fa,0xa6fa,0xa6fa,0xa6fa,0x19e8,0x19e8,0x0000,0x0000,0x0000,0x0000,0x0000,0x0000,0x0000,0xa6fa,0xa6fa,0xa6fa,0xa6fa,0xa6fa,0x0000,0x0000,0x0000,0x0000,0x0000,0x0000,0x0000,0x0000,0x0000,
0x0000,0x0000,0x0000,0x0000,0x0000,0x0000,0x0000,0x0000,0x0000,0xa6fa,0xa6fa,0xa6fa,0xa6fa,0xa6fa,0x0000,0x0000,0x0000,0x0000,0x0000,0x0000,0x0000,0x19e8,0x19e8,0xa6fa,0xa6fa,0xa6fa,0xa6fa,0xa6fa,0xa6fa,0xa6fa,0xa6fa,0xa6fa,
0xa6fa,0xa6fa,0xa6fa,0xa6fa,0xa6fa,0xa6fa,0xa6fa,0xa6fa,0xa6fa,0x19e8,0x19e8,0x0000,0x0000,0x0000,0x0000,0x0000,0x0000,0x0000,0xa6fa,0xa6fa,0xa6fa,0xa6fa,0xa6fa,0x0000,0x0000,0x0000,0x0000,0x0000,0x0000,0x0000,0x0000,0x0000,
0x0000,0x0000,0x0000,0x0000,0x0000,0x0000,0x0000,0x0000,0x0000,0xa6fa,0xa6fa,0xa6fa,0xa6fa,0xa6fa,0x0000,0x0000,0x0000,0x0000,0x0000,0x0000,0x0000,0x19e8,0x19e8,0xa6fa,0xa6fa,0xa6fa,0xa6fa,0xa6fa,0xa6fa,0xa6fa,0xa6fa,0xa6fa,
0xa6fa,0xa6fa,0xa6fa,0xa6fa,0xa6fa,0xa6fa,0xa6fa,0xa6fa,0xa6fa,0x19e8,0x19e8,0x0000,0x0000,0x0000,0x0000,0x0000,0x0000,0x0000,0xa6fa,0xa6fa,0xa6fa,0xa6fa,0xa6fa,0x0000,0x0000,0x0000,0x0000,0x0000,0x0000,0x0000,0x0000,0x0000,
0x0000,0x0000,0x0000,0x0000,0x0000,0x0000,0x0000,0x0000,0x0000,0xa6fa,0xa6fa,0xa6fa,0xa6fa,0xa6fa,0x0000,0x0000,0x0000,0x0000,0x0000,0x0000,0x0000,0x19e8,0x19e8,0xa6fa,0xa6fa,0xa6fa,0xa6fa,0xa6fa,0xa6fa,0xa6fa,0xa6fa,0xa6fa,
0xa6fa,0xa6fa,0xa6fa,0xa6fa,0xa6fa,0xa6fa,0xa6fa,0xa6fa,0xa6fa,0x19e8,0x19e8,0x0000,0x0000,0x0000,0x0000,0x0000,0x0000,0x0000,0xa6fa,0xa6fa,0xa6fa,0xa6fa,0xa6fa,0x0000,0x0000,0x0000,0x0000,0x0000,0x0000,0x0000,0x0000,0x0000,
0x0000,0x0000,0x0000,0x0000,0x0000,0x0000,0x0000,0x0000,0x0000,0xa6fa,0xa6fa,0xa6fa,0xa6fa,0xa6fa,0x0000,0x0000,0x0000,0x0000,0x0000,0x0000,0x0000,0x19e8,0x19e8,0xa6fa,0xa6fa,0xa6fa,0xa6fa,0xa6fa,0xa6fa,0xa6fa,0xa6fa,0xa6fa,
0xa6fa,0xa6fa,0xa6fa,0xa6fa,0xa6fa,0xa6fa,0xa6fa,0xa6fa,0xa6fa,0x19e8,0x19e8,0x0000,0x0000,0x0000,0x0000,0x0000,0x0000,0x0000,0xa6fa,0xa6fa,0xa6fa,0xa6fa,0xa6fa,0x0000,0x0000,0x0000,0x0000,0x0000,0x0000,0x0000,0x0000,0x0000,
0x0000,0x0000,0x0000,0x0000,0x0000,0x0000,0x0000,0x0000,0x0000,0xa6fa,0xa6fa,0xa6fa,0xa6fa,0xa6fa,0x0000,0x0000,0x0000,0x0000,0x0000,0x0000,0x0000,0x19e8,0x19e8,0x19e8,0x19e8,0x19e8,0x19e8,0x19e8,0x19e8,0x19e8,0x19e8,0x19e8,
0x19e8,0x19e8,0x19e8,0x19e8,0x19e8,0x19e8,0x19e8,0x19e8,0x19e8,0x19e8,0x19e8,0x0000,0x0000,0x0000,0x0000,0x0000,0x0000,0x0000,0xa6fa,0xa6fa,0xa6fa,0xa6fa,0xa6fa,0x0000,0x0000,0x0000,0x0000,0x0000,0x0000,0x0000,0x0000,0x0000,
0x0000,0x0000,0x0000,0x0000,0x0000,0x0000,0x0000,0x0000,0x0000,0xa6fa,0xa6fa,0xa6fa,0xa6fa,0xa6fa,0x0000,0x0000,0x0000,0x0000,0x0000,0x0000,0x0000,0x19e8,0x19e8,0x19e8,0x19e8,0x19e8,0x19e8,0x19e8,0x19e8,0x19e8,0x19e8,0x19e8,
0x19e8,0x19e8,0x19e8,0x19e8,0x19e8,0x19e8,0x19e8,0x19e8,0x19e8,0x19e8,0x19e8,0x0000,0x0000,0x0000,0x0000,0x0000,0x0000,0x0000,0xa6fa,0xa6fa,0xa6fa,0xa6fa,0xa6fa,0x0000,0x0000,0x0000,0x0000,0x0000,0x0000,0x0000,0x0000,0x0000,
0x0000,0x0000,0x0000,0x0000,0x0000,0x0000,0x0000,0x0000,0x0000,0x0000,0x0000,0x0000,0x0000,0x0000,0x0000,0x0000,0x0000,0x0000,0x0000,0x0000,0x0000,0x0000,0x0000,0x0000,0x0000,0x0000,0x0000,0x0000,0x0000,0x0000,0x0000,0x0000,
0x0000,0x0000,0x0000,0x0000,0x0000,0x0000,0x0000,0x0000,0x0000,0x0000,0x0000,0x0000,0x0000,0x0000,0x0000,0x0000,0x0000,0x0000,0x0000,0x0000,0x0000,0x0000,0x0000,0x0000,0x0000,0x0000,0x0000,0x0000,0x0000,0x0000,0x0000,0x0000,
0x0000,0x0000,0x0000,0x0000,0x0000,0x0000,0x0000,0x0000,0x0000,0x0000,0x0000,0x0000,0x0000,0x0000,0x0000,0x0000,0x0000,0x0000,0x0000,0x0000,0x0000,0x0000,0x0000,0x0000,0x0000,0x0000,0xa6fa,0xa6fa,0xa6fa,0xa6fa,0x0000,0x0000,
0x0000,0x0000,0xa6fa,0xa6fa,0xa6fa,0xa6fa,0x0000,0x0000,0x0000,0x0000,0x0000,0x0000,0x0000,0x0000,0x0000,0x0000,0x0000,0x0000,0x0000,0x0000,0x0000,0x0000,0x0000,0x0000,0x0000,0x0000,0x0000,0x0000,0x0000,0x0000,0x0000,0x0000,
0x0000,0x0000,0x0000,0x0000,0x0000,0x0000,0x0000,0x0000,0x0000,0x0000,0x0000,0x0000,0x0000,0x0000,0x0000,0x0000,0x0000,0x0000,0x0000,0x0000,0x0000,0x0000,0x0000,0x0000,0x0000,0x0000,0xa6fa,0xa6fa,0xa6fa,0xa6fa,0x0000,0x0000,
0x0000,0x0000,0xa6fa,0xa6fa,0xa6fa,0xa6fa,0x0000,0x0000,0x0000,0x0000,0x0000,0x0000,0x0000,0x0000,0x0000,0x0000,0x0000,0x0000,0x0000,0x0000,0x0000,0x0000,0x0000,0x0000,0x0000,0x0000,0x0000,0x0000,0x0000,0x0000,0x0000,0x0000,
0x0000,0x0000,0x0000,0x0000,0x0000,0x0000,0x0000,0x0000,0x0000,0x0000,0x0000,0x0000,0x0000,0x0000,0x0000,0x0000,0x0000,0x0000,0x0000,0x0000,0x0000,0x0000,0x0000,0x0000,0x0000,0x0000,0xa6fa,0xa6fa,0xa6fa,0xa6fa,0x0000,0x0000,
0x0000,0x0000,0xa6fa,0xa6fa,0xa6fa,0xa6fa,0x0000,0x0000,0x0000,0x0000,0x0000,0x0000,0x0000,0x0000,0x0000,0x0000,0x0000,0x0000,0x0000,0x0000,0x0000,0x0000,0x0000,0x0000,0x0000,0x0000,0x0000,0x0000,0x0000,0x0000,0x0000,0x0000,
0x0000,0x0000,0x0000,0x0000,0x0000,0x0000,0x0000,0x0000,0x0000,0x0000,0x0000,0x0000,0x0000,0x0000,0x0000,0x0000,0x0000,0x0000,0x0000,0x0000,0x0000,0x0000,0x0000,0x0000,0x0000,0x0000,0xa6fa,0xa6fa,0xa6fa,0xa6fa,0x0000,0x0000,
0x0000,0x0000,0xa6fa,0xa6fa,0xa6fa,0xa6fa,0x0000,0x0000,0x0000,0x0000,0x0000,0x0000,0x0000,0x0000,0x0000,0x0000,0x0000,0x0000,0x0000,0x0000,0x0000,0x0000,0x0000,0x0000,0x0000,0x0000,0x0000,0x0000,0x0000,0x0000,0x0000,0x0000,
0x0000,0x0000,0x0000,0x0000,0x0000,0x0000,0x0000,0x0000,0x0000,0x0000,0x0000,0x0000,0x0000,0x0000,0x0000,0x0000,0x0000,0x0000,0x0000,0x0000,0x0000,0x0000,0x0000,0x0000,0x0000,0x0000,0x0000,0x0000,0x0000,0x0000,0x0000,0x0000,
0x0000,0x0000,0x0000,0x0000,0x0000,0x0000,0x0000,0x0000,0x0000,0x0000,0x0000,0x0000,0x0000,0x0000,0x0000,0x0000,0x0000,0x0000,0x0000,0x0000,0x0000,0x0000,0x0000,0x0000,0x0000,0x0000,0x0000,0x0000,0x0000,0x0000,0x0000,0x0000,
0x0000,0x0000,0x0000,0x0000,0x0000,0x0000,0x0000,0x0000,0x0000,0x0000,0x0000,0x0000,0x0000,0x0000,0x0000,0x0000,0x0000,0x0000,0x0000,0x0000,0x0000,0x0000,0x0000,0x0000,0x0000,0x0000,0x0000,0x0000,0x0000,0x0000,0x0000,0x0000,
0x0000,0x0000,0x0000,0x0000,0x0000,0x0000,0x0000,0x0000,0x0000,0x0000,0x0000,0x0000,0x0000,0x0000,0x0000,0x0000,0x0000,0x0000,0x0000,0x0000,0x0000,0x0000,0x0000,0x0000,0x0000,0x0000,0x0000,0x0000,0x0000,0x0000,0x0000,0x0000,
0x0000,0x0000,0x0000,0x0000,0x0000,0x0000,0x0000,0x0000,0x0000,0x0000,0x0000,0x0000,0x0000,0x0000,0x0000,0x0000,0x0000,0x0000,0x0000,0x0000,0x0000,0x0000,0x0000,0x0000,0x0000,0x0000,0x0000,0x0000,0x0000,0x0000,0x0000,0x0000,
0x0000,0x0000,0x0000,0x0000,0x0000,0x0000,0x0000,0x0000,0x0000,0x0000,0x0000,0x0000,0x0000,0x0000,0x0000,0x0000,0x0000,0x0000,0x0000,0x0000,0x0000,0x0000,0x0000,0x0000,0x0000,0x0000,0x0000,0x0000,0x0000,0x0000,0x0000,0x0000,
0x0000,0x0000,0x0000,0x0000,0x0000,0x0000,0x0000,0x0000,0x0000,0x0000,0x0000,0x0000,0x0000,0x0000,0x0000,0x0000,0x0000,0x0000,0x0000,0x0000,0x0000,0x0000,0x0000,0x0000,0x0000,0x0000,0x0000,0x0000,0x0000,0x0000,0x0000,0x0000,
0x0000,0x0000,0x0000,0x0000,0x0000,0x0000,0x0000,0x0000,0x0000,0x0000,0x0000,0x0000,0x0000,0x0000,0x0000,0x0000,0x0000,0x0000,0x0000,0x0000,0x0000,0x0000,0x0000,0x0000,0x0000,0x0000,0x0000,0x0000,0x0000,0x0000,0x0000,0x0000,
0x0000,0x0000,0x0000,0x0000,0x0000,0x0000,0x0000,0x0000,0x0000,0x0000,0x0000,0x0000,0x0000,0x0000,0x0000,0x0000,0x0000,0x0000,0x0000,0x0000,0x0000,0x0000,0x0000,0x0000,0x0000,0x0000,0x0000,0x0000,0x0000,0x0000,0x0000,0x0000,
0x0000,0x0000,0x0000,0x0000,0x0000,0x0000,0x0000,0x0000,0x0000,0x0000,0x0000,0x0000,0x0000,0x0000,0x0000,0x0000,0x0000,0x0000,0x0000,0x0000,0x0000,0x0000,0x0000,0x0000,0x0000,0x0000,0x0000,0x0000,0x0000,0x0000,0x0000,0x0000,
};
static const uint16_t frame_7[4096] = {
0x0000,0x0000,0x0000,0x0000,0x0000,0x0000,0x0000,0x0000,0x0000,0x0000,0x0000,0x0000,0x0000,0x0000,0x0000,0x0000,0x0000,0x0000,0x0000,0x0000,0x0000,0x0000,0x0000,0x0000,0x0000,0x0000,0x0000,0x0000,0x0000,0x0000,0x0000,0x0000,
0x0000,0x0000,0x0000,0x0000,0x0000,0x0000,0x0000,0x0000,0x0000,0x0000,0x0000,0x0000,0x0000,0x0000,0x0000,0x0000,0x0000,0x0000,0x0000,0x0000,0x0000,0x0000,0x0000,0x0000,0x0000,0x0000,0x0000,0x0000,0x0000,0x0000,0x0000,0x0000,
0x0000,0x0000,0x0000,0x0000,0x0000,0x0000,0x0000,0x0000,0x0000,0x0000,0x0000,0x0000,0x0000,0x0000,0x0000,0x0000,0x0000,0x0000,0x0000,0x0000,0x0000,0x0000,0x0000,0x0000,0x0000,0x0000,0x0000,0x0000,0x0000,0x0000,0x0000,0x0000,
0x0000,0x0000,0x0000,0x0000,0x0000,0x0000,0x0000,0x0000,0x0000,0x0000,0x0000,0x0000,0x0000,0x0000,0x0000,0x0000,0x0000,0x0000,0x0000,0x0000,0x0000,0x0000,0x0000,0x0000,0x0000,0x0000,0x0000,0x0000,0x0000,0x0000,0x0000,0x0000,
0x0000,0x0000,0x0000,0x0000,0x0000,0x0000,0x0000,0x0000,0x0000,0x0000,0x0000,0x0000,0x0000,0x0000,0x0000,0x0000,0x0000,0x0000,0x0000,0x0000,0x0000,0x0000,0x0000,0x0000,0x0000,0x0000,0x0000,0x0000,0x0000,0x0000,0x0000,0x0000,
0x0000,0x0000,0x0000,0x0000,0x0000,0x0000,0x0000,0x0000,0x0000,0x0000,0x0000,0x0000,0x0000,0x0000,0x0000,0x0000,0x0000,0x0000,0x0000,0x0000,0x0000,0x0000,0x0000,0x0000,0x0000,0x0000,0x0000,0x0000,0x0000,0x0000,0x0000,0x0000,
0x0000,0x0000,0x0000,0x0000,0x0000,0x0000,0x0000,0x0000,0x0000,0x0000,0x0000,0x0000,0x19e8,0x19e8,0x19e8,0x0000,0x0000,0x0000,0x0000,0x0000,0x0000,0x0000,0x0000,0x0000,0xfeb2,0xfeb2,0xfeb2,0x0000,0x0000,0x0000,0x0000,0x0000,
0x0000,0x0000,0x0000,0x0000,0x19e8,0x19e8,0x19e8,0x0000,0x0000,0x0000,0x0000,0x0000,0x0000,0x0000,0x0000,0x0000,0x19e8,0x19e8,0x19e8,0x0000,0x0000,0x0000,0x0000,0x0000,0x0000,0x0000,0x0000,0x0000,0x0000,0x0000,0x0000,0x0000,
0x0000,0x0000,0x0000,0x0000,0x0000,0x0000,0x0000,0x0000,0x0000,0x0000,0x0000,0x0000,0x19e8,0x19e8,0x19e8,0x0000,0x0000,0x0000,0x0000,0x0000,0x0000,0x0000,0x0000,0x0000,0xfeb2,0xfeb2,0xfeb2,0x0000,0x0000,0x0000,0x0000,0x0000,
0x0000,0x0000,0x0000,0x0000,0x19e8,0x19e8,0x19e8,0x0000,0x0000,0x0000,0x0000,0x0000,0x0000,0x0000,0x0000,0x0000,0x19e8,0x19e8,0x19e8,0x0000,0x0000,0x0000,0x0000,0x0000,0x0000,0x0000,0x0000,0x0000,0x0000,0x0000,0x0000,0x0000,
0x0000,0x0000,0x0000,0x0000,0x0000,0x0000,0x0000,0x0000,0x0000,0x0000,0x0000,0x0000,0x19e8,0x19e8,0x19e8,0x0000,0x0000,0x0000,0x0000,0x0000,0x0000,0x0000,0x0000,0x0000,0xfeb2,0xfeb2,0xfeb2,0x0000,0x0000,0x0000,0x0000,0x0000,
0x0000,0x0000,0x0000,0x0000,0x19e8,0x19e8,0x19e8,0x0000,0x0000,0x0000,0x0000,0x0000,0x0000,0x0000,0x0000,0x0000,0x19e8,0x19e8,0x19e8,0x0000,0x0000,0x0000,0x0000,0x0000,0x0000,0x0000,0x0000,0x0000,0x0000,0x0000,0x0000,0x0000,
0x0000,0x0000,0x0000,0x0000,0x0000,0x0000,0x0000,0x0000,0x0000,0x0000,0x0000,0x0000,0x0000,0x0000,0x0000,0x0000,0x0000,0x0000,0x0000,0x0000,0x0000,0x0000,0x0000,0x0000,0x0000,0x0000,0x0000,0x0000,0x0000,0x0000,0x0000,0x0000,
0x0000,0x0000,0x0000,0x0000,0x0000,0x0000,0x0000,0x0000,0x0000,0x0000,0x0000,0x0000,0x0000,0x0000,0x0000,0x0000,0x0000,0x0000,0x0000,0x0000,0x0000,0x0000,0x0000,0x0000,0x0000,0x0000,0x0000,0x0000,0x0000,0x0000,0x0000,0x0000,
0x0000,0x0000,0x0000,0x0000,0x0000,0x0000,0x0000,0x0000,0x0000,0x0000,0x0000,0x0000,0x0000,0x0000,0x0000,0x0000,0x0000,0x0000,0x0000,0x0000,0x0000,0x0000,0x0000,0x0000,0x0000,0x0000,0x0000,0x0000,0x0000,0x0000,0x0000,0x0000,
0x0000,0x0000,0x0000,0x0000,0x0000,0x0000,0x0000,0x0000,0x0000,0x0000,0x0000,0x0000,0x0000,0x0000,0x0000,0x0000,0x0000,0x0000,0x0000,0x0000,0x0000,0x0000,0x0000,0x0000,0x0000,0x0000,0x0000,0x0000,0x0000,0x0000,0x0000,0x0000,
0x0000,0x0000,0x0000,0x0000,0x0000,0x0000,0x0000,0x0000,0x0000,0x0000,0x0000,0x0000,0x0000,0x0000,0x0000,0x0000,0x0000,0x0000,0x0000,0x0000,0x0000,0x0000,0x0000,0x0000,0x0000,0x0000,0x0000,0xfeb2,0xfeb2,0xfeb2,0xfeb2,0xfeb2,
0xfeb2,0xfeb2,0xfeb2,0xfeb2,0xfeb2,0x0000,0x0000,0x0000,0x0000,0x0000,0x0000,0x0000,0x0000,0x0000,0x0000,0x0000,0x0000,0x0000,0x0000,0x0000,0x0000,0x0000,0x0000,0x0000,0x0000,0x0000,0x0000,0x0000,0x0000,0x0000,0x0000,0x0000,
0x0000,0x0000,0x0000,0x0000,0x0000,0x0000,0x0000,0x0000,0x0000,0x0000,0x0000,0x0000,0x0000,0x0000,0x0000,0x0000,0x0000,0x0000,0x0000,0x0000,0x0000,0x0000,0x0000,0x0000,0x0000,0x0000,0x0000,0xfeb2,0xfeb2,0xfeb2,0xfeb2,0xfeb2,
0xfeb2,0xfeb2,0xfeb2,0xfeb2,0xfeb2,0x0000,0x0000,0x0000,0x0000,0x0000,0x0000,0x0000,0x0000,0x0000,0x0000,0x0000,0x0000,0x0000,0x0000,0x0000,0x0000,0x0000,0x0000,0x0000,0x0000,0x0000,0x0000,0x0000,0x0000,0x0000,0x0000,0x0000,
0x0000,0x0000,0x0000,0x0000,0x0000,0x0000,0x0000,0x0000,0x0000,0x0000,0x0000,0x0000,0x0000,0x0000,0x0000,0x0000,0x0000,0x0000,0x0000,0x0000,0x0000,0x0000,0x0000,0x0000,0x0000,0x0000,0x0000,0xfeb2,0xfeb2,0xfeb2,0xfeb2,0xfeb2,
0xfeb2,0xfeb2,0xfeb2,0xfeb2,0xfeb2,0x0000,0x0000,0x0000,0x0000,0x0000,0x0000,0x0000,0x0000,0x0000,0x0000,0x0000,0x0000,0x0000,0x0000,0x0000,0x0000,0x0000,0x0000,0x0000,0x0000,0x0000,0x0000,0x0000,0x0000,0x0000,0x0000,0x0000,
0x0000,0x0000,0x0000,0x0000,0x0000,0x0000,0x0000,0x0000,0x0000,0x0000,0x0000,0x0000,0x0000,0x0000,0x0000,0x0000,0x0000,0x0000,0x0000,0x0000,0x0000,0x0000,0x0000,0x0000,0x0000,0x0000,0x0000,0xfeb2,0xfeb2,0xfeb2,0xa6fa,0xa6fa,
0xa6fa,0xa6fa,0xfeb2,0xfeb2,0xfeb2,0x0000,0x0000,0x0000,0x0000,0x0000,0x0000,0x0000,0x0000,0x0000,0x0000,0x0000,0x0000,0x0000,0x0000,0x0000,0x0000,0x0000,0x0000,0x0000,0x0000,0x0000,0x0000,0x0000,0x0000,0x0000,0x0000,0x0000,
0x0000,0x0000,0x0000,0x0000,0x0000,0x0000,0x0000,0x0000,0x0000,0x0000,0x0000,0x0000,0x0000,0x0000,0x0000,0x0000,0x0000,0x0000,0x0000,0x0000,0x0000,0x0000,0x0000,0x0000,0x0000,0x0000,0x0000,0x0000,0x0000,0x0000,0xa6fa,0xa6fa,
0xa6fa,0xa6fa,0x0000,0x0000,0x0000,0x0000,0x0000,0x0000,0x0000,0x0000,0x0000,0x0000,0x0000,0x0000,0x0000,0x0000,0x0000,0x0000,0x0000,0x0000,0x0000,0x0000,0x0000,0x0000,0x0000,0x0000,0x0000,0x0000,0x0000,0x0000,0x0000,0x0000,
0x0000,0x0000,0x0000,0x0000,0x0000,0x0000,0x0000,0x0000,0x0000,0x0000,0x0000,0x0000,0x0000,0x0000,0x0000,0x0000,0x0000,0x0000,0x0000,0x0000,0x0000,0x0000,0x0000,0x0000,0x0000,0x0000,0x0000,0x0000,0x0000,0x0000,0xa6fa,0xa6fa,
0xa6fa,0xa6fa,0x0000,0x0000,0x0000,0x0000,0x0000,0x0000,0x0000,0x0000,0x0000,0x0000,0x0000,0x0000,0x0000,0x0000,0x0000,0x0000,0x0000,0x0000,0x0000,0x0000,0x0000,0x0000,0x0000,0x0000,0x0000,0x0000,0x0000,0x0000,0x0000,0x0000,
0x0000,0x0000,0x0000,0x0000,0x0000,0x0000,0x0000,0x0000,0x0000,0x0000,0x0000,0x0000,0x0000,0x0000,0x0000,0x0000,0x0000,0x0000,0x0000,0x0000,0x0000,0x0000,0x0000,0x0000,0x0000,0x0000,0x0000,0x0000,0x0000,0x0000,0xa6fa,0xa6fa,
0xa6fa,0xa6fa,0x0000,0x0000,0x0000,0x0000,0x0000,0x0000,0x0000,0x0000,0x0000,0x0000,0x0000,0x0000,0x0000,0x0000,0x0000,0x0000,0x0000,0x0000,0x0000,0x0000,0x0000,0x0000,0x0000,0x0000,0x0000,0x0000,0x0000,0x0000,0x0000,0x0000,
0x0000,0x0000,0x0000,0x0000,0x0000,0x0000,0x0000,0x0000,0x0000,0x0000,0x0000,0x0000,0x0000,0x0000,0x0000,0x19e8,0x19e8,0x19e8,0x19e8,0x19e8,0x19e8,0x19e8,0x19e8,0x19e8,0x19e8,0x19e8,0x19e8,0x19e8,0x19e8,0x19e8,0x19e8,0x19e8,
0x19e8,0x19e8,0x19e8,0x19e8,0x19e8,0x19e8,0x19e8,0x19e8,0x19e8,0x19e8,0x19e8,0x19e8,0x19e8,0x19e8,0x19e8,0x19e8,0x19e8,0x0000,0x0000,0x0000,0x0000,0x0000,0x0000,0x0000,0x0000,0x0000,0x0000,0x0000,0x0000,0x0000,0x0000,0x0000,
0x0000,0x0000,0x0000,0x0000,0x0000,0x0000,0x0000,0x0000,0x0000,0x0000,0x0000,0x0000,0x0000,0x0000,0x0000,0x19e8,0x19e8,0x19e8,0x19e8,0x19e8,0x19e8,0x19e8,0x19e8,0x19e8,0x19e8,0x19e8,0x19e8,0x19e8,0x19e8,0x19e8,0x19e8,0x19e8,
0x19e8,0x19e8,0x19e8,0x19e8,0x19e8,0x19e8,0x19e8,0x19e8,0x19e8,0x19e8,0x19e8,0x19e8,0x19e8,0x19e8,0x19e8,0x19e8,0x19e8,0x0000,0x0000,0x0000,0x0000,0x0000,0x0000,0x0000,0x0000,0x0000,0x0000,0x0000,0x0000,0x0000,0x0000,0x0000,
0x0000,0x0000,0x0000,0x0000,0x0000,0x0000,0x0000,0x0000,0x0000,0x0000,0x0000,0x0000,0x0000,0x0000,0x0000,0x19e8,0x19e8,0xa6fa,0xa6fa,0xa6fa,0xa6fa,0xa6fa,0xa6fa,0xa6fa,0xa6fa,0xa6fa,0xa6fa,0xa6fa,0xa6fa,0xa6fa,0xa6fa,0xa6fa,
0xa6fa,0xa6fa,0xa6fa,0xa6fa,0xa6fa,0xa6fa,0xa6fa,0xa6fa,0xa6fa,0xa6fa,0xa6fa,0xa6fa,0xa6fa,0xa6fa,0xa6fa,0x19e8,0x19e8,0x0000,0x0000,0x0000,0x0000,0x0000,0x0000,0x0000,0x0000,0x0000,0x0000,0x0000,0x0000,0x0000,0x0000,0x0000,
0x0000,0x0000,0x0000,0x0000,0x0000,0x0000,0x0000,0x0000,0x0000,0x0000,0x0000,0x0000,0x0000,0x0000,0x0000,0x19e8,0x19e8,0xa6fa,0xa6fa,0xa6fa,0xa6fa,0xa6fa,0xa6fa,0xa6fa,0xa6fa,0xa6fa,0xa6fa,0xa6fa,0xa6fa,0xa6fa,0xa6fa,0xa6fa,
0xa6fa,0xa6fa,0xa6fa,0xa6fa,0xa6fa,0xa6fa,0xa6fa,0xa6fa,0xa6fa,0xa6fa,0xa6fa,0xa6fa,0xa6fa,0xa6fa,0xa6fa,0x19e8,0x19e8,0x0000,0x0000,0x0000,0x0000,0x0000,0x0000,0x0000,0x0000,0x0000,0x0000,0x0000,0x0000,0x0000,0x0000,0x0000,
0x0000,0x0000,0x0000,0x0000,0x0000,0x0000,0x0000,0x0000,0x0000,0x0000,0x0000,0x0000,0x0000,0x0000,0x0000,0x19e8,0x19e8,0xa6fa,0xa6fa,0xa6fa,0xa6fa,0xa6fa,0xa6fa,0xa6fa,0xa6fa,0xa6fa,0xa6fa,0xa6fa,0xa6fa,0xa6fa,0xa6fa,0xa6fa,
0xa6fa,0xa6fa,0xa6fa,0xa6fa,0xa6fa,0xa6fa,0xa6fa,0xa6fa,0xa6fa,0xa6fa,0xa6fa,0xa6fa,0xa6fa,0xa6fa,0xa6fa,0x19e8,0x19e8,0x0000,0x0000,0x0000,0x0000,0x0000,0x0000,0x0000,0x0000,0x0000,0x0000,0x0000,0x0000,0x0000,0x0000,0x0000,
0x0000,0x0000,0x0000,0x0000,0x0000,0x0000,0x0000,0x0000,0x0000,0x0000,0x0000,0x0000,0x0000,0x0000,0x0000,0x19e8,0x19e8,0xa6fa,0xa6fa,0xa6fa,0xa6fa,0xa6fa,0xa6fa,0xa6fa,0xa6fa,0xa6fa,0xa6fa,0xa6fa,0xa6fa,0xa6fa,0xa6fa,0xa6fa,
0xa6fa,0xa6fa,0xa6fa,0xa6fa,0xa6fa,0xa6fa,0xa6fa,0xa6fa,0xa6fa,0xa6fa,0xa6fa,0xa6fa,0xa6fa,0xa6fa,0xa6fa,0x19e8,0x19e8,0x0000,0x0000,0x0000,0x0000,0x0000,0x0000,0x0000,0x0000,0x0000,0x0000,0x0000,0x0000,0x0000,0x0000,0x0000,
0x0000,0x0000,0x0000,0x0000,0x0000,0x0000,0x0000,0x0000,0x0000,0x0000,0x0000,0x0000,0x0000,0x0000,0x0000,0x19e8,0x19e8,0xa6fa,0xa6fa,0xa6fa,0xa6fa,0x19e8,0x19e8,0x19e8,0x19e8,0x19e8,0x19e8,0x19e8,0x19e8,0x19e8,0x19e8,0x19e8,
0x19e8,0x19e8,0x19e8,0x19e8,0x19e8,0x19e8,0x19e8,0x19e8,0x19e8,0x19e8,0x19e8,0xa6fa,0xa6fa,0xa6fa,0xa6fa,0x19e8,0x19e8,0x0000,0x0000,0x0000,0x0000,0x0000,0x0000,0x0000,0x0000,0x0000,0x0000,0x0000,0x0000,0x0000,0x0000,0x0000,
0x0000,0x0000,0x0000,0x0000,0x0000,0x0000,0x0000,0x0000,0x0000,0x0000,0x0000,0x0000,0x0000,0x0000,0x0000,0x19e8,0x19e8,0xa6fa,0xa6fa,0xa6fa,0xa6fa,0x19e8,0x19e8,0x19e8,0x19e8,0x19e8,0x19e8,0x19e8,0x19e8,0x19e8,0x19e8,0x19e8,
0x19e8,0x19e8,0x19e8,0x19e8,0x19e8,0x19e8,0x19e8,0x19e8,0x19e8,0x19e8,0x19e8,0xa6fa,0xa6fa,0xa6fa,0xa6fa,0x19e8,0x19e8,0x0000,0x0000,0x0000,0x0000,0x0000,0x0000,0x0000,0x0000,0x0000,0x0000,0x0000,0x0000,0x0000,0x0000,0x0000,
0x0000,0x0000,0x0000,0x0000,0x0000,0x0000,0x0000,0x0000,0x0000,0x0000,0x0000,0x0000,0x0000,0x0000,0x0000,0x19e8,0x19e8,0xa6fa,0xa6fa,0xa6fa,0xa6fa,0x19e8,0x19e8,0x19e8,0x19e8,0x19e8,0x19e8,0x19e8,0x19e8,0x19e8,0x19e8,0x19e8,
0x19e8,0x19e8,0x19e8,0x19e8,0x19e8,0x19e8,0x19e8,0x19e8,0x19e8,0x19e8,0x19e8,0xa6fa,0xa6fa,0xa6fa,0xa6fa,0x19e8,0x19e8,0x0000,0x0000,0x0000,0x0000,0x0000,0x0000,0x0000,0x0000,0x0000,0x0000,0x0000,0x0000,0x0000,0x0000,0x0000,
0x0000,0x0000,0x0000,0x0000,0x0000,0x0000,0x0000,0x0000,0x0000,0x0000,0x0000,0x0000,0x0000,0x0000,0x0000,0x19e8,0x19e8,0xa6fa,0xa6fa,0xa6fa,0xa6fa,0x19e8,0x19e8,0x19e8,0xefdb,0xefdb,0xefdb,0xefdb,0x19e8,0x19e8,0x19e8,0x19e8,
0x19e8,0x19e8,0x19e8,0xefdb,0xefdb,0xefdb,0xefdb,0x19e8,0x19e8,0x19e8,0x19e8,0xa6fa,0xa6fa,0xa6fa,0xa6fa,0x19e8,0x19e8,0x0000,0x0000,0x0000,0x0000,0x0000,0x0000,0x0000,0x0000,0x0000,0x0000,0x0000,0x0000,0x0000,0x0000,0x0000,
0x0000,0x0000,0x0000,0x0000,0x0000,0x0000,0x0000,0x0000,0x0000,0x0000,0x0000,0x0000,0x0000,0x0000,0x0000,0x19e8,0x19e8,0xa6fa,0xa6fa,0xa6fa,0xa6fa,0x19e8,0x19e8,0x19e8,0xefdb,0xefdb,0xefdb,0xefdb,0x19e8,0x19e8,0x19e8,0x19e8,
0x19e8,0x19e8,0x19e8,0xefdb,0xefdb,0xefdb,0xefdb,0x19e8,0x19e8,0x19e8,0x19e8,0xa6fa,0xa6fa,0xa6fa,0xa6fa,0x19e8,0x19e8,0x0000,0x0000,0x0000,0x0000,0x0000,0x0000,0x0000,0x0000,0x0000,0x0000,0x0000,0x0000,0x0000,0x0000,0x0000,
0x0000,0x0000,0x0000,0x0000,0x0000,0x0000,0x0000,0x0000,0x0000,0x0000,0x0000,0x0000,0x0000,0x0000,0x0000,0x19e8,0x19e8,0xa6fa,0xa6fa,0xa6fa,0xa6fa,0x19e8,0x19e8,0x19e8,0xefdb,0xefdb,0xefdb,0xefdb,0x19e8,0x19e8,0x19e8,0x19e8,
0x19e8,0x19e8,0x19e8,0xefdb,0xefdb,0xefdb,0xefdb,0x19e8,0x19e8,0x19e8,0x19e8,0xa6fa,0xa6fa,0xa6fa,0xa6fa,0x19e8,0x19e8,0x0000,0x0000,0x0000,0x0000,0x0000,0x0000,0x0000,0x0000,0x0000,0x0000,0x0000,0x0000,0x0000,0x0000,0x0000,
0x0000,0x0000,0x0000,0x0000,0x0000,0x0000,0x0000,0x0000,0x0000,0x0000,0x0000,0x0000,0x0000,0x0000,0x0000,0x19e8,0x19e8,0xa6fa,0xa6fa,0xa6fa,0xa6fa,0x19e8,0x19e8,0x19e8,0xefdb,0xefdb,0xefdb,0xefdb,0x19e8,0x19e8,0x19e8,0x19e8,
0x19e8,0x19e8,0x19e8,0xefdb,0xefdb,0xefdb,0xefdb,0x19e8,0x19e8,0x19e8,0x19e8,0xa6fa,0xa6fa,0xa6fa,0xa6fa,0x19e8,0x19e8,0x0000,0x0000,0x0000,0x0000,0x0000,0x0000,0x0000,0x0000,0x0000,0x0000,0x0000,0x0000,0x0000,0x0000,0x0000,
0x0000,0x0000,0x0000,0x0000,0x0000,0x0000,0x0000,0x0000,0x0000,0x0000,0x0000,0x0000,0x0000,0x0000,0x0000,0x19e8,0x19e8,0xa6fa,0xa6fa,0xa6fa,0xa6fa,0x19e8,0x19e8,0x19e8,0xefdb,0xefdb,0xefdb,0xefdb,0x19e8,0x19e8,0x19e8,0x19e8,
0x19e8,0x19e8,0x19e8,0xefdb,0xefdb,0xefdb,0xefdb,0x19e8,0x19e8,0x19e8,0x19e8,0xa6fa,0xa6fa,0xa6fa,0xa6fa,0x19e8,0x19e8,0x0000,0x0000,0x0000,0x0000,0x0000,0x0000,0x0000,0x0000,0x0000,0x0000,0x0000,0x0000,0x0000,0x0000,0x0000,
0x0000,0x0000,0x0000,0x0000,0x0000,0x0000,0x0000,0x0000,0x0000,0x0000,0x0000,0x0000,0x0000,0x0000,0x0000,0x19e8,0x19e8,0xa6fa,0xa6fa,0xa6fa,0xa6fa,0x19e8,0x19e8,0x19e8,0xefdb,0xefdb,0xefdb,0xefdb,0x19e8,0x19e8,0x19e8,0x19e8,
0x19e8,0x19e8,0x19e8,0xefdb,0xefdb,0xefdb,0xefdb,0x19e8,0x19e8,0x19e8,0x19e8,0xa6fa,0xa6fa,0xa6fa,0xa6fa,0x19e8,0x19e8,0x0000,0x0000,0x0000,0x0000,0x0000,0x0000,0x0000,0x0000,0x0000,0x0000,0x0000,0x0000,0x0000,0x0000,0x0000,
0x0000,0x0000,0x0000,0x0000,0x0000,0x0000,0x0000,0x0000,0x0000,0x0000,0x0000,0x0000,0x0000,0x0000,0x0000,0x19e8,0x19e8,0xa6fa,0xa6fa,0xa6fa,0xa6fa,0x19e8,0x19e8,0x19e8,0xefdb,0xefdb,0xefdb,0xefdb,0x19e8,0x19e8,0x19e8,0x19e8,
0x19e8,0x19e8,0x19e8,0xefdb,0xefdb,0xefdb,0xefdb,0x19e8,0x19e8,0x19e8,0x19e8,0xa6fa,0xa6fa,0xa6fa,0xa6fa,0x19e8,0x19e8,0x0000,0x0000,0x0000,0x0000,0x0000,0x0000,0x0000,0x0000,0x0000,0x0000,0x0000,0x0000,0x0000,0x0000,0x0000,
0x0000,0x0000,0x0000,0x0000,0x0000,0x0000,0x0000,0x0000,0x0000,0x0000,0x0000,0x0000,0x0000,0x0000,0x0000,0x19e8,0x19e8,0xa6fa,0xa6fa,0xa6fa,0xa6fa,0x19e8,0x19e8,0x19e8,0x19e8,0x19e8,0x19e8,0x19e8,0x19e8,0x19e8,0x19e8,0x19e8,
0x19e8,0x19e8,0x19e8,0x19e8,0x19e8,0x19e8,0x19e8,0x19e8,0x19e8,0x19e8,0x19e8,0xa6fa,0xa6fa,0xa6fa,0xa6fa,0x19e8,0x19e8,0x0000,0x0000,0x0000,0x0000,0x0000,0x0000,0x0000,0x0000,0x0000,0x0000,0x0000,0x0000,0x0000,0x0000,0x0000,
0x0000,0x0000,0x0000,0x0000,0x0000,0x0000,0x0000,0x0000,0x0000,0x0000,0x0000,0x0000,0x0000,0x0000,0x0000,0x19e8,0x19e8,0xa6fa,0xa6fa,0xa6fa,0xa6fa,0x19e8,0x19e8,0x19e8,0x19e8,0x19e8,0x19e8,0x19e8,0x19e8,0x19e8,0x19e8,0x19e8,
0x19e8,0x19e8,0x19e8,0x19e8,0x19e8,0x19e8,0x19e8,0x19e8,0x19e8,0x19e8,0x19e8,0xa6fa,0xa6fa,0xa6fa,0xa6fa,0x19e8,0x19e8,0x0000,0x0000,0x0000,0x0000,0x0000,0x0000,0x0000,0x0000,0x0000,0x0000,0x0000,0x0000,0x0000,0x0000,0x0000,
0x0000,0x0000,0x0000,0x0000,0x0000,0x0000,0x0000,0x0000,0x0000,0x0000,0x0000,0x0000,0x0000,0x0000,0x0000,0x19e8,0x19e8,0xa6fa,0xa6fa,0xa6fa,0xa6fa,0x19e8,0x19e8,0x19e8,0x19e8,0x19e8,0x19e8,0x19e8,0x19e8,0x19e8,0x19e8,0x19e8,
0x19e8,0x19e8,0x19e8,0x19e8,0x19e8,0x19e8,0x19e8,0x19e8,0x19e8,0x19e8,0x19e8,0xa6fa,0xa6fa,0xa6fa,0xa6fa,0x19e8,0x19e8,0x0000,0x0000,0x0000,0x0000,0x0000,0x0000,0x0000,0x0000,0x0000,0x0000,0x0000,0x0000,0x0000,0x0000,0x0000,
0x0000,0x0000,0x0000,0x0000,0x0000,0x0000,0x0000,0x0000,0x0000,0x0000,0x0000,0x0000,0x0000,0x0000,0x0000,0x19e8,0x19e8,0xa6fa,0xa6fa,0xa6fa,0xa6fa,0x19e8,0x19e8,0x19e8,0x19e8,0x19e8,0x19e8,0x19e8,0x19e8,0x19e8,0x19e8,0x19e8,
0x19e8,0x19e8,0x19e8,0x19e8,0x19e8,0x19e8,0x19e8,0x19e8,0x19e8,0x19e8,0x19e8,0xa6fa,0xa6fa,0xa6fa,0xa6fa,0x19e8,0x19e8,0x0000,0x0000,0x0000,0x0000,0x0000,0x0000,0x0000,0x0000,0x0000,0x0000,0x0000,0x0000,0x0000,0x0000,0x0000,
0x0000,0x0000,0x0000,0x0000,0x0000,0x0000,0x0000,0x0000,0x0000,0x0000,0x0000,0x0000,0x0000,0x0000,0x0000,0x19e8,0x19e8,0xa6fa,0xa6fa,0xa6fa,0xa6fa,0xa6fa,0xa6fa,0xa6fa,0xa6fa,0xa6fa,0xa6fa,0xa6fa,0xa6fa,0xa6fa,0xa6fa,0xa6fa,
0xa6fa,0xa6fa,0xa6fa,0xa6fa,0xa6fa,0xa6fa,0xa6fa,0xa6fa,0xa6fa,0xa6fa,0xa6fa,0xa6fa,0xa6fa,0xa6fa,0xa6fa,0x19e8,0x19e8,0x0000,0x0000,0x0000,0x0000,0x0000,0x0000,0x0000,0x0000,0x0000,0x0000,0x0000,0x0000,0x0000,0x0000,0x0000,
0x0000,0x0000,0x0000,0x0000,0x0000,0x0000,0x0000,0x0000,0x0000,0x0000,0x0000,0x0000,0x0000,0x0000,0x0000,0x19e8,0x19e8,0xa6fa,0xa6fa,0xa6fa,0xa6fa,0xa6fa,0xa6fa,0xa6fa,0xa6fa,0xa6fa,0xa6fa,0x19e8,0x19e8,0x19e8,0x19e8,0x19e8,
0x19e8,0x19e8,0x19e8,0x19e8,0x19e8,0xa6fa,0xa6fa,0xa6fa,0xa6fa,0xa6fa,0xa6fa,0xa6fa,0xa6fa,0xa6fa,0xa6fa,0x19e8,0x19e8,0x0000,0x0000,0x0000,0x0000,0x0000,0x0000,0x0000,0x0000,0x0000,0x0000,0x0000,0x0000,0x0000,0x0000,0x0000,
0x0000,0x0000,0x0000,0x0000,0x0000,0x0000,0x0000,0x0000,0x0000,0x0000,0x0000,0x0000,0x0000,0x0000,0x0000,0x19e8,0x19e8,0xa6fa,0xa6fa,0xa6fa,0xa6fa,0xa6fa,0xa6fa,0xa6fa,0xa6fa,0xa6fa,0xa6fa,0x19e8,0x19e8,0x19e8,0x19e8,0x19e8,
0x19e8,0x19e8,0x19e8,0x19e8,0x19e8,0xa6fa,0xa6fa,0xa6fa,0xa6fa,0xa6fa,0xa6fa,0xa6fa,0xa6fa,0xa6fa,0xa6fa,0x19e8,0x19e8,0x0000,0x0000,0x0000,0x0000,0x0000,0x0000,0x0000,0x0000,0x0000,0x0000,0x0000,0x0000,0x0000,0x0000,0x0000,
0x0000,0x0000,0x0000,0x0000,0x0000,0x0000,0x0000,0x0000,0x0000,0x0000,0x0000,0x0000,0x0000,0x0000,0x0000,0x19e8,0x19e8,0xa6fa,0xa6fa,0xa6fa,0xa6fa,0xa6fa,0xa6fa,0xa6fa,0xa6fa,0xa6fa,0xa6fa,0xa6fa,0xa6fa,0xa6fa,0xa6fa,0xa6fa,
0xa6fa,0xa6fa,0xa6fa,0xa6fa,0xa6fa,0xa6fa,0xa6fa,0xa6fa,0xa6fa,0xa6fa,0xa6fa,0xa6fa,0xa6fa,0xa6fa,0xa6fa,0x19e8,0x19e8,0x0000,0x0000,0x0000,0x0000,0x0000,0x0000,0x0000,0x0000,0x0000,0x0000,0x0000,0x0000,0x0000,0x0000,0x0000,
0x0000,0x0000,0x0000,0x0000,0x0000,0x0000,0x0000,0x0000,0x0000,0x0000,0x0000,0x0000,0x0000,0x0000,0x0000,0x19e8,0x19e8,0xa6fa,0xa6fa,0xa6fa,0xa6fa,0xa6fa,0xa6fa,0xa6fa,0xa6fa,0xa6fa,0xa6fa,0xa6fa,0xa6fa,0xa6fa,0xa6fa,0xa6fa,
0xa6fa,0xa6fa,0xa6fa,0xa6fa,0xa6fa,0xa6fa,0xa6fa,0xa6fa,0xa6fa,0xa6fa,0xa6fa,0xa6fa,0xa6fa,0xa6fa,0xa6fa,0x19e8,0x19e8,0x0000,0x0000,0x0000,0x0000,0x0000,0x0000,0x0000,0x0000,0x0000,0x0000,0x0000,0x0000,0x0000,0x0000,0x0000,
0x0000,0x0000,0x0000,0x0000,0x0000,0x0000,0x0000,0x0000,0x0000,0x0000,0x0000,0x0000,0x0000,0x0000,0x0000,0x19e8,0x19e8,0x19e8,0x19e8,0x19e8,0x19e8,0x19e8,0x19e8,0x19e8,0x19e8,0x19e8,0x19e8,0x19e8,0x19e8,0x19e8,0x19e8,0x19e8,
0x19e8,0x19e8,0x19e8,0x19e8,0x19e8,0x19e8,0x19e8,0x19e8,0x19e8,0x19e8,0x19e8,0x19e8,0x19e8,0x19e8,0x19e8,0x19e8,0x19e8,0x0000,0x0000,0x0000,0x0000,0x0000,0x0000,0x0000,0x0000,0x0000,0x0000,0x0000,0x0000,0x0000,0x0000,0x0000,
0x0000,0x0000,0x0000,0x0000,0x0000,0x0000,0x0000,0x0000,0x0000,0x0000,0x0000,0x0000,0x0000,0x0000,0x0000,0x19e8,0x19e8,0x19e8,0x19e8,0x19e8,0x19e8,0x19e8,0x19e8,0x19e8,0x19e8,0x19e8,0x19e8,0x19e8,0x19e8,0x19e8,0x19e8,0x19e8,
0x19e8,0x19e8,0x19e8,0x19e8,0x19e8,0x19e8,0x19e8,0x19e8,0x19e8,0x19e8,0x19e8,0x19e8,0x19e8,0x19e8,0x19e8,0x19e8,0x19e8,0x0000,0x0000,0x0000,0x0000,0x0000,0x0000,0x0000,0x0000,0x0000,0x0000,0x0000,0x0000,0x0000,0x0000,0x0000,
0x0000,0x0000,0x0000,0x0000,0x0000,0x0000,0x0000,0x0000,0x0000,0x0000,0x0000,0x0000,0x0000,0x0000,0x0000,0x0000,0x0000,0x0000,0x0000,0x0000,0x0000,0x19e8,0x19e8,0x19e8,0x19e8,0x19e8,0x19e8,0x19e8,0x19e8,0x19e8,0x19e8,0x19e8,
0x19e8,0x19e8,0x19e8,0x19e8,0x19e8,0x19e8,0x19e8,0x19e8,0x19e8,0x19e8,0x19e8,0x0000,0x0000,0x0000,0x0000,0x0000,0x0000,0x0000,0x0000,0x0000,0x0000,0x0000,0x0000,0x0000,0x0000,0x0000,0x0000,0x0000,0x0000,0x0000,0x0000,0x0000,
0x0000,0x0000,0x0000,0x0000,0x0000,0x0000,0x0000,0x0000,0x0000,0x0000,0x0000,0x0000,0x0000,0x0000,0x0000,0x0000,0x0000,0x0000,0x0000,0x0000,0x0000,0x19e8,0x19e8,0x19e8,0x19e8,0x19e8,0x19e8,0x19e8,0x19e8,0x19e8,0x19e8,0x19e8,
0x19e8,0x19e8,0x19e8,0x19e8,0x19e8,0x19e8,0x19e8,0x19e8,0x19e8,0x19e8,0x19e8,0x0000,0x0000,0x0000,0x0000,0x0000,0x0000,0x0000,0x0000,0x0000,0x0000,0x0000,0x0000,0x0000,0x0000,0x0000,0x0000,0x0000,0x0000,0x0000,0x0000,0x0000,
0x0000,0x0000,0x0000,0x0000,0x0000,0x0000,0x0000,0x0000,0x0000,0x0000,0x0000,0x0000,0x0000,0x0000,0x0000,0x0000,0x0000,0x0000,0x0000,0x0000,0x0000,0x19e8,0x19e8,0xa6fa,0xa6fa,0xa6fa,0xa6fa,0xa6fa,0xa6fa,0xa6fa,0xa6fa,0xa6fa,
0xa6fa,0xa6fa,0xa6fa,0xa6fa,0xa6fa,0xa6fa,0xa6fa,0xa6fa,0xa6fa,0x19e8,0x19e8,0x0000,0x0000,0x0000,0x0000,0x0000,0x0000,0x0000,0x0000,0x0000,0x0000,0x0000,0x0000,0x0000,0x0000,0x0000,0x0000,0x0000,0x0000,0x0000,0x0000,0x0000,
0x0000,0x0000,0x0000,0x0000,0x0000,0x0000,0x0000,0x0000,0x0000,0xa6fa,0xa6fa,0xa6fa,0xa6fa,0xa6fa,0x0000,0x0000,0x0000,0x0000,0x0000,0x0000,0x0000,0x19e8,0x19e8,0xa6fa,0xa6fa,0xa6fa,0xa6fa,0xa6fa,0xa6fa,0xa6fa,0xa6fa,0xa6fa,
0xa6fa,0xa6fa,0xa6fa,0xa6fa,0xa6fa,0xa6fa,0xa6fa,0xa6fa,0xa6fa,0x19e8,0x19e8,0x0000,0x0000,0x0000,0x0000,0x0000,0x0000,0x0000,0xa6fa,0xa6fa,0xa6fa,0xa6fa,0xa6fa,0x0000,0x0000,0x0000,0x0000,0x0000,0x0000,0x0000,0x0000,0x0000,
0x0000,0x0000,0x0000,0x0000,0x0000,0x0000,0x0000,0x0000,0x0000,0xa6fa,0xa6fa,0xa6fa,0xa6fa,0xa6fa,0x0000,0x0000,0x0000,0x0000,0x0000,0x0000,0x0000,0x19e8,0x19e8,0xa6fa,0xa6fa,0xa6fa,0xa6fa,0xa6fa,0xa6fa,0xa6fa,0xa6fa,0xa6fa,
0xa6fa,0xa6fa,0xa6fa,0xa6fa,0xa6fa,0xa6fa,0xa6fa,0xa6fa,0xa6fa,0x19e8,0x19e8,0x0000,0x0000,0x0000,0x0000,0x0000,0x0000,0x0000,0xa6fa,0xa6fa,0xa6fa,0xa6fa,0xa6fa,0x0000,0x0000,0x0000,0x0000,0x0000,0x0000,0x0000,0x0000,0x0000,
0x0000,0x0000,0x0000,0x0000,0x0000,0x0000,0x0000,0x0000,0x0000,0xa6fa,0xa6fa,0xa6fa,0xa6fa,0xa6fa,0x0000,0x0000,0x0000,0x0000,0x0000,0x0000,0x0000,0x19e8,0x19e8,0xa6fa,0xa6fa,0xa6fa,0xa6fa,0xa6fa,0xa6fa,0xa6fa,0xa6fa,0xa6fa,
0xa6fa,0xa6fa,0xa6fa,0xa6fa,0xa6fa,0xa6fa,0xa6fa,0xa6fa,0xa6fa,0x19e8,0x19e8,0x0000,0x0000,0x0000,0x0000,0x0000,0x0000,0x0000,0xa6fa,0xa6fa,0xa6fa,0xa6fa,0xa6fa,0x0000,0x0000,0x0000,0x0000,0x0000,0x0000,0x0000,0x0000,0x0000,
0x0000,0x0000,0x0000,0x0000,0x0000,0x0000,0x0000,0x0000,0x0000,0xa6fa,0xa6fa,0xa6fa,0xa6fa,0xa6fa,0x0000,0x0000,0x0000,0x0000,0x0000,0x0000,0x0000,0x19e8,0x19e8,0xa6fa,0xa6fa,0xa6fa,0xa6fa,0xa6fa,0xa6fa,0xa6fa,0xa6fa,0xa6fa,
0xa6fa,0xa6fa,0xa6fa,0xa6fa,0xa6fa,0xa6fa,0xa6fa,0xa6fa,0xa6fa,0x19e8,0x19e8,0x0000,0x0000,0x0000,0x0000,0x0000,0x0000,0x0000,0xa6fa,0xa6fa,0xa6fa,0xa6fa,0xa6fa,0x0000,0x0000,0x0000,0x0000,0x0000,0x0000,0x0000,0x0000,0x0000,
0x0000,0x0000,0x0000,0x0000,0x0000,0x0000,0x0000,0x0000,0x0000,0xa6fa,0xa6fa,0xa6fa,0xa6fa,0xa6fa,0x0000,0x0000,0x0000,0x0000,0x0000,0x0000,0x0000,0x19e8,0x19e8,0xa6fa,0xa6fa,0xa6fa,0xa6fa,0xa6fa,0xa6fa,0xa6fa,0xa6fa,0xa6fa,
0xa6fa,0xa6fa,0xa6fa,0xa6fa,0xa6fa,0xa6fa,0xa6fa,0xa6fa,0xa6fa,0x19e8,0x19e8,0x0000,0x0000,0x0000,0x0000,0x0000,0x0000,0x0000,0xa6fa,0xa6fa,0xa6fa,0xa6fa,0xa6fa,0x0000,0x0000,0x0000,0x0000,0x0000,0x0000,0x0000,0x0000,0x0000,
0x0000,0x0000,0x0000,0x0000,0x0000,0x0000,0x0000,0x0000,0x0000,0xa6fa,0xa6fa,0xa6fa,0xa6fa,0xa6fa,0x0000,0x0000,0x0000,0x0000,0x0000,0x0000,0x0000,0x19e8,0x19e8,0xa6fa,0xa6fa,0xa6fa,0xa6fa,0xa6fa,0xa6fa,0xa6fa,0xa6fa,0xa6fa,
0xa6fa,0xa6fa,0xa6fa,0xa6fa,0xa6fa,0xa6fa,0xa6fa,0xa6fa,0xa6fa,0x19e8,0x19e8,0x0000,0x0000,0x0000,0x0000,0x0000,0x0000,0x0000,0xa6fa,0xa6fa,0xa6fa,0xa6fa,0xa6fa,0x0000,0x0000,0x0000,0x0000,0x0000,0x0000,0x0000,0x0000,0x0000,
0x0000,0x0000,0x0000,0x0000,0x0000,0x0000,0x0000,0x0000,0x0000,0xa6fa,0xa6fa,0xa6fa,0xa6fa,0xa6fa,0x0000,0x0000,0x0000,0x0000,0x0000,0x0000,0x0000,0x19e8,0x19e8,0xa6fa,0xa6fa,0xa6fa,0xa6fa,0xa6fa,0xa6fa,0xa6fa,0xa6fa,0xa6fa,
0xa6fa,0xa6fa,0xa6fa,0xa6fa,0xa6fa,0xa6fa,0xa6fa,0xa6fa,0xa6fa,0x19e8,0x19e8,0x0000,0x0000,0x0000,0x0000,0x0000,0x0000,0x0000,0xa6fa,0xa6fa,0xa6fa,0xa6fa,0xa6fa,0x0000,0x0000,0x0000,0x0000,0x0000,0x0000,0x0000,0x0000,0x0000,
0x0000,0x0000,0x0000,0x0000,0x0000,0x0000,0x0000,0x0000,0x0000,0xa6fa,0xa6fa,0xa6fa,0xa6fa,0xa6fa,0x0000,0x0000,0x0000,0x0000,0x0000,0x0000,0x0000,0x19e8,0x19e8,0x19e8,0x19e8,0x19e8,0x19e8,0x19e8,0x19e8,0x19e8,0x19e8,0x19e8,
0x19e8,0x19e8,0x19e8,0x19e8,0x19e8,0x19e8,0x19e8,0x19e8,0x19e8,0x19e8,0x19e8,0x0000,0x0000,0x0000,0x0000,0x0000,0x0000,0x0000,0xa6fa,0xa6fa,0xa6fa,0xa6fa,0xa6fa,0x0000,0x0000,0x0000,0x0000,0x0000,0x0000,0x0000,0x0000,0x0000,
0x0000,0x0000,0x0000,0x0000,0x0000,0x0000,0x0000,0x0000,0x0000,0xa6fa,0xa6fa,0xa6fa,0xa6fa,0xa6fa,0x0000,0x0000,0x0000,0x0000,0x0000,0x0000,0x0000,0x19e8,0x19e8,0x19e8,0x19e8,0x19e8,0x19e8,0x19e8,0x19e8,0x19e8,0x19e8,0x19e8,
0x19e8,0x19e8,0x19e8,0x19e8,0x19e8,0x19e8,0x19e8,0x19e8,0x19e8,0x19e8,0x19e8,0x0000,0x0000,0x0000,0x0000,0x0000,0x0000,0x0000,0xa6fa,0xa6fa,0xa6fa,0xa6fa,0xa6fa,0x0000,0x0000,0x0000,0x0000,0x0000,0x0000,0x0000,0x0000,0x0000,
0x0000,0x0000,0x0000,0x0000,0x0000,0x0000,0x0000,0x0000,0x0000,0x0000,0x0000,0x0000,0x0000,0x0000,0x0000,0x0000,0x0000,0x0000,0x0000,0x0000,0x0000,0x0000,0x0000,0x0000,0x0000,0x0000,0x0000,0x0000,0x0000,0x0000,0x0000,0x0000,
0x0000,0x0000,0x0000,0x0000,0x0000,0x0000,0x0000,0x0000,0x0000,0x0000,0x0000,0x0000,0x0000,0x0000,0x0000,0x0000,0x0000,0x0000,0x0000,0x0000,0x0000,0x0000,0x0000,0x0000,0x0000,0x0000,0x0000,0x0000,0x0000,0x0000,0x0000,0x0000,
0x0000,0x0000,0x0000,0x0000,0x0000,0x0000,0x0000,0x0000,0x0000,0x0000,0x0000,0x0000,0x0000,0x0000,0x0000,0x0000,0x0000,0x0000,0x0000,0x0000,0x0000,0x0000,0x0000,0x0000,0x0000,0x0000,0xa6fa,0xa6fa,0xa6fa,0xa6fa,0x0000,0x0000,
0x0000,0x0000,0xa6fa,0xa6fa,0xa6fa,0xa6fa,0x0000,0x0000,0x0000,0x0000,0x0000,0x0000,0x0000,0x0000,0x0000,0x0000,0x0000,0x0000,0x0000,0x0000,0x0000,0x0000,0x0000,0x0000,0x0000,0x0000,0x0000,0x0000,0x0000,0x0000,0x0000,0x0000,
0x0000,0x0000,0x0000,0x0000,0x0000,0x0000,0x0000,0x0000,0x0000,0x0000,0x0000,0x0000,0x0000,0x0000,0x0000,0x0000,0x0000,0x0000,0x0000,0x0000,0x0000,0x0000,0x0000,0x0000,0x0000,0x0000,0xa6fa,0xa6fa,0xa6fa,0xa6fa,0x0000,0x0000,
0x0000,0x0000,0xa6fa,0xa6fa,0xa6fa,0xa6fa,0x0000,0x0000,0x0000,0x0000,0x0000,0x0000,0x0000,0x0000,0x0000,0x0000,0x0000,0x0000,0x0000,0x0000,0x0000,0x0000,0x0000,0x0000,0x0000,0x0000,0x0000,0x0000,0x0000,0x0000,0x0000,0x0000,
0x0000,0x0000,0x0000,0x0000,0x0000,0x0000,0x0000,0x0000,0x0000,0x0000,0x0000,0x0000,0x0000,0x0000,0x0000,0x0000,0x0000,0x0000,0x0000,0x0000,0x0000,0x0000,0x0000,0x0000,0x0000,0x0000,0xa6fa,0xa6fa,0xa6fa,0xa6fa,0x0000,0x0000,
0x0000,0x0000,0xa6fa,0xa6fa,0xa6fa,0xa6fa,0x0000,0x0000,0x0000,0x0000,0x0000,0x0000,0x0000,0x0000,0x0000,0x0000,0x0000,0x0000,0x0000,0x0000,0x0000,0x0000,0x0000,0x0000,0x0000,0x0000,0x0000,0x0000,0x0000,0x0000,0x0000,0x0000,
0x0000,0x0000,0x0000,0x0000,0x0000,0x0000,0x0000,0x0000,0x0000,0x0000,0x0000,0x0000,0x0000,0x0000,0x0000,0x0000,0x0000,0x0000,0x0000,0x0000,0x0000,0x0000,0x0000,0x0000,0x0000,0x0000,0xa6fa,0xa6fa,0xa6fa,0xa6fa,0x0000,0x0000,
0x0000,0x0000,0xa6fa,0xa6fa,0xa6fa,0xa6fa,0x0000,0x0000,0x0000,0x0000,0x0000,0x0000,0x0000,0x0000,0x0000,0x0000,0x0000,0x0000,0x0000,0x0000,0x0000,0x0000,0x0000,0x0000,0x0000,0x0000,0x0000,0x0000,0x0000,0x0000,0x0000,0x0000,
0x0000,0x0000,0x0000,0x0000,0x0000,0x0000,0x0000,0x0000,0x0000,0x0000,0x0000,0x0000,0x0000,0x0000,0x0000,0x0000,0x0000,0x0000,0x0000,0x0000,0x0000,0x0000,0x0000,0x0000,0x0000,0x0000,0x0000,0x0000,0x0000,0x0000,0x0000,0x0000,
0x0000,0x0000,0x0000,0x0000,0x0000,0x0000,0x0000,0x0000,0x0000,0x0000,0x0000,0x0000,0x0000,0x0000,0x0000,0x0000,0x0000,0x0000,0x0000,0x0000,0x0000,0x0000,0x0000,0x0000,0x0000,0x0000,0x0000,0x0000,0x0000,0x0000,0x0000,0x0000,
0x0000,0x0000,0x0000,0x0000,0x0000,0x0000,0x0000,0x0000,0x0000,0x0000,0x0000,0x0000,0x0000,0x0000,0x0000,0x0000,0x0000,0x0000,0x0000,0x0000,0x0000,0x0000,0x0000,0x0000,0x0000,0x0000,0x0000,0x0000,0x0000,0x0000,0x0000,0x0000,
0x0000,0x0000,0x0000,0x0000,0x0000,0x0000,0x0000,0x0000,0x0000,0x0000,0x0000,0x0000,0x0000,0x0000,0x0000,0x0000,0x0000,0x0000,0x0000,0x0000,0x0000,0x0000,0x0000,0x0000,0x0000,0x0000,0x0000,0x0000,0x0000,0x0000,0x0000,0x0000,
0x0000,0x0000,0x0000,0x0000,0x0000,0x0000,0x0000,0x0000,0x0000,0x0000,0x0000,0x0000,0x0000,0x0000,0x0000,0x0000,0x0000,0x0000,0x0000,0x0000,0x0000,0x0000,0x0000,0x0000,0x0000,0x0000,0x0000,0x0000,0x0000,0x0000,0x0000,0x0000,
0x0000,0x0000,0x0000,0x0000,0x0000,0x0000,0x0000,0x0000,0x0000,0x0000,0x0000,0x0000,0x0000,0x0000,0x0000,0x0000,0x0000,0x0000,0x0000,0x0000,0x0000,0x0000,0x0000,0x0000,0x0000,0x0000,0x0000,0x0000,0x0000,0x0000,0x0000,0x0000,
0x0000,0x0000,0x0000,0x0000,0x0000,0x0000,0x0000,0x0000,0x0000,0x0000,0x0000,0x0000,0x0000,0x0000,0x0000,0x0000,0x0000,0x0000,0x0000,0x0000,0x0000,0x0000,0x0000,0x0000,0x0000,0x0000,0x0000,0x0000,0x0000,0x0000,0x0000,0x0000,
0x0000,0x0000,0x0000,0x0000,0x0000,0x0000,0x0000,0x0000,0x0000,0x0000,0x0000,0x0000,0x0000,0x0000,0x0000,0x0000,0x0000,0x0000,0x0000,0x0000,0x0000,0x0000,0x0000,0x0000,0x0000,0x0000,0x0000,0x0000,0x0000,0x0000,0x0000,0x0000,
0x0000,0x0000,0x0000,0x0000,0x0000,0x0000,0x0000,0x0000,0x0000,0x0000,0x0000,0x0000,0x0000,0x0000,0x0000,0x0000,0x0000,0x0000,0x0000,0x0000,0x0000,0x0000,0x0000,0x0000,0x0000,0x0000,0x0000,0x0000,0x0000,0x0000,0x0000,0x0000,
0x0000,0x0000,0x0000,0x0000,0x0000,0x0000,0x0000,0x0000,0x0000,0x0000,0x0000,0x0000,0x0000,0x0000,0x0000,0x0000,0x0000,0x0000,0x0000,0x0000,0x0000,0x0000,0x0000,0x0000,0x0000,0x0000,0x0000,0x0000,0x0000,0x0000,0x0000,0x0000,
};
static const uint16_t frame_8[4096] = {
0x0000,0x0000,0x0000,0x0000,0x0000,0x0000,0x0000,0x0000,0x0000,0x0000,0x0000,0x0000,0x0000,0x0000,0x0000,0x0000,0x0000,0x0000,0x0000,0x0000,0x0000,0x0000,0x0000,0x0000,0x0000,0x0000,0x0000,0x0000,0x0000,0x0000,0x0000,0x0000,
0x0000,0x0000,0x0000,0x0000,0x0000,0x0000,0x0000,0x0000,0x0000,0x0000,0x0000,0x0000,0x0000,0x0000,0x0000,0x0000,0x0000,0x0000,0x0000,0x0000,0x0000,0x0000,0x0000,0x0000,0x0000,0x0000,0x0000,0x0000,0x0000,0x0000,0x0000,0x0000,
0x0000,0x0000,0x0000,0x0000,0x0000,0x0000,0x0000,0x0000,0x0000,0x0000,0x0000,0x0000,0x0000,0x0000,0x0000,0x0000,0x0000,0x0000,0x0000,0x0000,0x0000,0x0000,0x0000,0x0000,0x0000,0x0000,0x0000,0x0000,0x0000,0x0000,0x0000,0x0000,
0x0000,0x0000,0x0000,0x0000,0x0000,0x0000,0x0000,0x0000,0x0000,0x0000,0x0000,0x0000,0x0000,0x0000,0x0000,0x0000,0x0000,0x0000,0x0000,0x0000,0x0000,0x0000,0x0000,0x0000,0x0000,0x0000,0x0000,0x0000,0x0000,0x0000,0x0000,0x0000,
0x0000,0x0000,0x0000,0x0000,0x0000,0x0000,0x0000,0x0000,0x0000,0x0000,0x0000,0x0000,0x0000,0x0000,0x0000,0x0000,0x0000,0x0000,0x0000,0x0000,0x0000,0x0000,0x0000,0x0000,0x0000,0x0000,0x0000,0x0000,0x0000,0x0000,0x0000,0x0000,
0x0000,0x0000,0x0000,0x0000,0x0000,0x0000,0x0000,0x0000,0x0000,0x0000,0x0000,0x0000,0x0000,0x0000,0x0000,0x0000,0x0000,0x0000,0x0000,0x0000,0x0000,0x0000,0x0000,0x0000,0x0000,0x0000,0x0000,0x0000,0x0000,0x0000,0x0000,0x0000,
0x0000,0x0000,0x0000,0x0000,0x0000,0x0000,0x0000,0x0000,0x0000,0x0000,0x0000,0x0000,0x19e8,0x19e8,0x19e8,0x0000,0x0000,0x0000,0x0000,0x0000,0x0000,0x0000,0x0000,0x0000,0x19e8,0x19e8,0x19e8,0x0000,0x0000,0x0000,0x0000,0x0000,
0x0000,0x0000,0x0000,0x0000,0xfeb2,0xfeb2,0xfeb2,0x0000,0x0000,0x0000,0x0000,0x0000,0x0000,0x0000,0x0000,0x0000,0x19e8,0x19e8,0x19e8,0x0000,0x0000,0x0000,0x0000,0x0000,0x0000,0x0000,0x0000,0x0000,0x0000,0x0000,0x0000,0x0000,
0x0000,0x0000,0x0000,0x0000,0x0000,0x0000,0x0000,0x0000,0x0000,0x0000,0x0000,0x0000,0x19e8,0x19e8,0x19e8,0x0000,0x0000,0x0000,0x0000,0x0000,0x0000,0x0000,0x0000,0x0000,0x19e8,0x19e8,0x19e8,0x0000,0x0000,0x0000,0x0000,0x0000,
0x0000,0x0000,0x0000,0x0000,0xfeb2,0xfeb2,0xfeb2,0x0000,0x0000,0x0000,0x0000,0x0000,0x0000,0x0000,0x0000,0x0000,0x19e8,0x19e8,0x19e8,0x0000,0x0000,0x0000,0x0000,0x0000,0x0000,0x0000,0x0000,0x0000,0x0000,0x0000,0x0000,0x0000,
0x0000,0x0000,0x0000,0x0000,0x0000,0x0000,0x0000,0x0000,0x0000,0x0000,0x0000,0x0000,0x19e8,0x19e8,0x19e8,0x0000,0x0000,0x0000,0x0000,0x0000,0x0000,0x0000,0x0000,0x0000,0x19e8,0x19e8,0x19e8,0x0000,0x0000,0x0000,0x0000,0x0000,
0x0000,0x0000,0x0000,0x0000,0xfeb2,0xfeb2,0xfeb2,0x0000,0x0000,0x0000,0x0000,0x0000,0x0000,0x0000,0x0000,0x0000,0x19e8,0x19e8,0x19e8,0x0000,0x0000,0x0000,0x0000,0x0000,0x0000,0x0000,0x0000,0x0000,0x0000,0x0000,0x0000,0x0000,
0x0000,0x0000,0x0000,0x0000,0x0000,0x0000,0x0000,0x0000,0x0000,0x0000,0x0000,0x0000,0x0000,0x0000,0x0000,0x0000,0x0000,0x0000,0x0000,0x0000,0x0000,0x0000,0x0000,0x0000,0x0000,0x0000,0x0000,0x0000,0x0000,0x0000,0x0000,0x0000,
0x0000,0x0000,0x0000,0x0000,0x0000,0x0000,0x0000,0x0000,0x0000,0x0000,0x0000,0x0000,0x0000,0x0000,0x0000,0x0000,0x0000,0x0000,0x0000,0x0000,0x0000,0x0000,0x0000,0x0000,0x0000,0x0000,0x0000,0x0000,0x0000,0x0000,0x0000,0x0000,
0x0000,0x0000,0x0000,0x0000,0x0000,0x0000,0x0000,0x0000,0x0000,0x0000,0x0000,0x0000,0x0000,0x0000,0x0000,0x0000,0x0000,0x0000,0x0000,0x0000,0x0000,0x0000,0x0000,0x0000,0x0000,0x0000,0x0000,0xfeb2,0xfeb2,0xfeb2,0xfeb2,0xfeb2,
0xfeb2,0xfeb2,0xfeb2,0xfeb2,0xfeb2,0x0000,0x0000,0x0000,0x0000,0x0000,0x0000,0x0000,0x0000,0x0000,0x0000,0x0000,0x0000,0x0000,0x0000,0x0000,0x0000,0x0000,0x0000,0x0000,0x0000,0x0000,0x0000,0x0000,0x0000,0x0000,0x0000,0x0000,
0x0000,0x0000,0x0000,0x0000,0x0000,0x0000,0x0000,0x0000,0x0000,0x0000,0x0000,0x0000,0x0000,0x0000,0x0000,0x0000,0x0000,0x0000,0x0000,0x0000,0x0000,0x0000,0x0000,0x0000,0x0000,0x0000,0x0000,0xfeb2,0xfeb2,0xfeb2,0xfeb2,0xfeb2,
0xfeb2,0xfeb2,0xfeb2,0xfeb2,0xfeb2,0x0000,0x0000,0x0000,0x0000,0x0000,0x0000,0x0000,0x0000,0x0000,0x0000,0x0000,0x0000,0x0000,0x0000,0x0000,0x0000,0x0000,0x0000,0x0000,0x0000,0x0000,0x0000,0x0000,0x0000,0x0000,0x0000,0x0000,
0x0000,0x0000,0x0000,0x0000,0x0000,0x0000,0x0000,0x0000,0x0000,0x0000,0x0000,0x0000,0x0000,0x0000,0x0000,0x0000,0x0000,0x0000,0x0000,0x0000,0x0000,0x0000,0x0000,0x0000,0x0000,0x0000,0x0000,0xfeb2,0xfeb2,0xfeb2,0xfeb2,0xfeb2,
0xfeb2,0xfeb2,0xfeb2,0xfeb2,0xfeb2,0x0000,0x0000,0x0000,0x0000,0x0000,0x0000,0x0000,0x0000,0x0000,0x0000,0x0000,0x0000,0x0000,0x0000,0x0000,0x0000,0x0000,0x0000,0x0000,0x0000,0x0000,0x0000,0x0000,0x0000,0x0000,0x0000,0x0000,
0x0000,0x0000,0x0000,0x0000,0x0000,0x0000,0x0000,0x0000,0x0000,0x0000,0x0000,0x0000,0x0000,0x0000,0x0000,0x0000,0x0000,0x0000,0x0000,0x0000,0x0000,0x0000,0x0000,0x0000,0x0000,0x0000,0x0000,0xfeb2,0xfeb2,0xfeb2,0xa6fa,0xa6fa,
0xa6fa,0xa6fa,0xfeb2,0xfeb2,0xfeb2,0x0000,0x0000,0x0000,0x0000,0x0000,0x0000,0x0000,0x0000,0x0000,0x0000,0x0000,0x0000,0x0000,0x0000,0x0000,0x0000,0x0000,0x0000,0x0000,0x0000,0x0000,0x0000,0x0000,0x0000,0x0000,0x0000,0x0000,
0x0000,0x0000,0x0000,0x0000,0x0000,0x0000,0x0000,0x0000,0x0000,0x0000,0x0000,0x0000,0x0000,0x0000,0x0000,0x0000,0x0000,0x0000,0x0000,0x0000,0x0000,0x0000,0x0000,0x0000,0x0000,0x0000,0x0000,0x0000,0x0000,0x0000,0xa6fa,0xa6fa,
0xa6fa,0xa6fa,0x0000,0x0000,0x0000,0x0000,0x0000,0x0000,0x0000,0x0000,0x0000,0x0000,0x0000,0x0000,0x0000,0x0000,0x0000,0x0000,0x0000,0x0000,0x0000,0x0000,0x0000,0x0000,0x0000,0x0000,0x0000,0x0000,0x0000,0x0000,0x0000,0x0000,
0x0000,0x0000,0x0000,0x0000,0x0000,0x0000,0x0000,0x0000,0x0000,0x0000,0x0000,0x0000,0x0000,0x0000,0x0000,0x0000,0x0000,0x0000,0x0000,0x0000,0x0000,0x0000,0x0000,0x0000,0x0000,0x0000,0x0000,0x0000,0x0000,0x0000,0xa6fa,0xa6fa,
0xa6fa,0xa6fa,0x0000,0x0000,0x0000,0x0000,0x0000,0x0000,0x0000,0x0000,0x0000,0x0000,0x0000,0x0000,0x0000,0x0000,0x0000,0x0000,0x0000,0x0000,0x0000,0x0000,0x0000,0x0000,0x0000,0x0000,0x0000,0x0000,0x0000,0x0000,0x0000,0x0000,
0x0000,0x0000,0x0000,0x0000,0x0000,0x0000,0x0000,0x0000,0x0000,0x0000,0x0000,0x0000,0x0000,0x0000,0x0000,0x0000,0x0000,0x0000,0x0000,0x0000,0x0000,0x0000,0x0000,0x0000,0x0000,0x0000,0x0000,0x0000,0x0000,0x0000,0xa6fa,0xa6fa,
0xa6fa,0xa6fa,0x0000,0x0000,0x0000,0x0000,0x0000,0x0000,0x0000,0x0000,0x0000,0x0000,0x0000,0x0000,0x0000,0x0000,0x0000,0x0000,0x0000,0x0000,0x0000,0x0000,0x0000,0x0000,0x0000,0x0000,0x0000,0x0000,0x0000,0x0000,0x0000,0x0000,
0x0000,0x0000,0x0000,0x0000,0x0000,0x0000,0x0000,0x0000,0x0000,0x0000,0x0000,0x0000,0x0000,0x0000,0x0000,0x19e8,0x19e8,0x19e8,0x19e8,0x19e8,0x19e8,0x19e8,0x19e8,0x19e8,0x19e8,0x19e8,0x19e8,0x19e8,0x19e8,0x19e8,0x19e8,0x19e8,
0x19e8,0x19e8,0x19e8,0x19e8,0x19e8,0x19e8,0x19e8,0x19e8,0x19e8,0x19e8,0x19e8,0x19e8,0x19e8,0x19e8,0x19e8,0x19e8,0x19e8,0x0000,0x0000,0x0000,0x0000,0x0000,0x0000,0x0000,0x0000,0x0000,0x0000,0x0000,0x0000,0x0000,0x0000,0x0000,
0x0000,0x0000,0x0000,0x0000,0x0000,0x0000,0x0000,0x0000,0x0000,0x0000,0x0000,0x0000,0x0000,0x0000,0x0000,0x19e8,0x19e8,0x19e8,0x19e8,0x19e8,0x19e8,0x19e8,0x19e8,0x19e8,0x19e8,0x19e8,0x19e8,0x19e8,0x19e8,0x19e8,0x19e8,0x19e8,
0x19e8,0x19e8,0x19e8,0x19e8,0x19e8,0x19e8,0x19e8,0x19e8,0x19e8,0x19e8,0x19e8,0x19e8,0x19e8,0x19e8,0x19e8,0x19e8,0x19e8,0x0000,0x0000,0x0000,0x0000,0x0000,0x0000,0x0000,0x0000,0x0000,0x0000,0x0000,0x0000,0x0000,0x0000,0x0000,
0x0000,0x0000,0x0000,0x0000,0x0000,0x0000,0x0000,0x0000,0x0000,0x0000,0x0000,0x0000,0x0000,0x0000,0x0000,0x19e8,0x19e8,0xa6fa,0xa6fa,0xa6fa,0xa6fa,0xa6fa,0xa6fa,0xa6fa,0xa6fa,0xa6fa,0xa6fa,0xa6fa,0xa6fa,0xa6fa,0xa6fa,0xa6fa,
0xa6fa,0xa6fa,0xa6fa,0xa6fa,0xa6fa,0xa6fa,0xa6fa,0xa6fa,0xa6fa,0xa6fa,0xa6fa,0xa6fa,0xa6fa,0xa6fa,0xa6fa,0x19e8,0x19e8,0x0000,0x0000,0x0000,0x0000,0x0000,0x0000,0x0000,0x0000,0x0000,0x0000,0x0000,0x0000,0x0000,0x0000,0x0000,
0x0000,0x0000,0x0000,0x0000,0x0000,0x0000,0x0000,0x0000,0x0000,0x0000,0x0000,0x0000,0x0000,0x0000,0x0000,0x19e8,0x19e8,0xa6fa,0xa6fa,0xa6fa,0xa6fa,0xa6fa,0xa6fa,0xa6fa,0xa6fa,0xa6fa,0xa6fa,0xa6fa,0xa6fa,0xa6fa,0xa6fa,0xa6fa,
0xa6fa,0xa6fa,0xa6fa,0xa6fa,0xa6fa,0xa6fa,0xa6fa,0xa6fa,0xa6fa,0xa6fa,0xa6fa,0xa6fa,0xa6fa,0xa6fa,0xa6fa,0x19e8,0x19e8,0x0000,0x0000,0x0000,0x0000,0x0000,0x0000,0x0000,0x0000,0x0000,0x0000,0x0000,0x0000,0x0000,0x0000,0x0000,
0x0000,0x0000,0x0000,0x0000,0x0000,0x0000,0x0000,0x0000,0x0000,0x0000,0x0000,0x0000,0x0000,0x0000,0x0000,0x19e8,0x19e8,0xa6fa,0xa6fa,0xa6fa,0xa6fa,0xa6fa,0xa6fa,0xa6fa,0xa6fa,0xa6fa,0xa6fa,0xa6fa,0xa6fa,0xa6fa,0xa6fa,0xa6fa,
0xa6fa,0xa6fa,0xa6fa,0xa6fa,0xa6fa,0xa6fa,0xa6fa,0xa6fa,0xa6fa,0xa6fa,0xa6fa,0xa6fa,0xa6fa,0xa6fa,0xa6fa,0x19e8,0x19e8,0x0000,0x0000,0x0000,0x0000,0x0000,0x0000,0x0000,0x0000,0x0000,0x0000,0x0000,0x0000,0x0000,0x0000,0x0000,
0x0000,0x0000,0x0000,0x0000,0x0000,0x0000,0x0000,0x0000,0x0000,0x0000,0x0000,0x0000,0x0000,0x0000,0x0000,0x19e8,0x19e8,0xa6fa,0xa6fa,0xa6fa,0xa6fa,0xa6fa,0xa6fa,0xa6fa,0xa6fa,0xa6fa,0xa6fa,0xa6fa,0xa6fa,0xa6fa,0xa6fa,0xa6fa,
0xa6fa,0xa6fa,0xa6fa,0xa6fa,0xa6fa,0xa6fa,0xa6fa,0xa6fa,0xa6fa,0xa6fa,0xa6fa,0xa6fa,0xa6fa,0xa6fa,0xa6fa,0x19e8,0x19e8,0x0000,0x0000,0x0000,0x0000,0x0000,0x0000,0x0000,0x0000,0x0000,0x0000,0x0000,0x0000,0x0000,0x0000,0x0000,
0x0000,0x0000,0x0000,0x0000,0x0000,0x0000,0x0000,0x0000,0x0000,0x0000,0x0000,0x0000,0x0000,0x0000,0x0000,0x19e8,0x19e8,0xa6fa,0xa6fa,0xa6fa,0xa6fa,0x19e8,0x19e8,0x19e8,0x19e8,0x19e8,0x19e8,0x19e8,0x19e8,0x19e8,0x19e8,0x19e8,
0x19e8,0x19e8,0x19e8,0x19e8,0x19e8,0x19e8,0x19e8,0x19e8,0x19e8,0x19e8,0x19e8,0xa6fa,0xa6fa,0xa6fa,0xa6fa,0x19e8,0x19e8,0x0000,0x0000,0x0000,0x0000,0x0000,0x0000,0x0000,0x0000,0x0000,0x0000,0x0000,0x0000,0x0000,0x0000,0x0000,
0x0000,0x0000,0x0000,0x0000,0x0000,0x0000,0x0000,0x0000,0x0000,0x0000,0x0000,0x0000,0x0000,0x0000,0x0000,0x19e8,0x19e8,0xa6fa,0xa6fa,0xa6fa,0xa6fa,0x19e8,0x19e8,0x19e8,0x19e8,0x19e8,0x19e8,0x19e8,0x19e8,0x19e8,0x19e8,0x19e8,
0x19e8,0x19e8,0x19e8,0x19e8,0x19e8,0x19e8,0x19e8,0x19e8,0x19e8,0x19e8,0x19e8,0xa6fa,0xa6fa,0xa6fa,0xa6fa,0x19e8,0x19e8,0x0000,0x0000,0x0000,0x0000,0x0000,0x0000,0x0000,0x0000,0x0000,0x0000,0x0000,0x0000,0x0000,0x0000,0x0000,
0x0000,0x0000,0x0000,0x0000,0x0000,0x0000,0x0000,0x0000,0x0000,0x0000,0x0000,0x0000,0x0000,0x0000,0x0000,0x19e8,0x19e8,0xa6fa,0xa6fa,0xa6fa,0xa6fa,0x19e8,0x19e8,0x19e8,0x19e8,0x19e8,0x19e8,0x19e8,0x19e8,0x19e8,0x19e8,0x19e8,
0x19e8,0x19e8,0x19e8,0x19e8,0x19e8,0x19e8,0x19e8,0x19e8,0x19e8,0x19e8,0x19e8,0xa6fa,0xa6fa,0xa6fa,0xa6fa,0x19e8,0x19e8,0x0000,0x0000,0x0000,0x0000,0x0000,0x0000,0x0000,0x0000,0x0000,0x0000,0x0000,0x0000,0x0000,0x0000,0x0000,
0x0000,0x0000,0x0000,0x0000,0x0000,0x0000,0x0000,0x0000,0x0000,0x0000,0x0000,0x0000,0x0000,0x0000,0x0000,0x19e8,0x19e8,0xa6fa,0xa6fa,0xa6fa,0xa6fa,0x19e8,0x19e8,0x19e8,0xefdb,0xefdb,0xefdb,0xefdb,0x19e8,0x19e8,0x19e8,0x19e8,
0x19e8,0x19e8,0x19e8,0xefdb,0xefdb,0xefdb,0xefdb,0x19e8,0x19e8,0x19e8,0x19e8,0xa6fa,0xa6fa,0xa6fa,0xa6fa,0x19e8,0x19e8,0x0000,0x0000,0x0000,0x0000,0x0000,0x0000,0x0000,0x0000,0x0000,0x0000,0x0000,0x0000,0x0000,0x0000,0x0000,
0x0000,0x0000,0x0000,0x0000,0x0000,0x0000,0x0000,0x0000,0x0000,0x0000,0x0000,0x0000,0x0000,0x0000,0x0000,0x19e8,0x19e8,0xa6fa,0xa6fa,0xa6fa,0xa6fa,0x19e8,0x19e8,0x19e8,0xefdb,0xefdb,0xefdb,0xefdb,0x19e8,0x19e8,0x19e8,0x19e8,
0x19e8,0x19e8,0x19e8,0xefdb,0xefdb,0xefdb,0xefdb,0x19e8,0x19e8,0x19e8,0x19e8,0xa6fa,0xa6fa,0xa6fa,0xa6fa,0x19e8,0x19e8,0x0000,0x0000,0x0000,0x0000,0x0000,0x0000,0x0000,0x0000,0x0000,0x0000,0x0000,0x0000,0x0000,0x0000,0x0000,
0x0000,0x0000,0x0000,0x0000,0x0000,0x0000,0x0000,0x0000,0x0000,0x0000,0x0000,0x0000,0x0000,0x0000,0x0000,0x19e8,0x19e8,0xa6fa,0xa6fa,0xa6fa,0xa6fa,0x19e8,0x19e8,0x19e8,0xefdb,0xefdb,0xefdb,0xefdb,0x19e8,0x19e8,0x19e8,0x19e8,
0x19e8,0x19e8,0x19e8,0xefdb,0xefdb,0xefdb,0xefdb,0x19e8,0x19e8,0x19e8,0x19e8,0xa6fa,0xa6fa,0xa6fa,0xa6fa,0x19e8,0x19e8,0x0000,0x0000,0x0000,0x0000,0x0000,0x0000,0x0000,0x0000,0x0000,0x0000,0x0000,0x0000,0x0000,0x0000,0x0000,
0x0000,0x0000,0x0000,0x0000,0x0000,0x0000,0x0000,0x0000,0x0000,0x0000,0x0000,0x0000,0x0000,0x0000,0x0000,0x19e8,0x19e8,0xa6fa,0xa6fa,0xa6fa,0xa6fa,0x19e8,0x19e8,0x19e8,0xefdb,0xefdb,0xefdb,0xefdb,0x19e8,0x19e8,0x19e8,0x19e8,
0x19e8,0x19e8,0x19e8,0xefdb,0xefdb,0xefdb,0xefdb,0x19e8,0x19e8,0x19e8,0x19e8,0xa6fa,0xa6fa,0xa6fa,0xa6fa,0x19e8,0x19e8,0x0000,0x0000,0x0000,0x0000,0x0000,0x0000,0x0000,0x0000,0x0000,0x0000,0x0000,0x0000,0x0000,0x0000,0x0000,
0x0000,0x0000,0x0000,0x0000,0x0000,0x0000,0x0000,0x0000,0x0000,0x0000,0x0000,0x0000,0x0000,0x0000,0x0000,0x19e8,0x19e8,0xa6fa,0xa6fa,0xa6fa,0xa6fa,0x19e8,0x19e8,0x19e8,0xefdb,0xefdb,0xefdb,0xefdb,0x19e8,0x19e8,0x19e8,0x19e8,
0x19e8,0x19e8,0x19e8,0xefdb,0xefdb,0xefdb,0xefdb,0x19e8,0x19e8,0x19e8,0x19e8,0xa6fa,0xa6fa,0xa6fa,0xa6fa,0x19e8,0x19e8,0x0000,0x0000,0x0000,0x0000,0x0000,0x0000,0x0000,0x0000,0x0000,0x0000,0x0000,0x0000,0x0000,0x0000,0x0000,
0x0000,0x0000,0x0000,0x0000,0x0000,0x0000,0x0000,0x0000,0x0000,0x0000,0x0000,0x0000,0x0000,0x0000,0x0000,0x19e8,0x19e8,0xa6fa,0xa6fa,0xa6fa,0xa6fa,0x19e8,0x19e8,0x19e8,0xefdb,0xefdb,0xefdb,0xefdb,0x19e8,0x19e8,0x19e8,0x19e8,
0x19e8,0x19e8,0x19e8,0xefdb,0xefdb,0xefdb,0xefdb,0x19e8,0x19e8,0x19e8,0x19e8,0xa6fa,0xa6fa,0xa6fa,0xa6fa,0x19e8,0x19e8,0x0000,0x0000,0x0000,0x0000,0x0000,0x0000,0x0000,0x0000,0x0000,0x0000,0x0000,0x0000,0x0000,0x0000,0x0000,
0x0000,0x0000,0x0000,0x0000,0x0000,0x0000,0x0000,0x0000,0x0000,0x0000,0x0000,0x0000,0x0000,0x0000,0x0000,0x19e8,0x19e8,0xa6fa,0xa6fa,0xa6fa,0xa6fa,0x19e8,0x19e8,0x19e8,0xefdb,0xefdb,0xefdb,0xefdb,0x19e8,0x19e8,0x19e8,0x19e8,
0x19e8,0x19e8,0x19e8,0xefdb,0xefdb,0xefdb,0xefdb,0x19e8,0x19e8,0x19e8,0x19e8,0xa6fa,0xa6fa,0xa6fa,0xa6fa,0x19e8,0x19e8,0x0000,0x0000,0x0000,0x0000,0x0000,0x0000,0x0000,0x0000,0x0000,0x0000,0x0000,0x0000,0x0000,0x0000,0x0000,
0x0000,0x0000,0x0000,0x0000,0x0000,0x0000,0x0000,0x0000,0x0000,0x0000,0x0000,0x0000,0x0000,0x0000,0x0000,0x19e8,0x19e8,0xa6fa,0xa6fa,0xa6fa,0xa6fa,0x19e8,0x19e8,0x19e8,0x19e8,0x19e8,0x19e8,0x19e8,0x19e8,0x19e8,0x19e8,0x19e8,
0x19e8,0x19e8,0x19e8,0x19e8,0x19e8,0x19e8,0x19e8,0x19e8,0x19e8,0x19e8,0x19e8,0xa6fa,0xa6fa,0xa6fa,0xa6fa,0x19e8,0x19e8,0x0000,0x0000,0x0000,0x0000,0x0000,0x0000,0x0000,0x0000,0x0000,0x0000,0x0000,0x0000,0x0000,0x0000,0x0000,
0x0000,0x0000,0x0000,0x0000,0x0000,0x0000,0x0000,0x0000,0x0000,0x0000,0x0000,0x0000,0x0000,0x0000,0x0000,0x19e8,0x19e8,0xa6fa,0xa6fa,0xa6fa,0xa6fa,0x19e8,0x19e8,0x19e8,0x19e8,0x19e8,0x19e8,0x19e8,0x19e8,0x19e8,0x19e8,0x19e8,
0x19e8,0x19e8,0x19e8,0x19e8,0x19e8,0x19e8,0x19e8,0x19e8,0x19e8,0x19e8,0x19e8,0xa6fa,0xa6fa,0xa6fa,0xa6fa,0x19e8,0x19e8,0x0000,0x0000,0x0000,0x0000,0x0000,0x0000,0x0000,0x0000,0x0000,0x0000,0x0000,0x0000,0x0000,0x0000,0x0000,
0x0000,0x0000,0x0000,0x0000,0x0000,0x0000,0x0000,0x0000,0x0000,0x0000,0x0000,0x0000,0x0000,0x0000,0x0000,0x19e8,0x19e8,0xa6fa,0xa6fa,0xa6fa,0xa6fa,0x19e8,0x19e8,0x19e8,0x19e8,0x19e8,0x19e8,0x19e8,0x19e8,0x19e8,0x19e8,0x19e8,
0x19e8,0x19e8,0x19e8,0x19e8,0x19e8,0x19e8,0x19e8,0x19e8,0x19e8,0x19e8,0x19e8,0xa6fa,0xa6fa,0xa6fa,0xa6fa,0x19e8,0x19e8,0x0000,0x0000,0x0000,0x0000,0x0000,0x0000,0x0000,0x0000,0x0000,0x0000,0x0000,0x0000,0x0000,0x0000,0x0000,
0x0000,0x0000,0x0000,0x0000,0x0000,0x0000,0x0000,0x0000,0x0000,0x0000,0x0000,0x0000,0x0000,0x0000,0x0000,0x19e8,0x19e8,0xa6fa,0xa6fa,0xa6fa,0xa6fa,0x19e8,0x19e8,0x19e8,0x19e8,0x19e8,0x19e8,0x19e8,0x19e8,0x19e8,0x19e8,0x19e8,
0x19e8,0x19e8,0x19e8,0x19e8,0x19e8,0x19e8,0x19e8,0x19e8,0x19e8,0x19e8,0x19e8,0xa6fa,0xa6fa,0xa6fa,0xa6fa,0x19e8,0x19e8,0x0000,0x0000,0x0000,0x0000,0x0000,0x0000,0x0000,0x0000,0x0000,0x0000,0x0000,0x0000,0x0000,0x0000,0x0000,
0x0000,0x0000,0x0000,0x0000,0x0000,0x0000,0x0000,0x0000,0x0000,0x0000,0x0000,0x0000,0x0000,0x0000,0x0000,0x19e8,0x19e8,0xa6fa,0xa6fa,0xa6fa,0xa6fa,0xa6fa,0xa6fa,0xa6fa,0xa6fa,0xa6fa,0xa6fa,0xa6fa,0xa6fa,0xa6fa,0xa6fa,0xa6fa,
0xa6fa,0xa6fa,0xa6fa,0xa6fa,0xa6fa,0xa6fa,0xa6fa,0xa6fa,0xa6fa,0xa6fa,0xa6fa,0xa6fa,0xa6fa,0xa6fa,0xa6fa,0x19e8,0x19e8,0x0000,0x0000,0x0000,0x0000,0x0000,0x0000,0x0000,0x0000,0x0000,0x0000,0x0000,0x0000,0x0000,0x0000,0x0000,
0x0000,0x0000,0x0000,0x0000,0x0000,0x0000,0x0000,0x0000,0x0000,0x0000,0x0000,0x0000,0x0000,0x0000,0x0000,0x19e8,0x19e8,0xa6fa,0xa6fa,0xa6fa,0xa6fa,0xa6fa,0xa6fa,0xa6fa,0xa6fa,0xa6fa,0xa6fa,0x19e8,0x19e8,0x19e8,0x19e8,0x19e8,
0x19e8,0x19e8,0x19e8,0x19e8,0x19e8,0xa6fa,0xa6fa,0xa6fa,0xa6fa,0xa6fa,0xa6fa,0xa6fa,0xa6fa,0xa6fa,0xa6fa,0x19e8,0x19e8,0x0000,0x0000,0x0000,0x0000,0x0000,0x0000,0x0000,0x0000,0x0000,0x0000,0x0000,0x0000,0x0000,0x0000,0x0000,
0x0000,0x0000,0x0000,0x0000,0x0000,0x0000,0x0000,0x0000,0x0000,0x0000,0x0000,0x0000,0x0000,0x0000,0x0000,0x19e8,0x19e8,0xa6fa,0xa6fa,0xa6fa,0xa6fa,0xa6fa,0xa6fa,0xa6fa,0xa6fa,0xa6fa,0xa6fa,0x19e8,0x19e8,0x19e8,0x19e8,0x19e8,
0x19e8,0x19e8,0x19e8,0x19e8,0x19e8,0xa6fa,0xa6fa,0xa6fa,0xa6fa,0xa6fa,0xa6fa,0xa6fa,0xa6fa,0xa6fa,0xa6fa,0x19e8,0x19e8,0x0000,0x0000,0x0000,0x0000,0x0000,0x0000,0x0000,0x0000,0x0000,0x0000,0x0000,0x0000,0x0000,0x0000,0x0000,
0x0000,0x0000,0x0000,0x0000,0x0000,0x0000,0x0000,0x0000,0x0000,0x0000,0x0000,0x0000,0x0000,0x0000,0x0000,0x19e8,0x19e8,0xa6fa,0xa6fa,0xa6fa,0xa6fa,0xa6fa,0xa6fa,0xa6fa,0xa6fa,0xa6fa,0xa6fa,0xa6fa,0xa6fa,0xa6fa,0xa6fa,0xa6fa,
0xa6fa,0xa6fa,0xa6fa,0xa6fa,0xa6fa,0xa6fa,0xa6fa,0xa6fa,0xa6fa,0xa6fa,0xa6fa,0xa6fa,0xa6fa,0xa6fa,0xa6fa,0x19e8,0x19e8,0x0000,0x0000,0x0000,0x0000,0x0000,0x0000,0x0000,0x0000,0x0000,0x0000,0x0000,0x0000,0x0000,0x0000,0x0000,
0x0000,0x0000,0x0000,0x0000,0x0000,0x0000,0x0000,0x0000,0x0000,0x0000,0x0000,0x0000,0x0000,0x0000,0x0000,0x19e8,0x19e8,0xa6fa,0xa6fa,0xa6fa,0xa6fa,0xa6fa,0xa6fa,0xa6fa,0xa6fa,0xa6fa,0xa6fa,0xa6fa,0xa6fa,0xa6fa,0xa6fa,0xa6fa,
0xa6fa,0xa6fa,0xa6fa,0xa6fa,0xa6fa,0xa6fa,0xa6fa,0xa6fa,0xa6fa,0xa6fa,0xa6fa,0xa6fa,0xa6fa,0xa6fa,0xa6fa,0x19e8,0x19e8,0x0000,0x0000,0x0000,0x0000,0x0000,0x0000,0x0000,0x0000,0x0000,0x0000,0x0000,0x0000,0x0000,0x0000,0x0000,
0x0000,0x0000,0x0000,0x0000,0x0000,0x0000,0x0000,0x0000,0x0000,0x0000,0x0000,0x0000,0x0000,0x0000,0x0000,0x19e8,0x19e8,0x19e8,0x19e8,0x19e8,0x19e8,0x19e8,0x19e8,0x19e8,0x19e8,0x19e8,0x19e8,0x19e8,0x19e8,0x19e8,0x19e8,0x19e8,
0x19e8,0x19e8,0x19e8,0x19e8,0x19e8,0x19e8,0x19e8,0x19e8,0x19e8,0x19e8,0x19e8,0x19e8,0x19e8,0x19e8,0x19e8,0x19e8,0x19e8,0x0000,0x0000,0x0000,0x0000,0x0000,0x0000,0x0000,0x0000,0x0000,0x0000,0x0000,0x0000,0x0000,0x0000,0x0000,
0x0000,0x0000,0x0000,0x0000,0x0000,0x0000,0x0000,0x0000,0x0000,0x0000,0x0000,0x0000,0x0000,0x0000,0x0000,0x19e8,0x19e8,0x19e8,0x19e8,0x19e8,0x19e8,0x19e8,0x19e8,0x19e8,0x19e8,0x19e8,0x19e8,0x19e8,0x19e8,0x19e8,0x19e8,0x19e8,
0x19e8,0x19e8,0x19e8,0x19e8,0x19e8,0x19e8,0x19e8,0x19e8,0x19e8,0x19e8,0x19e8,0x19e8,0x19e8,0x19e8,0x19e8,0x19e8,0x19e8,0x0000,0x0000,0x0000,0x0000,0x0000,0x0000,0x0000,0x0000,0x0000,0x0000,0x0000,0x0000,0x0000,0x0000,0x0000,
0x0000,0x0000,0x0000,0x0000,0x0000,0x0000,0x0000,0x0000,0x0000,0x0000,0x0000,0x0000,0x0000,0x0000,0x0000,0x0000,0x0000,0x0000,0x0000,0x0000,0x0000,0x19e8,0x19e8,0x19e8,0x19e8,0x19e8,0x19e8,0x19e8,0x19e8,0x19e8,0x19e8,0x19e8,
0x19e8,0x19e8,0x19e8,0x19e8,0x19e8,0x19e8,0x19e8,0x19e8,0x19e8,0x19e8,0x19e8,0x0000,0x0000,0x0000,0x0000,0x0000,0x0000,0x0000,0x0000,0x0000,0x0000,0x0000,0x0000,0x0000,0x0000,0x0000,0x0000,0x0000,0x0000,0x0000,0x0000,0x0000,
0x0000,0x0000,0x0000,0x0000,0x0000,0x0000,0x0000,0x0000,0x0000,0x0000,0x0000,0x0000,0x0000,0x0000,0x0000,0x0000,0x0000,0x0000,0x0000,0x0000,0x0000,0x19e8,0x19e8,0x19e8,0x19e8,0x19e8,0x19e8,0x19e8,0x19e8,0x19e8,0x19e8,0x19e8,
0x19e8,0x19e8,0x19e8,0x19e8,0x19e8,0x19e8,0x19e8,0x19e8,0x19e8,0x19e8,0x19e8,0x0000,0x0000,0x0000,0x0000,0x0000,0x0000,0x0000,0x0000,0x0000,0x0000,0x0000,0x0000,0x0000,0x0000,0x0000,0x0000,0x0000,0x0000,0x0000,0x0000,0x0000,
0x0000,0x0000,0x0000,0x0000,0x0000,0x0000,0x0000,0x0000,0x0000,0x0000,0x0000,0x0000,0x0000,0x0000,0x0000,0x0000,0x0000,0x0000,0x0000,0x0000,0x0000,0x19e8,0x19e8,0xa6fa,0xa6fa,0xa6fa,0xa6fa,0xa6fa,0xa6fa,0xa6fa,0xa6fa,0xa6fa,
0xa6fa,0xa6fa,0xa6fa,0xa6fa,0xa6fa,0xa6fa,0xa6fa,0xa6fa,0xa6fa,0x19e8,0x19e8,0x0000,0x0000,0x0000,0x0000,0x0000,0x0000,0x0000,0x0000,0x0000,0x0000,0x0000,0x0000,0x0000,0x0000,0x0000,0x0000,0x0000,0x0000,0x0000,0x0000,0x0000,
0x0000,0x0000,0x0000,0x0000,0x0000,0x0000,0x0000,0x0000,0x0000,0xa6fa,0xa6fa,0xa6fa,0xa6fa,0xa6fa,0x0000,0x0000,0x0000,0x0000,0x0000,0x0000,0x0000,0x19e8,0x19e8,0xa6fa,0xa6fa,0xa6fa,0xa6fa,0xa6fa,0xa6fa,0xa6fa,0xa6fa,0xa6fa,
0xa6fa,0xa6fa,0xa6fa,0xa6fa,0xa6fa,0xa6fa,0xa6fa,0xa6fa,0xa6fa,0x19e8,0x19e8,0x0000,0x0000,0x0000,0x0000,0x0000,0x0000,0x0000,0xa6fa,0xa6fa,0xa6fa,0xa6fa,0xa6fa,0x0000,0x0000,0x0000,0x0000,0x0000,0x0000,0x0000,0x0000,0x0000,
0x0000,0x0000,0x0000,0x0000,0x0000,0x0000,0x0000,0x0000,0x0000,0xa6fa,0xa6fa,0xa6fa,0xa6fa,0xa6fa,0x0000,0x0000,0x0000,0x0000,0x0000,0x0000,0x0000,0x19e8,0x19e8,0xa6fa,0xa6fa,0xa6fa,0xa6fa,0xa6fa,0xa6fa,0xa6fa,0xa6fa,0xa6fa,
0xa6fa,0xa6fa,0xa6fa,0xa6fa,0xa6fa,0xa6fa,0xa6fa,0xa6fa,0xa6fa,0x19e8,0x19e8,0x0000,0x0000,0x0000,0x0000,0x0000,0x0000,0x0000,0xa6fa,0xa6fa,0xa6fa,0xa6fa,0xa6fa,0x0000,0x0000,0x0000,0x0000,0x0000,0x0000,0x0000,0x0000,0x0000,
0x0000,0x0000,0x0000,0x0000,0x0000,0x0000,0x0000,0x0000,0x0000,0xa6fa,0xa6fa,0xa6fa,0xa6fa,0xa6fa,0x0000,0x0000,0x0000,0x0000,0x0000,0x0000,0x0000,0x19e8,0x19e8,0xa6fa,0xa6fa,0xa6fa,0xa6fa,0xa6fa,0xa6fa,0xa6fa,0xa6fa,0xa6fa,
0xa6fa,0xa6fa,0xa6fa,0xa6fa,0xa6fa,0xa6fa,0xa6fa,0xa6fa,0xa6fa,0x19e8,0x19e8,0x0000,0x0000,0x0000,0x0000,0x0000,0x0000,0x0000,0xa6fa,0xa6fa,0xa6fa,0xa6fa,0xa6fa,0x0000,0x0000,0x0000,0x0000,0x0000,0x0000,0x0000,0x0000,0x0000,
0x0000,0x0000,0x0000,0x0000,0x0000,0x0000,0x0000,0x0000,0x0000,0xa6fa,0xa6fa,0xa6fa,0xa6fa,0xa6fa,0x0000,0x0000,0x0000,0x0000,0x0000,0x0000,0x0000,0x19e8,0x19e8,0xa6fa,0xa6fa,0xa6fa,0xa6fa,0xa6fa,0xa6fa,0xa6fa,0xa6fa,0xa6fa,
0xa6fa,0xa6fa,0xa6fa,0xa6fa,0xa6fa,0xa6fa,0xa6fa,0xa6fa,0xa6fa,0x19e8,0x19e8,0x0000,0x0000,0x0000,0x0000,0x0000,0x0000,0x0000,0xa6fa,0xa6fa,0xa6fa,0xa6fa,0xa6fa,0x0000,0x0000,0x0000,0x0000,0x0000,0x0000,0x0000,0x0000,0x0000,
0x0000,0x0000,0x0000,0x0000,0x0000,0x0000,0x0000,0x0000,0x0000,0xa6fa,0xa6fa,0xa6fa,0xa6fa,0xa6fa,0x0000,0x0000,0x0000,0x0000,0x0000,0x0000,0x0000,0x19e8,0x19e8,0xa6fa,0xa6fa,0xa6fa,0xa6fa,0xa6fa,0xa6fa,0xa6fa,0xa6fa,0xa6fa,
0xa6fa,0xa6fa,0xa6fa,0xa6fa,0xa6fa,0xa6fa,0xa6fa,0xa6fa,0xa6fa,0x19e8,0x19e8,0x0000,0x0000,0x0000,0x0000,0x0000,0x0000,0x0000,0xa6fa,0xa6fa,0xa6fa,0xa6fa,0xa6fa,0x0000,0x0000,0x0000,0x0000,0x0000,0x0000,0x0000,0x0000,0x0000,
0x0000,0x0000,0x0000,0x0000,0x0000,0x0000,0x0000,0x0000,0x0000,0xa6fa,0xa6fa,0xa6fa,0xa6fa,0xa6fa,0x0000,0x0000,0x0000,0x0000,0x0000,0x0000,0x0000,0x19e8,0x19e8,0xa6fa,0xa6fa,0xa6fa,0xa6fa,0xa6fa,0xa6fa,0xa6fa,0xa6fa,0xa6fa,
0xa6fa,0xa6fa,0xa6fa,0xa6fa,0xa6fa,0xa6fa,0xa6fa,0xa6fa,0xa6fa,0x19e8,0x19e8,0x0000,0x0000,0x0000,0x0000,0x0000,0x0000,0x0000,0xa6fa,0xa6fa,0xa6fa,0xa6fa,0xa6fa,0x0000,0x0000,0x0000,0x0000,0x0000,0x0000,0x0000,0x0000,0x0000,
0x0000,0x0000,0x0000,0x0000,0x0000,0x0000,0x0000,0x0000,0x0000,0xa6fa,0xa6fa,0xa6fa,0xa6fa,0xa6fa,0x0000,0x0000,0x0000,0x0000,0x0000,0x0000,0x0000,0x19e8,0x19e8,0xa6fa,0xa6fa,0xa6fa,0xa6fa,0xa6fa,0xa6fa,0xa6fa,0xa6fa,0xa6fa,
0xa6fa,0xa6fa,0xa6fa,0xa6fa,0xa6fa,0xa6fa,0xa6fa,0xa6fa,0xa6fa,0x19e8,0x19e8,0x0000,0x0000,0x0000,0x0000,0x0000,0x0000,0x0000,0xa6fa,0xa6fa,0xa6fa,0xa6fa,0xa6fa,0x0000,0x0000,0x0000,0x0000,0x0000,0x0000,0x0000,0x0000,0x0000,
0x0000,0x0000,0x0000,0x0000,0x0000,0x0000,0x0000,0x0000,0x0000,0xa6fa,0xa6fa,0xa6fa,0xa6fa,0xa6fa,0x0000,0x0000,0x0000,0x0000,0x0000,0x0000,0x0000,0x19e8,0x19e8,0x19e8,0x19e8,0x19e8,0x19e8,0x19e8,0x19e8,0x19e8,0x19e8,0x19e8,
0x19e8,0x19e8,0x19e8,0x19e8,0x19e8,0x19e8,0x19e8,0x19e8,0x19e8,0x19e8,0x19e8,0x0000,0x0000,0x0000,0x0000,0x0000,0x0000,0x0000,0xa6fa,0xa6fa,0xa6fa,0xa6fa,0xa6fa,0x0000,0x0000,0x0000,0x0000,0x0000,0x0000,0x0000,0x0000,0x0000,
0x0000,0x0000,0x0000,0x0000,0x0000,0x0000,0x0000,0x0000,0x0000,0xa6fa,0xa6fa,0xa6fa,0xa6fa,0xa6fa,0x0000,0x0000,0x0000,0x0000,0x0000,0x0000,0x0000,0x19e8,0x19e8,0x19e8,0x19e8,0x19e8,0x19e8,0x19e8,0x19e8,0x19e8,0x19e8,0x19e8,
0x19e8,0x19e8,0x19e8,0x19e8,0x19e8,0x19e8,0x19e8,0x19e8,0x19e8,0x19e8,0x19e8,0x0000,0x0000,0x0000,0x0000,0x0000,0x0000,0x0000,0xa6fa,0xa6fa,0xa6fa,0xa6fa,0xa6fa,0x0000,0x0000,0x0000,0x0000,0x0000,0x0000,0x0000,0x0000,0x0000,
0x0000,0x0000,0x0000,0x0000,0x0000,0x0000,0x0000,0x0000,0x0000,0x0000,0x0000,0x0000,0x0000,0x0000,0x0000,0x0000,0x0000,0x0000,0x0000,0x0000,0x0000,0x0000,0x0000,0x0000,0x0000,0x0000,0x0000,0x0000,0x0000,0x0000,0x0000,0x0000,
0x0000,0x0000,0x0000,0x0000,0x0000,0x0000,0x0000,0x0000,0x0000,0x0000,0x0000,0x0000,0x0000,0x0000,0x0000,0x0000,0x0000,0x0000,0x0000,0x0000,0x0000,0x0000,0x0000,0x0000,0x0000,0x0000,0x0000,0x0000,0x0000,0x0000,0x0000,0x0000,
0x0000,0x0000,0x0000,0x0000,0x0000,0x0000,0x0000,0x0000,0x0000,0x0000,0x0000,0x0000,0x0000,0x0000,0x0000,0x0000,0x0000,0x0000,0x0000,0x0000,0x0000,0x0000,0x0000,0x0000,0x0000,0x0000,0xa6fa,0xa6fa,0xa6fa,0xa6fa,0x0000,0x0000,
0x0000,0x0000,0xa6fa,0xa6fa,0xa6fa,0xa6fa,0x0000,0x0000,0x0000,0x0000,0x0000,0x0000,0x0000,0x0000,0x0000,0x0000,0x0000,0x0000,0x0000,0x0000,0x0000,0x0000,0x0000,0x0000,0x0000,0x0000,0x0000,0x0000,0x0000,0x0000,0x0000,0x0000,
0x0000,0x0000,0x0000,0x0000,0x0000,0x0000,0x0000,0x0000,0x0000,0x0000,0x0000,0x0000,0x0000,0x0000,0x0000,0x0000,0x0000,0x0000,0x0000,0x0000,0x0000,0x0000,0x0000,0x0000,0x0000,0x0000,0xa6fa,0xa6fa,0xa6fa,0xa6fa,0x0000,0x0000,
0x0000,0x0000,0xa6fa,0xa6fa,0xa6fa,0xa6fa,0x0000,0x0000,0x0000,0x0000,0x0000,0x0000,0x0000,0x0000,0x0000,0x0000,0x0000,0x0000,0x0000,0x0000,0x0000,0x0000,0x0000,0x0000,0x0000,0x0000,0x0000,0x0000,0x0000,0x0000,0x0000,0x0000,
0x0000,0x0000,0x0000,0x0000,0x0000,0x0000,0x0000,0x0000,0x0000,0x0000,0x0000,0x0000,0x0000,0x0000,0x0000,0x0000,0x0000,0x0000,0x0000,0x0000,0x0000,0x0000,0x0000,0x0000,0x0000,0x0000,0xa6fa,0xa6fa,0xa6fa,0xa6fa,0x0000,0x0000,
0x0000,0x0000,0xa6fa,0xa6fa,0xa6fa,0xa6fa,0x0000,0x0000,0x0000,0x0000,0x0000,0x0000,0x0000,0x0000,0x0000,0x0000,0x0000,0x0000,0x0000,0x0000,0x0000,0x0000,0x0000,0x0000,0x0000,0x0000,0x0000,0x0000,0x0000,0x0000,0x0000,0x0000,
0x0000,0x0000,0x0000,0x0000,0x0000,0x0000,0x0000,0x0000,0x0000,0x0000,0x0000,0x0000,0x0000,0x0000,0x0000,0x0000,0x0000,0x0000,0x0000,0x0000,0x0000,0x0000,0x0000,0x0000,0x0000,0x0000,0xa6fa,0xa6fa,0xa6fa,0xa6fa,0x0000,0x0000,
0x0000,0x0000,0xa6fa,0xa6fa,0xa6fa,0xa6fa,0x0000,0x0000,0x0000,0x0000,0x0000,0x0000,0x0000,0x0000,0x0000,0x0000,0x0000,0x0000,0x0000,0x0000,0x0000,0x0000,0x0000,0x0000,0x0000,0x0000,0x0000,0x0000,0x0000,0x0000,0x0000,0x0000,
0x0000,0x0000,0x0000,0x0000,0x0000,0x0000,0x0000,0x0000,0x0000,0x0000,0x0000,0x0000,0x0000,0x0000,0x0000,0x0000,0x0000,0x0000,0x0000,0x0000,0x0000,0x0000,0x0000,0x0000,0x0000,0x0000,0x0000,0x0000,0x0000,0x0000,0x0000,0x0000,
0x0000,0x0000,0x0000,0x0000,0x0000,0x0000,0x0000,0x0000,0x0000,0x0000,0x0000,0x0000,0x0000,0x0000,0x0000,0x0000,0x0000,0x0000,0x0000,0x0000,0x0000,0x0000,0x0000,0x0000,0x0000,0x0000,0x0000,0x0000,0x0000,0x0000,0x0000,0x0000,
0x0000,0x0000,0x0000,0x0000,0x0000,0x0000,0x0000,0x0000,0x0000,0x0000,0x0000,0x0000,0x0000,0x0000,0x0000,0x0000,0x0000,0x0000,0x0000,0x0000,0x0000,0x0000,0x0000,0x0000,0x0000,0x0000,0x0000,0x0000,0x0000,0x0000,0x0000,0x0000,
0x0000,0x0000,0x0000,0x0000,0x0000,0x0000,0x0000,0x0000,0x0000,0x0000,0x0000,0x0000,0x0000,0x0000,0x0000,0x0000,0x0000,0x0000,0x0000,0x0000,0x0000,0x0000,0x0000,0x0000,0x0000,0x0000,0x0000,0x0000,0x0000,0x0000,0x0000,0x0000,
0x0000,0x0000,0x0000,0x0000,0x0000,0x0000,0x0000,0x0000,0x0000,0x0000,0x0000,0x0000,0x0000,0x0000,0x0000,0x0000,0x0000,0x0000,0x0000,0x0000,0x0000,0x0000,0x0000,0x0000,0x0000,0x0000,0x0000,0x0000,0x0000,0x0000,0x0000,0x0000,
0x0000,0x0000,0x0000,0x0000,0x0000,0x0000,0x0000,0x0000,0x0000,0x0000,0x0000,0x0000,0x0000,0x0000,0x0000,0x0000,0x0000,0x0000,0x0000,0x0000,0x0000,0x0000,0x0000,0x0000,0x0000,0x0000,0x0000,0x0000,0x0000,0x0000,0x0000,0x0000,
0x0000,0x0000,0x0000,0x0000,0x0000,0x0000,0x0000,0x0000,0x0000,0x0000,0x0000,0x0000,0x0000,0x0000,0x0000,0x0000,0x0000,0x0000,0x0000,0x0000,0x0000,0x0000,0x0000,0x0000,0x0000,0x0000,0x0000,0x0000,0x0000,0x0000,0x0000,0x0000,
0x0000,0x0000,0x0000,0x0000,0x0000,0x0000,0x0000,0x0000,0x0000,0x0000,0x0000,0x0000,0x0000,0x0000,0x0000,0x0000,0x0000,0x0000,0x0000,0x0000,0x0000,0x0000,0x0000,0x0000,0x0000,0x0000,0x0000,0x0000,0x0000,0x0000,0x0000,0x0000,
0x0000,0x0000,0x0000,0x0000,0x0000,0x0000,0x0000,0x0000,0x0000,0x0000,0x0000,0x0000,0x0000,0x0000,0x0000,0x0000,0x0000,0x0000,0x0000,0x0000,0x0000,0x0000,0x0000,0x0000,0x0000,0x0000,0x0000,0x0000,0x0000,0x0000,0x0000,0x0000,
0x0000,0x0000,0x0000,0x0000,0x0000,0x0000,0x0000,0x0000,0x0000,0x0000,0x0000,0x0000,0x0000,0x0000,0x0000,0x0000,0x0000,0x0000,0x0000,0x0000,0x0000,0x0000,0x0000,0x0000,0x0000,0x0000,0x0000,0x0000,0x0000,0x0000,0x0000,0x0000,
0x0000,0x0000,0x0000,0x0000,0x0000,0x0000,0x0000,0x0000,0x0000,0x0000,0x0000,0x0000,0x0000,0x0000,0x0000,0x0000,0x0000,0x0000,0x0000,0x0000,0x0000,0x0000,0x0000,0x0000,0x0000,0x0000,0x0000,0x0000,0x0000,0x0000,0x0000,0x0000,
0x0000,0x0000,0x0000,0x0000,0x0000,0x0000,0x0000,0x0000,0x0000,0x0000,0x0000,0x0000,0x0000,0x0000,0x0000,0x0000,0x0000,0x0000,0x0000,0x0000,0x0000,0x0000,0x0000,0x0000,0x0000,0x0000,0x0000,0x0000,0x0000,0x0000,0x0000,0x0000,
};
static const uint16_t frame_9[4096] = {
0x0000,0x0000,0x0000,0x0000,0x0000,0x0000,0x0000,0x0000,0x0000,0x0000,0x0000,0x0000,0x0000,0x0000,0x0000,0x0000,0x0000,0x0000,0x0000,0x0000,0x0000,0x0000,0x0000,0x0000,0x0000,0x0000,0x0000,0x0000,0x0000,0x0000,0x0000,0x0000,
0x0000,0x0000,0x0000,0x0000,0x0000,0x0000,0x0000,0x0000,0x0000,0x0000,0x0000,0x0000,0x0000,0x0000,0x0000,0x0000,0x0000,0x0000,0x0000,0x0000,0x0000,0x0000,0x0000,0x0000,0x0000,0x0000,0x0000,0x0000,0x0000,0x0000,0x0000,0x0000,
0x0000,0x0000,0x0000,0x0000,0x0000,0x0000,0x0000,0x0000,0x0000,0x0000,0x0000,0x0000,0x0000,0x0000,0x0000,0x0000,0x0000,0x0000,0x0000,0x0000,0x0000,0x0000,0x0000,0x0000,0x0000,0x0000,0x0000,0x0000,0x0000,0x0000,0x0000,0x0000,
0x0000,0x0000,0x0000,0x0000,0x0000,0x0000,0x0000,0x0000,0x0000,0x0000,0x0000,0x0000,0x0000,0x0000,0x0000,0x0000,0x0000,0x0000,0x0000,0x0000,0x0000,0x0000,0x0000,0x0000,0x0000,0x0000,0x0000,0x0000,0x0000,0x0000,0x0000,0x0000,
0x0000,0x0000,0x0000,0x0000,0x0000,0x0000,0x0000,0x0000,0x0000,0x0000,0x0000,0x0000,0x0000,0x0000,0x0000,0x0000,0x0000,0x0000,0x0000,0x0000,0x0000,0x0000,0x0000,0x0000,0x0000,0x0000,0x0000,0x0000,0x0000,0x0000,0x0000,0x0000,
0x0000,0x0000,0x0000,0x0000,0x0000,0x0000,0x0000,0x0000,0x0000,0x0000,0x0000,0x0000,0x0000,0x0000,0x0000,0x0000,0x0000,0x0000,0x0000,0x0000,0x0000,0x0000,0x0000,0x0000,0x0000,0x0000,0x0000,0x0000,0x0000,0x0000,0x0000,0x0000,
0x0000,0x0000,0x0000,0x0000,0x0000,0x0000,0x0000,0x0000,0x0000,0x0000,0x0000,0x0000,0x19e8,0x19e8,0x19e8,0x0000,0x0000,0x0000,0x0000,0x0000,0x0000,0x0000,0x0000,0x0000,0x19e8,0x19e8,0x19e8,0x0000,0x0000,0x0000,0x0000,0x0000,
0x0000,0x0000,0x0000,0x0000,0x19e8,0x19e8,0x19e8,0x0000,0x0000,0x0000,0x0000,0x0000,0x0000,0x0000,0x0000,0x0000,0xfeb2,0xfeb2,0xfeb2,0x0000,0x0000,0x0000,0x0000,0x0000,0x0000,0x0000,0x0000,0x0000,0x0000,0x0000,0x0000,0x0000,
0x0000,0x0000,0x0000,0x0000,0x0000,0x0000,0x0000,0x0000,0x0000,0x0000,0x0000,0x0000,0x19e8,0x19e8,0x19e8,0x0000,0x0000,0x0000,0x0000,0x0000,0x0000,0x0000,0x0000,0x0000,0x19e8,0x19e8,0x19e8,0x0000,0x0000,0x0000,0x0000,0x0000,
0x0000,0x0000,0x0000,0x0000,0x19e8,0x19e8,0x19e8,0x0000,0x0000,0x0000,0x0000,0x0000,0x0000,0x0000,0x0000,0x0000,0xfeb2,0xfeb2,0xfeb2,0x0000,0x0000,0x0000,0x0000,0x0000,0x0000,0x0000,0x0000,0x0000,0x0000,0x0000,0x0000,0x0000,
0x0000,0x0000,0x0000,0x0000,0x0000,0x0000,0x0000,0x0000,0x0000,0x0000,0x0000,0x0000,0x19e8,0x19e8,0x19e8,0x0000,0x0000,0x0000,0x0000,0x0000,0x0000,0x0000,0x0000,0x0000,0x19e8,0x19e8,0x19e8,0x0000,0x0000,0x0000,0x0000,0x0000,
0x0000,0x0000,0x0000,0x0000,0x19e8,0x19e8,0x19e8,0x0000,0x0000,0x0000,0x0000,0x0000,0x0000,0x0000,0x0000,0x0000,0xfeb2,0xfeb2,0xfeb2,0x0000,0x0000,0x0000,0x0000,0x0000,0x0000,0x0000,0x0000,0x0000,0x0000,0x0000,0x0000,0x0000,
0x0000,0x0000,0x0000,0x0000,0x0000,0x0000,0x0000,0x0000,0x0000,0x0000,0x0000,0x0000,0x0000,0x0000,0x0000,0x0000,0x0000,0x0000,0x0000,0x0000,0x0000,0x0000,0x0000,0x0000,0x0000,0x0000,0x0000,0xfeb2,0xfeb2,0xfeb2,0xfeb2,0xfeb2,
0xfeb2,0xfeb2,0xfeb2,0xfeb2,0xfeb2,0x0000,0x0000,0x0000,0x0000,0x0000,0x0000,0x0000,0x0000,0x0000,0x0000,0x0000,0x0000,0x0000,0x0000,0x0000,0x0000,0x0000,0x0000,0x0000,0x0000,0x0000,0x0000,0x0000,0x0000,0x0000,0x0000,0x0000,
0x0000,0x0000,0x0000,0x0000,0x0000,0x0000,0x0000,0x0000,0x0000,0x0000,0x0000,0x0000,0x0000,0x0000,0x0000,0x0000,0x0000,0x0000,0x0000,0x0000,0x0000,0x0000,0x0000,0x0000,0x0000,0x0000,0x0000,0xfeb2,0xfeb2,0xfeb2,0xfeb2,0xfeb2,
0xfeb2,0xfeb2,0xfeb2,0xfeb2,0xfeb2,0x0000,0x0000,0x0000,0x0000,0x0000,0x0000,0x0000,0x0000,0x0000,0x0000,0x0000,0x0000,0x0000,0x0000,0x0000,0x0000,0x0000,0x0000,0x0000,0x0000,0x0000,0x0000,0x0000,0x0000,0x0000,0x0000,0x0000,
0x0000,0x0000,0x0000,0x0000,0x0000,0x0000,0x0000,0x0000,0x0000,0x0000,0x0000,0x0000,0x0000,0x0000,0x0000,0x0000,0x0000,0x0000,0x0000,0x0000,0x0000,0x0000,0x0000,0x0000,0x0000,0x0000,0x0000,0xfeb2,0xfeb2,0xfeb2,0xfeb2,0xfeb2,
0xfeb2,0xfeb2,0xfeb2,0xfeb2,0xfeb2,0x0000,0x0000,0x0000,0x0000,0x0000,0x0000,0x0000,0x0000,0x0000,0x0000,0x0000,0x0000,0x0000,0x0000,0x0000,0x0000,0x0000,0x0000,0x0000,0x0000,0x0000,0x0000,0x0000,0x0000,0x0000,0x0000,0x0000,
0x0000,0x0000,0x0000,0x0000,0x0000,0x0000,0x0000,0x0000,0x0000,0x0000,0x0000,0x0000,0x0000,0x0000,0x0000,0x0000,0x0000,0x0000,0x0000,0x0000,0x0000,0x0000,0x0000,0x0000,0x0000,0x0000,0x0000,0xfeb2,0xfeb2,0xfeb2,0xa6fa,0xa6fa,
0xa6fa,0xa6fa,0xfeb2,0xfeb2,0xfeb2,0x0000,0x0000,0x0000,0x0000,0x0000,0x0000,0x0000,0x0000,0x0000,0x0000,0x0000,0x0000,0x0000,0x0000,0x0000,0x0000,0x0000,0x0000,0x0000,0x0000,0x0000,0x0000,0x0000,0x0000,0x0000,0x0000,0x0000,
0x0000,0x0000,0x0000,0x0000,0x0000,0x0000,0x0000,0x0000,0x0000,0x0000,0x0000,0x0000,0x0000,0x0000,0x0000,0x0000,0x0000,0x0000,0x0000,0x0000,0x0000,0x0000,0x0000,0x0000,0x0000,0x0000,0x0000,0x0000,0x0000,0x0000,0xa6fa,0xa6fa,
0xa6fa,0xa6fa,0x0000,0x0000,0x0000,0x0000,0x0000,0x0000,0x0000,0x0000,0x0000,0x0000,0x0000,0x0000,0x0000,0x0000,0x0000,0x0000,0x0000,0x0000,0x0000,0x0000,0x0000,0x0000,0x0000,0x0000,0x0000,0x0000,0x0000,0x0000,0x0000,0x0000,
0x0000,0x0000,0x0000,0x0000,0x0000,0x0000,0x0000,0x0000,0x0000,0x0000,0x0000,0x0000,0x0000,0x0000,0x0000,0x0000,0x0000,0x0000,0x0000,0x0000,0x0000,0x0000,0x0000,0x0000,0x0000,0x0000,0x0000,0x0000,0x0000,0x0000,0xa6fa,0xa6fa,
0xa6fa,0xa6fa,0x0000,0x0000,0x0000,0x0000,0x0000,0x0000,0x0000,0x0000,0x0000,0x0000,0x0000,0x0000,0x0000,0x0000,0x0000,0x0000,0x0000,0x0000,0x0000,0x0000,0x0000,0x0000,0x0000,0x0000,0x0000,0x0000,0x0000,0x0000,0x0000,0x0000,
0x0000,0x0000,0x0000,0x0000,0x0000,0x0000,0x0000,0x0000,0x0000,0x0000,0x0000,0x0000,0x0000,0x0000,0x0000,0x0000,0x0000,0x0000,0x0000,0x0000,0x0000,0x0000,0x0000,0x0000,0x0000,0x0000,0x0000,0x0000,0x0000,0x0000,0xa6fa,0xa6fa,
0xa6fa,0xa6fa,0x0000,0x0000,0x0000,0x0000,0x0000,0x0000,0x0000,0x0000,0x0000,0x0000,0x0000,0x0000,0x0000,0x0000,0x0000,0x0000,0x0000,0x0000,0x0000,0x0000,0x0000,0x0000,0x0000,0x0000,0x0000,0x0000,0x0000,0x0000,0x0000,0x0000,
0x0000,0x0000,0x0000,0x0000,0x0000,0x0000,0x0000,0x0000,0x0000,0x0000,0x0000,0x0000,0x0000,0x0000,0x0000,0x19e8,0x19e8,0x19e8,0x19e8,0x19e8,0x19e8,0x19e8,0x19e8,0x19e8,0x19e8,0x19e8,0x19e8,0x19e8,0x19e8,0x19e8,0x19e8,0x19e8,
0x19e8,0x19e8,0x19e8,0x19e8,0x19e8,0x19e8,0x19e8,0x19e8,0x19e8,0x19e8,0x19e8,0x19e8,0x19e8,0x19e8,0x19e8,0x19e8,0x19e8,0x0000,0x0000,0x0000,0x0000,0x0000,0x0000,0x0000,0x0000,0x0000,0x0000,0x0000,0x0000,0x0000,0x0000,0x0000,
0x0000,0x0000,0x0000,0x0000,0x0000,0x0000,0x0000,0x0000,0x0000,0x0000,0x0000,0x0000,0x0000,0x0000,0x0000,0x19e8,0x19e8,0x19e8,0x19e8,0x19e8,0x19e8,0x19e8,0x19e8,0x19e8,0x19e8,0x19e8,0x19e8,0x19e8,0x19e8,0x19e8,0x19e8,0x19e8,
0x19e8,0x19e8,0x19e8,0x19e8,0x19e8,0x19e8,0x19e8,0x19e8,0x19e8,0x19e8,0x19e8,0x19e8,0x19e8,0x19e8,0x19e8,0x19e8,0x19e8,0x0000,0x0000,0x0000,0x0000,0x0000,0x0000,0x0000,0x0000,0x0000,0x0000,0x0000,0x0000,0x0000,0x0000,0x0000,
0x0000,0x0000,0x0000,0x0000,0x0000,0x0000,0x0000,0x0000,0x0000,0x0000,0x0000,0x0000,0x0000,0x0000,0x0000,0x19e8,0x19e8,0xa6fa,0xa6fa,0xa6fa,0xa6fa,0xa6fa,0xa6fa,0xa6fa,0xa6fa,0xa6fa,0xa6fa,0xa6fa,0xa6fa,0xa6fa,0xa6fa,0xa6fa,
0xa6fa,0xa6fa,0xa6fa,0xa6fa,0xa6fa,0xa6fa,0xa6fa,0xa6fa,0xa6fa,0xa6fa,0xa6fa,0xa6fa,0xa6fa,0xa6fa,0xa6fa,0x19e8,0x19e8,0x0000,0x0000,0x0000,0x0000,0x0000,0x0000,0x0000,0x0000,0x0000,0x0000,0x0000,0x0000,0x0000,0x0000,0x0000,
0x0000,0x0000,0x0000,0x0000,0x0000,0x0000,0x0000,0x0000,0x0000,0x0000,0x0000,0x0000,0x0000,0x0000,0x0000,0x19e8,0x19e8,0xa6fa,0xa6fa,0xa6fa,0xa6fa,0xa6fa,0xa6fa,0xa6fa,0xa6fa,0xa6fa,0xa6fa,0xa6fa,0xa6fa,0xa6fa,0xa6fa,0xa6fa,
0xa6fa,0xa6fa,0xa6fa,0xa6fa,0xa6fa,0xa6fa,0xa6fa,0xa6fa,0xa6fa,0xa6fa,0xa6fa,0xa6fa,0xa6fa,0xa6fa,0xa6fa,0x19e8,0x19e8,0x0000,0x0000,0x0000,0x0000,0x0000,0x0000,0x0000,0x0000,0x0000,0x0000,0x0000,0x0000,0x0000,0x0000,0x0000,
0x0000,0x0000,0x0000,0x0000,0x0000,0x0000,0x0000,0x0000,0x0000,0x0000,0x0000,0x0000,0x0000,0x0000,0x0000,0x19e8,0x19e8,0xa6fa,0xa6fa,0xa6fa,0xa6fa,0xa6fa,0xa6fa,0xa6fa,0xa6fa,0xa6fa,0xa6fa,0xa6fa,0xa6fa,0xa6fa,0xa6fa,0xa6fa,
0xa6fa,0xa6fa,0xa6fa,0xa6fa,0xa6fa,0xa6fa,0xa6fa,0xa6fa,0xa6fa,0xa6fa,0xa6fa,0xa6fa,0xa6fa,0xa6fa,0xa6fa,0x19e8,0x19e8,0x0000,0x0000,0x0000,0x0000,0x0000,0x0000,0x0000,0x0000,0x0000,0x0000,0x0000,0x0000,0x0000,0x0000,0x0000,
0x0000,0x0000,0x0000,0x0000,0x0000,0x0000,0x0000,0x0000,0x0000,0x0000,0x0000,0x0000,0x0000,0x0000,0x0000,0x19e8,0x19e8,0xa6fa,0xa6fa,0xa6fa,0xa6fa,0xa6fa,0xa6fa,0xa6fa,0xa6fa,0xa6fa,0xa6fa,0xa6fa,0xa6fa,0xa6fa,0xa6fa,0xa6fa,
0xa6fa,0xa6fa,0xa6fa,0xa6fa,0xa6fa,0xa6fa,0xa6fa,0xa6fa,0xa6fa,0xa6fa,0xa6fa,0xa6fa,0xa6fa,0xa6fa,0xa6fa,0x19e8,0x19e8,0x0000,0x0000,0x0000,0x0000,0x0000,0x0000,0x0000,0x0000,0x0000,0x0000,0x0000,0x0000,0x0000,0x0000,0x0000,
0x0000,0x0000,0x0000,0x0000,0x0000,0x0000,0x0000,0x0000,0x0000,0x0000,0x0000,0x0000,0x0000,0x0000,0x0000,0x19e8,0x19e8,0xa6fa,0xa6fa,0xa6fa,0xa6fa,0x19e8,0x19e8,0x19e8,0x19e8,0x19e8,0x19e8,0x19e8,0x19e8,0x19e8,0x19e8,0x19e8,
0x19e8,0x19e8,0x19e8,0x19e8,0x19e8,0x19e8,0x19e8,0x19e8,0x19e8,0x19e8,0x19e8,0xa6fa,0xa6fa,0xa6fa,0xa6fa,0x19e8,0x19e8,0x0000,0x0000,0x0000,0x0000,0x0000,0x0000,0x0000,0x0000,0x0000,0x0000,0x0000,0x0000,0x0000,0x0000,0x0000,
0x0000,0x0000,0x0000,0x0000,0x0000,0x0000,0x0000,0x0000,0x0000,0x0000,0x0000,0x0000,0x0000,0x0000,0x0000,0x19e8,0x19e8,0xa6fa,0xa6fa,0xa6fa,0xa6fa,0x19e8,0x19e8,0x19e8,0x19e8,0x19e8,0x19e8,0x19e8,0x19e8,0x19e8,0x19e8,0x19e8,
0x19e8,0x19e8,0x19e8,0x19e8,0x19e8,0x19e8,0x19e8,0x19e8,0x19e8,0x19e8,0x19e8,0xa6fa,0xa6fa,0xa6fa,0xa6fa,0x19e8,0x19e8,0x0000,0x0000,0x0000,0x0000,0x0000,0x0000,0x0000,0x0000,0x0000,0x0000,0x0000,0x0000,0x0000,0x0000,0x0000,
0x0000,0x0000,0x0000,0x0000,0x0000,0x0000,0x0000,0x0000,0x0000,0x0000,0x0000,0x0000,0x0000,0x0000,0x0000,0x19e8,0x19e8,0xa6fa,0xa6fa,0xa6fa,0xa6fa,0x19e8,0x19e8,0x19e8,0x19e8,0x19e8,0x19e8,0x19e8,0x19e8,0x19e8,0x19e8,0x19e8,
0x19e8,0x19e8,0x19e8,0x19e8,0x19e8,0x19e8,0x19e8,0x19e8,0x19e8,0x19e8,0x19e8,0xa6fa,0xa6fa,0xa6fa,0xa6fa,0x19e8,0x19e8,0x0000,0x0000,0x0000,0x0000,0x0000,0x0000,0x0000,0x0000,0x0000,0x0000,0x0000,0x0000,0x0000,0x0000,0x0000,
0x0000,0x0000,0x0000,0x0000,0x0000,0x0000,0x0000,0x0000,0x0000,0x0000,0x0000,0x0000,0x0000,0x0000,0x0000,0x19e8,0x19e8,0xa6fa,0xa6fa,0xa6fa,0xa6fa,0x19e8,0x19e8,0x19e8,0xefdb,0xefdb,0xefdb,0xefdb,0x19e8,0x19e8,0x19e8,0x19e8,
0x19e8,0x19e8,0x19e8,0xefdb,0xefdb,0xefdb,0xefdb,0x19e8,0x19e8,0x19e8,0x19e8,0xa6fa,0xa6fa,0xa6fa,0xa6fa,0x19e8,0x19e8,0x0000,0x0000,0x0000,0x0000,0x0000,0x0000,0x0000,0x0000,0x0000,0x0000,0x0000,0x0000,0x0000,0x0000,0x0000,
0x0000,0x0000,0x0000,0x0000,0x0000,0x0000,0x0000,0x0000,0x0000,0x0000,0x0000,0x0000,0x0000,0x0000,0x0000,0x19e8,0x19e8,0xa6fa,0xa6fa,0xa6fa,0xa6fa,0x19e8,0x19e8,0x19e8,0xefdb,0xefdb,0xefdb,0xefdb,0x19e8,0x19e8,0x19e8,0x19e8,
0x19e8,0x19e8,0x19e8,0xefdb,0xefdb,0xefdb,0xefdb,0x19e8,0x19e8,0x19e8,0x19e8,0xa6fa,0xa6fa,0xa6fa,0xa6fa,0x19e8,0x19e8,0x0000,0x0000,0x0000,0x0000,0x0000,0x0000,0x0000,0x0000,0x0000,0x0000,0x0000,0x0000,0x0000,0x0000,0x0000,
0x0000,0x0000,0x0000,0x0000,0x0000,0x0000,0x0000,0x0000,0x0000,0x0000,0x0000,0x0000,0x0000,0x0000,0x0000,0x19e8,0x19e8,0xa6fa,0xa6fa,0xa6fa,0xa6fa,0x19e8,0x19e8,0x19e8,0xefdb,0xefdb,0xefdb,0xefdb,0x19e8,0x19e8,0x19e8,0x19e8,
0x19e8,0x19e8,0x19e8,0xefdb,0xefdb,0xefdb,0xefdb,0x19e8,0x19e8,0x19e8,0x19e8,0xa6fa,0xa6fa,0xa6fa,0xa6fa,0x19e8,0x19e8,0x0000,0x0000,0x0000,0x0000,0x0000,0x0000,0x0000,0x0000,0x0000,0x0000,0x0000,0x0000,0x0000,0x0000,0x0000,
0x0000,0x0000,0x0000,0x0000,0x0000,0x0000,0x0000,0x0000,0x0000,0x0000,0x0000,0x0000,0x0000,0x0000,0x0000,0x19e8,0x19e8,0xa6fa,0xa6fa,0xa6fa,0xa6fa,0x19e8,0x19e8,0x19e8,0xefdb,0xefdb,0xefdb,0xefdb,0x19e8,0x19e8,0x19e8,0x19e8,
0x19e8,0x19e8,0x19e8,0xefdb,0xefdb,0xefdb,0xefdb,0x19e8,0x19e8,0x19e8,0x19e8,0xa6fa,0xa6fa,0xa6fa,0xa6fa,0x19e8,0x19e8,0x0000,0x0000,0x0000,0x0000,0x0000,0x0000,0x0000,0x0000,0x0000,0x0000,0x0000,0x0000,0x0000,0x0000,0x0000,
0x0000,0x0000,0x0000,0x0000,0x0000,0x0000,0x0000,0x0000,0x0000,0x0000,0x0000,0x0000,0x0000,0x0000,0x0000,0x19e8,0x19e8,0xa6fa,0xa6fa,0xa6fa,0xa6fa,0x19e8,0x19e8,0x19e8,0xefdb,0xefdb,0xefdb,0xefdb,0x19e8,0x19e8,0x19e8,0x19e8,
0x19e8,0x19e8,0x19e8,0xefdb,0xefdb,0xefdb,0xefdb,0x19e8,0x19e8,0x19e8,0x19e8,0xa6fa,0xa6fa,0xa6fa,0xa6fa,0x19e8,0x19e8,0x0000,0x0000,0x0000,0x0000,0x0000,0x0000,0x0000,0x0000,0x0000,0x0000,0x0000,0x0000,0x0000,0x0000,0x0000,
0x0000,0x0000,0x0000,0x0000,0x0000,0x0000,0x0000,0x0000,0x0000,0x0000,0x0000,0x0000,0x0000,0x0000,0x0000,0x19e8,0x19e8,0xa6fa,0xa6fa,0xa6fa,0xa6fa,0x19e8,0x19e8,0x19e8,0xefdb,0xefdb,0xefdb,0xefdb,0x19e8,0x19e8,0x19e8,0x19e8,
0x19e8,0x19e8,0x19e8,0xefdb,0xefdb,0xefdb,0xefdb,0x19e8,0x19e8,0x19e8,0x19e8,0xa6fa,0xa6fa,0xa6fa,0xa6fa,0x19e8,0x19e8,0x0000,0x0000,0x0000,0x0000,0x0000,0x0000,0x0000,0x0000,0x0000,0x0000,0x0000,0x0000,0x0000,0x0000,0x0000,
0x0000,0x0000,0x0000,0x0000,0x0000,0x0000,0x0000,0x0000,0x0000,0x0000,0x0000,0x0000,0x0000,0x0000,0x0000,0x19e8,0x19e8,0xa6fa,0xa6fa,0xa6fa,0xa6fa,0x19e8,0x19e8,0x19e8,0xefdb,0xefdb,0xefdb,0xefdb,0x19e8,0x19e8,0x19e8,0x19e8,
0x19e8,0x19e8,0x19e8,0xefdb,0xefdb,0xefdb,0xefdb,0x19e8,0x19e8,0x19e8,0x19e8,0xa6fa,0xa6fa,0xa6fa,0xa6fa,0x19e8,0x19e8,0x0000,0x0000,0x0000,0x0000,0x0000,0x0000,0x0000,0x0000,0x0000,0x0000,0x0000,0x0000,0x0000,0x0000,0x0000,
0x0000,0x0000,0x0000,0x0000,0x0000,0x0000,0x0000,0x0000,0x0000,0x0000,0x0000,0x0000,0x0000,0x0000,0x0000,0x19e8,0x19e8,0xa6fa,0xa6fa,0xa6fa,0xa6fa,0x19e8,0x19e8,0x19e8,0x19e8,0x19e8,0x19e8,0x19e8,0x19e8,0x19e8,0x19e8,0x19e8,
0x19e8,0x19e8,0x19e8,0x19e8,0x19e8,0x19e8,0x19e8,0x19e8,0x19e8,0x19e8,0x19e8,0xa6fa,0xa6fa,0xa6fa,0xa6fa,0x19e8,0x19e8,0x0000,0x0000,0x0000,0x0000,0x0000,0x0000,0x0000,0x0000,0x0000,0x0000,0x0000,0x0000,0x0000,0x0000,0x0000,
0x0000,0x0000,0x0000,0x0000,0x0000,0x0000,0x0000,0x0000,0x0000,0x0000,0x0000,0x0000,0x0000,0x0000,0x0000,0x19e8,0x19e8,0xa6fa,0xa6fa,0xa6fa,0xa6fa,0x19e8,0x19e8,0x19e8,0x19e8,0x19e8,0x19e8,0x19e8,0x19e8,0x19e8,0x19e8,0x19e8,
0x19e8,0x19e8,0x19e8,0x19e8,0x19e8,0x19e8,0x19e8,0x19e8,0x19e8,0x19e8,0x19e8,0xa6fa,0xa6fa,0xa6fa,0xa6fa,0x19e8,0x19e8,0x0000,0x0000,0x0000,0x0000,0x0000,0x0000,0x0000,0x0000,0x0000,0x0000,0x0000,0x0000,0x0000,0x0000,0x0000,
0x0000,0x0000,0x0000,0x0000,0x0000,0x0000,0x0000,0x0000,0x0000,0x0000,0x0000,0x0000,0x0000,0x0000,0x0000,0x19e8,0x19e8,0xa6fa,0xa6fa,0xa6fa,0xa6fa,0x19e8,0x19e8,0x19e8,0x19e8,0x19e8,0x19e8,0x19e8,0x19e8,0x19e8,0x19e8,0x19e8,
0x19e8,0x19e8,0x19e8,0x19e8,0x19e8,0x19e8,0x19e8,0x19e8,0x19e8,0x19e8,0x19e8,0xa6fa,0xa6fa,0xa6fa,0xa6fa,0x19e8,0x19e8,0x0000,0x0000,0x0000,0x0000,0x0000,0x0000,0x0000,0x0000,0x0000,0x0000,0x0000,0x0000,0x0000,0x0000,0x0000,
0x0000,0x0000,0x0000,0x0000,0x0000,0x0000,0x0000,0x0000,0x0000,0x0000,0x0000,0x0000,0x0000,0x0000,0x0000,0x19e8,0x19e8,0xa6fa,0xa6fa,0xa6fa,0xa6fa,0x19e8,0x19e8,0x19e8,0x19e8,0x19e8,0x19e8,0x19e8,0x19e8,0x19e8,0x19e8,0x19e8,
0x19e8,0x19e8,0x19e8,0x19e8,0x19e8,0x19e8,0x19e8,0x19e8,0x19e8,0x19e8,0x19e8,0xa6fa,0xa6fa,0xa6fa,0xa6fa,0x19e8,0x19e8,0x0000,0x0000,0x0000,0x0000,0x0000,0x0000,0x0000,0x0000,0x0000,0x0000,0x0000,0x0000,0x0000,0x0000,0x0000,
0x0000,0x0000,0x0000,0x0000,0x0000,0x0000,0x0000,0x0000,0x0000,0x0000,0x0000,0x0000,0x0000,0x0000,0x0000,0x19e8,0x19e8,0xa6fa,0xa6fa,0xa6fa,0xa6fa,0xa6fa,0xa6fa,0xa6fa,0xa6fa,0xa6fa,0xa6fa,0xa6fa,0xa6fa,0xa6fa,0xa6fa,0xa6fa,
0xa6fa,0xa6fa,0xa6fa,0xa6fa,0xa6fa,0xa6fa,0xa6fa,0xa6fa,0xa6fa,0xa6fa,0xa6fa,0xa6fa,0xa6fa,0xa6fa,0xa6fa,0x19e8,0x19e8,0x0000,0x0000,0x0000,0x0000,0x0000,0x0000,0x0000,0x0000,0x0000,0x0000,0x0000,0x0000,0x0000,0x0000,0x0000,
0x0000,0x0000,0x0000,0x0000,0x0000,0x0000,0x0000,0x0000,0x0000,0x0000,0x0000,0x0000,0x0000,0x0000,0x0000,0x19e8,0x19e8,0xa6fa,0xa6fa,0xa6fa,0xa6fa,0xa6fa,0xa6fa,0xa6fa,0xa6fa,0xa6fa,0xa6fa,0x19e8,0x19e8,0x19e8,0x19e8,0x19e8,
0x19e8,0x19e8,0x19e8,0x19e8,0x19e8,0xa6fa,0xa6fa,0xa6fa,0xa6fa,0xa6fa,0xa6fa,0xa6fa,0xa6fa,0xa6fa,0xa6fa,0x19e8,0x19e8,0x0000,0x0000,0x0000,0x0000,0x0000,0x0000,0x0000,0x0000,0x0000,0x0000,0x0000,0x0000,0x0000,0x0000,0x0000,
0x0000,0x0000,0x0000,0x0000,0x0000,0x0000,0x0000,0x0000,0x0000,0x0000,0x0000,0x0000,0x0000,0x0000,0x0000,0x19e8,0x19e8,0xa6fa,0xa6fa,0xa6fa,0xa6fa,0xa6fa,0xa6fa,0xa6fa,0xa6fa,0xa6fa,0xa6fa,0x19e8,0x19e8,0x19e8,0x19e8,0x19e8,
0x19e8,0x19e8,0x19e8,0x19e8,0x19e8,0xa6fa,0xa6fa,0xa6fa,0xa6fa,0xa6fa,0xa6fa,0xa6fa,0xa6fa,0xa6fa,0xa6fa,0x19e8,0x19e8,0x0000,0x0000,0x0000,0x0000,0x0000,0x0000,0x0000,0x0000,0x0000,0x0000,0x0000,0x0000,0x0000,0x0000,0x0000,
0x0000,0x0000,0x0000,0x0000,0x0000,0x0000,0x0000,0x0000,0x0000,0x0000,0x0000,0x0000,0x0000,0x0000,0x0000,0x19e8,0x19e8,0xa6fa,0xa6fa,0xa6fa,0xa6fa,0xa6fa,0xa6fa,0xa6fa,0xa6fa,0xa6fa,0xa6fa,0xa6fa,0xa6fa,0xa6fa,0xa6fa,0xa6fa,
0xa6fa,0xa6fa,0xa6fa,0xa6fa,0xa6fa,0xa6fa,0xa6fa,0xa6fa,0xa6fa,0xa6fa,0xa6fa,0xa6fa,0xa6fa,0xa6fa,0xa6fa,0x19e8,0x19e8,0x0000,0x0000,0x0000,0x0000,0x0000,0x0000,0x0000,0x0000,0x0000,0x0000,0x0000,0x0000,0x0000,0x0000,0x0000,
0x0000,0x0000,0x0000,0x0000,0x0000,0x0000,0x0000,0x0000,0x0000,0x0000,0x0000,0x0000,0x0000,0x0000,0x0000,0x19e8,0x19e8,0xa6fa,0xa6fa,0xa6fa,0xa6fa,0xa6fa,0xa6fa,0xa6fa,0xa6fa,0xa6fa,0xa6fa,0xa6fa,0xa6fa,0xa6fa,0xa6fa,0xa6fa,
0xa6fa,0xa6fa,0xa6fa,0xa6fa,0xa6fa,0xa6fa,0xa6fa,0xa6fa,0xa6fa,0xa6fa,0xa6fa,0xa6fa,0xa6fa,0xa6fa,0xa6fa,0x19e8,0x19e8,0x0000,0x0000,0x0000,0x0000,0x0000,0x0000,0x0000,0x0000,0x0000,0x0000,0x0000,0x0000,0x0000,0x0000,0x0000,
0x0000,0x0000,0x0000,0x0000,0x0000,0x0000,0x0000,0x0000,0x0000,0x0000,0x0000,0x0000,0x0000,0x0000,0x0000,0x19e8,0x19e8,0x19e8,0x19e8,0x19e8,0x19e8,0x19e8,0x19e8,0x19e8,0x19e8,0x19e8,0x19e8,0x19e8,0x19e8,0x19e8,0x19e8,0x19e8,
0x19e8,0x19e8,0x19e8,0x19e8,0x19e8,0x19e8,0x19e8,0x19e8,0x19e8,0x19e8,0x19e8,0x19e8,0x19e8,0x19e8,0x19e8,0x19e8,0x19e8,0x0000,0x0000,0x0000,0x0000,0x0000,0x0000,0x0000,0x0000,0x0000,0x0000,0x0000,0x0000,0x0000,0x0000,0x0000,
0x0000,0x0000,0x0000,0x0000,0x0000,0x0000,0x0000,0x0000,0x0000,0x0000,0x0000,0x0000,0x0000,0x0000,0x0000,0x19e8,0x19e8,0x19e8,0x19e8,0x19e8,0x19e8,0x19e8,0x19e8,0x19e8,0x19e8,0x19e8,0x19e8,0x19e8,0x19e8,0x19e8,0x19e8,0x19e8,
0x19e8,0x19e8,0x19e8,0x19e8,0x19e8,0x19e8,0x19e8,0x19e8,0x19e8,0x19e8,0x19e8,0x19e8,0x19e8,0x19e8,0x19e8,0x19e8,0x19e8,0x0000,0x0000,0x0000,0x0000,0x0000,0x0000,0x0000,0x0000,0x0000,0x0000,0x0000,0x0000,0x0000,0x0000,0x0000,
0x0000,0x0000,0x0000,0x0000,0x0000,0x0000,0x0000,0x0000,0x0000,0x0000,0x0000,0x0000,0x0000,0x0000,0x0000,0x0000,0x0000,0x0000,0x0000,0x0000,0x0000,0x19e8,0x19e8,0x19e8,0x19e8,0x19e8,0x19e8,0x19e8,0x19e8,0x19e8,0x19e8,0x19e8,
0x19e8,0x19e8,0x19e8,0x19e8,0x19e8,0x19e8,0x19e8,0x19e8,0x19e8,0x19e8,0x19e8,0x0000,0x0000,0x0000,0x0000,0x0000,0x0000,0x0000,0x0000,0x0000,0x0000,0x0000,0x0000,0x0000,0x0000,0x0000,0x0000,0x0000,0x0000,0x0000,0x0000,0x0000,
0x0000,0x0000,0x0000,0x0000,0x0000,0x0000,0x0000,0x0000,0x0000,0x0000,0x0000,0x0000,0x0000,0x0000,0x0000,0x0000,0x0000,0x0000,0x0000,0x0000,0x0000,0x19e8,0x19e8,0x19e8,0x19e8,0x19e8,0x19e8,0x19e8,0x19e8,0x19e8,0x19e8,0x19e8,
0x19e8,0x19e8,0x19e8,0x19e8,0x19e8,0x19e8,0x19e8,0x19e8,0x19e8,0x19e8,0x19e8,0x0000,0x0000,0x0000,0x0000,0x0000,0x0000,0x0000,0x0000,0x0000,0x0000,0x0000,0x0000,0x0000,0x0000,0x0000,0x0000,0x0000,0x0000,0x0000,0x0000,0x0000,
0x0000,0x0000,0x0000,0x0000,0x0000,0x0000,0x0000,0x0000,0x0000,0x0000,0x0000,0x0000,0x0000,0x0000,0x0000,0x0000,0x0000,0x0000,0x0000,0x0000,0x0000,0x19e8,0x19e8,0xa6fa,0xa6fa,0xa6fa,0xa6fa,0xa6fa,0xa6fa,0xa6fa,0xa6fa,0xa6fa,
0xa6fa,0xa6fa,0xa6fa,0xa6fa,0xa6fa,0xa6fa,0xa6fa,0xa6fa,0xa6fa,0x19e8,0x19e8,0x0000,0x0000,0x0000,0x0000,0x0000,0x0000,0x0000,0x0000,0x0000,0x0000,0x0000,0x0000,0x0000,0x0000,0x0000,0x0000,0x0000,0x0000,0x0000,0x0000,0x0000,
0x0000,0x0000,0x0000,0x0000,0x0000,0x0000,0x0000,0x0000,0x0000,0xa6fa,0xa6fa,0xa6fa,0xa6fa,0xa6fa,0x0000,0x0000,0x0000,0x0000,0x0000,0x0000,0x0000,0x19e8,0x19e8,0xa6fa,0xa6fa,0xa6fa,0xa6fa,0xa6fa,0xa6fa,0xa6fa,0xa6fa,0xa6fa,
0xa6fa,0xa6fa,0xa6fa,0xa6fa,0xa6fa,0xa6fa,0xa6fa,0xa6fa,0xa6fa,0x19e8,0x19e8,0x0000,0x0000,0x0000,0x0000,0x0000,0x0000,0x0000,0xa6fa,0xa6fa,0xa6fa,0xa6fa,0xa6fa,0x0000,0x0000,0x0000,0x0000,0x0000,0x0000,0x0000,0x0000,0x0000,
0x0000,0x0000,0x0000,0x0000,0x0000,0x0000,0x0000,0x0000,0x0000,0xa6fa,0xa6fa,0xa6fa,0xa6fa,0xa6fa,0x0000,0x0000,0x0000,0x0000,0x0000,0x0000,0x0000,0x19e8,0x19e8,0xa6fa,0xa6fa,0xa6fa,0xa6fa,0xa6fa,0xa6fa,0xa6fa,0xa6fa,0xa6fa,
0xa6fa,0xa6fa,0xa6fa,0xa6fa,0xa6fa,0xa6fa,0xa6fa,0xa6fa,0xa6fa,0x19e8,0x19e8,0x0000,0x0000,0x0000,0x0000,0x0000,0x0000,0x0000,0xa6fa,0xa6fa,0xa6fa,0xa6fa,0xa6fa,0x0000,0x0000,0x0000,0x0000,0x0000,0x0000,0x0000,0x0000,0x0000,
0x0000,0x0000,0x0000,0x0000,0x0000,0x0000,0x0000,0x0000,0x0000,0xa6fa,0xa6fa,0xa6fa,0xa6fa,0xa6fa,0x0000,0x0000,0x0000,0x0000,0x0000,0x0000,0x0000,0x19e8,0x19e8,0xa6fa,0xa6fa,0xa6fa,0xa6fa,0xa6fa,0xa6fa,0xa6fa,0xa6fa,0xa6fa,
0xa6fa,0xa6fa,0xa6fa,0xa6fa,0xa6fa,0xa6fa,0xa6fa,0xa6fa,0xa6fa,0x19e8,0x19e8,0x0000,0x0000,0x0000,0x0000,0x0000,0x0000,0x0000,0xa6fa,0xa6fa,0xa6fa,0xa6fa,0xa6fa,0x0000,0x0000,0x0000,0x0000,0x0000,0x0000,0x0000,0x0000,0x0000,
0x0000,0x0000,0x0000,0x0000,0x0000,0x0000,0x0000,0x0000,0x0000,0xa6fa,0xa6fa,0xa6fa,0xa6fa,0xa6fa,0x0000,0x0000,0x0000,0x0000,0x0000,0x0000,0x0000,0x19e8,0x19e8,0xa6fa,0xa6fa,0xa6fa,0xa6fa,0xa6fa,0xa6fa,0xa6fa,0xa6fa,0xa6fa,
0xa6fa,0xa6fa,0xa6fa,0xa6fa,0xa6fa,0xa6fa,0xa6fa,0xa6fa,0xa6fa,0x19e8,0x19e8,0x0000,0x0000,0x0000,0x0000,0x0000,0x0000,0x0000,0xa6fa,0xa6fa,0xa6fa,0xa6fa,0xa6fa,0x0000,0x0000,0x0000,0x0000,0x0000,0x0000,0x0000,0x0000,0x0000,
0x0000,0x0000,0x0000,0x0000,0x0000,0x0000,0x0000,0x0000,0x0000,0xa6fa,0xa6fa,0xa6fa,0xa6fa,0xa6fa,0x0000,0x0000,0x0000,0x0000,0x0000,0x0000,0x0000,0x19e8,0x19e8,0xa6fa,0xa6fa,0xa6fa,0xa6fa,0xa6fa,0xa6fa,0xa6fa,0xa6fa,0xa6fa,
0xa6fa,0xa6fa,0xa6fa,0xa6fa,0xa6fa,0xa6fa,0xa6fa,0xa6fa,0xa6fa,0x19e8,0x19e8,0x0000,0x0000,0x0000,0x0000,0x0000,0x0000,0x0000,0xa6fa,0xa6fa,0xa6fa,0xa6fa,0xa6fa,0x0000,0x0000,0x0000,0x0000,0x0000,0x0000,0x0000,0x0000,0x0000,
0x0000,0x0000,0x0000,0x0000,0x0000,0x0000,0x0000,0x0000,0x0000,0xa6fa,0xa6fa,0xa6fa,0xa6fa,0xa6fa,0x0000,0x0000,0x0000,0x0000,0x0000,0x0000,0x0000,0x19e8,0x19e8,0xa6fa,0xa6fa,0xa6fa,0xa6fa,0xa6fa,0xa6fa,0xa6fa,0xa6fa,0xa6fa,
0xa6fa,0xa6fa,0xa6fa,0xa6fa,0xa6fa,0xa6fa,0xa6fa,0xa6fa,0xa6fa,0x19e8,0x19e8,0x0000,0x0000,0x0000,0x0000,0x0000,0x0000,0x0000,0xa6fa,0xa6fa,0xa6fa,0xa6fa,0xa6fa,0x0000,0x0000,0x0000,0x0000,0x0000,0x0000,0x0000,0x0000,0x0000,
0x0000,0x0000,0x0000,0x0000,0x0000,0x0000,0x0000,0x0000,0x0000,0xa6fa,0xa6fa,0xa6fa,0xa6fa,0xa6fa,0x0000,0x0000,0x0000,0x0000,0x0000,0x0000,0x0000,0x19e8,0x19e8,0xa6fa,0xa6fa,0xa6fa,0xa6fa,0xa6fa,0xa6fa,0xa6fa,0xa6fa,0xa6fa,
0xa6fa,0xa6fa,0xa6fa,0xa6fa,0xa6fa,0xa6fa,0xa6fa,0xa6fa,0xa6fa,0x19e8,0x19e8,0x0000,0x0000,0x0000,0x0000,0x0000,0x0000,0x0000,0xa6fa,0xa6fa,0xa6fa,0xa6fa,0xa6fa,0x0000,0x0000,0x0000,0x0000,0x0000,0x0000,0x0000,0x0000,0x0000,
0x0000,0x0000,0x0000,0x0000,0x0000,0x0000,0x0000,0x0000,0x0000,0xa6fa,0xa6fa,0xa6fa,0xa6fa,0xa6fa,0x0000,0x0000,0x0000,0x0000,0x0000,0x0000,0x0000,0x19e8,0x19e8,0x19e8,0x19e8,0x19e8,0x19e8,0x19e8,0x19e8,0x19e8,0x19e8,0x19e8,
0x19e8,0x19e8,0x19e8,0x19e8,0x19e8,0x19e8,0x19e8,0x19e8,0x19e8,0x19e8,0x19e8,0x0000,0x0000,0x0000,0x0000,0x0000,0x0000,0x0000,0xa6fa,0xa6fa,0xa6fa,0xa6fa,0xa6fa,0x0000,0x0000,0x0000,0x0000,0x0000,0x0000,0x0000,0x0000,0x0000,
0x0000,0x0000,0x0000,0x0000,0x0000,0x0000,0x0000,0x0000,0x0000,0xa6fa,0xa6fa,0xa6fa,0xa6fa,0xa6fa,0x0000,0x0000,0x0000,0x0000,0x0000,0x0000,0x0000,0x19e8,0x19e8,0x19e8,0x19e8,0x19e8,0x19e8,0x19e8,0x19e8,0x19e8,0x19e8,0x19e8,
0x19e8,0x19e8,0x19e8,0x19e8,0x19e8,0x19e8,0x19e8,0x19e8,0x19e8,0x19e8,0x19e8,0x0000,0x0000,0x0000,0x0000,0x0000,0x0000,0x0000,0xa6fa,0xa6fa,0xa6fa,0xa6fa,0xa6fa,0x0000,0x0000,0x0000,0x0000,0x0000,0x0000,0x0000,0x0000,0x0000,
0x0000,0x0000,0x0000,0x0000,0x0000,0x0000,0x0000,0x0000,0x0000,0x0000,0x0000,0x0000,0x0000,0x0000,0x0000,0x0000,0x0000,0x0000,0x0000,0x0000,0x0000,0x0000,0x0000,0x0000,0x0000,0x0000,0x0000,0x0000,0x0000,0x0000,0x0000,0x0000,
0x0000,0x0000,0x0000,0x0000,0x0000,0x0000,0x0000,0x0000,0x0000,0x0000,0x0000,0x0000,0x0000,0x0000,0x0000,0x0000,0x0000,0x0000,0x0000,0x0000,0x0000,0x0000,0x0000,0x0000,0x0000,0x0000,0x0000,0x0000,0x0000,0x0000,0x0000,0x0000,
0x0000,0x0000,0x0000,0x0000,0x0000,0x0000,0x0000,0x0000,0x0000,0x0000,0x0000,0x0000,0x0000,0x0000,0x0000,0x0000,0x0000,0x0000,0x0000,0x0000,0x0000,0x0000,0x0000,0x0000,0x0000,0x0000,0xa6fa,0xa6fa,0xa6fa,0xa6fa,0x0000,0x0000,
0x0000,0x0000,0xa6fa,0xa6fa,0xa6fa,0xa6fa,0x0000,0x0000,0x0000,0x0000,0x0000,0x0000,0x0000,0x0000,0x0000,0x0000,0x0000,0x0000,0x0000,0x0000,0x0000,0x0000,0x0000,0x0000,0x0000,0x0000,0x0000,0x0000,0x0000,0x0000,0x0000,0x0000,
0x0000,0x0000,0x0000,0x0000,0x0000,0x0000,0x0000,0x0000,0x0000,0x0000,0x0000,0x0000,0x0000,0x0000,0x0000,0x0000,0x0000,0x0000,0x0000,0x0000,0x0000,0x0000,0x0000,0x0000,0x0000,0x0000,0xa6fa,0xa6fa,0xa6fa,0xa6fa,0x0000,0x0000,
0x0000,0x0000,0xa6fa,0xa6fa,0xa6fa,0xa6fa,0x0000,0x0000,0x0000,0x0000,0x0000,0x0000,0x0000,0x0000,0x0000,0x0000,0x0000,0x0000,0x0000,0x0000,0x0000,0x0000,0x0000,0x0000,0x0000,0x0000,0x0000,0x0000,0x0000,0x0000,0x0000,0x0000,
0x0000,0x0000,0x0000,0x0000,0x0000,0x0000,0x0000,0x0000,0x0000,0x0000,0x0000,0x0000,0x0000,0x0000,0x0000,0x0000,0x0000,0x0000,0x0000,0x0000,0x0000,0x0000,0x0000,0x0000,0x0000,0x0000,0xa6fa,0xa6fa,0xa6fa,0xa6fa,0x0000,0x0000,
0x0000,0x0000,0xa6fa,0xa6fa,0xa6fa,0xa6fa,0x0000,0x0000,0x0000,0x0000,0x0000,0x0000,0x0000,0x0000,0x0000,0x0000,0x0000,0x0000,0x0000,0x0000,0x0000,0x0000,0x0000,0x0000,0x0000,0x0000,0x0000,0x0000,0x0000,0x0000,0x0000,0x0000,
0x0000,0x0000,0x0000,0x0000,0x0000,0x0000,0x0000,0x0000,0x0000,0x0000,0x0000,0x0000,0x0000,0x0000,0x0000,0x0000,0x0000,0x0000,0x0000,0x0000,0x0000,0x0000,0x0000,0x0000,0x0000,0x0000,0xa6fa,0xa6fa,0xa6fa,0xa6fa,0x0000,0x0000,
0x0000,0x0000,0xa6fa,0xa6fa,0xa6fa,0xa6fa,0x0000,0x0000,0x0000,0x0000,0x0000,0x0000,0x0000,0x0000,0x0000,0x0000,0x0000,0x0000,0x0000,0x0000,0x0000,0x0000,0x0000,0x0000,0x0000,0x0000,0x0000,0x0000,0x0000,0x0000,0x0000,0x0000,
0x0000,0x0000,0x0000,0x0000,0x0000,0x0000,0x0000,0x0000,0x0000,0x0000,0x0000,0x0000,0x0000,0x0000,0x0000,0x0000,0x0000,0x0000,0x0000,0x0000,0x0000,0x0000,0x0000,0x0000,0x0000,0x0000,0x0000,0x0000,0x0000,0x0000,0x0000,0x0000,
0x0000,0x0000,0x0000,0x0000,0x0000,0x0000,0x0000,0x0000,0x0000,0x0000,0x0000,0x0000,0x0000,0x0000,0x0000,0x0000,0x0000,0x0000,0x0000,0x0000,0x0000,0x0000,0x0000,0x0000,0x0000,0x0000,0x0000,0x0000,0x0000,0x0000,0x0000,0x0000,
0x0000,0x0000,0x0000,0x0000,0x0000,0x0000,0x0000,0x0000,0x0000,0x0000,0x0000,0x0000,0x0000,0x0000,0x0000,0x0000,0x0000,0x0000,0x0000,0x0000,0x0000,0x0000,0x0000,0x0000,0x0000,0x0000,0x0000,0x0000,0x0000,0x0000,0x0000,0x0000,
0x0000,0x0000,0x0000,0x0000,0x0000,0x0000,0x0000,0x0000,0x0000,0x0000,0x0000,0x0000,0x0000,0x0000,0x0000,0x0000,0x0000,0x0000,0x0000,0x0000,0x0000,0x0000,0x0000,0x0000,0x0000,0x0000,0x0000,0x0000,0x0000,0x0000,0x0000,0x0000,
0x0000,0x0000,0x0000,0x0000,0x0000,0x0000,0x0000,0x0000,0x0000,0x0000,0x0000,0x0000,0x0000,0x0000,0x0000,0x0000,0x0000,0x0000,0x0000,0x0000,0x0000,0x0000,0x0000,0x0000,0x0000,0x0000,0x0000,0x0000,0x0000,0x0000,0x0000,0x0000,
0x0000,0x0000,0x0000,0x0000,0x0000,0x0000,0x0000,0x0000,0x0000,0x0000,0x0000,0x0000,0x0000,0x0000,0x0000,0x0000,0x0000,0x0000,0x0000,0x0000,0x0000,0x0000,0x0000,0x0000,0x0000,0x0000,0x0000,0x0000,0x0000,0x0000,0x0000,0x0000,
0x0000,0x0000,0x0000,0x0000,0x0000,0x0000,0x0000,0x0000,0x0000,0x0000,0x0000,0x0000,0x0000,0x0000,0x0000,0x0000,0x0000,0x0000,0x0000,0x0000,0x0000,0x0000,0x0000,0x0000,0x0000,0x0000,0x0000,0x0000,0x0000,0x0000,0x0000,0x0000,
0x0000,0x0000,0x0000,0x0000,0x0000,0x0000,0x0000,0x0000,0x0000,0x0000,0x0000,0x0000,0x0000,0x0000,0x0000,0x0000,0x0000,0x0000,0x0000,0x0000,0x0000,0x0000,0x0000,0x0000,0x0000,0x0000,0x0000,0x0000,0x0000,0x0000,0x0000,0x0000,
0x0000,0x0000,0x0000,0x0000,0x0000,0x0000,0x0000,0x0000,0x0000,0x0000,0x0000,0x0000,0x0000,0x0000,0x0000,0x0000,0x0000,0x0000,0x0000,0x0000,0x0000,0x0000,0x0000,0x0000,0x0000,0x0000,0x0000,0x0000,0x0000,0x0000,0x0000,0x0000,
0x0000,0x0000,0x0000,0x0000,0x0000,0x0000,0x0000,0x0000,0x0000,0x0000,0x0000,0x0000,0x0000,0x0000,0x0000,0x0000,0x0000,0x0000,0x0000,0x0000,0x0000,0x0000,0x0000,0x0000,0x0000,0x0000,0x0000,0x0000,0x0000,0x0000,0x0000,0x0000,
0x0000,0x0000,0x0000,0x0000,0x0000,0x0000,0x0000,0x0000,0x0000,0x0000,0x0000,0x0000,0x0000,0x0000,0x0000,0x0000,0x0000,0x0000,0x0000,0x0000,0x0000,0x0000,0x0000,0x0000,0x0000,0x0000,0x0000,0x0000,0x0000,0x0000,0x0000,0x0000,
0x0000,0x0000,0x0000,0x0000,0x0000,0x0000,0x0000,0x0000,0x0000,0x0000,0x0000,0x0000,0x0000,0x0000,0x0000,0x0000,0x0000,0x0000,0x0000,0x0000,0x0000,0x0000,0x0000,0x0000,0x0000,0x0000,0x0000,0x0000,0x0000,0x0000,0x0000,0x0000,
0x0000,0x0000,0x0000,0x0000,0x0000,0x0000,0x0000,0x0000,0x0000,0x0000,0x0000,0x0000,0x0000,0x0000,0x0000,0x0000,0x0000,0x0000,0x0000,0x0000,0x0000,0x0000,0x0000,0x0000,0x0000,0x0000,0x0000,0x0000,0x0000,0x0000,0x0000,0x0000,
0x0000,0x0000,0x0000,0x0000,0x0000,0x0000,0x0000,0x0000,0x0000,0x0000,0x0000,0x0000,0x0000,0x0000,0x0000,0x0000,0x0000,0x0000,0x0000,0x0000,0x0000,0x0000,0x0000,0x0000,0x0000,0x0000,0x0000,0x0000,0x0000,0x0000,0x0000,0x0000,
};
static const uint16_t frame_10[4096] = {
0x0000,0x0000,0x0000,0x0000,0x0000,0x0000,0x0000,0x0000,0x0000,0x0000,0x0000,0x0000,0x0000,0x0000,0x0000,0x0000,0x0000,0x0000,0x0000,0x0000,0x0000,0x0000,0x0000,0x0000,0x0000,0x0000,0x0000,0x0000,0x0000,0x0000,0x0000,0x0000,
0x0000,0x0000,0x0000,0x0000,0x0000,0x0000,0x0000,0x0000,0x0000,0x0000,0x0000,0x0000,0x0000,0x0000,0x0000,0x0000,0x0000,0x0000,0x0000,0x0000,0x0000,0x0000,0x0000,0x0000,0x0000,0x0000,0x0000,0x0000,0x0000,0x0000,0x0000,0x0000,
0x0000,0x0000,0x0000,0x0000,0x0000,0x0000,0x0000,0x0000,0x0000,0x0000,0x0000,0x0000,0x0000,0x0000,0x0000,0x0000,0x0000,0x0000,0x0000,0x0000,0x0000,0x0000,0x0000,0x0000,0x0000,0x0000,0x0000,0x0000,0x0000,0x0000,0x0000,0x0000,
0x0000,0x0000,0x0000,0x0000,0x0000,0x0000,0x0000,0x0000,0x0000,0x0000,0x0000,0x0000,0x0000,0x0000,0x0000,0x0000,0x0000,0x0000,0x0000,0x0000,0x0000,0x0000,0x0000,0x0000,0x0000,0x0000,0x0000,0x0000,0x0000,0x0000,0x0000,0x0000,
0x0000,0x0000,0x0000,0x0000,0x0000,0x0000,0x0000,0x0000,0x0000,0x0000,0x0000,0x0000,0x0000,0x0000,0x0000,0x0000,0x0000,0x0000,0x0000,0x0000,0x0000,0x0000,0x0000,0x0000,0x0000,0x0000,0x0000,0x0000,0x0000,0x0000,0x0000,0x0000,
0x0000,0x0000,0x0000,0x0000,0x0000,0x0000,0x0000,0x0000,0x0000,0x0000,0x0000,0x0000,0x0000,0x0000,0x0000,0x0000,0x0000,0x0000,0x0000,0x0000,0x0000,0x0000,0x0000,0x0000,0x0000,0x0000,0x0000,0x0000,0x0000,0x0000,0x0000,0x0000,
0x0000,0x0000,0x0000,0x0000,0x0000,0x0000,0x0000,0x0000,0x0000,0x0000,0x0000,0x0000,0x0000,0x0000,0x0000,0x0000,0x0000,0x0000,0x0000,0x0000,0x0000,0x0000,0x0000,0x0000,0x0000,0x0000,0x0000,0x0000,0x0000,0x0000,0x0000,0x0000,
0x0000,0x0000,0x0000,0x0000,0x0000,0x0000,0x0000,0x0000,0x0000,0x0000,0x0000,0x0000,0x0000,0x0000,0x0000,0x0000,0x0000,0x0000,0x0000,0x0000,0x0000,0x0000,0x0000,0x0000,0x0000,0x0000,0x0000,0x0000,0x0000,0x0000,0x0000,0x0000,
0x0000,0x0000,0x0000,0x0000,0x0000,0x0000,0x0000,0x0000,0x0000,0x0000,0x0000,0x0000,0x0000,0x0000,0x0000,0x0000,0x0000,0x0000,0x0000,0x0000,0x0000,0x0000,0x0000,0x0000,0x0000,0x0000,0x0000,0x0000,0x0000,0x0000,0x0000,0x0000,
0x0000,0x0000,0x0000,0x0000,0x0000,0x0000,0x0000,0x0000,0x0000,0x0000,0x0000,0x0000,0x0000,0x0000,0x0000,0x0000,0x0000,0x0000,0x0000,0x0000,0x0000,0x0000,0x0000,0x0000,0x0000,0x0000,0x0000,0x0000,0x0000,0x0000,0x0000,0x0000,
0x0000,0x0000,0x0000,0x0000,0x0000,0x0000,0x0000,0x0000,0x0000,0x0000,0x0000,0x0000,0x0000,0x0000,0x0000,0x0000,0x0000,0x0000,0x0000,0x0000,0x0000,0x0000,0x0000,0x0000,0x0000,0x0000,0x0000,0x0000,0x0000,0x0000,0x0000,0x0000,
0x0000,0x0000,0x0000,0x0000,0x0000,0x0000,0x0000,0x0000,0x0000,0x0000,0x0000,0x0000,0x0000,0x0000,0x0000,0x0000,0x0000,0x0000,0x0000,0x0000,0x0000,0x0000,0x0000,0x0000,0x0000,0x0000,0x0000,0x0000,0x0000,0x0000,0x0000,0x0000,
0x0000,0x0000,0x0000,0x0000,0x0000,0x0000,0x0000,0x0000,0x0000,0x0000,0x0000,0x0000,0x0000,0x0000,0x0000,0x0000,0x0000,0x0000,0x0000,0x0000,0x0000,0x0000,0x0000,0x0000,0x0000,0x0000,0x0000,0xfeb2,0xfeb2,0xfeb2,0xfeb2,0xfeb2,
0xfeb2,0xfeb2,0xfeb2,0xfeb2,0xfeb2,0x0000,0x0000,0x0000,0x0000,0x0000,0x0000,0x0000,0x0000,0x0000,0x0000,0x0000,0x0000,0x0000,0x0000,0x0000,0x0000,0x0000,0x0000,0x0000,0x0000,0x0000,0x0000,0x0000,0x0000,0x0000,0x0000,0x0000,
0x0000,0x0000,0x0000,0x0000,0x0000,0x0000,0x0000,0x0000,0x0000,0x0000,0x0000,0x0000,0x0000,0x0000,0x0000,0x0000,0x0000,0x0000,0x0000,0x0000,0x0000,0x0000,0x0000,0x0000,0x0000,0x0000,0x0000,0xfeb2,0xfeb2,0xfeb2,0xfeb2,0xfeb2,
0xfeb2,0xfeb2,0xfeb2,0xfeb2,0xfeb2,0x0000,0x0000,0x0000,0x0000,0x0000,0x0000,0x0000,0x0000,0x0000,0x0000,0x0000,0x0000,0x0000,0x0000,0x0000,0x0000,0x0000,0x0000,0x0000,0x0000,0x0000,0x0000,0x0000,0x0000,0x0000,0x0000,0x0000,
0x0000,0x0000,0x0000,0x0000,0x0000,0x0000,0x0000,0x0000,0x0000,0x0000,0x0000,0x0000,0x0000,0x0000,0x0000,0x0000,0x0000,0x0000,0x0000,0x0000,0x0000,0x0000,0x0000,0x0000,0x0000,0x0000,0x0000,0xfeb2,0xfeb2,0xfeb2,0xfeb2,0xfeb2,
0xfeb2,0xfeb2,0xfeb2,0xfeb2,0xfeb2,0x0000,0x0000,0x0000,0x0000,0x0000,0x0000,0x0000,0x0000,0x0000,0x0000,0x0000,0x0000,0x0000,0x0000,0x0000,0x0000,0x0000,0x0000,0x0000,0x0000,0x0000,0x0000,0x0000,0x0000,0x0000,0x0000,0x0000,
0x0000,0x0000,0x0000,0x0000,0x0000,0x0000,0x0000,0x0000,0x0000,0x0000,0x0000,0x0000,0x0000,0x0000,0x0000,0x0000,0x0000,0x0000,0x0000,0x0000,0x0000,0x0000,0x0000,0x0000,0x0000,0x0000,0x0000,0xfeb2,0xfeb2,0xfeb2,0xa6fa,0xa6fa,
0xa6fa,0xa6fa,0xfeb2,0xfeb2,0xfeb2,0x0000,0x0000,0x0000,0x0000,0x0000,0x0000,0x0000,0x0000,0x0000,0x0000,0x0000,0x0000,0x0000,0x0000,0x0000,0x0000,0x0000,0x0000,0x0000,0x0000,0x0000,0x0000,0x0000,0x0000,0x0000,0x0000,0x0000,
0x0000,0x0000,0x0000,0x0000,0x0000,0x0000,0x0000,0x0000,0x0000,0x0000,0x0000,0x0000,0x0000,0x0000,0x0000,0x0000,0x0000,0x0000,0x0000,0x0000,0x0000,0x0000,0x0000,0x0000,0x0000,0x0000,0x0000,0x0000,0x0000,0x0000,0xa6fa,0xa6fa,
0xa6fa,0xa6fa,0x0000,0x0000,0x0000,0x0000,0x0000,0x0000,0x0000,0x0000,0x0000,0x0000,0x0000,0x0000,0x0000,0x0000,0x0000,0x0000,0x0000,0x0000,0x0000,0x0000,0x0000,0x0000,0x0000,0x0000,0x0000,0x0000,0x0000,0x0000,0x0000,0x0000,
0x0000,0x0000,0x0000,0x0000,0x0000,0x0000,0x0000,0x0000,0x0000,0x0000,0x0000,0x0000,0x0000,0x0000,0x0000,0x0000,0x0000,0x0000,0x0000,0x0000,0x0000,0x0000,0x0000,0x0000,0x0000,0x0000,0x0000,0x0000,0x0000,0x0000,0xa6fa,0xa6fa,
0xa6fa,0xa6fa,0x0000,0x0000,0x0000,0x0000,0x0000,0x0000,0x0000,0x0000,0x0000,0x0000,0x0000,0x0000,0x0000,0x0000,0x0000,0x0000,0x0000,0x0000,0x0000,0x0000,0x0000,0x0000,0x0000,0x0000,0x0000,0x0000,0x0000,0x0000,0x0000,0x0000,
0x0000,0x0000,0x0000,0x0000,0x0000,0x0000,0x0000,0x0000,0x0000,0x0000,0x0000,0x0000,0x0000,0x0000,0x0000,0x0000,0x0000,0x0000,0x0000,0x0000,0x0000,0x0000,0x0000,0x0000,0x0000,0x0000,0x0000,0x0000,0x0000,0x0000,0xa6fa,0xa6fa,
0xa6fa,0xa6fa,0x0000,0x0000,0x0000,0x0000,0x0000,0x0000,0x0000,0x0000,0x0000,0x0000,0x0000,0x0000,0x0000,0x0000,0x0000,0x0000,0x0000,0x0000,0x0000,0x0000,0x0000,0x0000,0x0000,0x0000,0x0000,0x0000,0x0000,0x0000,0x0000,0x0000,
0x0000,0x0000,0x0000,0x0000,0x0000,0x0000,0x0000,0x0000,0x0000,0x0000,0x0000,0x0000,0x0000,0x0000,0x0000,0x19e8,0x19e8,0x19e8,0x19e8,0x19e8,0x19e8,0x19e8,0x19e8,0x19e8,0x19e8,0x19e8,0x19e8,0x19e8,0x19e8,0x19e8,0x19e8,0x19e8,
0x19e8,0x19e8,0x19e8,0x19e8,0x19e8,0x19e8,0x19e8,0x19e8,0x19e8,0x19e8,0x19e8,0x19e8,0x19e8,0x19e8,0x19e8,0x19e8,0x19e8,0x0000,0x0000,0x0000,0x0000,0x0000,0x0000,0x0000,0x0000,0x0000,0x0000,0x0000,0x0000,0x0000,0x0000,0x0000,
0x0000,0x0000,0x0000,0x0000,0x0000,0x0000,0x0000,0x0000,0x0000,0x0000,0x0000,0x0000,0x0000,0x0000,0x0000,0x19e8,0x19e8,0x19e8,0x19e8,0x19e8,0x19e8,0x19e8,0x19e8,0x19e8,0x19e8,0x19e8,0x19e8,0x19e8,0x19e8,0x19e8,0x19e8,0x19e8,
0x19e8,0x19e8,0x19e8,0x19e8,0x19e8,0x19e8,0x19e8,0x19e8,0x19e8,0x19e8,0x19e8,0x19e8,0x19e8,0x19e8,0x19e8,0x19e8,0x19e8,0x0000,0x0000,0x0000,0x0000,0x0000,0x0000,0x0000,0x0000,0x0000,0x0000,0x0000,0x0000,0x0000,0x0000,0x0000,
0x0000,0x0000,0x0000,0x0000,0x0000,0x0000,0x0000,0x0000,0x0000,0x0000,0x0000,0x0000,0x0000,0x0000,0x0000,0x19e8,0x19e8,0xa6fa,0xa6fa,0xa6fa,0xa6fa,0xa6fa,0xa6fa,0xa6fa,0xa6fa,0xa6fa,0xa6fa,0xa6fa,0xa6fa,0xa6fa,0xa6fa,0xa6fa,
0xa6fa,0xa6fa,0xa6fa,0xa6fa,0xa6fa,0xa6fa,0xa6fa,0xa6fa,0xa6fa,0xa6fa,0xa6fa,0xa6fa,0xa6fa,0xa6fa,0xa6fa,0x19e8,0x19e8,0x0000,0x0000,0x0000,0x0000,0x0000,0x0000,0x0000,0x0000,0x0000,0x0000,0x0000,0x0000,0x0000,0x0000,0x0000,
0x0000,0x0000,0x0000,0x0000,0x0000,0x0000,0x0000,0x0000,0x0000,0x0000,0x0000,0x0000,0x0000,0x0000,0x0000,0x19e8,0x19e8,0xa6fa,0xa6fa,0xa6fa,0xa6fa,0xa6fa,0xa6fa,0xa6fa,0xa6fa,0xa6fa,0xa6fa,0xa6fa,0xa6fa,0xa6fa,0xa6fa,0xa6fa,
0xa6fa,0xa6fa,0xa6fa,0xa6fa,0xa6fa,0xa6fa,0xa6fa,0xa6fa,0xa6fa,0xa6fa,0xa6fa,0xa6fa,0xa6fa,0xa6fa,0xa6fa,0x19e8,0x19e8,0x0000,0x0000,0x0000,0x0000,0x0000,0x0000,0x0000,0x0000,0x0000,0x0000,0x0000,0x0000,0x0000,0x0000,0x0000,
0x0000,0x0000,0x0000,0x0000,0x0000,0x0000,0x0000,0x0000,0x0000,0x0000,0x0000,0x0000,0x0000,0x0000,0x0000,0x19e8,0x19e8,0xa6fa,0xa6fa,0xa6fa,0xa6fa,0xa6fa,0xa6fa,0xa6fa,0xa6fa,0xa6fa,0xa6fa,0xa6fa,0xa6fa,0xa6fa,0xa6fa,0xa6fa,
0xa6fa,0xa6fa,0xa6fa,0xa6fa,0xa6fa,0xa6fa,0xa6fa,0xa6fa,0xa6fa,0xa6fa,0xa6fa,0xa6fa,0xa6fa,0xa6fa,0xa6fa,0x19e8,0x19e8,0x0000,0x0000,0x0000,0x0000,0x0000,0x0000,0x0000,0x0000,0x0000,0x0000,0x0000,0x0000,0x0000,0x0000,0x0000,
0x0000,0x0000,0x0000,0x0000,0x0000,0x0000,0x0000,0x0000,0x0000,0x0000,0x0000,0x0000,0x0000,0x0000,0x0000,0x19e8,0x19e8,0xa6fa,0xa6fa,0xa6fa,0xa6fa,0xa6fa,0xa6fa,0xa6fa,0xa6fa,0xa6fa,0xa6fa,0xa6fa,0xa6fa,0xa6fa,0xa6fa,0xa6fa,
0xa6fa,0xa6fa,0xa6fa,0xa6fa,0xa6fa,0xa6fa,0xa6fa,0xa6fa,0xa6fa,0xa6fa,0xa6fa,0xa6fa,0xa6fa,0xa6fa,0xa6fa,0x19e8,0x19e8,0x0000,0x0000,0x0000,0x0000,0x0000,0x0000,0x0000,0x0000,0x0000,0x0000,0x0000,0x0000,0x0000,0x0000,0x0000,
0x0000,0x0000,0x0000,0x0000,0x0000,0x0000,0x0000,0x0000,0x0000,0x0000,0x0000,0x0000,0x0000,0x0000,0x0000,0x19e8,0x19e8,0xa6fa,0xa6fa,0xa6fa,0xa6fa,0x19e8,0x19e8,0x19e8,0x19e8,0x19e8,0x19e8,0x19e8,0x19e8,0x19e8,0x19e8,0x19e8,
0x19e8,0x19e8,0x19e8,0x19e8,0x19e8,0x19e8,0x19e8,0x19e8,0x19e8,0x19e8,0x19e8,0xa6fa,0xa6fa,0xa6fa,0xa6fa,0x19e8,0x19e8,0x0000,0x0000,0x0000,0x0000,0x0000,0x0000,0x0000,0x0000,0x0000,0x0000,0x0000,0x0000,0x0000,0x0000,0x0000,
0x0000,0x0000,0x0000,0x0000,0x0000,0x0000,0x0000,0x0000,0x0000,0x0000,0x0000,0x0000,0x0000,0x0000,0x0000,0x19e8,0x19e8,0xa6fa,0xa6fa,0xa6fa,0xa6fa,0x19e8,0x19e8,0x19e8,0x19e8,0x19e8,0x19e8,0x19e8,0x19e8,0x19e8,0x19e8,0x19e8,
0x19e8,0x19e8,0x19e8,0x19e8,0x19e8,0x19e8,0x19e8,0x19e8,0x19e8,0x19e8,0x19e8,0xa6fa,0xa6fa,0xa6fa,0xa6fa,0x19e8,0x19e8,0x0000,0x0000,0x0000,0x0000,0x0000,0x0000,0x0000,0x0000,0x0000,0x0000,0x0000,0x0000,0x0000,0x0000,0x0000,
0x0000,0x0000,0x0000,0x0000,0x0000,0x0000,0x0000,0x0000,0x0000,0x0000,0x0000,0x0000,0x0000,0x0000,0x0000,0x19e8,0x19e8,0xa6fa,0xa6fa,0xa6fa,0xa6fa,0x19e8,0x19e8,0x19e8,0x19e8,0x19e8,0x19e8,0x19e8,0x19e8,0x19e8,0x19e8,0x19e8,
0x19e8,0x19e8,0x19e8,0x19e8,0x19e8,0x19e8,0x19e8,0x19e8,0x19e8,0x19e8,0x19e8,0xa6fa,0xa6fa,0xa6fa,0xa6fa,0x19e8,0x19e8,0x0000,0x0000,0x0000,0x0000,0x0000,0x0000,0x0000,0x0000,0x0000,0x0000,0x0000,0x0000,0x0000,0x0000,0x0000,
0x0000,0x0000,0x0000,0x0000,0x0000,0x0000,0x0000,0x0000,0x0000,0x0000,0x0000,0x0000,0x0000,0x0000,0x0000,0x19e8,0x19e8,0xa6fa,0xa6fa,0xa6fa,0xa6fa,0x19e8,0x19e8,0x19e8,0xefdb,0xefdb,0xefdb,0xefdb,0x19e8,0x19e8,0x19e8,0x19e8,
0x19e8,0x19e8,0x19e8,0xefdb,0xefdb,0xefdb,0xefdb,0x19e8,0x19e8,0x19e8,0x19e8,0xa6fa,0xa6fa,0xa6fa,0xa6fa,0x19e8,0x19e8,0x0000,0x0000,0x0000,0x0000,0x0000,0x0000,0x0000,0x0000,0x0000,0x0000,0x0000,0x0000,0x0000,0x0000,0x0000,
0x0000,0x0000,0x0000,0x0000,0x0000,0x0000,0x0000,0x0000,0x0000,0x0000,0x0000,0x0000,0x0000,0x0000,0x0000,0x19e8,0x19e8,0xa6fa,0xa6fa,0xa6fa,0xa6fa,0x19e8,0x19e8,0x19e8,0xefdb,0xefdb,0xefdb,0xefdb,0x19e8,0x19e8,0x19e8,0x19e8,
0x19e8,0x19e8,0x19e8,0xefdb,0xefdb,0xefdb,0xefdb,0x19e8,0x19e8,0x19e8,0x19e8,0xa6fa,0xa6fa,0xa6fa,0xa6fa,0x19e8,0x19e8,0x0000,0x0000,0x0000,0x0000,0x0000,0x0000,0x0000,0x0000,0x0000,0x0000,0x0000,0x0000,0x0000,0x0000,0x0000,
0x0000,0x0000,0x0000,0x0000,0x0000,0x0000,0x0000,0x0000,0x0000,0x0000,0x0000,0x0000,0x0000,0x0000,0x0000,0x19e8,0x19e8,0xa6fa,0xa6fa,0xa6fa,0xa6fa,0x19e8,0x19e8,0x19e8,0xefdb,0xefdb,0xefdb,0xefdb,0x19e8,0x19e8,0x19e8,0x19e8,
0x19e8,0x19e8,0x19e8,0xefdb,0xefdb,0xefdb,0xefdb,0x19e8,0x19e8,0x19e8,0x19e8,0xa6fa,0xa6fa,0xa6fa,0xa6fa,0x19e8,0x19e8,0x0000,0x0000,0x0000,0x0000,0x0000,0x0000,0x0000,0x0000,0x0000,0x0000,0x0000,0x0000,0x0000,0x0000,0x0000,
0x0000,0x0000,0x0000,0x0000,0x0000,0x0000,0x0000,0x0000,0x0000,0x0000,0x0000,0x0000,0x0000,0x0000,0x0000,0x19e8,0x19e8,0xa6fa,0xa6fa,0xa6fa,0xa6fa,0x19e8,0x19e8,0x19e8,0xefdb,0xefdb,0xefdb,0xefdb,0x19e8,0x19e8,0x19e8,0x19e8,
0x19e8,0x19e8,0x19e8,0xefdb,0xefdb,0xefdb,0xefdb,0x19e8,0x19e8,0x19e8,0x19e8,0xa6fa,0xa6fa,0xa6fa,0xa6fa,0x19e8,0x19e8,0x0000,0x0000,0x0000,0x0000,0x0000,0x0000,0x0000,0x0000,0x0000,0x0000,0x0000,0x0000,0x0000,0x0000,0x0000,
0x0000,0x0000,0x0000,0x0000,0x0000,0x0000,0x0000,0x0000,0x0000,0x0000,0x0000,0x0000,0x0000,0x0000,0x0000,0x19e8,0x19e8,0xa6fa,0xa6fa,0xa6fa,0xa6fa,0x19e8,0x19e8,0x19e8,0xefdb,0xefdb,0xefdb,0xefdb,0x19e8,0x19e8,0x19e8,0x19e8,
0x19e8,0x19e8,0x19e8,0xefdb,0xefdb,0xefdb,0xefdb,0x19e8,0x19e8,0x19e8,0x19e8,0xa6fa,0xa6fa,0xa6fa,0xa6fa,0x19e8,0x19e8,0x0000,0x0000,0x0000,0x0000,0x0000,0x0000,0x0000,0x0000,0x0000,0x0000,0x0000,0x0000,0x0000,0x0000,0x0000,
0x0000,0x0000,0x0000,0x0000,0x0000,0x0000,0x0000,0x0000,0x0000,0x0000,0x0000,0x0000,0x0000,0x0000,0x0000,0x19e8,0x19e8,0xa6fa,0xa6fa,0xa6fa,0xa6fa,0x19e8,0x19e8,0x19e8,0xefdb,0xefdb,0xefdb,0xefdb,0x19e8,0x19e8,0x19e8,0x19e8,
0x19e8,0x19e8,0x19e8,0xefdb,0xefdb,0xefdb,0xefdb,0x19e8,0x19e8,0x19e8,0x19e8,0xa6fa,0xa6fa,0xa6fa,0xa6fa,0x19e8,0x19e8,0x0000,0x0000,0x0000,0x0000,0x0000,0x0000,0x0000,0x0000,0x0000,0x0000,0x0000,0x0000,0x0000,0x0000,0x0000,
0x0000,0x0000,0x0000,0xfeb2,0xfeb2,0xfeb2,0x0000,0x0000,0x0000,0xa6fa,0xa6fa,0xa6fa,0xa6fa,0xa6fa,0x0000,0x19e8,0x19e8,0xa6fa,0xa6fa,0xa6fa,0xa6fa,0x19e8,0x19e8,0x19e8,0xefdb,0xefdb,0xefdb,0xefdb,0x19e8,0x19e8,0x19e8,0x19e8,
0x19e8,0x19e8,0x19e8,0xefdb,0xefdb,0xefdb,0xefdb,0x19e8,0x19e8,0x19e8,0x19e8,0xa6fa,0xa6fa,0xa6fa,0xa6fa,0x19e8,0x19e8,0x0000,0xa6fa,0xa6fa,0xa6fa,0xa6fa,0xa6fa,0x0000,0x0000,0x0000,0xfeb2,0xfeb2,0xfeb2,0x0000,0x0000,0x0000,
0x0000,0x0000,0x0000,0xfeb2,0xfeb2,0xfeb2,0x0000,0x0000,0x0000,0xa6fa,0xa6fa,0xa6fa,0xa6fa,0xa6fa,0x0000,0x19e8,0x19e8,0xa6fa,0xa6fa,0xa6fa,0xa6fa,0x19e8,0x19e8,0x19e8,0x19e8,0x19e8,0x19e8,0x19e8,0x19e8,0x19e8,0x19e8,0x19e8,
0x19e8,0x19e8,0x19e8,0x19e8,0x19e8,0x19e8,0x19e8,0x19e8,0x19e8,0x19e8,0x19e8,0xa6fa,0xa6fa,0xa6fa,0xa6fa,0x19e8,0x19e8,0x0000,0xa6fa,0xa6fa,0xa6fa,0xa6fa,0xa6fa,0x0000,0x0000,0x0000,0xfeb2,0xfeb2,0xfeb2,0x0000,0x0000,0x0000,
0x0000,0x0000,0x0000,0x0000,0x0000,0x0000,0x0000,0x0000,0x0000,0xa6fa,0xa6fa,0xa6fa,0xa6fa,0xa6fa,0x0000,0x19e8,0x19e8,0xa6fa,0xa6fa,0xa6fa,0xa6fa,0x19e8,0x19e8,0x19e8,0x19e8,0x19e8,0x19e8,0x19e8,0x19e8,0x19e8,0x19e8,0x19e8,
0x19e8,0x19e8,0x19e8,0x19e8,0x19e8,0x19e8,0x19e8,0x19e8,0x19e8,0x19e8,0x19e8,0xa6fa,0xa6fa,0xa6fa,0xa6fa,0x19e8,0x19e8,0x0000,0xa6fa,0xa6fa,0xa6fa,0xa6fa,0xa6fa,0x0000,0x0000,0x0000,0x0000,0x0000,0x0000,0x0000,0x0000,0x0000,
0x0000,0x0000,0x0000,0x0000,0x0000,0x0000,0x0000,0x0000,0x0000,0xa6fa,0xa6fa,0xa6fa,0xa6fa,0xa6fa,0x0000,0x19e8,0x19e8,0xa6fa,0xa6fa,0xa6fa,0xa6fa,0x19e8,0x19e8,0x19e8,0x19e8,0x19e8,0x19e8,0x19e8,0x19e8,0x19e8,0x19e8,0x19e8,
0x19e8,0x19e8,0x19e8,0x19e8,0x19e8,0x19e8,0x19e8,0x19e8,0x19e8,0x19e8,0x19e8,0xa6fa,0xa6fa,0xa6fa,0xa6fa,0x19e8,0x19e8,0x0000,0xa6fa,0xa6fa,0xa6fa,0xa6fa,0xa6fa,0x0000,0x0000,0x0000,0x0000,0x0000,0x0000,0x0000,0x0000,0x0000,
0x0000,0x0000,0x0000,0x0000,0x0000,0x0000,0x0000,0x0000,0x0000,0xa6fa,0xa6fa,0xa6fa,0xa6fa,0xa6fa,0x0000,0x19e8,0x19e8,0xa6fa,0xa6fa,0xa6fa,0xa6fa,0x19e8,0x19e8,0x19e8,0x19e8,0x19e8,0x19e8,0x19e8,0x19e8,0x19e8,0x19e8,0x19e8,
0x19e8,0x19e8,0x19e8,0x19e8,0x19e8,0x19e8,0x19e8,0x19e8,0x19e8,0x19e8,0x19e8,0xa6fa,0xa6fa,0xa6fa,0xa6fa,0x19e8,0x19e8,0x0000,0xa6fa,0xa6fa,0xa6fa,0xa6fa,0xa6fa,0x0000,0x0000,0x0000,0x0000,0x0000,0x0000,0x0000,0x0000,0x0000,
0x0000,0x0000,0x0000,0x0000,0x0000,0x0000,0x0000,0x0000,0x0000,0xa6fa,0xa6fa,0xa6fa,0xa6fa,0xa6fa,0x0000,0x19e8,0x19e8,0xa6fa,0xa6fa,0xa6fa,0xa6fa,0xa6fa,0xa6fa,0xa6fa,0xa6fa,0xa6fa,0xa6fa,0xa6fa,0xa6fa,0xa6fa,0xa6fa,0xa6fa,
0xa6fa,0xa6fa,0xa6fa,0xa6fa,0xa6fa,0xa6fa,0xa6fa,0xa6fa,0xa6fa,0xa6fa,0xa6fa,0xa6fa,0xa6fa,0xa6fa,0xa6fa,0x19e8,0x19e8,0x0000,0xa6fa,0xa6fa,0xa6fa,0xa6fa,0xa6fa,0x0000,0x0000,0x0000,0x0000,0x0000,0x0000,0x0000,0x0000,0x0000,
0x0000,0x0000,0x0000,0x0000,0x0000,0x0000,0x0000,0x0000,0x0000,0xa6fa,0xa6fa,0xa6fa,0xa6fa,0xa6fa,0x0000,0x19e8,0x19e8,0xa6fa,0xa6fa,0xa6fa,0xa6fa,0xa6fa,0xa6fa,0xa6fa,0xa6fa,0xa6fa,0xa6fa,0x19e8,0x19e8,0x19e8,0x19e8,0x19e8,
0x19e8,0x19e8,0x19e8,0x19e8,0x19e8,0xa6fa,0xa6fa,0xa6fa,0xa6fa,0xa6fa,0xa6fa,0xa6fa,0xa6fa,0xa6fa,0xa6fa,0x19e8,0x19e8,0x0000,0xa6fa,0xa6fa,0xa6fa,0xa6fa,0xa6fa,0x0000,0x0000,0x0000,0x0000,0x0000,0x0000,0x0000,0x0000,0x0000,
0x0000,0x0000,0x0000,0x0000,0x0000,0x0000,0x0000,0x0000,0x0000,0xa6fa,0xa6fa,0xa6fa,0xa6fa,0xa6fa,0x0000,0x19e8,0x19e8,0xa6fa,0xa6fa,0xa6fa,0xa6fa,0xa6fa,0xa6fa,0xa6fa,0xa6fa,0xa6fa,0xa6fa,0x19e8,0x19e8,0x19e8,0x19e8,0x19e8,
0x19e8,0x19e8,0x19e8,0x19e8,0x19e8,0xa6fa,0xa6fa,0xa6fa,0xa6fa,0xa6fa,0xa6fa,0xa6fa,0xa6fa,0xa6fa,0xa6fa,0x19e8,0x19e8,0x0000,0xa6fa,0xa6fa,0xa6fa,0xa6fa,0xa6fa,0x0000,0x0000,0x0000,0x0000,0x0000,0x0000,0x0000,0x0000,0x0000,
0x0000,0x0000,0x0000,0x0000,0x0000,0x0000,0x0000,0x0000,0x0000,0xa6fa,0xa6fa,0xa6fa,0xa6fa,0xa6fa,0x0000,0x19e8,0x19e8,0xa6fa,0xa6fa,0xa6fa,0xa6fa,0xa6fa,0xa6fa,0xa6fa,0xa6fa,0xa6fa,0xa6fa,0xa6fa,0xa6fa,0xa6fa,0xa6fa,0xa6fa,
0xa6fa,0xa6fa,0xa6fa,0xa6fa,0xa6fa,0xa6fa,0xa6fa,0xa6fa,0xa6fa,0xa6fa,0xa6fa,0xa6fa,0xa6fa,0xa6fa,0xa6fa,0x19e8,0x19e8,0x0000,0xa6fa,0xa6fa,0xa6fa,0xa6fa,0xa6fa,0x0000,0x0000,0x0000,0x0000,0x0000,0x0000,0x0000,0x0000,0x0000,
0x0000,0x0000,0x0000,0x0000,0x0000,0x0000,0x0000,0x0000,0x0000,0x0000,0x0000,0x0000,0x0000,0x0000,0x0000,0x19e8,0x19e8,0xa6fa,0xa6fa,0xa6fa,0xa6fa,0xa6fa,0xa6fa,0xa6fa,0xa6fa,0xa6fa,0xa6fa,0xa6fa,0xa6fa,0xa6fa,0xa6fa,0xa6fa,
0xa6fa,0xa6fa,0xa6fa,0xa6fa,0xa6fa,0xa6fa,0xa6fa,0xa6fa,0xa6fa,0xa6fa,0xa6fa,0xa6fa,0xa6fa,0xa6fa,0xa6fa,0x19e8,0x19e8,0x0000,0x0000,0x0000,0x0000,0x0000,0x0000,0x0000,0x0000,0x0000,0x0000,0x0000,0x0000,0x0000,0x0000,0x0000,
0x0000,0x0000,0x0000,0x0000,0x0000,0x0000,0x0000,0x0000,0x0000,0x0000,0x0000,0x0000,0x0000,0x0000,0x0000,0x19e8,0x19e8,0x19e8,0x19e8,0x19e8,0x19e8,0x19e8,0x19e8,0x19e8,0x19e8,0x19e8,0x19e8,0x19e8,0x19e8,0x19e8,0x19e8,0x19e8,
0x19e8,0x19e8,0x19e8,0x19e8,0x19e8,0x19e8,0x19e8,0x19e8,0x19e8,0x19e8,0x19e8,0x19e8,0x19e8,0x19e8,0x19e8,0x19e8,0x19e8,0x0000,0x0000,0x0000,0x0000,0x0000,0x0000,0x0000,0x0000,0x0000,0x0000,0x0000,0x0000,0x0000,0x0000,0x0000,
0x0000,0x0000,0x0000,0x0000,0x0000,0x0000,0x0000,0x0000,0x0000,0x0000,0x0000,0x0000,0x0000,0x0000,0x0000,0x19e8,0x19e8,0x19e8,0x19e8,0x19e8,0x19e8,0x19e8,0x19e8,0x19e8,0x19e8,0x19e8,0x19e8,0x19e8,0x19e8,0x19e8,0x19e8,0x19e8,
0x19e8,0x19e8,0x19e8,0x19e8,0x19e8,0x19e8,0x19e8,0x19e8,0x19e8,0x19e8,0x19e8,0x19e8,0x19e8,0x19e8,0x19e8,0x19e8,0x19e8,0x0000,0x0000,0x0000,0x0000,0x0000,0x0000,0x0000,0x0000,0x0000,0x0000,0x0000,0x0000,0x0000,0x0000,0x0000,
0x0000,0x0000,0x0000,0x0000,0x0000,0x0000,0x0000,0x0000,0x0000,0x0000,0x0000,0x0000,0x0000,0x0000,0x0000,0x0000,0x0000,0x0000,0x0000,0x0000,0x0000,0x19e8,0x19e8,0x19e8,0x19e8,0x19e8,0x19e8,0x19e8,0x19e8,0x19e8,0x19e8,0x19e8,
0x19e8,0x19e8,0x19e8,0x19e8,0x19e8,0x19e8,0x19e8,0x19e8,0x19e8,0x19e8,0x19e8,0x0000,0x0000,0x0000,0x0000,0x0000,0x0000,0x0000,0x0000,0x0000,0x0000,0x0000,0x0000,0x0000,0x0000,0x0000,0x0000,0x0000,0x0000,0x0000,0x0000,0x0000,
0x0000,0x0000,0x0000,0x0000,0x0000,0x0000,0x0000,0x0000,0x0000,0x0000,0x0000,0x0000,0x0000,0x0000,0x0000,0x0000,0x0000,0x0000,0x0000,0x0000,0x0000,0x19e8,0x19e8,0x19e8,0x19e8,0x19e8,0x19e8,0x19e8,0x19e8,0x19e8,0x19e8,0x19e8,
0x19e8,0x19e8,0x19e8,0x19e8,0x19e8,0x19e8,0x19e8,0x19e8,0x19e8,0x19e8,0x19e8,0x0000,0x0000,0x0000,0x0000,0x0000,0x0000,0x0000,0x0000,0x0000,0x0000,0x0000,0x0000,0x0000,0x0000,0x0000,0x0000,0x0000,0x0000,0x0000,0x0000,0x0000,
0x0000,0x0000,0x0000,0x0000,0x0000,0x0000,0x0000,0x0000,0x0000,0x0000,0x0000,0x0000,0x0000,0x0000,0x0000,0x0000,0x0000,0x0000,0x0000,0x0000,0x0000,0x19e8,0x19e8,0xa6fa,0xa6fa,0xa6fa,0xa6fa,0xa6fa,0xa6fa,0xa6fa,0xa6fa,0xa6fa,
0xa6fa,0xa6fa,0xa6fa,0xa6fa,0xa6fa,0xa6fa,0xa6fa,0xa6fa,0xa6fa,0x19e8,0x19e8,0x0000,0x0000,0x0000,0x0000,0x0000,0x0000,0x0000,0x0000,0x0000,0x0000,0x0000,0x0000,0x0000,0x0000,0x0000,0x0000,0x0000,0x0000,0x0000,0x0000,0x0000,
0x0000,0x0000,0x0000,0x0000,0x0000,0x0000,0x0000,0x0000,0x0000,0x0000,0x0000,0x0000,0x0000,0x0000,0x0000,0x0000,0x0000,0x0000,0x0000,0x0000,0x0000,0x19e8,0x19e8,0xa6fa,0xa6fa,0xa6fa,0xa6fa,0xa6fa,0xa6fa,0xa6fa,0xa6fa,0xa6fa,
0xa6fa,0xa6fa,0xa6fa,0xa6fa,0xa6fa,0xa6fa,0xa6fa,0xa6fa,0xa6fa,0x19e8,0x19e8,0x0000,0x0000,0x0000,0x0000,0x0000,0x0000,0x0000,0x0000,0x0000,0x0000,0x0000,0x0000,0x0000,0x0000,0x0000,0x0000,0x0000,0x0000,0x0000,0x0000,0x0000,
0x0000,0x0000,0x0000,0x0000,0x0000,0x0000,0x0000,0x0000,0x0000,0x0000,0x0000,0x0000,0x0000,0x0000,0x0000,0x0000,0x0000,0x0000,0x0000,0x0000,0x0000,0x19e8,0x19e8,0xa6fa,0xa6fa,0xa6fa,0xa6fa,0xa6fa,0xa6fa,0xa6fa,0xa6fa,0xa6fa,
0xa6fa,0xa6fa,0xa6fa,0xa6fa,0xa6fa,0xa6fa,0xa6fa,0xa6fa,0xa6fa,0x19e8,0x19e8,0x0000,0x0000,0x0000,0x0000,0x0000,0x0000,0x0000,0x0000,0x0000,0x0000,0x0000,0x0000,0x0000,0x0000,0x0000,0x0000,0x0000,0x0000,0x0000,0x0000,0x0000,
0x0000,0x0000,0x0000,0x0000,0x0000,0x0000,0x0000,0x0000,0x0000,0x0000,0x0000,0x0000,0x0000,0x0000,0x0000,0x0000,0x0000,0x0000,0x0000,0x0000,0x0000,0x19e8,0x19e8,0xa6fa,0xa6fa,0xa6fa,0xa6fa,0xa6fa,0xa6fa,0xa6fa,0xa6fa,0xa6fa,
0xa6fa,0xa6fa,0xa6fa,0xa6fa,0xa6fa,0xa6fa,0xa6fa,0xa6fa,0xa6fa,0x19e8,0x19e8,0x0000,0x0000,0x0000,0x0000,0x0000,0x0000,0x0000,0x0000,0x0000,0x0000,0x0000,0x0000,0x0000,0x0000,0x0000,0x0000,0x0000,0x0000,0x0000,0x0000,0x0000,
0x0000,0x0000,0x0000,0x0000,0x0000,0x0000,0x0000,0x0000,0x0000,0x0000,0x0000,0x0000,0x0000,0x0000,0x0000,0x0000,0x0000,0x0000,0x0000,0x0000,0x0000,0x19e8,0x19e8,0xa6fa,0xa6fa,0xa6fa,0xa6fa,0xa6fa,0xa6fa,0xa6fa,0xa6fa,0xa6fa,
0xa6fa,0xa6fa,0xa6fa,0xa6fa,0xa6fa,0xa6fa,0xa6fa,0xa6fa,0xa6fa,0x19e8,0x19e8,0x0000,0x0000,0x0000,0x0000,0x0000,0x0000,0x0000,0x0000,0x0000,0x0000,0x0000,0x0000,0x0000,0x0000,0x0000,0x0000,0x0000,0x0000,0x0000,0x0000,0x0000,
0x0000,0x0000,0x0000,0x0000,0x0000,0x0000,0x0000,0x0000,0x0000,0x0000,0x0000,0x0000,0x0000,0x0000,0x0000,0x0000,0x0000,0x0000,0x0000,0x0000,0x0000,0x19e8,0x19e8,0xa6fa,0xa6fa,0xa6fa,0xa6fa,0xa6fa,0xa6fa,0xa6fa,0xa6fa,0xa6fa,
0xa6fa,0xa6fa,0xa6fa,0xa6fa,0xa6fa,0xa6fa,0xa6fa,0xa6fa,0xa6fa,0x19e8,0x19e8,0x0000,0x0000,0x0000,0x0000,0x0000,0x0000,0x0000,0x0000,0x0000,0x0000,0x0000,0x0000,0x0000,0x0000,0x0000,0x0000,0x0000,0x0000,0x0000,0x0000,0x0000,
0x0000,0x0000,0x0000,0x0000,0x0000,0x0000,0x0000,0x0000,0x0000,0x0000,0x0000,0x0000,0x0000,0x0000,0x0000,0x0000,0x0000,0x0000,0x0000,0x0000,0x0000,0x19e8,0x19e8,0xa6fa,0xa6fa,0xa6fa,0xa6fa,0xa6fa,0xa6fa,0xa6fa,0xa6fa,0xa6fa,
0xa6fa,0xa6fa,0xa6fa,0xa6fa,0xa6fa,0xa6fa,0xa6fa,0xa6fa,0xa6fa,0x19e8,0x19e8,0x0000,0x0000,0x0000,0x0000,0x0000,0x0000,0x0000,0x0000,0x0000,0x0000,0x0000,0x0000,0x0000,0x0000,0x0000,0x0000,0x0000,0x0000,0x0000,0x0000,0x0000,
0x0000,0x0000,0x0000,0x0000,0x0000,0x0000,0x0000,0x0000,0x0000,0x0000,0x0000,0x0000,0x0000,0x0000,0x0000,0x0000,0x0000,0x0000,0x0000,0x0000,0x0000,0x19e8,0x19e8,0xa6fa,0xa6fa,0xa6fa,0xa6fa,0xa6fa,0xa6fa,0xa6fa,0xa6fa,0xa6fa,
0xa6fa,0xa6fa,0xa6fa,0xa6fa,0xa6fa,0xa6fa,0xa6fa,0xa6fa,0xa6fa,0x19e8,0x19e8,0x0000,0x0000,0x0000,0x0000,0x0000,0x0000,0x0000,0x0000,0x0000,0x0000,0x0000,0x0000,0x0000,0x0000,0x0000,0x0000,0x0000,0x0000,0x0000,0x0000,0x0000,
0x0000,0x0000,0x0000,0x0000,0x0000,0x0000,0x0000,0x0000,0x0000,0x0000,0x0000,0x0000,0x0000,0x0000,0x0000,0x0000,0x0000,0x0000,0x0000,0x0000,0x0000,0x19e8,0x19e8,0x19e8,0x19e8,0x19e8,0x19e8,0x19e8,0x19e8,0x19e8,0x19e8,0x19e8,
0x19e8,0x19e8,0x19e8,0x19e8,0x19e8,0x19e8,0x19e8,0x19e8,0x19e8,0x19e8,0x19e8,0x0000,0x0000,0x0000,0x0000,0x0000,0x0000,0x0000,0x0000,0x0000,0x0000,0x0000,0x0000,0x0000,0x0000,0x0000,0x0000,0x0000,0x0000,0x0000,0x0000,0x0000,
0x0000,0x0000,0x0000,0x0000,0x0000,0x0000,0x0000,0x0000,0x0000,0x0000,0x0000,0x0000,0x0000,0x0000,0x0000,0x0000,0x0000,0x0000,0x0000,0x0000,0x0000,0x19e8,0x19e8,0x19e8,0x19e8,0x19e8,0x19e8,0x19e8,0x19e8,0x19e8,0x19e8,0x19e8,
0x19e8,0x19e8,0x19e8,0x19e8,0x19e8,0x19e8,0x19e8,0x19e8,0x19e8,0x19e8,0x19e8,0x0000,0x0000,0x0000,0x0000,0x0000,0x0000,0x0000,0x0000,0x0000,0x0000,0x0000,0x0000,0x0000,0x0000,0x0000,0x0000,0x0000,0x0000,0x0000,0x0000,0x0000,
0x0000,0x0000,0x0000,0x0000,0x0000,0x0000,0x0000,0x0000,0x0000,0x0000,0x0000,0x0000,0x0000,0x0000,0x0000,0x0000,0x0000,0x0000,0x0000,0x0000,0x0000,0x0000,0x0000,0x0000,0x0000,0x0000,0x0000,0x0000,0x0000,0x0000,0x0000,0x0000,
0x0000,0x0000,0x0000,0x0000,0x0000,0x0000,0x0000,0x0000,0x0000,0x0000,0x0000,0x0000,0x0000,0x0000,0x0000,0x0000,0x0000,0x0000,0x0000,0x0000,0x0000,0x0000,0x0000,0x0000,0x0000,0x0000,0x0000,0x0000,0x0000,0x0000,0x0000,0x0000,
0x0000,0x0000,0x0000,0x0000,0x0000,0x0000,0x0000,0x0000,0x0000,0x0000,0x0000,0x0000,0x0000,0x0000,0x0000,0x0000,0x0000,0x0000,0x0000,0x0000,0x0000,0x0000,0x0000,0x0000,0x0000,0x0000,0xa6fa,0xa6fa,0xa6fa,0xa6fa,0x0000,0x0000,
0x0000,0x0000,0xa6fa,0xa6fa,0xa6fa,0xa6fa,0x0000,0x0000,0x0000,0x0000,0x0000,0x0000,0x0000,0x0000,0x0000,0x0000,0x0000,0x0000,0x0000,0x0000,0x0000,0x0000,0x0000,0x0000,0x0000,0x0000,0x0000,0x0000,0x0000,0x0000,0x0000,0x0000,
0x0000,0x0000,0x0000,0x0000,0x0000,0x0000,0x0000,0x0000,0x0000,0x0000,0x0000,0x0000,0x0000,0x0000,0x0000,0x0000,0x0000,0x0000,0x0000,0x0000,0x0000,0x0000,0x0000,0x0000,0x0000,0x0000,0xa6fa,0xa6fa,0xa6fa,0xa6fa,0x0000,0x0000,
0x0000,0x0000,0xa6fa,0xa6fa,0xa6fa,0xa6fa,0x0000,0x0000,0x0000,0x0000,0x0000,0x0000,0x0000,0x0000,0x0000,0x0000,0x0000,0x0000,0x0000,0x0000,0x0000,0x0000,0x0000,0x0000,0x0000,0x0000,0x0000,0x0000,0x0000,0x0000,0x0000,0x0000,
0x0000,0x0000,0x0000,0x0000,0x0000,0x0000,0x0000,0x0000,0x0000,0x0000,0x0000,0x0000,0x0000,0x0000,0x0000,0x0000,0x0000,0x0000,0x0000,0x0000,0x0000,0x0000,0x0000,0x0000,0x0000,0x0000,0xa6fa,0xa6fa,0xa6fa,0xa6fa,0x0000,0x0000,
0x0000,0x0000,0xa6fa,0xa6fa,0xa6fa,0xa6fa,0x0000,0x0000,0x0000,0x0000,0x0000,0x0000,0x0000,0x0000,0x0000,0x0000,0x0000,0x0000,0x0000,0x0000,0x0000,0x0000,0x0000,0x0000,0x0000,0x0000,0x0000,0x0000,0x0000,0x0000,0x0000,0x0000,
0x0000,0x0000,0x0000,0x0000,0x0000,0x0000,0x0000,0x0000,0x0000,0x0000,0x0000,0x0000,0x0000,0x0000,0x0000,0x0000,0x0000,0x0000,0x0000,0x0000,0x0000,0x0000,0x0000,0x0000,0x0000,0x0000,0xa6fa,0xa6fa,0xa6fa,0xa6fa,0x0000,0x0000,
0x0000,0x0000,0xa6fa,0xa6fa,0xa6fa,0xa6fa,0x0000,0x0000,0x0000,0x0000,0x0000,0x0000,0x0000,0x0000,0x0000,0x0000,0x0000,0x0000,0x0000,0x0000,0x0000,0x0000,0x0000,0x0000,0x0000,0x0000,0x0000,0x0000,0x0000,0x0000,0x0000,0x0000,
0x0000,0x0000,0x0000,0x0000,0x0000,0x0000,0x0000,0x0000,0x0000,0x0000,0x0000,0x0000,0x0000,0x0000,0x0000,0x0000,0x0000,0x0000,0x0000,0x0000,0x0000,0x0000,0x0000,0x0000,0x0000,0x0000,0x0000,0x0000,0x0000,0x0000,0x0000,0x0000,
0x0000,0x0000,0x0000,0x0000,0x0000,0x0000,0x0000,0x0000,0x0000,0x0000,0x0000,0x0000,0x0000,0x0000,0x0000,0x0000,0x0000,0x0000,0x0000,0x0000,0x0000,0x0000,0x0000,0x0000,0x0000,0x0000,0x0000,0x0000,0x0000,0x0000,0x0000,0x0000,
0x0000,0x0000,0x0000,0x0000,0x0000,0x0000,0x0000,0x0000,0x0000,0x0000,0x0000,0x0000,0x0000,0x0000,0x0000,0x0000,0x0000,0x0000,0x0000,0x0000,0x0000,0x0000,0x0000,0x0000,0x0000,0x0000,0x0000,0x0000,0x0000,0x0000,0x0000,0x0000,
0x0000,0x0000,0x0000,0x0000,0x0000,0x0000,0x0000,0x0000,0x0000,0x0000,0x0000,0x0000,0x0000,0x0000,0x0000,0x0000,0x0000,0x0000,0x0000,0x0000,0x0000,0x0000,0x0000,0x0000,0x0000,0x0000,0x0000,0x0000,0x0000,0x0000,0x0000,0x0000,
0x0000,0x0000,0x0000,0x0000,0x0000,0x0000,0x0000,0x0000,0x0000,0x0000,0x0000,0x0000,0x0000,0x0000,0x0000,0x0000,0x0000,0x0000,0x0000,0x0000,0x0000,0x0000,0x0000,0x0000,0x0000,0x0000,0x0000,0x0000,0x0000,0x0000,0x0000,0x0000,
0x0000,0x0000,0x0000,0x0000,0x0000,0x0000,0x0000,0x0000,0x0000,0x0000,0x0000,0x0000,0x0000,0x0000,0x0000,0x0000,0x0000,0x0000,0x0000,0x0000,0x0000,0x0000,0x0000,0x0000,0x0000,0x0000,0x0000,0x0000,0x0000,0x0000,0x0000,0x0000,
0x0000,0x0000,0x0000,0x0000,0x0000,0x0000,0x0000,0x0000,0x0000,0x0000,0x0000,0x0000,0x0000,0x0000,0x0000,0x0000,0x0000,0x0000,0x0000,0x0000,0x0000,0x0000,0x0000,0x0000,0x0000,0x0000,0x0000,0x0000,0x0000,0x0000,0x0000,0x0000,
0x0000,0x0000,0x0000,0x0000,0x0000,0x0000,0x0000,0x0000,0x0000,0x0000,0x0000,0x0000,0x0000,0x0000,0x0000,0x0000,0x0000,0x0000,0x0000,0x0000,0x0000,0x0000,0x0000,0x0000,0x0000,0x0000,0x0000,0x0000,0x0000,0x0000,0x0000,0x0000,
0x0000,0x0000,0x0000,0x0000,0x0000,0x0000,0x0000,0x0000,0x0000,0x0000,0x0000,0x0000,0x0000,0x0000,0x0000,0x0000,0x0000,0x0000,0x0000,0x0000,0x0000,0x0000,0x0000,0x0000,0x0000,0x0000,0x0000,0x0000,0x0000,0x0000,0x0000,0x0000,
0x0000,0x0000,0x0000,0x0000,0x0000,0x0000,0x0000,0x0000,0x0000,0x0000,0x0000,0x0000,0x0000,0x0000,0x0000,0x0000,0x0000,0x0000,0x0000,0x0000,0x0000,0x0000,0x0000,0x0000,0x0000,0x0000,0x0000,0x0000,0x0000,0x0000,0x0000,0x0000,
0x0000,0x0000,0x0000,0x0000,0x0000,0x0000,0x0000,0x0000,0x0000,0x0000,0x0000,0x0000,0x0000,0x0000,0x0000,0x0000,0x0000,0x0000,0x0000,0x0000,0x0000,0x0000,0x0000,0x0000,0x0000,0x0000,0x0000,0x0000,0x0000,0x0000,0x0000,0x0000,
0x0000,0x0000,0x0000,0x0000,0x0000,0x0000,0x0000,0x0000,0x0000,0x0000,0x0000,0x0000,0x0000,0x0000,0x0000,0x0000,0x0000,0x0000,0x0000,0x0000,0x0000,0x0000,0x0000,0x0000,0x0000,0x0000,0x0000,0x0000,0x0000,0x0000,0x0000,0x0000,
0x0000,0x0000,0x0000,0x0000,0x0000,0x0000,0x0000,0x0000,0x0000,0x0000,0x0000,0x0000,0x0000,0x0000,0x0000,0x0000,0x0000,0x0000,0x0000,0x0000,0x0000,0x0000,0x0000,0x0000,0x0000,0x0000,0x0000,0x0000,0x0000,0x0000,0x0000,0x0000,
0x0000,0x0000,0x0000,0x0000,0x0000,0x0000,0x0000,0x0000,0x0000,0x0000,0x0000,0x0000,0x0000,0x0000,0x0000,0x0000,0x0000,0x0000,0x0000,0x0000,0x0000,0x0000,0x0000,0x0000,0x0000,0x0000,0x0000,0x0000,0x0000,0x0000,0x0000,0x0000,
};
static const uint16_t frame_11[4096] = {
0x0000,0x0000,0x0000,0x0000,0x0000,0x0000,0x0000,0x0000,0x0000,0x0000,0x0000,0x0000,0x0000,0x0000,0x0000,0x0000,0x0000,0x0000,0x0000,0x0000,0x0000,0x0000,0x0000,0x0000,0x0000,0x0000,0x0000,0x0000,0x0000,0x0000,0x0000,0x0000,
0x0000,0x0000,0x0000,0x0000,0x0000,0x0000,0x0000,0x0000,0x0000,0x0000,0x0000,0x0000,0x0000,0x0000,0x0000,0x0000,0x0000,0x0000,0x0000,0x0000,0x0000,0x0000,0x0000,0x0000,0x0000,0x0000,0x0000,0x0000,0x0000,0x0000,0x0000,0x0000,
0x0000,0x0000,0x0000,0x0000,0x0000,0x0000,0x0000,0x0000,0x0000,0x0000,0x0000,0x0000,0x0000,0x0000,0x0000,0x0000,0x0000,0x0000,0x0000,0x0000,0x0000,0x0000,0x0000,0x0000,0x0000,0x0000,0x0000,0x0000,0x0000,0x0000,0x0000,0x0000,
0x0000,0x0000,0x0000,0x0000,0x0000,0x0000,0x0000,0x0000,0x0000,0x0000,0x0000,0x0000,0x0000,0x0000,0x0000,0x0000,0x0000,0x0000,0x0000,0x0000,0x0000,0x0000,0x0000,0x0000,0x0000,0x0000,0x0000,0x0000,0x0000,0x0000,0x0000,0x0000,
0x0000,0x0000,0x0000,0x0000,0x0000,0x0000,0x0000,0x0000,0x0000,0x0000,0x0000,0x0000,0x0000,0x0000,0x0000,0x0000,0x0000,0x0000,0x0000,0x0000,0x0000,0x0000,0x0000,0x0000,0x0000,0x0000,0x0000,0x0000,0x0000,0x0000,0x0000,0x0000,
0x0000,0x0000,0x0000,0x0000,0x0000,0x0000,0x0000,0x0000,0x0000,0x0000,0x0000,0x0000,0x0000,0x0000,0x0000,0x0000,0x0000,0x0000,0x0000,0x0000,0x0000,0x0000,0x0000,0x0000,0x0000,0x0000,0x0000,0x0000,0x0000,0x0000,0x0000,0x0000,
0x0000,0x0000,0x0000,0x0000,0x0000,0x0000,0x0000,0x0000,0x0000,0x0000,0x0000,0x0000,0x0000,0x0000,0x0000,0x0000,0x0000,0x0000,0x0000,0x0000,0x0000,0x0000,0x0000,0x0000,0x0000,0x0000,0x0000,0x0000,0x0000,0x0000,0x0000,0x0000,
0x0000,0x0000,0x0000,0x0000,0x0000,0x0000,0x0000,0x0000,0x0000,0x0000,0x0000,0x0000,0x0000,0x0000,0x0000,0x0000,0x0000,0x0000,0x0000,0x0000,0x0000,0x0000,0x0000,0x0000,0x0000,0x0000,0x0000,0x0000,0x0000,0x0000,0x0000,0x0000,
0x0000,0x0000,0x0000,0x0000,0x0000,0x0000,0x0000,0x0000,0x0000,0x0000,0x0000,0x0000,0x0000,0x0000,0x0000,0x0000,0x0000,0x0000,0x0000,0x0000,0x0000,0x0000,0x0000,0x0000,0x0000,0x0000,0x0000,0x0000,0x0000,0x0000,0x0000,0x0000,
0x0000,0x0000,0x0000,0x0000,0x0000,0x0000,0x0000,0x0000,0x0000,0x0000,0x0000,0x0000,0x0000,0x0000,0x0000,0x0000,0x0000,0x0000,0x0000,0x0000,0x0000,0x0000,0x0000,0x0000,0x0000,0x0000,0x0000,0x0000,0x0000,0x0000,0x0000,0x0000,
0x0000,0x0000,0x0000,0x0000,0x0000,0x0000,0x0000,0x0000,0x0000,0x0000,0x0000,0x0000,0x0000,0x0000,0x0000,0x0000,0x0000,0x0000,0x0000,0x0000,0x0000,0x0000,0x0000,0x0000,0x0000,0x0000,0x0000,0x0000,0x0000,0x0000,0x0000,0x0000,
0x0000,0x0000,0x0000,0x0000,0x0000,0x0000,0x0000,0x0000,0x0000,0x0000,0x0000,0x0000,0x0000,0x0000,0x0000,0x0000,0x0000,0x0000,0x0000,0x0000,0x0000,0x0000,0x0000,0x0000,0x0000,0x0000,0x0000,0x0000,0x0000,0x0000,0x0000,0x0000,
0x0000,0x0000,0x0000,0x0000,0x0000,0x0000,0x0000,0x0000,0x0000,0x0000,0x0000,0x0000,0x0000,0x0000,0x0000,0x0000,0x0000,0x0000,0x0000,0x0000,0x0000,0x0000,0x0000,0x0000,0x0000,0x0000,0x0000,0x0000,0x0000,0x0000,0x0000,0x0000,
0x0000,0x0000,0x0000,0x0000,0x0000,0x0000,0x0000,0x0000,0x0000,0x0000,0x0000,0x0000,0x0000,0x0000,0x0000,0x0000,0x0000,0x0000,0x0000,0x0000,0x0000,0x0000,0x0000,0x0000,0x0000,0x0000,0x0000,0x0000,0x0000,0x0000,0x0000,0x0000,
0x0000,0x0000,0x0000,0x0000,0x0000,0x0000,0x0000,0x0000,0x0000,0x0000,0x0000,0x0000,0x0000,0x0000,0x0000,0x0000,0x0000,0x0000,0x0000,0x0000,0x0000,0x0000,0x0000,0x0000,0x0000,0x0000,0x0000,0x0000,0x0000,0x0000,0x0000,0x0000,
0x0000,0x0000,0x0000,0x0000,0x0000,0x0000,0x0000,0x0000,0x0000,0x0000,0x0000,0x0000,0x0000,0x0000,0x0000,0x0000,0x0000,0x0000,0x0000,0x0000,0x0000,0x0000,0x0000,0x0000,0x0000,0x0000,0x0000,0x0000,0x0000,0x0000,0x0000,0x0000,
0x0000,0x0000,0x0000,0x0000,0x0000,0x0000,0x0000,0x0000,0x0000,0x0000,0x0000,0x0000,0x0000,0x0000,0x0000,0x0000,0x0000,0x0000,0x0000,0x0000,0x0000,0x0000,0x0000,0x0000,0x0000,0x0000,0x0000,0xfeb2,0xfeb2,0xfeb2,0xfeb2,0xfeb2,
0xfeb2,0xfeb2,0xfeb2,0xfeb2,0xfeb2,0x0000,0x0000,0x0000,0x0000,0x0000,0x0000,0x0000,0x0000,0x0000,0x0000,0x0000,0x0000,0x0000,0x0000,0x0000,0x0000,0x0000,0x0000,0x0000,0x0000,0x0000,0x0000,0x0000,0x0000,0x0000,0x0000,0x0000,
0x0000,0x0000,0x0000,0x0000,0x0000,0x0000,0x0000,0x0000,0x0000,0x0000,0x0000,0x0000,0x0000,0x0000,0x0000,0x0000,0x0000,0x0000,0x0000,0x0000,0x0000,0x0000,0x0000,0x0000,0x0000,0x0000,0x0000,0xfeb2,0xfeb2,0xfeb2,0xfeb2,0xfeb2,
0xfeb2,0xfeb2,0xfeb2,0xfeb2,0xfeb2,0x0000,0x0000,0x0000,0x0000,0x0000,0x0000,0x0000,0x0000,0x0000,0x0000,0x0000,0x0000,0x0000,0x0000,0x0000,0x0000,0x0000,0x0000,0x0000,0x0000,0x0000,0x0000,0x0000,0x0000,0x0000,0x0000,0x0000,
0x0000,0x0000,0x0000,0x0000,0x0000,0x0000,0x0000,0x0000,0x0000,0x0000,0x0000,0x0000,0x0000,0x0000,0x0000,0x0000,0x0000,0x0000,0x0000,0x0000,0x0000,0x0000,0x0000,0x0000,0x0000,0x0000,0x0000,0xfeb2,0xfeb2,0xfeb2,0xfeb2,0xfeb2,
0xfeb2,0xfeb2,0xfeb2,0xfeb2,0xfeb2,0x0000,0x0000,0x0000,0x0000,0x0000,0x0000,0x0000,0x0000,0x0000,0x0000,0x0000,0x0000,0x0000,0x0000,0x0000,0x0000,0x0000,0x0000,0x0000,0x0000,0x0000,0x0000,0x0000,0x0000,0x0000,0x0000,0x0000,
0x0000,0x0000,0x0000,0x0000,0x0000,0x0000,0x0000,0x0000,0x0000,0x0000,0x0000,0x0000,0x0000,0x0000,0x0000,0x0000,0x0000,0x0000,0x0000,0x0000,0x0000,0x0000,0x0000,0x0000,0x0000,0x0000,0x0000,0xfeb2,0xfeb2,0xfeb2,0xa6fa,0xa6fa,
0xa6fa,0xa6fa,0xfeb2,0xfeb2,0xfeb2,0x0000,0x0000,0x0000,0x0000,0x0000,0x0000,0x0000,0x0000,0x0000,0x0000,0x0000,0x0000,0x0000,0x0000,0x0000,0x0000,0x0000,0x0000,0x0000,0x0000,0x0000,0x0000,0x0000,0x0000,0x0000,0x0000,0x0000,
0x0000,0x0000,0x0000,0x0000,0x0000,0x0000,0x0000,0x0000,0x0000,0x0000,0x0000,0x0000,0x0000,0x0000,0x0000,0x0000,0x0000,0x0000,0x0000,0x0000,0x0000,0x0000,0x0000,0x0000,0x0000,0x0000,0x0000,0x0000,0x0000,0x0000,0xa6fa,0xa6fa,
0xa6fa,0xa6fa,0x0000,0x0000,0x0000,0x0000,0x0000,0x0000,0x0000,0x0000,0x0000,0x0000,0x0000,0x0000,0x0000,0x0000,0x0000,0x0000,0x0000,0x0000,0x0000,0x0000,0x0000,0x0000,0x0000,0x0000,0x0000,0x0000,0x0000,0x0000,0x0000,0x0000,
0x0000,0x0000,0x0000,0x0000,0x0000,0x0000,0x0000,0x0000,0x0000,0x0000,0x0000,0x0000,0x0000,0x0000,0x0000,0x0000,0x0000,0x0000,0x0000,0x0000,0x0000,0x0000,0x0000,0x0000,0x0000,0x0000,0x0000,0x0000,0x0000,0x0000,0xa6fa,0xa6fa,
0xa6fa,0xa6fa,0x0000,0x0000,0x0000,0x0000,0x0000,0x0000,0x0000,0x0000,0x0000,0x0000,0x0000,0x0000,0x0000,0x0000,0x0000,0x0000,0x0000,0x0000,0x0000,0x0000,0x0000,0x0000,0x0000,0x0000,0x0000,0x0000,0x0000,0x0000,0x0000,0x0000,
0x0000,0x0000,0x0000,0x0000,0x0000,0x0000,0x0000,0x0000,0x0000,0x0000,0x0000,0x0000,0x0000,0x0000,0x0000,0x0000,0x0000,0x0000,0x0000,0x0000,0x0000,0x0000,0x0000,0x0000,0x0000,0x0000,0x0000,0x0000,0x0000,0x0000,0xa6fa,0xa6fa,
0xa6fa,0xa6fa,0x0000,0x0000,0x0000,0x0000,0x0000,0x0000,0x0000,0x0000,0x0000,0x0000,0x0000,0x0000,0x0000,0x0000,0x0000,0x0000,0x0000,0x0000,0x0000,0x0000,0x0000,0x0000,0x0000,0x0000,0x0000,0x0000,0x0000,0x0000,0x0000,0x0000,
0x0000,0x0000,0x0000,0x0000,0x0000,0x0000,0x0000,0x0000,0x0000,0x0000,0x0000,0x0000,0x0000,0x0000,0x0000,0x19e8,0x19e8,0x19e8,0x19e8,0x19e8,0x19e8,0x19e8,0x19e8,0x19e8,0x19e8,0x19e8,0x19e8,0x19e8,0x19e8,0x19e8,0x19e8,0x19e8,
0x19e8,0x19e8,0x19e8,0x19e8,0x19e8,0x19e8,0x19e8,0x19e8,0x19e8,0x19e8,0x19e8,0x19e8,0x19e8,0x19e8,0x19e8,0x19e8,0x19e8,0x0000,0x0000,0x0000,0x0000,0x0000,0x0000,0x0000,0x0000,0x0000,0x0000,0x0000,0x0000,0x0000,0x0000,0x0000,
0x0000,0x0000,0x0000,0x0000,0x0000,0x0000,0x0000,0x0000,0x0000,0x0000,0x0000,0x0000,0x0000,0x0000,0x0000,0x19e8,0x19e8,0x19e8,0x19e8,0x19e8,0x19e8,0x19e8,0x19e8,0x19e8,0x19e8,0x19e8,0x19e8,0x19e8,0x19e8,0x19e8,0x19e8,0x19e8,
0x19e8,0x19e8,0x19e8,0x19e8,0x19e8,0x19e8,0x19e8,0x19e8,0x19e8,0x19e8,0x19e8,0x19e8,0x19e8,0x19e8,0x19e8,0x19e8,0x19e8,0x0000,0x0000,0x0000,0x0000,0x0000,0x0000,0x0000,0x0000,0x0000,0x0000,0x0000,0x0000,0x0000,0x0000,0x0000,
0x0000,0x0000,0x0000,0x0000,0x0000,0x0000,0x0000,0x0000,0x0000,0x0000,0x0000,0x0000,0x0000,0x0000,0x0000,0x19e8,0x19e8,0xa6fa,0xa6fa,0xa6fa,0xa6fa,0xa6fa,0xa6fa,0xa6fa,0xa6fa,0xa6fa,0xa6fa,0xa6fa,0xa6fa,0xa6fa,0xa6fa,0xa6fa,
0xa6fa,0xa6fa,0xa6fa,0xa6fa,0xa6fa,0xa6fa,0xa6fa,0xa6fa,0xa6fa,0xa6fa,0xa6fa,0xa6fa,0xa6fa,0xa6fa,0xa6fa,0x19e8,0x19e8,0x0000,0x0000,0x0000,0x0000,0x0000,0x0000,0x0000,0x0000,0x0000,0x0000,0x0000,0x0000,0x0000,0x0000,0x0000,
0x0000,0x0000,0x0000,0x0000,0x0000,0x0000,0x0000,0x0000,0x0000,0x0000,0x0000,0x0000,0x0000,0x0000,0x0000,0x19e8,0x19e8,0xa6fa,0xa6fa,0xa6fa,0xa6fa,0xa6fa,0xa6fa,0xa6fa,0xa6fa,0xa6fa,0xa6fa,0xa6fa,0xa6fa,0xa6fa,0xa6fa,0xa6fa,
0xa6fa,0xa6fa,0xa6fa,0xa6fa,0xa6fa,0xa6fa,0xa6fa,0xa6fa,0xa6fa,0xa6fa,0xa6fa,0xa6fa,0xa6fa,0xa6fa,0xa6fa,0x19e8,0x19e8,0x0000,0x0000,0x0000,0x0000,0x0000,0x0000,0x0000,0x0000,0x0000,0x0000,0x0000,0x0000,0x0000,0x0000,0x0000,
0x0000,0x0000,0x0000,0x0000,0x0000,0x0000,0x0000,0x0000,0x0000,0x0000,0x0000,0x0000,0x0000,0x0000,0x0000,0x19e8,0x19e8,0xa6fa,0xa6fa,0xa6fa,0xa6fa,0xa6fa,0xa6fa,0xa6fa,0xa6fa,0xa6fa,0xa6fa,0xa6fa,0xa6fa,0xa6fa,0xa6fa,0xa6fa,
0xa6fa,0xa6fa,0xa6fa,0xa6fa,0xa6fa,0xa6fa,0xa6fa,0xa6fa,0xa6fa,0xa6fa,0xa6fa,0xa6fa,0xa6fa,0xa6fa,0xa6fa,0x19e8,0x19e8,0x0000,0x0000,0x0000,0x0000,0x0000,0x0000,0x0000,0x0000,0x0000,0x0000,0x0000,0x0000,0x0000,0x0000,0x0000,
0x0000,0x0000,0x0000,0x0000,0x0000,0x0000,0x0000,0x0000,0x0000,0x0000,0x0000,0x0000,0x0000,0x0000,0x0000,0x19e8,0x19e8,0xa6fa,0xa6fa,0xa6fa,0xa6fa,0xa6fa,0xa6fa,0xa6fa,0xa6fa,0xa6fa,0xa6fa,0xa6fa,0xa6fa,0xa6fa,0xa6fa,0xa6fa,
0xa6fa,0xa6fa,0xa6fa,0xa6fa,0xa6fa,0xa6fa,0xa6fa,0xa6fa,0xa6fa,0xa6fa,0xa6fa,0xa6fa,0xa6fa,0xa6fa,0xa6fa,0x19e8,0x19e8,0x0000,0x0000,0x0000,0x0000,0x0000,0x0000,0x0000,0x0000,0x0000,0x0000,0x0000,0x0000,0x0000,0x0000,0x0000,
0x0000,0x0000,0x0000,0x0000,0x0000,0x0000,0x0000,0x0000,0x0000,0x0000,0x0000,0x0000,0x0000,0x0000,0x0000,0x19e8,0x19e8,0xa6fa,0xa6fa,0xa6fa,0xa6fa,0x19e8,0x19e8,0x19e8,0x19e8,0x19e8,0x19e8,0x19e8,0x19e8,0x19e8,0x19e8,0x19e8,
0x19e8,0x19e8,0x19e8,0x19e8,0x19e8,0x19e8,0x19e8,0x19e8,0x19e8,0x19e8,0x19e8,0xa6fa,0xa6fa,0xa6fa,0xa6fa,0x19e8,0x19e8,0x0000,0x0000,0x0000,0x0000,0x0000,0x0000,0x0000,0x0000,0x0000,0x0000,0x0000,0x0000,0x0000,0x0000,0x0000,
0x0000,0x0000,0x0000,0x0000,0x0000,0x0000,0x0000,0x0000,0x0000,0x0000,0x0000,0x0000,0x0000,0x0000,0x0000,0x19e8,0x19e8,0xa6fa,0xa6fa,0xa6fa,0xa6fa,0x19e8,0x19e8,0x19e8,0x19e8,0x19e8,0x19e8,0x19e8,0x19e8,0x19e8,0x19e8,0x19e8,
0x19e8,0x19e8,0x19e8,0x19e8,0x19e8,0x19e8,0x19e8,0x19e8,0x19e8,0x19e8,0x19e8,0xa6fa,0xa6fa,0xa6fa,0xa6fa,0x19e8,0x19e8,0x0000,0x0000,0x0000,0x0000,0x0000,0x0000,0x0000,0x0000,0x0000,0x0000,0x0000,0x0000,0x0000,0x0000,0x0000,
0x0000,0x0000,0x0000,0x0000,0x0000,0x0000,0x0000,0x0000,0x0000,0x0000,0x0000,0x0000,0x0000,0x0000,0x0000,0x19e8,0x19e8,0xa6fa,0xa6fa,0xa6fa,0xa6fa,0x19e8,0x19e8,0x19e8,0x19e8,0x19e8,0x19e8,0x19e8,0x19e8,0x19e8,0x19e8,0x19e8,
0x19e8,0x19e8,0x19e8,0x19e8,0x19e8,0x19e8,0x19e8,0x19e8,0x19e8,0x19e8,0x19e8,0xa6fa,0xa6fa,0xa6fa,0xa6fa,0x19e8,0x19e8,0x0000,0x0000,0x0000,0x0000,0x0000,0x0000,0x0000,0x0000,0x0000,0x0000,0x0000,0x0000,0x0000,0x0000,0x0000,
0x0000,0x0000,0x0000,0x0000,0x0000,0x0000,0x0000,0x0000,0x0000,0x0000,0x0000,0x0000,0x0000,0x0000,0x0000,0x19e8,0x19e8,0xa6fa,0xa6fa,0xa6fa,0xa6fa,0x19e8,0x19e8,0x19e8,0xefdb,0xefdb,0xefdb,0xefdb,0x19e8,0x19e8,0x19e8,0x19e8,
0x19e8,0x19e8,0x19e8,0xefdb,0xefdb,0xefdb,0xefdb,0x19e8,0x19e8,0x19e8,0x19e8,0xa6fa,0xa6fa,0xa6fa,0xa6fa,0x19e8,0x19e8,0x0000,0x0000,0x0000,0x0000,0x0000,0x0000,0x0000,0x0000,0x0000,0x0000,0x0000,0x0000,0x0000,0x0000,0x0000,
0x0000,0x0000,0x0000,0x0000,0x0000,0x0000,0x0000,0x0000,0x0000,0x0000,0x0000,0x0000,0x0000,0x0000,0x0000,0x19e8,0x19e8,0xa6fa,0xa6fa,0xa6fa,0xa6fa,0x19e8,0x19e8,0x19e8,0xefdb,0xefdb,0xefdb,0xefdb,0x19e8,0x19e8,0x19e8,0x19e8,
0x19e8,0x19e8,0x19e8,0xefdb,0xefdb,0xefdb,0xefdb,0x19e8,0x19e8,0x19e8,0x19e8,0xa6fa,0xa6fa,0xa6fa,0xa6fa,0x19e8,0x19e8,0x0000,0x0000,0x0000,0x0000,0x0000,0x0000,0x0000,0x0000,0x0000,0x0000,0x0000,0x0000,0x0000,0x0000,0x0000,
0x0000,0x0000,0x0000,0x0000,0x0000,0x0000,0x0000,0x0000,0x0000,0x0000,0x0000,0x0000,0x0000,0x0000,0x0000,0x19e8,0x19e8,0xa6fa,0xa6fa,0xa6fa,0xa6fa,0x19e8,0x19e8,0x19e8,0xefdb,0xefdb,0xefdb,0xefdb,0x19e8,0x19e8,0x19e8,0x19e8,
0x19e8,0x19e8,0x19e8,0xefdb,0xefdb,0xefdb,0xefdb,0x19e8,0x19e8,0x19e8,0x19e8,0xa6fa,0xa6fa,0xa6fa,0xa6fa,0x19e8,0x19e8,0x0000,0x0000,0x0000,0x0000,0x0000,0x0000,0x0000,0x0000,0x0000,0x0000,0x0000,0x0000,0x0000,0x0000,0x0000,
0x0000,0x0000,0x0000,0x0000,0x0000,0x0000,0x0000,0x0000,0x0000,0x0000,0x0000,0x0000,0x0000,0x0000,0x0000,0x19e8,0x19e8,0xa6fa,0xa6fa,0xa6fa,0xa6fa,0x19e8,0x19e8,0x19e8,0xefdb,0xefdb,0xefdb,0xefdb,0x19e8,0x19e8,0x19e8,0x19e8,
0x19e8,0x19e8,0x19e8,0xefdb,0xefdb,0xefdb,0xefdb,0x19e8,0x19e8,0x19e8,0x19e8,0xa6fa,0xa6fa,0xa6fa,0xa6fa,0x19e8,0x19e8,0x0000,0x0000,0x0000,0x0000,0x0000,0x0000,0x0000,0x0000,0x0000,0x0000,0x0000,0x0000,0x0000,0x0000,0x0000,
0x0000,0x0000,0x0000,0xfeb2,0xfeb2,0xfeb2,0x0000,0x0000,0x0000,0x0000,0x0000,0x0000,0x0000,0x0000,0x0000,0x19e8,0x19e8,0xa6fa,0xa6fa,0xa6fa,0xa6fa,0x19e8,0x19e8,0x19e8,0xefdb,0xefdb,0xefdb,0xefdb,0x19e8,0x19e8,0x19e8,0x19e8,
0x19e8,0x19e8,0x19e8,0xefdb,0xefdb,0xefdb,0xefdb,0x19e8,0x19e8,0x19e8,0x19e8,0xa6fa,0xa6fa,0xa6fa,0xa6fa,0x19e8,0x19e8,0x0000,0x0000,0x0000,0x0000,0x0000,0x0000,0x0000,0x0000,0x0000,0xfeb2,0xfeb2,0xfeb2,0x0000,0x0000,0x0000,
0x0000,0x0000,0x0000,0xfeb2,0xfeb2,0xfeb2,0x0000,0x0000,0x0000,0x0000,0x0000,0x0000,0x0000,0x0000,0x0000,0x19e8,0x19e8,0xa6fa,0xa6fa,0xa6fa,0xa6fa,0x19e8,0x19e8,0x19e8,0xefdb,0xefdb,0xefdb,0xefdb,0x19e8,0x19e8,0x19e8,0x19e8,
0x19e8,0x19e8,0x19e8,0xefdb,0xefdb,0xefdb,0xefdb,0x19e8,0x19e8,0x19e8,0x19e8,0xa6fa,0xa6fa,0xa6fa,0xa6fa,0x19e8,0x19e8,0x0000,0x0000,0x0000,0x0000,0x0000,0x0000,0x0000,0x0000,0x0000,0xfeb2,0xfeb2,0xfeb2,0x0000,0x0000,0x0000,
0x0000,0x0000,0x0000,0x0000,0x0000,0x0000,0x0000,0x0000,0x0000,0xa6fa,0xa6fa,0xa6fa,0xa6fa,0xa6fa,0x0000,0x19e8,0x19e8,0xa6fa,0xa6fa,0xa6fa,0xa6fa,0x19e8,0x19e8,0x19e8,0xefdb,0xefdb,0xefdb,0xefdb,0x19e8,0x19e8,0x19e8,0x19e8,
0x19e8,0x19e8,0x19e8,0xefdb,0xefdb,0xefdb,0xefdb,0x19e8,0x19e8,0x19e8,0x19e8,0xa6fa,0xa6fa,0xa6fa,0xa6fa,0x19e8,0x19e8,0x0000,0xa6fa,0xa6fa,0xa6fa,0xa6fa,0xa6fa,0x0000,0x0000,0x0000,0x0000,0x0000,0x0000,0x0000,0x0000,0x0000,
0x0000,0x0000,0x0000,0x0000,0x0000,0x0000,0x0000,0x0000,0x0000,0xa6fa,0xa6fa,0xa6fa,0xa6fa,0xa6fa,0x0000,0x19e8,0x19e8,0xa6fa,0xa6fa,0xa6fa,0xa6fa,0x19e8,0x19e8,0x19e8,0x19e8,0x19e8,0x19e8,0x19e8,0x19e8,0x19e8,0x19e8,0x19e8,
0x19e8,0x19e8,0x19e8,0x19e8,0x19e8,0x19e8,0x19e8,0x19e8,0x19e8,0x19e8,0x19e8,0xa6fa,0xa6fa,0xa6fa,0xa6fa,0x19e8,0x19e8,0x0000,0xa6fa,0xa6fa,0xa6fa,0xa6fa,0xa6fa,0x0000,0x0000,0x0000,0x0000,0x0000,0x0000,0x0000,0x0000,0x0000,
0x0000,0x0000,0x0000,0x0000,0x0000,0x0000,0x0000,0x0000,0x0000,0xa6fa,0xa6fa,0xa6fa,0xa6fa,0xa6fa,0x0000,0x19e8,0x19e8,0xa6fa,0xa6fa,0xa6fa,0xa6fa,0x19e8,0x19e8,0x19e8,0x19e8,0x19e8,0x19e8,0x19e8,0x19e8,0x19e8,0x19e8,0x19e8,
0x19e8,0x19e8,0x19e8,0x19e8,0x19e8,0x19e8,0x19e8,0x19e8,0x19e8,0x19e8,0x19e8,0xa6fa,0xa6fa,0xa6fa,0xa6fa,0x19e8,0x19e8,0x0000,0xa6fa,0xa6fa,0xa6fa,0xa6fa,0xa6fa,0x0000,0x0000,0x0000,0x0000,0x0000,0x0000,0x0000,0x0000,0x0000,
0x0000,0x0000,0x0000,0x0000,0x0000,0x0000,0x0000,0x0000,0x0000,0xa6fa,0xa6fa,0xa6fa,0xa6fa,0xa6fa,0x0000,0x19e8,0x19e8,0xa6fa,0xa6fa,0xa6fa,0xa6fa,0x19e8,0x19e8,0x19e8,0x19e8,0x19e8,0x19e8,0x19e8,0x19e8,0x19e8,0x19e8,0x19e8,
0x19e8,0x19e8,0x19e8,0x19e8,0x19e8,0x19e8,0x19e8,0x19e8,0x19e8,0x19e8,0x19e8,0xa6fa,0xa6fa,0xa6fa,0xa6fa,0x19e8,0x19e8,0x0000,0xa6fa,0xa6fa,0xa6fa,0xa6fa,0xa6fa,0x0000,0x0000,0x0000,0x0000,0x0000,0x0000,0x0000,0x0000,0x0000,
0x0000,0x0000,0x0000,0x0000,0x0000,0x0000,0x0000,0x0000,0x0000,0xa6fa,0xa6fa,0xa6fa,0xa6fa,0xa6fa,0x0000,0x19e8,0x19e8,0xa6fa,0xa6fa,0xa6fa,0xa6fa,0x19e8,0x19e8,0x19e8,0x19e8,0x19e8,0x19e8,0x19e8,0x19e8,0x19e8,0x19e8,0x19e8,
0x19e8,0x19e8,0x19e8,0x19e8,0x19e8,0x19e8,0x19e8,0x19e8,0x19e8,0x19e8,0x19e8,0xa6fa,0xa6fa,0xa6fa,0xa6fa,0x19e8,0x19e8,0x0000,0xa6fa,0xa6fa,0xa6fa,0xa6fa,0xa6fa,0x0000,0x0000,0x0000,0x0000,0x0000,0x0000,0x0000,0x0000,0x0000,
0x0000,0x0000,0x0000,0x0000,0x0000,0x0000,0x0000,0x0000,0x0000,0xa6fa,0xa6fa,0xa6fa,0xa6fa,0xa6fa,0x0000,0x19e8,0x19e8,0xa6fa,0xa6fa,0xa6fa,0xa6fa,0xa6fa,0xa6fa,0xa6fa,0xa6fa,0xa6fa,0xa6fa,0xa6fa,0xa6fa,0xa6fa,0xa6fa,0xa6fa,
0xa6fa,0xa6fa,0xa6fa,0xa6fa,0xa6fa,0xa6fa,0xa6fa,0xa6fa,0xa6fa,0xa6fa,0xa6fa,0xa6fa,0xa6fa,0xa6fa,0xa6fa,0x19e8,0x19e8,0x0000,0xa6fa,0xa6fa,0xa6fa,0xa6fa,0xa6fa,0x0000,0x0000,0x0000,0x0000,0x0000,0x0000,0x0000,0x0000,0x0000,
0x0000,0x0000,0x0000,0x0000,0x0000,0x0000,0x0000,0x0000,0x0000,0xa6fa,0xa6fa,0xa6fa,0xa6fa,0xa6fa,0x0000,0x19e8,0x19e8,0xa6fa,0xa6fa,0xa6fa,0xa6fa,0xa6fa,0xa6fa,0xa6fa,0xa6fa,0xa6fa,0xa6fa,0x19e8,0x19e8,0x19e8,0x19e8,0x19e8,
0x19e8,0x19e8,0x19e8,0x19e8,0x19e8,0xa6fa,0xa6fa,0xa6fa,0xa6fa,0xa6fa,0xa6fa,0xa6fa,0xa6fa,0xa6fa,0xa6fa,0x19e8,0x19e8,0x0000,0xa6fa,0xa6fa,0xa6fa,0xa6fa,0xa6fa,0x0000,0x0000,0x0000,0x0000,0x0000,0x0000,0x0000,0x0000,0x0000,
0x0000,0x0000,0x0000,0x0000,0x0000,0x0000,0x0000,0x0000,0x0000,0xa6fa,0xa6fa,0xa6fa,0xa6fa,0xa6fa,0x0000,0x19e8,0x19e8,0xa6fa,0xa6fa,0xa6fa,0xa6fa,0xa6fa,0xa6fa,0xa6fa,0xa6fa,0xa6fa,0xa6fa,0x19e8,0x19e8,0x19e8,0x19e8,0x19e8,
0x19e8,0x19e8,0x19e8,0x19e8,0x19e8,0xa6fa,0xa6fa,0xa6fa,0xa6fa,0xa6fa,0xa6fa,0xa6fa,0xa6fa,0xa6fa,0xa6fa,0x19e8,0x19e8,0x0000,0xa6fa,0xa6fa,0xa6fa,0xa6fa,0xa6fa,0x0000,0x0000,0x0000,0x0000,0x0000,0x0000,0x0000,0x0000,0x0000,
0x0000,0x0000,0x0000,0x0000,0x0000,0x0000,0x0000,0x0000,0x0000,0xa6fa,0xa6fa,0xa6fa,0xa6fa,0xa6fa,0x0000,0x19e8,0x19e8,0xa6fa,0xa6fa,0xa6fa,0xa6fa,0xa6fa,0xa6fa,0xa6fa,0xa6fa,0xa6fa,0xa6fa,0xa6fa,0xa6fa,0xa6fa,0xa6fa,0xa6fa,
0xa6fa,0xa6fa,0xa6fa,0xa6fa,0xa6fa,0xa6fa,0xa6fa,0xa6fa,0xa6fa,0xa6fa,0xa6fa,0xa6fa,0xa6fa,0xa6fa,0xa6fa,0x19e8,0x19e8,0x0000,0xa6fa,0xa6fa,0xa6fa,0xa6fa,0xa6fa,0x0000,0x0000,0x0000,0x0000,0x0000,0x0000,0x0000,0x0000,0x0000,
0x0000,0x0000,0x0000,0x0000,0x0000,0x0000,0x0000,0x0000,0x0000,0x0000,0x0000,0x0000,0x0000,0x0000,0x0000,0x19e8,0x19e8,0xa6fa,0xa6fa,0xa6fa,0xa6fa,0xa6fa,0xa6fa,0xa6fa,0xa6fa,0xa6fa,0xa6fa,0xa6fa,0xa6fa,0xa6fa,0xa6fa,0xa6fa,
0xa6fa,0xa6fa,0xa6fa,0xa6fa,0xa6fa,0xa6fa,0xa6fa,0xa6fa,0xa6fa,0xa6fa,0xa6fa,0xa6fa,0xa6fa,0xa6fa,0xa6fa,0x19e8,0x19e8,0x0000,0x0000,0x0000,0x0000,0x0000,0x0000,0x0000,0x0000,0x0000,0x0000,0x0000,0x0000,0x0000,0x0000,0x0000,
0x0000,0x0000,0x0000,0x0000,0x0000,0x0000,0x0000,0x0000,0x0000,0x0000,0x0000,0x0000,0x0000,0x0000,0x0000,0x19e8,0x19e8,0x19e8,0x19e8,0x19e8,0x19e8,0x19e8,0x19e8,0x19e8,0x19e8,0x19e8,0x19e8,0x19e8,0x19e8,0x19e8,0x19e8,0x19e8,
0x19e8,0x19e8,0x19e8,0x19e8,0x19e8,0x19e8,0x19e8,0x19e8,0x19e8,0x19e8,0x19e8,0x19e8,0x19e8,0x19e8,0x19e8,0x19e8,0x19e8,0x0000,0x0000,0x0000,0x0000,0x0000,0x0000,0x0000,0x0000,0x0000,0x0000,0x0000,0x0000,0x0000,0x0000,0x0000,
0x0000,0x0000,0x0000,0x0000,0x0000,0x0000,0x0000,0x0000,0x0000,0x0000,0x0000,0x0000,0x0000,0x0000,0x0000,0x19e8,0x19e8,0x19e8,0x19e8,0x19e8,0x19e8,0x19e8,0x19e8,0x19e8,0x19e8,0x19e8,0x19e8,0x19e8,0x19e8,0x19e8,0x19e8,0x19e8,
0x19e8,0x19e8,0x19e8,0x19e8,0x19e8,0x19e8,0x19e8,0x19e8,0x19e8,0x19e8,0x19e8,0x19e8,0x19e8,0x19e8,0x19e8,0x19e8,0x19e8,0x0000,0x0000,0x0000,0x0000,0x0000,0x0000,0x0000,0x0000,0x0000,0x0000,0x0000,0x0000,0x0000,0x0000,0x0000,
0x0000,0x0000,0x0000,0x0000,0x0000,0x0000,0x0000,0x0000,0x0000,0x0000,0x0000,0x0000,0x0000,0x0000,0x0000,0x0000,0x0000,0x0000,0x0000,0x0000,0x0000,0x19e8,0x19e8,0x19e8,0x19e8,0x19e8,0x19e8,0x19e8,0x19e8,0x19e8,0x19e8,0x19e8,
0x19e8,0x19e8,0x19e8,0x19e8,0x19e8,0x19e8,0x19e8,0x19e8,0x19e8,0x19e8,0x19e8,0x0000,0x0000,0x0000,0x0000,0x0000,0x0000,0x0000,0x0000,0x0000,0x0000,0x0000,0x0000,0x0000,0x0000,0x0000,0x0000,0x0000,0x0000,0x0000,0x0000,0x0000,
0x0000,0x0000,0x0000,0x0000,0x0000,0x0000,0x0000,0x0000,0x0000,0x0000,0x0000,0x0000,0x0000,0x0000,0x0000,0x0000,0x0000,0x0000,0x0000,0x0000,0x0000,0x19e8,0x19e8,0x19e8,0x19e8,0x19e8,0x19e8,0x19e8,0x19e8,0x19e8,0x19e8,0x19e8,
0x19e8,0x19e8,0x19e8,0x19e8,0x19e8,0x19e8,0x19e8,0x19e8,0x19e8,0x19e8,0x19e8,0x0000,0x0000,0x0000,0x0000,0x0000,0x0000,0x0000,0x0000,0x0000,0x0000,0x0000,0x0000,0x0000,0x0000,0x0000,0x0000,0x0000,0x0000,0x0000,0x0000,0x0000,
0x0000,0x0000,0x0000,0x0000,0x0000,0x0000,0x0000,0x0000,0x0000,0x0000,0x0000,0x0000,0x0000,0x0000,0x0000,0x0000,0x0000,0x0000,0x0000,0x0000,0x0000,0x19e8,0x19e8,0xa6fa,0xa6fa,0xa6fa,0xa6fa,0xa6fa,0xa6fa,0xa6fa,0xa6fa,0xa6fa,
0xa6fa,0xa6fa,0xa6fa,0xa6fa,0xa6fa,0xa6fa,0xa6fa,0xa6fa,0xa6fa,0x19e8,0x19e8,0x0000,0x0000,0x0000,0x0000,0x0000,0x0000,0x0000,0x0000,0x0000,0x0000,0x0000,0x0000,0x0000,0x0000,0x0000,0x0000,0x0000,0x0000,0x0000,0x0000,0x0000,
0x0000,0x0000,0x0000,0x0000,0x0000,0x0000,0x0000,0x0000,0x0000,0x0000,0x0000,0x0000,0x0000,0x0000,0x0000,0x0000,0x0000,0x0000,0x0000,0x0000,0x0000,0x19e8,0x19e8,0xa6fa,0xa6fa,0xa6fa,0xa6fa,0xa6fa,0xa6fa,0xa6fa,0xa6fa,0xa6fa,
0xa6fa,0xa6fa,0xa6fa,0xa6fa,0xa6fa,0xa6fa,0xa6fa,0xa6fa,0xa6fa,0x19e8,0x19e8,0x0000,0x0000,0x0000,0x0000,0x0000,0x0000,0x0000,0x0000,0x0000,0x0000,0x0000,0x0000,0x0000,0x0000,0x0000,0x0000,0x0000,0x0000,0x0000,0x0000,0x0000,
0x0000,0x0000,0x0000,0x0000,0x0000,0x0000,0x0000,0x0000,0x0000,0x0000,0x0000,0x0000,0x0000,0x0000,0x0000,0x0000,0x0000,0x0000,0x0000,0x0000,0x0000,0x19e8,0x19e8,0xa6fa,0xa6fa,0xa6fa,0xa6fa,0xa6fa,0xa6fa,0xa6fa,0xa6fa,0xa6fa,
0xa6fa,0xa6fa,0xa6fa,0xa6fa,0xa6fa,0xa6fa,0xa6fa,0xa6fa,0xa6fa,0x19e8,0x19e8,0x0000,0x0000,0x0000,0x0000,0x0000,0x0000,0x0000,0x0000,0x0000,0x0000,0x0000,0x0000,0x0000,0x0000,0x0000,0x0000,0x0000,0x0000,0x0000,0x0000,0x0000,
0x0000,0x0000,0x0000,0x0000,0x0000,0x0000,0x0000,0x0000,0x0000,0x0000,0x0000,0x0000,0x0000,0x0000,0x0000,0x0000,0x0000,0x0000,0x0000,0x0000,0x0000,0x19e8,0x19e8,0xa6fa,0xa6fa,0xa6fa,0xa6fa,0xa6fa,0xa6fa,0xa6fa,0xa6fa,0xa6fa,
0xa6fa,0xa6fa,0xa6fa,0xa6fa,0xa6fa,0xa6fa,0xa6fa,0xa6fa,0xa6fa,0x19e8,0x19e8,0x0000,0x0000,0x0000,0x0000,0x0000,0x0000,0x0000,0x0000,0x0000,0x0000,0x0000,0x0000,0x0000,0x0000,0x0000,0x0000,0x0000,0x0000,0x0000,0x0000,0x0000,
0x0000,0x0000,0x0000,0x0000,0x0000,0x0000,0x0000,0x0000,0x0000,0x0000,0x0000,0x0000,0x0000,0x0000,0x0000,0x0000,0x0000,0x0000,0x0000,0x0000,0x0000,0x19e8,0x19e8,0xa6fa,0xa6fa,0xa6fa,0xa6fa,0xa6fa,0xa6fa,0xa6fa,0xa6fa,0xa6fa,
0xa6fa,0xa6fa,0xa6fa,0xa6fa,0xa6fa,0xa6fa,0xa6fa,0xa6fa,0xa6fa,0x19e8,0x19e8,0x0000,0x0000,0x0000,0x0000,0x0000,0x0000,0x0000,0x0000,0x0000,0x0000,0x0000,0x0000,0x0000,0x0000,0x0000,0x0000,0x0000,0x0000,0x0000,0x0000,0x0000,
0x0000,0x0000,0x0000,0x0000,0x0000,0x0000,0x0000,0x0000,0x0000,0x0000,0x0000,0x0000,0x0000,0x0000,0x0000,0x0000,0x0000,0x0000,0x0000,0x0000,0x0000,0x19e8,0x19e8,0xa6fa,0xa6fa,0xa6fa,0xa6fa,0xa6fa,0xa6fa,0xa6fa,0xa6fa,0xa6fa,
0xa6fa,0xa6fa,0xa6fa,0xa6fa,0xa6fa,0xa6fa,0xa6fa,0xa6fa,0xa6fa,0x19e8,0x19e8,0x0000,0x0000,0x0000,0x0000,0x0000,0x0000,0x0000,0x0000,0x0000,0x0000,0x0000,0x0000,0x0000,0x0000,0x0000,0x0000,0x0000,0x0000,0x0000,0x0000,0x0000,
0x0000,0x0000,0x0000,0x0000,0x0000,0x0000,0x0000,0x0000,0x0000,0x0000,0x0000,0x0000,0x0000,0x0000,0x0000,0x0000,0x0000,0x0000,0x0000,0x0000,0x0000,0x19e8,0x19e8,0xa6fa,0xa6fa,0xa6fa,0xa6fa,0xa6fa,0xa6fa,0xa6fa,0xa6fa,0xa6fa,
0xa6fa,0xa6fa,0xa6fa,0xa6fa,0xa6fa,0xa6fa,0xa6fa,0xa6fa,0xa6fa,0x19e8,0x19e8,0x0000,0x0000,0x0000,0x0000,0x0000,0x0000,0x0000,0x0000,0x0000,0x0000,0x0000,0x0000,0x0000,0x0000,0x0000,0x0000,0x0000,0x0000,0x0000,0x0000,0x0000,
0x0000,0x0000,0x0000,0x0000,0x0000,0x0000,0x0000,0x0000,0x0000,0x0000,0x0000,0x0000,0x0000,0x0000,0x0000,0x0000,0x0000,0x0000,0x0000,0x0000,0x0000,0x19e8,0x19e8,0xa6fa,0xa6fa,0xa6fa,0xa6fa,0xa6fa,0xa6fa,0xa6fa,0xa6fa,0xa6fa,
0xa6fa,0xa6fa,0xa6fa,0xa6fa,0xa6fa,0xa6fa,0xa6fa,0xa6fa,0xa6fa,0x19e8,0x19e8,0x0000,0x0000,0x0000,0x0000,0x0000,0x0000,0x0000,0x0000,0x0000,0x0000,0x0000,0x0000,0x0000,0x0000,0x0000,0x0000,0x0000,0x0000,0x0000,0x0000,0x0000,
0x0000,0x0000,0x0000,0x0000,0x0000,0x0000,0x0000,0x0000,0x0000,0x0000,0x0000,0x0000,0x0000,0x0000,0x0000,0x0000,0x0000,0x0000,0x0000,0x0000,0x0000,0x19e8,0x19e8,0x19e8,0x19e8,0x19e8,0x19e8,0x19e8,0x19e8,0x19e8,0x19e8,0x19e8,
0x19e8,0x19e8,0x19e8,0x19e8,0x19e8,0x19e8,0x19e8,0x19e8,0x19e8,0x19e8,0x19e8,0x0000,0x0000,0x0000,0x0000,0x0000,0x0000,0x0000,0x0000,0x0000,0x0000,0x0000,0x0000,0x0000,0x0000,0x0000,0x0000,0x0000,0x0000,0x0000,0x0000,0x0000,
0x0000,0x0000,0x0000,0x0000,0x0000,0x0000,0x0000,0x0000,0x0000,0x0000,0x0000,0x0000,0x0000,0x0000,0x0000,0x0000,0x0000,0x0000,0x0000,0x0000,0x0000,0x19e8,0x19e8,0x19e8,0x19e8,0x19e8,0x19e8,0x19e8,0x19e8,0x19e8,0x19e8,0x19e8,
0x19e8,0x19e8,0x19e8,0x19e8,0x19e8,0x19e8,0x19e8,0x19e8,0x19e8,0x19e8,0x19e8,0x0000,0x0000,0x0000,0x0000,0x0000,0x0000,0x0000,0x0000,0x0000,0x0000,0x0000,0x0000,0x0000,0x0000,0x0000,0x0000,0x0000,0x0000,0x0000,0x0000,0x0000,
0x0000,0x0000,0x0000,0x0000,0x0000,0x0000,0x0000,0x0000,0x0000,0x0000,0x0000,0x0000,0x0000,0x0000,0x0000,0x0000,0x0000,0x0000,0x0000,0x0000,0x0000,0x0000,0x0000,0x0000,0x0000,0x0000,0x0000,0x0000,0x0000,0x0000,0x0000,0x0000,
0x0000,0x0000,0x0000,0x0000,0x0000,0x0000,0x0000,0x0000,0x0000,0x0000,0x0000,0x0000,0x0000,0x0000,0x0000,0x0000,0x0000,0x0000,0x0000,0x0000,0x0000,0x0000,0x0000,0x0000,0x0000,0x0000,0x0000,0x0000,0x0000,0x0000,0x0000,0x0000,
0x0000,0x0000,0x0000,0x0000,0x0000,0x0000,0x0000,0x0000,0x0000,0x0000,0x0000,0x0000,0x0000,0x0000,0x0000,0x0000,0x0000,0x0000,0x0000,0x0000,0x0000,0x0000,0x0000,0x0000,0x0000,0x0000,0xa6fa,0xa6fa,0xa6fa,0xa6fa,0x0000,0x0000,
0x0000,0x0000,0xa6fa,0xa6fa,0xa6fa,0xa6fa,0x0000,0x0000,0x0000,0x0000,0x0000,0x0000,0x0000,0x0000,0x0000,0x0000,0x0000,0x0000,0x0000,0x0000,0x0000,0x0000,0x0000,0x0000,0x0000,0x0000,0x0000,0x0000,0x0000,0x0000,0x0000,0x0000,
0x0000,0x0000,0x0000,0x0000,0x0000,0x0000,0x0000,0x0000,0x0000,0x0000,0x0000,0x0000,0x0000,0x0000,0x0000,0x0000,0x0000,0x0000,0x0000,0x0000,0x0000,0x0000,0x0000,0x0000,0x0000,0x0000,0xa6fa,0xa6fa,0xa6fa,0xa6fa,0x0000,0x0000,
0x0000,0x0000,0xa6fa,0xa6fa,0xa6fa,0xa6fa,0x0000,0x0000,0x0000,0x0000,0x0000,0x0000,0x0000,0x0000,0x0000,0x0000,0x0000,0x0000,0x0000,0x0000,0x0000,0x0000,0x0000,0x0000,0x0000,0x0000,0x0000,0x0000,0x0000,0x0000,0x0000,0x0000,
0x0000,0x0000,0x0000,0x0000,0x0000,0x0000,0x0000,0x0000,0x0000,0x0000,0x0000,0x0000,0x0000,0x0000,0x0000,0x0000,0x0000,0x0000,0x0000,0x0000,0x0000,0x0000,0x0000,0x0000,0x0000,0x0000,0xa6fa,0xa6fa,0xa6fa,0xa6fa,0x0000,0x0000,
0x0000,0x0000,0xa6fa,0xa6fa,0xa6fa,0xa6fa,0x0000,0x0000,0x0000,0x0000,0x0000,0x0000,0x0000,0x0000,0x0000,0x0000,0x0000,0x0000,0x0000,0x0000,0x0000,0x0000,0x0000,0x0000,0x0000,0x0000,0x0000,0x0000,0x0000,0x0000,0x0000,0x0000,
0x0000,0x0000,0x0000,0x0000,0x0000,0x0000,0x0000,0x0000,0x0000,0x0000,0x0000,0x0000,0x0000,0x0000,0x0000,0x0000,0x0000,0x0000,0x0000,0x0000,0x0000,0x0000,0x0000,0x0000,0x0000,0x0000,0xa6fa,0xa6fa,0xa6fa,0xa6fa,0x0000,0x0000,
0x0000,0x0000,0xa6fa,0xa6fa,0xa6fa,0xa6fa,0x0000,0x0000,0x0000,0x0000,0x0000,0x0000,0x0000,0x0000,0x0000,0x0000,0x0000,0x0000,0x0000,0x0000,0x0000,0x0000,0x0000,0x0000,0x0000,0x0000,0x0000,0x0000,0x0000,0x0000,0x0000,0x0000,
0x0000,0x0000,0x0000,0x0000,0x0000,0x0000,0x0000,0x0000,0x0000,0x0000,0x0000,0x0000,0x0000,0x0000,0x0000,0x0000,0x0000,0x0000,0x0000,0x0000,0x0000,0x0000,0x0000,0x0000,0x0000,0x0000,0x0000,0x0000,0x0000,0x0000,0x0000,0x0000,
0x0000,0x0000,0x0000,0x0000,0x0000,0x0000,0x0000,0x0000,0x0000,0x0000,0x0000,0x0000,0x0000,0x0000,0x0000,0x0000,0x0000,0x0000,0x0000,0x0000,0x0000,0x0000,0x0000,0x0000,0x0000,0x0000,0x0000,0x0000,0x0000,0x0000,0x0000,0x0000,
0x0000,0x0000,0x0000,0x0000,0x0000,0x0000,0x0000,0x0000,0x0000,0x0000,0x0000,0x0000,0x0000,0x0000,0x0000,0x0000,0x0000,0x0000,0x0000,0x0000,0x0000,0x0000,0x0000,0x0000,0x0000,0x0000,0x0000,0x0000,0x0000,0x0000,0x0000,0x0000,
0x0000,0x0000,0x0000,0x0000,0x0000,0x0000,0x0000,0x0000,0x0000,0x0000,0x0000,0x0000,0x0000,0x0000,0x0000,0x0000,0x0000,0x0000,0x0000,0x0000,0x0000,0x0000,0x0000,0x0000,0x0000,0x0000,0x0000,0x0000,0x0000,0x0000,0x0000,0x0000,
0x0000,0x0000,0x0000,0x0000,0x0000,0x0000,0x0000,0x0000,0x0000,0x0000,0x0000,0x0000,0x0000,0x0000,0x0000,0x0000,0x0000,0x0000,0x0000,0x0000,0x0000,0x0000,0x0000,0x0000,0x0000,0x0000,0x0000,0x0000,0x0000,0x0000,0x0000,0x0000,
0x0000,0x0000,0x0000,0x0000,0x0000,0x0000,0x0000,0x0000,0x0000,0x0000,0x0000,0x0000,0x0000,0x0000,0x0000,0x0000,0x0000,0x0000,0x0000,0x0000,0x0000,0x0000,0x0000,0x0000,0x0000,0x0000,0x0000,0x0000,0x0000,0x0000,0x0000,0x0000,
0x0000,0x0000,0x0000,0x0000,0x0000,0x0000,0x0000,0x0000,0x0000,0x0000,0x0000,0x0000,0x0000,0x0000,0x0000,0x0000,0x0000,0x0000,0x0000,0x0000,0x0000,0x0000,0x0000,0x0000,0x0000,0x0000,0x0000,0x0000,0x0000,0x0000,0x0000,0x0000,
0x0000,0x0000,0x0000,0x0000,0x0000,0x0000,0x0000,0x0000,0x0000,0x0000,0x0000,0x0000,0x0000,0x0000,0x0000,0x0000,0x0000,0x0000,0x0000,0x0000,0x0000,0x0000,0x0000,0x0000,0x0000,0x0000,0x0000,0x0000,0x0000,0x0000,0x0000,0x0000,
0x0000,0x0000,0x0000,0x0000,0x0000,0x0000,0x0000,0x0000,0x0000,0x0000,0x0000,0x0000,0x0000,0x0000,0x0000,0x0000,0x0000,0x0000,0x0000,0x0000,0x0000,0x0000,0x0000,0x0000,0x0000,0x0000,0x0000,0x0000,0x0000,0x0000,0x0000,0x0000,
0x0000,0x0000,0x0000,0x0000,0x0000,0x0000,0x0000,0x0000,0x0000,0x0000,0x0000,0x0000,0x0000,0x0000,0x0000,0x0000,0x0000,0x0000,0x0000,0x0000,0x0000,0x0000,0x0000,0x0000,0x0000,0x0000,0x0000,0x0000,0x0000,0x0000,0x0000,0x0000,
};
static const uint16_t frame_12[4096] = {
0x0000,0x0000,0x0000,0x0000,0x0000,0x0000,0x0000,0x0000,0x0000,0x0000,0x0000,0x0000,0x0000,0x0000,0x0000,0x0000,0x0000,0x0000,0x0000,0x0000,0x0000,0x0000,0x0000,0x0000,0x0000,0x0000,0x0000,0x0000,0x0000,0x0000,0x0000,0x0000,
0x0000,0x0000,0x0000,0x0000,0x0000,0x0000,0x0000,0x0000,0x0000,0x0000,0x0000,0x0000,0x0000,0x0000,0x0000,0x0000,0x0000,0x0000,0x0000,0x0000,0x0000,0x0000,0x0000,0x0000,0x0000,0x0000,0x0000,0x0000,0x0000,0x0000,0x0000,0x0000,
0x0000,0x0000,0x0000,0x0000,0x0000,0x0000,0x0000,0x0000,0x0000,0x0000,0x0000,0x0000,0x0000,0x0000,0x0000,0x0000,0x0000,0x0000,0x0000,0x0000,0x0000,0x0000,0x0000,0x0000,0x0000,0x0000,0x0000,0x0000,0x0000,0x0000,0x0000,0x0000,
0x0000,0x0000,0x0000,0x0000,0x0000,0x0000,0x0000,0x0000,0x0000,0x0000,0x0000,0x0000,0x0000,0x0000,0x0000,0x0000,0x0000,0x0000,0x0000,0x0000,0x0000,0x0000,0x0000,0x0000,0x0000,0x0000,0x0000,0x0000,0x0000,0x0000,0x0000,0x0000,
0x0000,0x0000,0x0000,0x0000,0x0000,0x0000,0x0000,0x0000,0x0000,0x0000,0x0000,0x0000,0x0000,0x0000,0x0000,0x0000,0x0000,0x0000,0x0000,0x0000,0x0000,0x0000,0x0000,0x0000,0x0000,0x0000,0x0000,0x0000,0x0000,0x0000,0x0000,0x0000,
0x0000,0x0000,0x0000,0x0000,0x0000,0x0000,0x0000,0x0000,0x0000,0x0000,0x0000,0x0000,0x0000,0x0000,0x0000,0x0000,0x0000,0x0000,0x0000,0x0000,0x0000,0x0000,0x0000,0x0000,0x0000,0x0000,0x0000,0x0000,0x0000,0x0000,0x0000,0x0000,
0x0000,0x0000,0x0000,0x0000,0x0000,0x0000,0x0000,0x0000,0x0000,0x0000,0x0000,0x0000,0x0000,0x0000,0x0000,0x0000,0x0000,0x0000,0x0000,0x0000,0x0000,0x0000,0x0000,0x0000,0x0000,0x0000,0x0000,0x0000,0x0000,0x0000,0x0000,0x0000,
0x0000,0x0000,0x0000,0x0000,0x0000,0x0000,0x0000,0x0000,0x0000,0x0000,0x0000,0x0000,0x0000,0x0000,0x0000,0x0000,0x0000,0x0000,0x0000,0x0000,0x0000,0x0000,0x0000,0x0000,0x0000,0x0000,0x0000,0x0000,0x0000,0x0000,0x0000,0x0000,
0x0000,0x0000,0x0000,0x0000,0x0000,0x0000,0x0000,0x0000,0x0000,0x0000,0x0000,0x0000,0x0000,0x0000,0x0000,0x0000,0x0000,0x0000,0x0000,0x0000,0x0000,0x0000,0x0000,0x0000,0x0000,0x0000,0x0000,0x0000,0x0000,0x0000,0x0000,0x0000,
0x0000,0x0000,0x0000,0x0000,0x0000,0x0000,0x0000,0x0000,0x0000,0x0000,0x0000,0x0000,0x0000,0x0000,0x0000,0x0000,0x0000,0x0000,0x0000,0x0000,0x0000,0x0000,0x0000,0x0000,0x0000,0x0000,0x0000,0x0000,0x0000,0x0000,0x0000,0x0000,
0x0000,0x0000,0x0000,0x0000,0x0000,0x0000,0x0000,0x0000,0x0000,0x0000,0x0000,0x0000,0x0000,0x0000,0x0000,0x0000,0x0000,0x0000,0x0000,0x0000,0x0000,0x0000,0x0000,0x0000,0x0000,0x0000,0x0000,0x0000,0x0000,0x0000,0x0000,0x0000,
0x0000,0x0000,0x0000,0x0000,0x0000,0x0000,0x0000,0x0000,0x0000,0x0000,0x0000,0x0000,0x0000,0x0000,0x0000,0x0000,0x0000,0x0000,0x0000,0x0000,0x0000,0x0000,0x0000,0x0000,0x0000,0x0000,0x0000,0x0000,0x0000,0x0000,0x0000,0x0000,
0x0000,0x0000,0x0000,0x0000,0x0000,0x0000,0x0000,0x0000,0x0000,0x0000,0x0000,0x0000,0x0000,0x0000,0x0000,0x0000,0x0000,0x0000,0x0000,0x0000,0x0000,0x0000,0x0000,0x0000,0x0000,0x0000,0x0000,0x0000,0x0000,0x0000,0x0000,0x0000,
0x0000,0x0000,0x0000,0x0000,0x0000,0x0000,0x0000,0x0000,0x0000,0x0000,0x0000,0x0000,0x0000,0x0000,0x0000,0x0000,0x0000,0x0000,0x0000,0x0000,0x0000,0x0000,0x0000,0x0000,0x0000,0x0000,0x0000,0x0000,0x0000,0x0000,0x0000,0x0000,
0x0000,0x0000,0x0000,0x0000,0x0000,0x0000,0x0000,0x0000,0x0000,0x0000,0x0000,0x0000,0x0000,0x0000,0x0000,0x0000,0x0000,0x0000,0x0000,0x0000,0x0000,0x0000,0x0000,0x0000,0x0000,0x0000,0x0000,0x0000,0x0000,0x0000,0x0000,0x0000,
0x0000,0x0000,0x0000,0x0000,0x0000,0x0000,0x0000,0x0000,0x0000,0x0000,0x0000,0x0000,0x0000,0x0000,0x0000,0x0000,0x0000,0x0000,0x0000,0x0000,0x0000,0x0000,0x0000,0x0000,0x0000,0x0000,0x0000,0x0000,0x0000,0x0000,0x0000,0x0000,
0x0000,0x0000,0x0000,0x0000,0x0000,0x0000,0x0000,0x0000,0x0000,0x0000,0x0000,0x0000,0x0000,0x0000,0x0000,0x0000,0x0000,0x0000,0x0000,0x0000,0x0000,0x0000,0x0000,0x0000,0x0000,0x0000,0x0000,0xfeb2,0xfeb2,0xfeb2,0xfeb2,0xfeb2,
0xfeb2,0xfeb2,0xfeb2,0xfeb2,0xfeb2,0x0000,0x0000,0x0000,0x0000,0x0000,0x0000,0x0000,0x0000,0x0000,0x0000,0x0000,0x0000,0x0000,0x0000,0x0000,0x0000,0x0000,0x0000,0x0000,0x0000,0x0000,0x0000,0x0000,0x0000,0x0000,0x0000,0x0000,
0x0000,0x0000,0x0000,0x0000,0x0000,0x0000,0x0000,0x0000,0x0000,0x0000,0x0000,0x0000,0x0000,0x0000,0x0000,0x0000,0x0000,0x0000,0x0000,0x0000,0x0000,0x0000,0x0000,0x0000,0x0000,0x0000,0x0000,0xfeb2,0xfeb2,0xfeb2,0xfeb2,0xfeb2,
0xfeb2,0xfeb2,0xfeb2,0xfeb2,0xfeb2,0x0000,0x0000,0x0000,0x0000,0x0000,0x0000,0x0000,0x0000,0x0000,0x0000,0x0000,0x0000,0x0000,0x0000,0x0000,0x0000,0x0000,0x0000,0x0000,0x0000,0x0000,0x0000,0x0000,0x0000,0x0000,0x0000,0x0000,
0x0000,0x0000,0x0000,0x0000,0x0000,0x0000,0x0000,0x0000,0x0000,0x0000,0x0000,0x0000,0x0000,0x0000,0x0000,0x0000,0x0000,0x0000,0x0000,0x0000,0x0000,0x0000,0x0000,0x0000,0x0000,0x0000,0x0000,0xfeb2,0xfeb2,0xfeb2,0xfeb2,0xfeb2,
0xfeb2,0xfeb2,0xfeb2,0xfeb2,0xfeb2,0x0000,0x0000,0x0000,0x0000,0x0000,0x0000,0x0000,0x0000,0x0000,0x0000,0x0000,0x0000,0x0000,0x0000,0x0000,0x0000,0x0000,0x0000,0x0000,0x0000,0x0000,0x0000,0x0000,0x0000,0x0000,0x0000,0x0000,
0x0000,0x0000,0x0000,0x0000,0x0000,0x0000,0x0000,0x0000,0x0000,0x0000,0x0000,0x0000,0x0000,0x0000,0x0000,0x0000,0x0000,0x0000,0x0000,0x0000,0x0000,0x0000,0x0000,0x0000,0x0000,0x0000,0x0000,0xfeb2,0xfeb2,0xfeb2,0xa6fa,0xa6fa,
0xa6fa,0xa6fa,0xfeb2,0xfeb2,0xfeb2,0x0000,0x0000,0x0000,0x0000,0x0000,0x0000,0x0000,0x0000,0x0000,0x0000,0x0000,0x0000,0x0000,0x0000,0x0000,0x0000,0x0000,0x0000,0x0000,0x0000,0x0000,0x0000,0x0000,0x0000,0x0000,0x0000,0x0000,
0x0000,0x0000,0x0000,0x0000,0x0000,0x0000,0x0000,0x0000,0x0000,0x0000,0x0000,0x0000,0x0000,0x0000,0x0000,0x0000,0x0000,0x0000,0x0000,0x0000,0x0000,0x0000,0x0000,0x0000,0x0000,0x0000,0x0000,0x0000,0x0000,0x0000,0xa6fa,0xa6fa,
0xa6fa,0xa6fa,0x0000,0x0000,0x0000,0x0000,0x0000,0x0000,0x0000,0x0000,0x0000,0x0000,0x0000,0x0000,0x0000,0x0000,0x0000,0x0000,0x0000,0x0000,0x0000,0x0000,0x0000,0x0000,0x0000,0x0000,0x0000,0x0000,0x0000,0x0000,0x0000,0x0000,
0x0000,0x0000,0x0000,0x0000,0x0000,0x0000,0x0000,0x0000,0x0000,0x0000,0x0000,0x0000,0x0000,0x0000,0x0000,0x0000,0x0000,0x0000,0x0000,0x0000,0x0000,0x0000,0x0000,0x0000,0x0000,0x0000,0x0000,0x0000,0x0000,0x0000,0xa6fa,0xa6fa,
0xa6fa,0xa6fa,0x0000,0x0000,0x0000,0x0000,0x0000,0x0000,0x0000,0x0000,0x0000,0x0000,0x0000,0x0000,0x0000,0x0000,0x0000,0x0000,0x0000,0x0000,0x0000,0x0000,0x0000,0x0000,0x0000,0x0000,0x0000,0x0000,0x0000,0x0000,0x0000,0x0000,
0x0000,0x0000,0x0000,0x0000,0x0000,0x0000,0x0000,0x0000,0x0000,0x0000,0x0000,0x0000,0x0000,0x0000,0x0000,0x0000,0x0000,0x0000,0x0000,0x0000,0x0000,0x0000,0x0000,0x0000,0x0000,0x0000,0x0000,0x0000,0x0000,0x0000,0xa6fa,0xa6fa,
0xa6fa,0xa6fa,0x0000,0x0000,0x0000,0x0000,0x0000,0x0000,0x0000,0x0000,0x0000,0x0000,0x0000,0x0000,0x0000,0x0000,0x0000,0x0000,0x0000,0x0000,0x0000,0x0000,0x0000,0x0000,0x0000,0x0000,0x0000,0x0000,0x0000,0x0000,0x0000,0x0000,
0x0000,0x0000,0x0000,0x0000,0x0000,0x0000,0x0000,0x0000,0x0000,0x0000,0x0000,0x0000,0x0000,0x0000,0x0000,0x19e8,0x19e8,0x19e8,0x19e8,0x19e8,0x19e8,0x19e8,0x19e8,0x19e8,0x19e8,0x19e8,0x19e8,0x19e8,0x19e8,0x19e8,0x19e8,0x19e8,
0x19e8,0x19e8,0x19e8,0x19e8,0x19e8,0x19e8,0x19e8,0x19e8,0x19e8,0x19e8,0x19e8,0x19e8,0x19e8,0x19e8,0x19e8,0x19e8,0x19e8,0x0000,0x0000,0x0000,0x0000,0x0000,0x0000,0x0000,0x0000,0x0000,0x0000,0x0000,0x0000,0x0000,0x0000,0x0000,
0x0000,0x0000,0x0000,0x0000,0x0000,0x0000,0x0000,0x0000,0x0000,0x0000,0x0000,0x0000,0x0000,0x0000,0x0000,0x19e8,0x19e8,0x19e8,0x19e8,0x19e8,0x19e8,0x19e8,0x19e8,0x19e8,0x19e8,0x19e8,0x19e8,0x19e8,0x19e8,0x19e8,0x19e8,0x19e8,
0x19e8,0x19e8,0x19e8,0x19e8,0x19e8,0x19e8,0x19e8,0x19e8,0x19e8,0x19e8,0x19e8,0x19e8,0x19e8,0x19e8,0x19e8,0x19e8,0x19e8,0x0000,0x0000,0x0000,0x0000,0x0000,0x0000,0x0000,0x0000,0x0000,0x0000,0x0000,0x0000,0x0000,0x0000,0x0000,
0x0000,0x0000,0x0000,0x0000,0x0000,0x0000,0x0000,0x0000,0x0000,0x0000,0x0000,0x0000,0x0000,0x0000,0x0000,0x19e8,0x19e8,0xa6fa,0xa6fa,0xa6fa,0xa6fa,0xa6fa,0xa6fa,0xa6fa,0xa6fa,0xa6fa,0xa6fa,0xa6fa,0xa6fa,0xa6fa,0xa6fa,0xa6fa,
0xa6fa,0xa6fa,0xa6fa,0xa6fa,0xa6fa,0xa6fa,0xa6fa,0xa6fa,0xa6fa,0xa6fa,0xa6fa,0xa6fa,0xa6fa,0xa6fa,0xa6fa,0x19e8,0x19e8,0x0000,0x0000,0x0000,0x0000,0x0000,0x0000,0x0000,0x0000,0x0000,0x0000,0x0000,0x0000,0x0000,0x0000,0x0000,
0x0000,0x0000,0x0000,0x0000,0x0000,0x0000,0x0000,0x0000,0x0000,0x0000,0x0000,0x0000,0x0000,0x0000,0x0000,0x19e8,0x19e8,0xa6fa,0xa6fa,0xa6fa,0xa6fa,0xa6fa,0xa6fa,0xa6fa,0xa6fa,0xa6fa,0xa6fa,0xa6fa,0xa6fa,0xa6fa,0xa6fa,0xa6fa,
0xa6fa,0xa6fa,0xa6fa,0xa6fa,0xa6fa,0xa6fa,0xa6fa,0xa6fa,0xa6fa,0xa6fa,0xa6fa,0xa6fa,0xa6fa,0xa6fa,0xa6fa,0x19e8,0x19e8,0x0000,0x0000,0x0000,0x0000,0x0000,0x0000,0x0000,0x0000,0x0000,0x0000,0x0000,0x0000,0x0000,0x0000,0x0000,
0x0000,0x0000,0x0000,0x0000,0x0000,0x0000,0x0000,0x0000,0x0000,0x0000,0x0000,0x0000,0x0000,0x0000,0x0000,0x19e8,0x19e8,0xa6fa,0xa6fa,0xa6fa,0xa6fa,0xa6fa,0xa6fa,0xa6fa,0xa6fa,0xa6fa,0xa6fa,0xa6fa,0xa6fa,0xa6fa,0xa6fa,0xa6fa,
0xa6fa,0xa6fa,0xa6fa,0xa6fa,0xa6fa,0xa6fa,0xa6fa,0xa6fa,0xa6fa,0xa6fa,0xa6fa,0xa6fa,0xa6fa,0xa6fa,0xa6fa,0x19e8,0x19e8,0x0000,0x0000,0x0000,0x0000,0x0000,0x0000,0x0000,0x0000,0x0000,0x0000,0x0000,0x0000,0x0000,0x0000,0x0000,
0x0000,0x0000,0x0000,0x0000,0x0000,0x0000,0x0000,0x0000,0x0000,0x0000,0x0000,0x0000,0x0000,0x0000,0x0000,0x19e8,0x19e8,0xa6fa,0xa6fa,0xa6fa,0xa6fa,0xa6fa,0xa6fa,0xa6fa,0xa6fa,0xa6fa,0xa6fa,0xa6fa,0xa6fa,0xa6fa,0xa6fa,0xa6fa,
0xa6fa,0xa6fa,0xa6fa,0xa6fa,0xa6fa,0xa6fa,0xa6fa,0xa6fa,0xa6fa,0xa6fa,0xa6fa,0xa6fa,0xa6fa,0xa6fa,0xa6fa,0x19e8,0x19e8,0x0000,0x0000,0x0000,0x0000,0x0000,0x0000,0x0000,0x0000,0x0000,0x0000,0x0000,0x0000,0x0000,0x0000,0x0000,
0x0000,0x0000,0x0000,0x0000,0x0000,0x0000,0x0000,0x0000,0x0000,0x0000,0x0000,0x0000,0x0000,0x0000,0x0000,0x19e8,0x19e8,0xa6fa,0xa6fa,0xa6fa,0xa6fa,0x19e8,0x19e8,0x19e8,0x19e8,0x19e8,0x19e8,0x19e8,0x19e8,0x19e8,0x19e8,0x19e8,
0x19e8,0x19e8,0x19e8,0x19e8,0x19e8,0x19e8,0x19e8,0x19e8,0x19e8,0x19e8,0x19e8,0xa6fa,0xa6fa,0xa6fa,0xa6fa,0x19e8,0x19e8,0x0000,0x0000,0x0000,0x0000,0x0000,0x0000,0x0000,0x0000,0x0000,0x0000,0x0000,0x0000,0x0000,0x0000,0x0000,
0x0000,0x0000,0x0000,0x0000,0x0000,0x0000,0x0000,0x0000,0x0000,0x0000,0x0000,0x0000,0x0000,0x0000,0x0000,0x19e8,0x19e8,0xa6fa,0xa6fa,0xa6fa,0xa6fa,0x19e8,0x19e8,0x19e8,0x19e8,0x19e8,0x19e8,0x19e8,0x19e8,0x19e8,0x19e8,0x19e8,
0x19e8,0x19e8,0x19e8,0x19e8,0x19e8,0x19e8,0x19e8,0x19e8,0x19e8,0x19e8,0x19e8,0xa6fa,0xa6fa,0xa6fa,0xa6fa,0x19e8,0x19e8,0x0000,0x0000,0x0000,0x0000,0x0000,0x0000,0x0000,0x0000,0x0000,0x0000,0x0000,0x0000,0x0000,0x0000,0x0000,
0x0000,0x0000,0x0000,0x0000,0x0000,0x0000,0x0000,0x0000,0x0000,0x0000,0x0000,0x0000,0x0000,0x0000,0x0000,0x19e8,0x19e8,0xa6fa,0xa6fa,0xa6fa,0xa6fa,0x19e8,0x19e8,0x19e8,0x19e8,0x19e8,0x19e8,0x19e8,0x19e8,0x19e8,0x19e8,0x19e8,
0x19e8,0x19e8,0x19e8,0x19e8,0x19e8,0x19e8,0x19e8,0x19e8,0x19e8,0x19e8,0x19e8,0xa6fa,0xa6fa,0xa6fa,0xa6fa,0x19e8,0x19e8,0x0000,0x0000,0x0000,0x0000,0x0000,0x0000,0x0000,0x0000,0x0000,0x0000,0x0000,0x0000,0x0000,0x0000,0x0000,
0x0000,0x0000,0x0000,0x0000,0x0000,0x0000,0x0000,0x0000,0x0000,0x0000,0x0000,0x0000,0x0000,0x0000,0x0000,0x19e8,0x19e8,0xa6fa,0xa6fa,0xa6fa,0xa6fa,0x19e8,0x19e8,0x19e8,0xefdb,0xefdb,0xefdb,0xefdb,0x19e8,0x19e8,0x19e8,0x19e8,
0x19e8,0x19e8,0x19e8,0xefdb,0xefdb,0xefdb,0xefdb,0x19e8,0x19e8,0x19e8,0x19e8,0xa6fa,0xa6fa,0xa6fa,0xa6fa,0x19e8,0x19e8,0x0000,0x0000,0x0000,0x0000,0x0000,0x0000,0x0000,0x0000,0x0000,0x0000,0x0000,0x0000,0x0000,0x0000,0x0000,
0x0000,0x0000,0x0000,0x0000,0x0000,0x0000,0x0000,0x0000,0x0000,0x0000,0x0000,0x0000,0x0000,0x0000,0x0000,0x19e8,0x19e8,0xa6fa,0xa6fa,0xa6fa,0xa6fa,0x19e8,0x19e8,0x19e8,0xefdb,0xefdb,0xefdb,0xefdb,0x19e8,0x19e8,0x19e8,0x19e8,
0x19e8,0x19e8,0x19e8,0xefdb,0xefdb,0xefdb,0xefdb,0x19e8,0x19e8,0x19e8,0x19e8,0xa6fa,0xa6fa,0xa6fa,0xa6fa,0x19e8,0x19e8,0x0000,0x0000,0x0000,0x0000,0x0000,0x0000,0x0000,0x0000,0x0000,0x0000,0x0000,0x0000,0x0000,0x0000,0x0000,
0x0000,0x0000,0x0000,0x0000,0x0000,0x0000,0x0000,0x0000,0x0000,0x0000,0x0000,0x0000,0x0000,0x0000,0x0000,0x19e8,0x19e8,0xa6fa,0xa6fa,0xa6fa,0xa6fa,0x19e8,0x19e8,0x19e8,0xefdb,0xefdb,0xefdb,0xefdb,0x19e8,0x19e8,0x19e8,0x19e8,
0x19e8,0x19e8,0x19e8,0xefdb,0xefdb,0xefdb,0xefdb,0x19e8,0x19e8,0x19e8,0x19e8,0xa6fa,0xa6fa,0xa6fa,0xa6fa,0x19e8,0x19e8,0x0000,0x0000,0x0000,0x0000,0x0000,0x0000,0x0000,0x0000,0x0000,0x0000,0x0000,0x0000,0x0000,0x0000,0x0000,
0x0000,0x0000,0x0000,0x0000,0x0000,0x0000,0x0000,0x0000,0x0000,0x0000,0x0000,0x0000,0x0000,0x0000,0x0000,0x19e8,0x19e8,0xa6fa,0xa6fa,0xa6fa,0xa6fa,0x19e8,0x19e8,0x19e8,0xefdb,0xefdb,0xefdb,0xefdb,0x19e8,0x19e8,0x19e8,0x19e8,
0x19e8,0x19e8,0x19e8,0xefdb,0xefdb,0xefdb,0xefdb,0x19e8,0x19e8,0x19e8,0x19e8,0xa6fa,0xa6fa,0xa6fa,0xa6fa,0x19e8,0x19e8,0x0000,0x0000,0x0000,0x0000,0x0000,0x0000,0x0000,0x0000,0x0000,0x0000,0x0000,0x0000,0x0000,0x0000,0x0000,
0x0000,0x0000,0x0000,0xfeb2,0xfeb2,0xfeb2,0x0000,0x0000,0x0000,0x0000,0x0000,0x0000,0x0000,0x0000,0x0000,0x19e8,0x19e8,0xa6fa,0xa6fa,0xa6fa,0xa6fa,0x19e8,0x19e8,0x19e8,0xefdb,0xefdb,0xefdb,0xefdb,0x19e8,0x19e8,0x19e8,0x19e8,
0x19e8,0x19e8,0x19e8,0xefdb,0xefdb,0xefdb,0xefdb,0x19e8,0x19e8,0x19e8,0x19e8,0xa6fa,0xa6fa,0xa6fa,0xa6fa,0x19e8,0x19e8,0x0000,0x0000,0x0000,0x0000,0x0000,0x0000,0x0000,0x0000,0x0000,0xfeb2,0xfeb2,0xfeb2,0x0000,0x0000,0x0000,
0x0000,0x0000,0x0000,0xfeb2,0xfeb2,0xfeb2,0x0000,0x0000,0x0000,0x0000,0x0000,0x0000,0x0000,0x0000,0x0000,0x19e8,0x19e8,0xa6fa,0xa6fa,0xa6fa,0xa6fa,0x19e8,0x19e8,0x19e8,0xefdb,0xefdb,0xefdb,0xefdb,0x19e8,0x19e8,0x19e8,0x19e8,
0x19e8,0x19e8,0x19e8,0xefdb,0xefdb,0xefdb,0xefdb,0x19e8,0x19e8,0x19e8,0x19e8,0xa6fa,0xa6fa,0xa6fa,0xa6fa,0x19e8,0x19e8,0x0000,0x0000,0x0000,0x0000,0x0000,0x0000,0x0000,0x0000,0x0000,0xfeb2,0xfeb2,0xfeb2,0x0000,0x0000,0x0000,
0x0000,0x0000,0x0000,0x0000,0x0000,0x0000,0x0000,0x0000,0x0000,0xa6fa,0xa6fa,0xa6fa,0xa6fa,0xa6fa,0x0000,0x19e8,0x19e8,0xa6fa,0xa6fa,0xa6fa,0xa6fa,0x19e8,0x19e8,0x19e8,0xefdb,0xefdb,0xefdb,0xefdb,0x19e8,0x19e8,0x19e8,0x19e8,
0x19e8,0x19e8,0x19e8,0xefdb,0xefdb,0xefdb,0xefdb,0x19e8,0x19e8,0x19e8,0x19e8,0xa6fa,0xa6fa,0xa6fa,0xa6fa,0x19e8,0x19e8,0x0000,0xa6fa,0xa6fa,0xa6fa,0xa6fa,0xa6fa,0x0000,0x0000,0x0000,0x0000,0x0000,0x0000,0x0000,0x0000,0x0000,
0x0000,0x0000,0x0000,0x0000,0x0000,0x0000,0x0000,0x0000,0x0000,0xa6fa,0xa6fa,0xa6fa,0xa6fa,0xa6fa,0x0000,0x19e8,0x19e8,0xa6fa,0xa6fa,0xa6fa,0xa6fa,0x19e8,0x19e8,0x19e8,0x19e8,0x19e8,0x19e8,0x19e8,0x19e8,0x19e8,0x19e8,0x19e8,
0x19e8,0x19e8,0x19e8,0x19e8,0x19e8,0x19e8,0x19e8,0x19e8,0x19e8,0x19e8,0x19e8,0xa6fa,0xa6fa,0xa6fa,0xa6fa,0x19e8,0x19e8,0x0000,0xa6fa,0xa6fa,0xa6fa,0xa6fa,0xa6fa,0x0000,0x0000,0x0000,0x0000,0x0000,0x0000,0x0000,0x0000,0x0000,
0x0000,0x0000,0x0000,0xfeb2,0xfeb2,0xfeb2,0x0000,0x0000,0x0000,0xa6fa,0xa6fa,0xa6fa,0xa6fa,0xa6fa,0x0000,0x19e8,0x19e8,0xa6fa,0xa6fa,0xa6fa,0xa6fa,0x19e8,0x19e8,0x19e8,0x19e8,0x19e8,0x19e8,0x19e8,0x19e8,0x19e8,0x19e8,0x19e8,
0x19e8,0x19e8,0x19e8,0x19e8,0x19e8,0x19e8,0x19e8,0x19e8,0x19e8,0x19e8,0x19e8,0xa6fa,0xa6fa,0xa6fa,0xa6fa,0x19e8,0x19e8,0x0000,0xa6fa,0xa6fa,0xa6fa,0xa6fa,0xa6fa,0x0000,0x0000,0x0000,0xfeb2,0xfeb2,0xfeb2,0x0000,0x0000,0x0000,
0x0000,0x0000,0x0000,0xfeb2,0xfeb2,0xfeb2,0x0000,0x0000,0x0000,0xa6fa,0xa6fa,0xa6fa,0xa6fa,0xa6fa,0x0000,0x19e8,0x19e8,0xa6fa,0xa6fa,0xa6fa,0xa6fa,0x19e8,0x19e8,0x19e8,0x19e8,0x19e8,0x19e8,0x19e8,0x19e8,0x19e8,0x19e8,0x19e8,
0x19e8,0x19e8,0x19e8,0x19e8,0x19e8,0x19e8,0x19e8,0x19e8,0x19e8,0x19e8,0x19e8,0xa6fa,0xa6fa,0xa6fa,0xa6fa,0x19e8,0x19e8,0x0000,0xa6fa,0xa6fa,0xa6fa,0xa6fa,0xa6fa,0x0000,0x0000,0x0000,0xfeb2,0xfeb2,0xfeb2,0x0000,0x0000,0x0000,
0x0000,0x0000,0x0000,0x0000,0x0000,0x0000,0x0000,0x0000,0x0000,0xa6fa,0xa6fa,0xa6fa,0xa6fa,0xa6fa,0x0000,0x19e8,0x19e8,0xa6fa,0xa6fa,0xa6fa,0xa6fa,0x19e8,0x19e8,0x19e8,0x19e8,0x19e8,0x19e8,0x19e8,0x19e8,0x19e8,0x19e8,0x19e8,
0x19e8,0x19e8,0x19e8,0x19e8,0x19e8,0x19e8,0x19e8,0x19e8,0x19e8,0x19e8,0x19e8,0xa6fa,0xa6fa,0xa6fa,0xa6fa,0x19e8,0x19e8,0x0000,0xa6fa,0xa6fa,0xa6fa,0xa6fa,0xa6fa,0x0000,0x0000,0x0000,0x0000,0x0000,0x0000,0x0000,0x0000,0x0000,
0x0000,0x0000,0x0000,0x0000,0x0000,0x0000,0x0000,0x0000,0x0000,0xa6fa,0xa6fa,0xa6fa,0xa6fa,0xa6fa,0x0000,0x19e8,0x19e8,0xa6fa,0xa6fa,0xa6fa,0xa6fa,0xa6fa,0xa6fa,0xa6fa,0xa6fa,0xa6fa,0xa6fa,0xa6fa,0xa6fa,0xa6fa,0xa6fa,0xa6fa,
0xa6fa,0xa6fa,0xa6fa,0xa6fa,0xa6fa,0xa6fa,0xa6fa,0xa6fa,0xa6fa,0xa6fa,0xa6fa,0xa6fa,0xa6fa,0xa6fa,0xa6fa,0x19e8,0x19e8,0x0000,0xa6fa,0xa6fa,0xa6fa,0xa6fa,0xa6fa,0x0000,0x0000,0x0000,0x0000,0x0000,0x0000,0x0000,0x0000,0x0000,
0x0000,0x0000,0x0000,0x0000,0x0000,0x0000,0x0000,0x0000,0x0000,0xa6fa,0xa6fa,0xa6fa,0xa6fa,0xa6fa,0x0000,0x19e8,0x19e8,0xa6fa,0xa6fa,0xa6fa,0xa6fa,0xa6fa,0xa6fa,0xa6fa,0xa6fa,0xa6fa,0xa6fa,0x19e8,0x19e8,0x19e8,0x19e8,0x19e8,
0x19e8,0x19e8,0x19e8,0x19e8,0x19e8,0xa6fa,0xa6fa,0xa6fa,0xa6fa,0xa6fa,0xa6fa,0xa6fa,0xa6fa,0xa6fa,0xa6fa,0x19e8,0x19e8,0x0000,0xa6fa,0xa6fa,0xa6fa,0xa6fa,0xa6fa,0x0000,0x0000,0x0000,0x0000,0x0000,0x0000,0x0000,0x0000,0x0000,
0x0000,0x0000,0x0000,0x0000,0x0000,0x0000,0x0000,0x0000,0x0000,0xa6fa,0xa6fa,0xa6fa,0xa6fa,0xa6fa,0x0000,0x19e8,0x19e8,0xa6fa,0xa6fa,0xa6fa,0xa6fa,0xa6fa,0xa6fa,0xa6fa,0xa6fa,0xa6fa,0xa6fa,0x19e8,0x19e8,0x19e8,0x19e8,0x19e8,
0x19e8,0x19e8,0x19e8,0x19e8,0x19e8,0xa6fa,0xa6fa,0xa6fa,0xa6fa,0xa6fa,0xa6fa,0xa6fa,0xa6fa,0xa6fa,0xa6fa,0x19e8,0x19e8,0x0000,0xa6fa,0xa6fa,0xa6fa,0xa6fa,0xa6fa,0x0000,0x0000,0x0000,0x0000,0x0000,0x0000,0x0000,0x0000,0x0000,
0x0000,0x0000,0x0000,0x0000,0x0000,0x0000,0x0000,0x0000,0x0000,0xa6fa,0xa6fa,0xa6fa,0xa6fa,0xa6fa,0x0000,0x19e8,0x19e8,0xa6fa,0xa6fa,0xa6fa,0xa6fa,0xa6fa,0xa6fa,0xa6fa,0xa6fa,0xa6fa,0xa6fa,0xa6fa,0xa6fa,0xa6fa,0xa6fa,0xa6fa,
0xa6fa,0xa6fa,0xa6fa,0xa6fa,0xa6fa,0xa6fa,0xa6fa,0xa6fa,0xa6fa,0xa6fa,0xa6fa,0xa6fa,0xa6fa,0xa6fa,0xa6fa,0x19e8,0x19e8,0x0000,0xa6fa,0xa6fa,0xa6fa,0xa6fa,0xa6fa,0x0000,0x0000,0x0000,0x0000,0x0000,0x0000,0x0000,0x0000,0x0000,
0x0000,0x0000,0x0000,0x0000,0x0000,0x0000,0x0000,0x0000,0x0000,0x0000,0x0000,0x0000,0x0000,0x0000,0x0000,0x19e8,0x19e8,0xa6fa,0xa6fa,0xa6fa,0xa6fa,0xa6fa,0xa6fa,0xa6fa,0xa6fa,0xa6fa,0xa6fa,0xa6fa,0xa6fa,0xa6fa,0xa6fa,0xa6fa,
0xa6fa,0xa6fa,0xa6fa,0xa6fa,0xa6fa,0xa6fa,0xa6fa,0xa6fa,0xa6fa,0xa6fa,0xa6fa,0xa6fa,0xa6fa,0xa6fa,0xa6fa,0x19e8,0x19e8,0x0000,0x0000,0x0000,0x0000,0x0000,0x0000,0x0000,0x0000,0x0000,0x0000,0x0000,0x0000,0x0000,0x0000,0x0000,
0x0000,0x0000,0x0000,0x0000,0x0000,0x0000,0x0000,0x0000,0x0000,0x0000,0x0000,0x0000,0x0000,0x0000,0x0000,0x19e8,0x19e8,0x19e8,0x19e8,0x19e8,0x19e8,0x19e8,0x19e8,0x19e8,0x19e8,0x19e8,0x19e8,0x19e8,0x19e8,0x19e8,0x19e8,0x19e8,
0x19e8,0x19e8,0x19e8,0x19e8,0x19e8,0x19e8,0x19e8,0x19e8,0x19e8,0x19e8,0x19e8,0x19e8,0x19e8,0x19e8,0x19e8,0x19e8,0x19e8,0x0000,0x0000,0x0000,0x0000,0x0000,0x0000,0x0000,0x0000,0x0000,0x0000,0x0000,0x0000,0x0000,0x0000,0x0000,
0x0000,0x0000,0x0000,0x0000,0x0000,0x0000,0x0000,0x0000,0x0000,0x0000,0x0000,0x0000,0x0000,0x0000,0x0000,0x19e8,0x19e8,0x19e8,0x19e8,0x19e8,0x19e8,0x19e8,0x19e8,0x19e8,0x19e8,0x19e8,0x19e8,0x19e8,0x19e8,0x19e8,0x19e8,0x19e8,
0x19e8,0x19e8,0x19e8,0x19e8,0x19e8,0x19e8,0x19e8,0x19e8,0x19e8,0x19e8,0x19e8,0x19e8,0x19e8,0x19e8,0x19e8,0x19e8,0x19e8,0x0000,0x0000,0x0000,0x0000,0x0000,0x0000,0x0000,0x0000,0x0000,0x0000,0x0000,0x0000,0x0000,0x0000,0x0000,
0x0000,0x0000,0x0000,0x0000,0x0000,0x0000,0x0000,0x0000,0x0000,0x0000,0x0000,0x0000,0x0000,0x0000,0x0000,0x0000,0x0000,0x0000,0x0000,0x0000,0x0000,0x19e8,0x19e8,0x19e8,0x19e8,0x19e8,0x19e8,0x19e8,0x19e8,0x19e8,0x19e8,0x19e8,
0x19e8,0x19e8,0x19e8,0x19e8,0x19e8,0x19e8,0x19e8,0x19e8,0x19e8,0x19e8,0x19e8,0x0000,0x0000,0x0000,0x0000,0x0000,0x0000,0x0000,0x0000,0x0000,0x0000,0x0000,0x0000,0x0000,0x0000,0x0000,0x0000,0x0000,0x0000,0x0000,0x0000,0x0000,
0x0000,0x0000,0x0000,0x0000,0x0000,0x0000,0x0000,0x0000,0x0000,0x0000,0x0000,0x0000,0x0000,0x0000,0x0000,0x0000,0x0000,0x0000,0x0000,0x0000,0x0000,0x19e8,0x19e8,0x19e8,0x19e8,0x19e8,0x19e8,0x19e8,0x19e8,0x19e8,0x19e8,0x19e8,
0x19e8,0x19e8,0x19e8,0x19e8,0x19e8,0x19e8,0x19e8,0x19e8,0x19e8,0x19e8,0x19e8,0x0000,0x0000,0x0000,0x0000,0x0000,0x0000,0x0000,0x0000,0x0000,0x0000,0x0000,0x0000,0x0000,0x0000,0x0000,0x0000,0x0000,0x0000,0x0000,0x0000,0x0000,
0x0000,0x0000,0x0000,0x0000,0x0000,0x0000,0x0000,0x0000,0x0000,0x0000,0x0000,0x0000,0x0000,0x0000,0x0000,0x0000,0x0000,0x0000,0x0000,0x0000,0x0000,0x19e8,0x19e8,0xa6fa,0xa6fa,0xa6fa,0xa6fa,0xa6fa,0xa6fa,0xa6fa,0xa6fa,0xa6fa,
0xa6fa,0xa6fa,0xa6fa,0xa6fa,0xa6fa,0xa6fa,0xa6fa,0xa6fa,0xa6fa,0x19e8,0x19e8,0x0000,0x0000,0x0000,0x0000,0x0000,0x0000,0x0000,0x0000,0x0000,0x0000,0x0000,0x0000,0x0000,0x0000,0x0000,0x0000,0x0000,0x0000,0x0000,0x0000,0x0000,
0x0000,0x0000,0x0000,0x0000,0x0000,0x0000,0x0000,0x0000,0x0000,0x0000,0x0000,0x0000,0x0000,0x0000,0x0000,0x0000,0x0000,0x0000,0x0000,0x0000,0x0000,0x19e8,0x19e8,0xa6fa,0xa6fa,0xa6fa,0xa6fa,0xa6fa,0xa6fa,0xa6fa,0xa6fa,0xa6fa,
0xa6fa,0xa6fa,0xa6fa,0xa6fa,0xa6fa,0xa6fa,0xa6fa,0xa6fa,0xa6fa,0x19e8,0x19e8,0x0000,0x0000,0x0000,0x0000,0x0000,0x0000,0x0000,0x0000,0x0000,0x0000,0x0000,0x0000,0x0000,0x0000,0x0000,0x0000,0x0000,0x0000,0x0000,0x0000,0x0000,
0x0000,0x0000,0x0000,0x0000,0x0000,0x0000,0x0000,0x0000,0x0000,0x0000,0x0000,0x0000,0x0000,0x0000,0x0000,0x0000,0x0000,0x0000,0x0000,0x0000,0x0000,0x19e8,0x19e8,0xa6fa,0xa6fa,0xa6fa,0xa6fa,0xa6fa,0xa6fa,0xa6fa,0xa6fa,0xa6fa,
0xa6fa,0xa6fa,0xa6fa,0xa6fa,0xa6fa,0xa6fa,0xa6fa,0xa6fa,0xa6fa,0x19e8,0x19e8,0x0000,0x0000,0x0000,0x0000,0x0000,0x0000,0x0000,0x0000,0x0000,0x0000,0x0000,0x0000,0x0000,0x0000,0x0000,0x0000,0x0000,0x0000,0x0000,0x0000,0x0000,
0x0000,0x0000,0x0000,0x0000,0x0000,0x0000,0x0000,0x0000,0x0000,0x0000,0x0000,0x0000,0x0000,0x0000,0x0000,0x0000,0x0000,0x0000,0x0000,0x0000,0x0000,0x19e8,0x19e8,0xa6fa,0xa6fa,0xa6fa,0xa6fa,0xa6fa,0xa6fa,0xa6fa,0xa6fa,0xa6fa,
0xa6fa,0xa6fa,0xa6fa,0xa6fa,0xa6fa,0xa6fa,0xa6fa,0xa6fa,0xa6fa,0x19e8,0x19e8,0x0000,0x0000,0x0000,0x0000,0x0000,0x0000,0x0000,0x0000,0x0000,0x0000,0x0000,0x0000,0x0000,0x0000,0x0000,0x0000,0x0000,0x0000,0x0000,0x0000,0x0000,
0x0000,0x0000,0x0000,0x0000,0x0000,0x0000,0x0000,0x0000,0x0000,0x0000,0x0000,0x0000,0x0000,0x0000,0x0000,0x0000,0x0000,0x0000,0x0000,0x0000,0x0000,0x19e8,0x19e8,0xa6fa,0xa6fa,0xa6fa,0xa6fa,0xa6fa,0xa6fa,0xa6fa,0xa6fa,0xa6fa,
0xa6fa,0xa6fa,0xa6fa,0xa6fa,0xa6fa,0xa6fa,0xa6fa,0xa6fa,0xa6fa,0x19e8,0x19e8,0x0000,0x0000,0x0000,0x0000,0x0000,0x0000,0x0000,0x0000,0x0000,0x0000,0x0000,0x0000,0x0000,0x0000,0x0000,0x0000,0x0000,0x0000,0x0000,0x0000,0x0000,
0x0000,0x0000,0x0000,0x0000,0x0000,0x0000,0x0000,0x0000,0x0000,0x0000,0x0000,0x0000,0x0000,0x0000,0x0000,0x0000,0x0000,0x0000,0x0000,0x0000,0x0000,0x19e8,0x19e8,0xa6fa,0xa6fa,0xa6fa,0xa6fa,0xa6fa,0xa6fa,0xa6fa,0xa6fa,0xa6fa,
0xa6fa,0xa6fa,0xa6fa,0xa6fa,0xa6fa,0xa6fa,0xa6fa,0xa6fa,0xa6fa,0x19e8,0x19e8,0x0000,0x0000,0x0000,0x0000,0x0000,0x0000,0x0000,0x0000,0x0000,0x0000,0x0000,0x0000,0x0000,0x0000,0x0000,0x0000,0x0000,0x0000,0x0000,0x0000,0x0000,
0x0000,0x0000,0x0000,0x0000,0x0000,0x0000,0x0000,0x0000,0x0000,0x0000,0x0000,0x0000,0x0000,0x0000,0x0000,0x0000,0x0000,0x0000,0x0000,0x0000,0x0000,0x19e8,0x19e8,0xa6fa,0xa6fa,0xa6fa,0xa6fa,0xa6fa,0xa6fa,0xa6fa,0xa6fa,0xa6fa,
0xa6fa,0xa6fa,0xa6fa,0xa6fa,0xa6fa,0xa6fa,0xa6fa,0xa6fa,0xa6fa,0x19e8,0x19e8,0x0000,0x0000,0x0000,0x0000,0x0000,0x0000,0x0000,0x0000,0x0000,0x0000,0x0000,0x0000,0x0000,0x0000,0x0000,0x0000,0x0000,0x0000,0x0000,0x0000,0x0000,
0x0000,0x0000,0x0000,0x0000,0x0000,0x0000,0x0000,0x0000,0x0000,0x0000,0x0000,0x0000,0x0000,0x0000,0x0000,0x0000,0x0000,0x0000,0x0000,0x0000,0x0000,0x19e8,0x19e8,0xa6fa,0xa6fa,0xa6fa,0xa6fa,0xa6fa,0xa6fa,0xa6fa,0xa6fa,0xa6fa,
0xa6fa,0xa6fa,0xa6fa,0xa6fa,0xa6fa,0xa6fa,0xa6fa,0xa6fa,0xa6fa,0x19e8,0x19e8,0x0000,0x0000,0x0000,0x0000,0x0000,0x0000,0x0000,0x0000,0x0000,0x0000,0x0000,0x0000,0x0000,0x0000,0x0000,0x0000,0x0000,0x0000,0x0000,0x0000,0x0000,
0x0000,0x0000,0x0000,0x0000,0x0000,0x0000,0x0000,0x0000,0x0000,0x0000,0x0000,0x0000,0x0000,0x0000,0x0000,0x0000,0x0000,0x0000,0x0000,0x0000,0x0000,0x19e8,0x19e8,0x19e8,0x19e8,0x19e8,0x19e8,0x19e8,0x19e8,0x19e8,0x19e8,0x19e8,
0x19e8,0x19e8,0x19e8,0x19e8,0x19e8,0x19e8,0x19e8,0x19e8,0x19e8,0x19e8,0x19e8,0x0000,0x0000,0x0000,0x0000,0x0000,0x0000,0x0000,0x0000,0x0000,0x0000,0x0000,0x0000,0x0000,0x0000,0x0000,0x0000,0x0000,0x0000,0x0000,0x0000,0x0000,
0x0000,0x0000,0x0000,0x0000,0x0000,0x0000,0x0000,0x0000,0x0000,0x0000,0x0000,0x0000,0x0000,0x0000,0x0000,0x0000,0x0000,0x0000,0x0000,0x0000,0x0000,0x19e8,0x19e8,0x19e8,0x19e8,0x19e8,0x19e8,0x19e8,0x19e8,0x19e8,0x19e8,0x19e8,
0x19e8,0x19e8,0x19e8,0x19e8,0x19e8,0x19e8,0x19e8,0x19e8,0x19e8,0x19e8,0x19e8,0x0000,0x0000,0x0000,0x0000,0x0000,0x0000,0x0000,0x0000,0x0000,0x0000,0x0000,0x0000,0x0000,0x0000,0x0000,0x0000,0x0000,0x0000,0x0000,0x0000,0x0000,
0x0000,0x0000,0x0000,0x0000,0x0000,0x0000,0x0000,0x0000,0x0000,0x0000,0x0000,0x0000,0x0000,0x0000,0x0000,0x0000,0x0000,0x0000,0x0000,0x0000,0x0000,0x0000,0x0000,0x0000,0x0000,0x0000,0x0000,0x0000,0x0000,0x0000,0x0000,0x0000,
0x0000,0x0000,0x0000,0x0000,0x0000,0x0000,0x0000,0x0000,0x0000,0x0000,0x0000,0x0000,0x0000,0x0000,0x0000,0x0000,0x0000,0x0000,0x0000,0x0000,0x0000,0x0000,0x0000,0x0000,0x0000,0x0000,0x0000,0x0000,0x0000,0x0000,0x0000,0x0000,
0x0000,0x0000,0x0000,0x0000,0x0000,0x0000,0x0000,0x0000,0x0000,0x0000,0x0000,0x0000,0x0000,0x0000,0x0000,0x0000,0x0000,0x0000,0x0000,0x0000,0x0000,0x0000,0x0000,0x0000,0x0000,0x0000,0xa6fa,0xa6fa,0xa6fa,0xa6fa,0x0000,0x0000,
0x0000,0x0000,0xa6fa,0xa6fa,0xa6fa,0xa6fa,0x0000,0x0000,0x0000,0x0000,0x0000,0x0000,0x0000,0x0000,0x0000,0x0000,0x0000,0x0000,0x0000,0x0000,0x0000,0x0000,0x0000,0x0000,0x0000,0x0000,0x0000,0x0000,0x0000,0x0000,0x0000,0x0000,
0x0000,0x0000,0x0000,0x0000,0x0000,0x0000,0x0000,0x0000,0x0000,0x0000,0x0000,0x0000,0x0000,0x0000,0x0000,0x0000,0x0000,0x0000,0x0000,0x0000,0x0000,0x0000,0x0000,0x0000,0x0000,0x0000,0xa6fa,0xa6fa,0xa6fa,0xa6fa,0x0000,0x0000,
0x0000,0x0000,0xa6fa,0xa6fa,0xa6fa,0xa6fa,0x0000,0x0000,0x0000,0x0000,0x0000,0x0000,0x0000,0x0000,0x0000,0x0000,0x0000,0x0000,0x0000,0x0000,0x0000,0x0000,0x0000,0x0000,0x0000,0x0000,0x0000,0x0000,0x0000,0x0000,0x0000,0x0000,
0x0000,0x0000,0x0000,0x0000,0x0000,0x0000,0x0000,0x0000,0x0000,0x0000,0x0000,0x0000,0x0000,0x0000,0x0000,0x0000,0x0000,0x0000,0x0000,0x0000,0x0000,0x0000,0x0000,0x0000,0x0000,0x0000,0xa6fa,0xa6fa,0xa6fa,0xa6fa,0x0000,0x0000,
0x0000,0x0000,0xa6fa,0xa6fa,0xa6fa,0xa6fa,0x0000,0x0000,0x0000,0x0000,0x0000,0x0000,0x0000,0x0000,0x0000,0x0000,0x0000,0x0000,0x0000,0x0000,0x0000,0x0000,0x0000,0x0000,0x0000,0x0000,0x0000,0x0000,0x0000,0x0000,0x0000,0x0000,
0x0000,0x0000,0x0000,0x0000,0x0000,0x0000,0x0000,0x0000,0x0000,0x0000,0x0000,0x0000,0x0000,0x0000,0x0000,0x0000,0x0000,0x0000,0x0000,0x0000,0x0000,0x0000,0x0000,0x0000,0x0000,0x0000,0xa6fa,0xa6fa,0xa6fa,0xa6fa,0x0000,0x0000,
0x0000,0x0000,0xa6fa,0xa6fa,0xa6fa,0xa6fa,0x0000,0x0000,0x0000,0x0000,0x0000,0x0000,0x0000,0x0000,0x0000,0x0000,0x0000,0x0000,0x0000,0x0000,0x0000,0x0000,0x0000,0x0000,0x0000,0x0000,0x0000,0x0000,0x0000,0x0000,0x0000,0x0000,
0x0000,0x0000,0x0000,0x0000,0x0000,0x0000,0x0000,0x0000,0x0000,0x0000,0x0000,0x0000,0x0000,0x0000,0x0000,0x0000,0x0000,0x0000,0x0000,0x0000,0x0000,0x0000,0x0000,0x0000,0x0000,0x0000,0x0000,0x0000,0x0000,0x0000,0x0000,0x0000,
0x0000,0x0000,0x0000,0x0000,0x0000,0x0000,0x0000,0x0000,0x0000,0x0000,0x0000,0x0000,0x0000,0x0000,0x0000,0x0000,0x0000,0x0000,0x0000,0x0000,0x0000,0x0000,0x0000,0x0000,0x0000,0x0000,0x0000,0x0000,0x0000,0x0000,0x0000,0x0000,
0x0000,0x0000,0x0000,0x0000,0x0000,0x0000,0x0000,0x0000,0x0000,0x0000,0x0000,0x0000,0x0000,0x0000,0x0000,0x0000,0x0000,0x0000,0x0000,0x0000,0x0000,0x0000,0x0000,0x0000,0x0000,0x0000,0x0000,0x0000,0x0000,0x0000,0x0000,0x0000,
0x0000,0x0000,0x0000,0x0000,0x0000,0x0000,0x0000,0x0000,0x0000,0x0000,0x0000,0x0000,0x0000,0x0000,0x0000,0x0000,0x0000,0x0000,0x0000,0x0000,0x0000,0x0000,0x0000,0x0000,0x0000,0x0000,0x0000,0x0000,0x0000,0x0000,0x0000,0x0000,
0x0000,0x0000,0x0000,0x0000,0x0000,0x0000,0x0000,0x0000,0x0000,0x0000,0x0000,0x0000,0x0000,0x0000,0x0000,0x0000,0x0000,0x0000,0x0000,0x0000,0x0000,0x0000,0x0000,0x0000,0x0000,0x0000,0x0000,0x0000,0x0000,0x0000,0x0000,0x0000,
0x0000,0x0000,0x0000,0x0000,0x0000,0x0000,0x0000,0x0000,0x0000,0x0000,0x0000,0x0000,0x0000,0x0000,0x0000,0x0000,0x0000,0x0000,0x0000,0x0000,0x0000,0x0000,0x0000,0x0000,0x0000,0x0000,0x0000,0x0000,0x0000,0x0000,0x0000,0x0000,
0x0000,0x0000,0x0000,0x0000,0x0000,0x0000,0x0000,0x0000,0x0000,0x0000,0x0000,0x0000,0x0000,0x0000,0x0000,0x0000,0x0000,0x0000,0x0000,0x0000,0x0000,0x0000,0x0000,0x0000,0x0000,0x0000,0x0000,0x0000,0x0000,0x0000,0x0000,0x0000,
0x0000,0x0000,0x0000,0x0000,0x0000,0x0000,0x0000,0x0000,0x0000,0x0000,0x0000,0x0000,0x0000,0x0000,0x0000,0x0000,0x0000,0x0000,0x0000,0x0000,0x0000,0x0000,0x0000,0x0000,0x0000,0x0000,0x0000,0x0000,0x0000,0x0000,0x0000,0x0000,
0x0000,0x0000,0x0000,0x0000,0x0000,0x0000,0x0000,0x0000,0x0000,0x0000,0x0000,0x0000,0x0000,0x0000,0x0000,0x0000,0x0000,0x0000,0x0000,0x0000,0x0000,0x0000,0x0000,0x0000,0x0000,0x0000,0x0000,0x0000,0x0000,0x0000,0x0000,0x0000,
0x0000,0x0000,0x0000,0x0000,0x0000,0x0000,0x0000,0x0000,0x0000,0x0000,0x0000,0x0000,0x0000,0x0000,0x0000,0x0000,0x0000,0x0000,0x0000,0x0000,0x0000,0x0000,0x0000,0x0000,0x0000,0x0000,0x0000,0x0000,0x0000,0x0000,0x0000,0x0000,
};
static const uint16_t frame_13[4096] = {
0x0000,0x0000,0x0000,0x0000,0x0000,0x0000,0x0000,0x0000,0x0000,0x0000,0x0000,0x0000,0x0000,0x0000,0x0000,0x0000,0x0000,0x0000,0x0000,0x0000,0x0000,0x0000,0x0000,0x0000,0x0000,0x0000,0x0000,0x0000,0x0000,0x0000,0x0000,0x0000,
0x0000,0x0000,0x0000,0x0000,0x0000,0x0000,0x0000,0x0000,0x0000,0x0000,0x0000,0x0000,0x0000,0x0000,0x0000,0x0000,0x0000,0x0000,0x0000,0x0000,0x0000,0x0000,0x0000,0x0000,0x0000,0x0000,0x0000,0x0000,0x0000,0x0000,0x0000,0x0000,
0x0000,0x0000,0x0000,0x0000,0x0000,0x0000,0x0000,0x0000,0x0000,0x0000,0x0000,0x0000,0x0000,0x0000,0x0000,0x0000,0x0000,0x0000,0x0000,0x0000,0x0000,0x0000,0x0000,0x0000,0x0000,0x0000,0x0000,0x0000,0x0000,0x0000,0x0000,0x0000,
0x0000,0x0000,0x0000,0x0000,0x0000,0x0000,0x0000,0x0000,0x0000,0x0000,0x0000,0x0000,0x0000,0x0000,0x0000,0x0000,0x0000,0x0000,0x0000,0x0000,0x0000,0x0000,0x0000,0x0000,0x0000,0x0000,0x0000,0x0000,0x0000,0x0000,0x0000,0x0000,
0x0000,0x0000,0x0000,0x0000,0x0000,0x0000,0x0000,0x0000,0x0000,0x0000,0x0000,0x0000,0x0000,0x0000,0x0000,0x0000,0x0000,0x0000,0x0000,0x0000,0x0000,0x0000,0x0000,0x0000,0x0000,0x0000,0x0000,0x0000,0x0000,0x0000,0x0000,0x0000,
0x0000,0x0000,0x0000,0x0000,0x0000,0x0000,0x0000,0x0000,0x0000,0x0000,0x0000,0x0000,0x0000,0x0000,0x0000,0x0000,0x0000,0x0000,0x0000,0x0000,0x0000,0x0000,0x0000,0x0000,0x0000,0x0000,0x0000,0x0000,0x0000,0x0000,0x0000,0x0000,
0x0000,0x0000,0x0000,0x0000,0x0000,0x0000,0x0000,0x0000,0x0000,0x0000,0x0000,0x0000,0x0000,0x0000,0x0000,0x0000,0x0000,0x0000,0x0000,0x0000,0x0000,0x0000,0x0000,0x0000,0x0000,0x0000,0x0000,0x0000,0x0000,0x0000,0x0000,0x0000,
0x0000,0x0000,0x0000,0x0000,0x0000,0x0000,0x0000,0x0000,0x0000,0x0000,0x0000,0x0000,0x0000,0x0000,0x0000,0x0000,0x0000,0x0000,0x0000,0x0000,0x0000,0x0000,0x0000,0x0000,0x0000,0x0000,0x0000,0x0000,0x0000,0x0000,0x0000,0x0000,
0x0000,0x0000,0x0000,0x0000,0x0000,0x0000,0x0000,0x0000,0x0000,0x0000,0x0000,0x0000,0x0000,0x0000,0x0000,0x0000,0x0000,0x0000,0x0000,0x0000,0x0000,0x0000,0x0000,0x0000,0x0000,0x0000,0x0000,0x0000,0x0000,0x0000,0x0000,0x0000,
0x0000,0x0000,0x0000,0x0000,0x0000,0x0000,0x0000,0x0000,0x0000,0x0000,0x0000,0x0000,0x0000,0x0000,0x0000,0x0000,0x0000,0x0000,0x0000,0x0000,0x0000,0x0000,0x0000,0x0000,0x0000,0x0000,0x0000,0x0000,0x0000,0x0000,0x0000,0x0000,
0x0000,0x0000,0x0000,0x0000,0x0000,0x0000,0x0000,0x0000,0x0000,0x0000,0x0000,0x0000,0x0000,0x0000,0x0000,0x0000,0x0000,0x0000,0x0000,0x0000,0x0000,0x0000,0x0000,0x0000,0x0000,0x0000,0x0000,0x0000,0x0000,0x0000,0x0000,0x0000,
0x0000,0x0000,0x0000,0x0000,0x0000,0x0000,0x0000,0x0000,0x0000,0x0000,0x0000,0x0000,0x0000,0x0000,0x0000,0x0000,0x0000,0x0000,0x0000,0x0000,0x0000,0x0000,0x0000,0x0000,0x0000,0x0000,0x0000,0x0000,0x0000,0x0000,0x0000,0x0000,
0x0000,0x0000,0x0000,0x0000,0x0000,0x0000,0x0000,0x0000,0x0000,0x0000,0x0000,0x0000,0x0000,0x0000,0x0000,0x0000,0x0000,0x0000,0x0000,0x0000,0x0000,0x0000,0x0000,0x0000,0x0000,0x0000,0x0000,0x0000,0x0000,0x0000,0x0000,0x0000,
0x0000,0x0000,0x0000,0x0000,0x0000,0x0000,0x0000,0x0000,0x0000,0x0000,0x0000,0x0000,0x0000,0x0000,0x0000,0x0000,0x0000,0x0000,0x0000,0x0000,0x0000,0x0000,0x0000,0x0000,0x0000,0x0000,0x0000,0x0000,0x0000,0x0000,0x0000,0x0000,
0x0000,0x0000,0x0000,0x0000,0x0000,0x0000,0x0000,0x0000,0x0000,0x0000,0x0000,0x0000,0x0000,0x0000,0x0000,0x0000,0x0000,0x0000,0x0000,0x0000,0x0000,0x0000,0x0000,0x0000,0x0000,0x0000,0x0000,0xfeb2,0xfeb2,0xfeb2,0xfeb2,0xfeb2,
0xfeb2,0xfeb2,0xfeb2,0xfeb2,0xfeb2,0x0000,0x0000,0x0000,0x0000,0x0000,0x0000,0x0000,0x0000,0x0000,0x0000,0x0000,0x0000,0x0000,0x0000,0x0000,0x0000,0x0000,0x0000,0x0000,0x0000,0x0000,0x0000,0x0000,0x0000,0x0000,0x0000,0x0000,
0x0000,0x0000,0x0000,0x0000,0x0000,0x0000,0x0000,0x0000,0x0000,0x0000,0x0000,0x0000,0x0000,0x0000,0x0000,0x0000,0x0000,0x0000,0x0000,0x0000,0x0000,0x0000,0x0000,0x0000,0x0000,0x0000,0x0000,0xfeb2,0xfeb2,0xfeb2,0xfeb2,0xfeb2,
0xfeb2,0xfeb2,0xfeb2,0xfeb2,0xfeb2,0x0000,0x0000,0x0000,0x0000,0x0000,0x0000,0x0000,0x0000,0x0000,0x0000,0x0000,0x0000,0x0000,0x0000,0x0000,0x0000,0x0000,0x0000,0x0000,0x0000,0x0000,0x0000,0x0000,0x0000,0x0000,0x0000,0x0000,
0x0000,0x0000,0x0000,0x0000,0x0000,0x0000,0x0000,0x0000,0x0000,0x0000,0x0000,0x0000,0x0000,0x0000,0x0000,0x0000,0x0000,0x0000,0x0000,0x0000,0x0000,0x0000,0x0000,0x0000,0x0000,0x0000,0x0000,0xfeb2,0xfeb2,0xfeb2,0xfeb2,0xfeb2,
0xfeb2,0xfeb2,0xfeb2,0xfeb2,0xfeb2,0x0000,0x0000,0x0000,0x0000,0x0000,0x0000,0x0000,0x0000,0x0000,0x0000,0x0000,0x0000,0x0000,0x0000,0x0000,0x0000,0x0000,0x0000,0x0000,0x0000,0x0000,0x0000,0x0000,0x0000,0x0000,0x0000,0x0000,
0x0000,0x0000,0x0000,0x0000,0x0000,0x0000,0x0000,0x0000,0x0000,0x0000,0x0000,0x0000,0x0000,0x0000,0x0000,0x0000,0x0000,0x0000,0x0000,0x0000,0x0000,0x0000,0x0000,0x0000,0x0000,0x0000,0x0000,0xfeb2,0xfeb2,0xfeb2,0xa6fa,0xa6fa,
0xa6fa,0xa6fa,0xfeb2,0xfeb2,0xfeb2,0x0000,0x0000,0x0000,0x0000,0x0000,0x0000,0x0000,0x0000,0x0000,0x0000,0x0000,0x0000,0x0000,0x0000,0x0000,0x0000,0x0000,0x0000,0x0000,0x0000,0x0000,0x0000,0x0000,0x0000,0x0000,0x0000,0x0000,
0x0000,0x0000,0x0000,0x0000,0x0000,0x0000,0x0000,0x0000,0x0000,0x0000,0x0000,0x0000,0x0000,0x0000,0x0000,0x0000,0x0000,0x0000,0x0000,0x0000,0x0000,0x0000,0x0000,0x0000,0x0000,0x0000,0x0000,0x0000,0x0000,0x0000,0xa6fa,0xa6fa,
0xa6fa,0xa6fa,0x0000,0x0000,0x0000,0x0000,0x0000,0x0000,0x0000,0x0000,0x0000,0x0000,0x0000,0x0000,0x0000,0x0000,0x0000,0x0000,0x0000,0x0000,0x0000,0x0000,0x0000,0x0000,0x0000,0x0000,0x0000,0x0000,0x0000,0x0000,0x0000,0x0000,
0x0000,0x0000,0x0000,0x0000,0x0000,0x0000,0x0000,0x0000,0x0000,0x0000,0x0000,0x0000,0x0000,0x0000,0x0000,0x0000,0x0000,0x0000,0x0000,0x0000,0x0000,0x0000,0x0000,0x0000,0x0000,0x0000,0x0000,0x0000,0x0000,0x0000,0xa6fa,0xa6fa,
0xa6fa,0xa6fa,0x0000,0x0000,0x0000,0x0000,0x0000,0x0000,0x0000,0x0000,0x0000,0x0000,0x0000,0x0000,0x0000,0x0000,0x0000,0x0000,0x0000,0x0000,0x0000,0x0000,0x0000,0x0000,0x0000,0x0000,0x0000,0x0000,0x0000,0x0000,0x0000,0x0000,
0x0000,0x0000,0x0000,0x0000,0x0000,0x0000,0x0000,0x0000,0x0000,0x0000,0x0000,0x0000,0x0000,0x0000,0x0000,0x0000,0x0000,0x0000,0x0000,0x0000,0x0000,0x0000,0x0000,0x0000,0x0000,0x0000,0x0000,0x0000,0x0000,0x0000,0xa6fa,0xa6fa,
0xa6fa,0xa6fa,0x0000,0x0000,0x0000,0x0000,0x0000,0x0000,0x0000,0x0000,0x0000,0x0000,0x0000,0x0000,0x0000,0x0000,0x0000,0x0000,0x0000,0x0000,0x0000,0x0000,0x0000,0x0000,0x0000,0x0000,0x0000,0x0000,0x0000,0x0000,0x0000,0x0000,
0x0000,0x0000,0x0000,0x0000,0x0000,0x0000,0x0000,0x0000,0x0000,0x0000,0x0000,0x0000,0x0000,0x0000,0x0000,0x19e8,0x19e8,0x19e8,0x19e8,0x19e8,0x19e8,0x19e8,0x19e8,0x19e8,0x19e8,0x19e8,0x19e8,0x19e8,0x19e8,0x19e8,0x19e8,0x19e8,
0x19e8,0x19e8,0x19e8,0x19e8,0x19e8,0x19e8,0x19e8,0x19e8,0x19e8,0x19e8,0x19e8,0x19e8,0x19e8,0x19e8,0x19e8,0x19e8,0x19e8,0x0000,0x0000,0x0000,0x0000,0x0000,0x0000,0x0000,0x0000,0x0000,0x0000,0x0000,0x0000,0x0000,0x0000,0x0000,
0x0000,0x0000,0x0000,0x0000,0x0000,0x0000,0x0000,0x0000,0x0000,0x0000,0x0000,0x0000,0x0000,0x0000,0x0000,0x19e8,0x19e8,0x19e8,0x19e8,0x19e8,0x19e8,0x19e8,0x19e8,0x19e8,0x19e8,0x19e8,0x19e8,0x19e8,0x19e8,0x19e8,0x19e8,0x19e8,
0x19e8,0x19e8,0x19e8,0x19e8,0x19e8,0x19e8,0x19e8,0x19e8,0x19e8,0x19e8,0x19e8,0x19e8,0x19e8,0x19e8,0x19e8,0x19e8,0x19e8,0x0000,0x0000,0x0000,0x0000,0x0000,0x0000,0x0000,0x0000,0x0000,0x0000,0x0000,0x0000,0x0000,0x0000,0x0000,
0x0000,0x0000,0x0000,0x0000,0x0000,0x0000,0x0000,0x0000,0x0000,0x0000,0x0000,0x0000,0x0000,0x0000,0x0000,0x19e8,0x19e8,0xa6fa,0xa6fa,0xa6fa,0xa6fa,0xa6fa,0xa6fa,0xa6fa,0xa6fa,0xa6fa,0xa6fa,0xa6fa,0xa6fa,0xa6fa,0xa6fa,0xa6fa,
0xa6fa,0xa6fa,0xa6fa,0xa6fa,0xa6fa,0xa6fa,0xa6fa,0xa6fa,0xa6fa,0xa6fa,0xa6fa,0xa6fa,0xa6fa,0xa6fa,0xa6fa,0x19e8,0x19e8,0x0000,0x0000,0x0000,0x0000,0x0000,0x0000,0x0000,0x0000,0x0000,0x0000,0x0000,0x0000,0x0000,0x0000,0x0000,
0x0000,0x0000,0x0000,0x0000,0x0000,0x0000,0x0000,0x0000,0x0000,0x0000,0x0000,0x0000,0x0000,0x0000,0x0000,0x19e8,0x19e8,0xa6fa,0xa6fa,0xa6fa,0xa6fa,0xa6fa,0xa6fa,0xa6fa,0xa6fa,0xa6fa,0xa6fa,0xa6fa,0xa6fa,0xa6fa,0xa6fa,0xa6fa,
0xa6fa,0xa6fa,0xa6fa,0xa6fa,0xa6fa,0xa6fa,0xa6fa,0xa6fa,0xa6fa,0xa6fa,0xa6fa,0xa6fa,0xa6fa,0xa6fa,0xa6fa,0x19e8,0x19e8,0x0000,0x0000,0x0000,0x0000,0x0000,0x0000,0x0000,0x0000,0x0000,0x0000,0x0000,0x0000,0x0000,0x0000,0x0000,
0x0000,0x0000,0x0000,0x0000,0x0000,0x0000,0x0000,0x0000,0x0000,0x0000,0x0000,0x0000,0x0000,0x0000,0x0000,0x19e8,0x19e8,0xa6fa,0xa6fa,0xa6fa,0xa6fa,0xa6fa,0xa6fa,0xa6fa,0xa6fa,0xa6fa,0xa6fa,0xa6fa,0xa6fa,0xa6fa,0xa6fa,0xa6fa,
0xa6fa,0xa6fa,0xa6fa,0xa6fa,0xa6fa,0xa6fa,0xa6fa,0xa6fa,0xa6fa,0xa6fa,0xa6fa,0xa6fa,0xa6fa,0xa6fa,0xa6fa,0x19e8,0x19e8,0x0000,0x0000,0x0000,0x0000,0x0000,0x0000,0x0000,0x0000,0x0000,0x0000,0x0000,0x0000,0x0000,0x0000,0x0000,
0x0000,0x0000,0x0000,0x0000,0x0000,0x0000,0x0000,0x0000,0x0000,0x0000,0x0000,0x0000,0x0000,0x0000,0x0000,0x19e8,0x19e8,0xa6fa,0xa6fa,0xa6fa,0xa6fa,0xa6fa,0xa6fa,0xa6fa,0xa6fa,0xa6fa,0xa6fa,0xa6fa,0xa6fa,0xa6fa,0xa6fa,0xa6fa,
0xa6fa,0xa6fa,0xa6fa,0xa6fa,0xa6fa,0xa6fa,0xa6fa,0xa6fa,0xa6fa,0xa6fa,0xa6fa,0xa6fa,0xa6fa,0xa6fa,0xa6fa,0x19e8,0x19e8,0x0000,0x0000,0x0000,0x0000,0x0000,0x0000,0x0000,0x0000,0x0000,0x0000,0x0000,0x0000,0x0000,0x0000,0x0000,
0x0000,0x0000,0x0000,0x0000,0x0000,0x0000,0x0000,0x0000,0x0000,0x0000,0x0000,0x0000,0x0000,0x0000,0x0000,0x19e8,0x19e8,0xa6fa,0xa6fa,0xa6fa,0xa6fa,0x19e8,0x19e8,0x19e8,0x19e8,0x19e8,0x19e8,0x19e8,0x19e8,0x19e8,0x19e8,0x19e8,
0x19e8,0x19e8,0x19e8,0x19e8,0x19e8,0x19e8,0x19e8,0x19e8,0x19e8,0x19e8,0x19e8,0xa6fa,0xa6fa,0xa6fa,0xa6fa,0x19e8,0x19e8,0x0000,0x0000,0x0000,0x0000,0x0000,0x0000,0x0000,0x0000,0x0000,0x0000,0x0000,0x0000,0x0000,0x0000,0x0000,
0x0000,0x0000,0x0000,0x0000,0x0000,0x0000,0x0000,0x0000,0x0000,0x0000,0x0000,0x0000,0x0000,0x0000,0x0000,0x19e8,0x19e8,0xa6fa,0xa6fa,0xa6fa,0xa6fa,0x19e8,0x19e8,0x19e8,0x19e8,0x19e8,0x19e8,0x19e8,0x19e8,0x19e8,0x19e8,0x19e8,
0x19e8,0x19e8,0x19e8,0x19e8,0x19e8,0x19e8,0x19e8,0x19e8,0x19e8,0x19e8,0x19e8,0xa6fa,0xa6fa,0xa6fa,0xa6fa,0x19e8,0x19e8,0x0000,0x0000,0x0000,0x0000,0x0000,0x0000,0x0000,0x0000,0x0000,0x0000,0x0000,0x0000,0x0000,0x0000,0x0000,
0x0000,0x0000,0x0000,0x0000,0x0000,0x0000,0x0000,0x0000,0x0000,0x0000,0x0000,0x0000,0x0000,0x0000,0x0000,0x19e8,0x19e8,0xa6fa,0xa6fa,0xa6fa,0xa6fa,0x19e8,0x19e8,0x19e8,0x19e8,0x19e8,0x19e8,0x19e8,0x19e8,0x19e8,0x19e8,0x19e8,
0x19e8,0x19e8,0x19e8,0x19e8,0x19e8,0x19e8,0x19e8,0x19e8,0x19e8,0x19e8,0x19e8,0xa6fa,0xa6fa,0xa6fa,0xa6fa,0x19e8,0x19e8,0x0000,0x0000,0x0000,0x0000,0x0000,0x0000,0x0000,0x0000,0x0000,0x0000,0x0000,0x0000,0x0000,0x0000,0x0000,
0x0000,0x0000,0x0000,0x0000,0x0000,0x0000,0x0000,0x0000,0x0000,0x0000,0x0000,0x0000,0x0000,0x0000,0x0000,0x19e8,0x19e8,0xa6fa,0xa6fa,0xa6fa,0xa6fa,0x19e8,0x19e8,0x19e8,0xefdb,0xefdb,0xefdb,0xefdb,0x19e8,0x19e8,0x19e8,0x19e8,
0x19e8,0x19e8,0x19e8,0xefdb,0xefdb,0xefdb,0xefdb,0x19e8,0x19e8,0x19e8,0x19e8,0xa6fa,0xa6fa,0xa6fa,0xa6fa,0x19e8,0x19e8,0x0000,0x0000,0x0000,0x0000,0x0000,0x0000,0x0000,0x0000,0x0000,0x0000,0x0000,0x0000,0x0000,0x0000,0x0000,
0x0000,0x0000,0x0000,0x0000,0x0000,0x0000,0x0000,0x0000,0x0000,0x0000,0x0000,0x0000,0x0000,0x0000,0x0000,0x19e8,0x19e8,0xa6fa,0xa6fa,0xa6fa,0xa6fa,0x19e8,0x19e8,0x19e8,0xefdb,0xefdb,0xefdb,0xefdb,0x19e8,0x19e8,0x19e8,0x19e8,
0x19e8,0x19e8,0x19e8,0xefdb,0xefdb,0xefdb,0xefdb,0x19e8,0x19e8,0x19e8,0x19e8,0xa6fa,0xa6fa,0xa6fa,0xa6fa,0x19e8,0x19e8,0x0000,0x0000,0x0000,0x0000,0x0000,0x0000,0x0000,0x0000,0x0000,0x0000,0x0000,0x0000,0x0000,0x0000,0x0000,
0x0000,0x0000,0x0000,0x0000,0x0000,0x0000,0x0000,0x0000,0x0000,0x0000,0x0000,0x0000,0x0000,0x0000,0x0000,0x19e8,0x19e8,0xa6fa,0xa6fa,0xa6fa,0xa6fa,0x19e8,0x19e8,0x19e8,0xefdb,0xefdb,0xefdb,0xefdb,0x19e8,0x19e8,0x19e8,0x19e8,
0x19e8,0x19e8,0x19e8,0xefdb,0xefdb,0xefdb,0xefdb,0x19e8,0x19e8,0x19e8,0x19e8,0xa6fa,0xa6fa,0xa6fa,0xa6fa,0x19e8,0x19e8,0x0000,0x0000,0x0000,0x0000,0x0000,0x0000,0x0000,0x0000,0x0000,0x0000,0x0000,0x0000,0x0000,0x0000,0x0000,
0x0000,0x0000,0x0000,0x0000,0x0000,0x0000,0x0000,0x0000,0x0000,0x0000,0x0000,0x0000,0x0000,0x0000,0x0000,0x19e8,0x19e8,0xa6fa,0xa6fa,0xa6fa,0xa6fa,0x19e8,0x19e8,0x19e8,0xefdb,0xefdb,0xefdb,0xefdb,0x19e8,0x19e8,0x19e8,0x19e8,
0x19e8,0x19e8,0x19e8,0xefdb,0xefdb,0xefdb,0xefdb,0x19e8,0x19e8,0x19e8,0x19e8,0xa6fa,0xa6fa,0xa6fa,0xa6fa,0x19e8,0x19e8,0x0000,0x0000,0x0000,0x0000,0x0000,0x0000,0x0000,0x0000,0x0000,0x0000,0x0000,0x0000,0x0000,0x0000,0x0000,
0x0000,0x0000,0x0000,0x0000,0x0000,0x0000,0x0000,0x0000,0x0000,0x0000,0x0000,0x0000,0x0000,0x0000,0x0000,0x19e8,0x19e8,0xa6fa,0xa6fa,0xa6fa,0xa6fa,0x19e8,0x19e8,0x19e8,0xefdb,0xefdb,0xefdb,0xefdb,0x19e8,0x19e8,0x19e8,0x19e8,
0x19e8,0x19e8,0x19e8,0xefdb,0xefdb,0xefdb,0xefdb,0x19e8,0x19e8,0x19e8,0x19e8,0xa6fa,0xa6fa,0xa6fa,0xa6fa,0x19e8,0x19e8,0x0000,0x0000,0x0000,0x0000,0x0000,0x0000,0x0000,0x0000,0x0000,0x0000,0x0000,0x0000,0x0000,0x0000,0x0000,
0x0000,0x0000,0x0000,0xfeb2,0xfeb2,0xfeb2,0x0000,0x0000,0x0000,0x0000,0x0000,0x0000,0x0000,0x0000,0x0000,0x19e8,0x19e8,0xa6fa,0xa6fa,0xa6fa,0xa6fa,0x19e8,0x19e8,0x19e8,0xefdb,0xefdb,0xefdb,0xefdb,0x19e8,0x19e8,0x19e8,0x19e8,
0x19e8,0x19e8,0x19e8,0xefdb,0xefdb,0xefdb,0xefdb,0x19e8,0x19e8,0x19e8,0x19e8,0xa6fa,0xa6fa,0xa6fa,0xa6fa,0x19e8,0x19e8,0x0000,0x0000,0x0000,0x0000,0x0000,0x0000,0x0000,0x0000,0x0000,0xfeb2,0xfeb2,0xfeb2,0x0000,0x0000,0x0000,
0x0000,0x0000,0x0000,0xfeb2,0xfeb2,0xfeb2,0x0000,0x0000,0x0000,0xa6fa,0xa6fa,0xa6fa,0xa6fa,0xa6fa,0x0000,0x19e8,0x19e8,0xa6fa,0xa6fa,0xa6fa,0xa6fa,0x19e8,0x19e8,0x19e8,0xefdb,0xefdb,0xefdb,0xefdb,0x19e8,0x19e8,0x19e8,0x19e8,
0x19e8,0x19e8,0x19e8,0xefdb,0xefdb,0xefdb,0xefdb,0x19e8,0x19e8,0x19e8,0x19e8,0xa6fa,0xa6fa,0xa6fa,0xa6fa,0x19e8,0x19e8,0x0000,0xa6fa,0xa6fa,0xa6fa,0xa6fa,0xa6fa,0x0000,0x0000,0x0000,0xfeb2,0xfeb2,0xfeb2,0x0000,0x0000,0x0000,
0x0000,0x0000,0x0000,0x0000,0x0000,0x0000,0x0000,0x0000,0x0000,0xa6fa,0xa6fa,0xa6fa,0xa6fa,0xa6fa,0x0000,0x19e8,0x19e8,0xa6fa,0xa6fa,0xa6fa,0xa6fa,0x19e8,0x19e8,0x19e8,0x19e8,0x19e8,0x19e8,0x19e8,0x19e8,0x19e8,0x19e8,0x19e8,
0x19e8,0x19e8,0x19e8,0x19e8,0x19e8,0x19e8,0x19e8,0x19e8,0x19e8,0x19e8,0x19e8,0xa6fa,0xa6fa,0xa6fa,0xa6fa,0x19e8,0x19e8,0x0000,0xa6fa,0xa6fa,0xa6fa,0xa6fa,0xa6fa,0x0000,0x0000,0x0000,0x0000,0x0000,0x0000,0x0000,0x0000,0x0000,
0x0000,0x0000,0x0000,0x0000,0x0000,0x0000,0x0000,0x0000,0x0000,0xa6fa,0xa6fa,0xa6fa,0xa6fa,0xa6fa,0x0000,0x19e8,0x19e8,0xa6fa,0xa6fa,0xa6fa,0xa6fa,0x19e8,0x19e8,0x19e8,0x19e8,0x19e8,0x19e8,0x19e8,0x19e8,0x19e8,0x19e8,0x19e8,
0x19e8,0x19e8,0x19e8,0x19e8,0x19e8,0x19e8,0x19e8,0x19e8,0x19e8,0x19e8,0x19e8,0xa6fa,0xa6fa,0xa6fa,0xa6fa,0x19e8,0x19e8,0x0000,0xa6fa,0xa6fa,0xa6fa,0xa6fa,0xa6fa,0x0000,0x0000,0x0000,0x0000,0x0000,0x0000,0x0000,0x0000,0x0000,
0x0000,0x0000,0x0000,0xfeb2,0xfeb2,0xfeb2,0x0000,0x0000,0x0000,0xa6fa,0xa6fa,0xa6fa,0xa6fa,0xa6fa,0x0000,0x19e8,0x19e8,0xa6fa,0xa6fa,0xa6fa,0xa6fa,0x19e8,0x19e8,0x19e8,0x19e8,0x19e8,0x19e8,0x19e8,0x19e8,0x19e8,0x19e8,0x19e8,
0x19e8,0x19e8,0x19e8,0x19e8,0x19e8,0x19e8,0x19e8,0x19e8,0x19e8,0x19e8,0x19e8,0xa6fa,0xa6fa,0xa6fa,0xa6fa,0x19e8,0x19e8,0x0000,0xa6fa,0xa6fa,0xa6fa,0xa6fa,0xa6fa,0x0000,0x0000,0x0000,0xfeb2,0xfeb2,0xfeb2,0x0000,0x0000,0x0000,
0x0000,0x0000,0x0000,0xfeb2,0xfeb2,0xfeb2,0x0000,0x0000,0x0000,0xa6fa,0xa6fa,0xa6fa,0xa6fa,0xa6fa,0x0000,0x19e8,0x19e8,0xa6fa,0xa6fa,0xa6fa,0xa6fa,0x19e8,0x19e8,0x19e8,0x19e8,0x19e8,0x19e8,0x19e8,0x19e8,0x19e8,0x19e8,0x19e8,
0x19e8,0x19e8,0x19e8,0x19e8,0x19e8,0x19e8,0x19e8,0x19e8,0x19e8,0x19e8,0x19e8,0xa6fa,0xa6fa,0xa6fa,0xa6fa,0x19e8,0x19e8,0x0000,0xa6fa,0xa6fa,0xa6fa,0xa6fa,0xa6fa,0x0000,0x0000,0x0000,0xfeb2,0xfeb2,0xfeb2,0x0000,0x0000,0x0000,
0x0000,0x0000,0x0000,0x0000,0x0000,0x0000,0x0000,0x0000,0x0000,0xa6fa,0xa6fa,0xa6fa,0xa6fa,0xa6fa,0x0000,0x19e8,0x19e8,0xa6fa,0xa6fa,0xa6fa,0xa6fa,0xa6fa,0xa6fa,0xa6fa,0xa6fa,0xa6fa,0xa6fa,0xa6fa,0xa6fa,0xa6fa,0xa6fa,0xa6fa,
0xa6fa,0xa6fa,0xa6fa,0xa6fa,0xa6fa,0xa6fa,0xa6fa,0xa6fa,0xa6fa,0xa6fa,0xa6fa,0xa6fa,0xa6fa,0xa6fa,0xa6fa,0x19e8,0x19e8,0x0000,0xa6fa,0xa6fa,0xa6fa,0xa6fa,0xa6fa,0x0000,0x0000,0x0000,0x0000,0x0000,0x0000,0x0000,0x0000,0x0000,
0x0000,0x0000,0x0000,0x0000,0x0000,0x0000,0x0000,0x0000,0x0000,0xa6fa,0xa6fa,0xa6fa,0xa6fa,0xa6fa,0x0000,0x19e8,0x19e8,0xa6fa,0xa6fa,0xa6fa,0xa6fa,0xa6fa,0xa6fa,0xa6fa,0xa6fa,0xa6fa,0xa6fa,0x19e8,0x19e8,0x19e8,0x19e8,0x19e8,
0x19e8,0x19e8,0x19e8,0x19e8,0x19e8,0xa6fa,0xa6fa,0xa6fa,0xa6fa,0xa6fa,0xa6fa,0xa6fa,0xa6fa,0xa6fa,0xa6fa,0x19e8,0x19e8,0x0000,0xa6fa,0xa6fa,0xa6fa,0xa6fa,0xa6fa,0x0000,0x0000,0x0000,0x0000,0x0000,0x0000,0x0000,0x0000,0x0000,
0x0000,0x0000,0x0000,0x0000,0x0000,0x0000,0x0000,0x0000,0x0000,0xa6fa,0xa6fa,0xa6fa,0xa6fa,0xa6fa,0x0000,0x19e8,0x19e8,0xa6fa,0xa6fa,0xa6fa,0xa6fa,0xa6fa,0xa6fa,0xa6fa,0xa6fa,0xa6fa,0xa6fa,0x19e8,0x19e8,0x19e8,0x19e8,0x19e8,
0x19e8,0x19e8,0x19e8,0x19e8,0x19e8,0xa6fa,0xa6fa,0xa6fa,0xa6fa,0xa6fa,0xa6fa,0xa6fa,0xa6fa,0xa6fa,0xa6fa,0x19e8,0x19e8,0x0000,0xa6fa,0xa6fa,0xa6fa,0xa6fa,0xa6fa,0x0000,0x0000,0x0000,0x0000,0x0000,0x0000,0x0000,0x0000,0x0000,
0x0000,0x0000,0x0000,0x0000,0x0000,0x0000,0x0000,0x0000,0x0000,0xa6fa,0xa6fa,0xa6fa,0xa6fa,0xa6fa,0x0000,0x19e8,0x19e8,0xa6fa,0xa6fa,0xa6fa,0xa6fa,0xa6fa,0xa6fa,0xa6fa,0xa6fa,0xa6fa,0xa6fa,0xa6fa,0xa6fa,0xa6fa,0xa6fa,0xa6fa,
0xa6fa,0xa6fa,0xa6fa,0xa6fa,0xa6fa,0xa6fa,0xa6fa,0xa6fa,0xa6fa,0xa6fa,0xa6fa,0xa6fa,0xa6fa,0xa6fa,0xa6fa,0x19e8,0x19e8,0x0000,0xa6fa,0xa6fa,0xa6fa,0xa6fa,0xa6fa,0x0000,0x0000,0x0000,0x0000,0x0000,0x0000,0x0000,0x0000,0x0000,
0x0000,0x0000,0x0000,0x0000,0x0000,0x0000,0x0000,0x0000,0x0000,0x0000,0x0000,0x0000,0x0000,0x0000,0x0000,0x19e8,0x19e8,0xa6fa,0xa6fa,0xa6fa,0xa6fa,0xa6fa,0xa6fa,0xa6fa,0xa6fa,0xa6fa,0xa6fa,0xa6fa,0xa6fa,0xa6fa,0xa6fa,0xa6fa,
0xa6fa,0xa6fa,0xa6fa,0xa6fa,0xa6fa,0xa6fa,0xa6fa,0xa6fa,0xa6fa,0xa6fa,0xa6fa,0xa6fa,0xa6fa,0xa6fa,0xa6fa,0x19e8,0x19e8,0x0000,0x0000,0x0000,0x0000,0x0000,0x0000,0x0000,0x0000,0x0000,0x0000,0x0000,0x0000,0x0000,0x0000,0x0000,
0x0000,0x0000,0x0000,0x0000,0x0000,0x0000,0x0000,0x0000,0x0000,0x0000,0x0000,0x0000,0x0000,0x0000,0x0000,0x19e8,0x19e8,0x19e8,0x19e8,0x19e8,0x19e8,0x19e8,0x19e8,0x19e8,0x19e8,0x19e8,0x19e8,0x19e8,0x19e8,0x19e8,0x19e8,0x19e8,
0x19e8,0x19e8,0x19e8,0x19e8,0x19e8,0x19e8,0x19e8,0x19e8,0x19e8,0x19e8,0x19e8,0x19e8,0x19e8,0x19e8,0x19e8,0x19e8,0x19e8,0x0000,0x0000,0x0000,0x0000,0x0000,0x0000,0x0000,0x0000,0x0000,0x0000,0x0000,0x0000,0x0000,0x0000,0x0000,
0x0000,0x0000,0x0000,0x0000,0x0000,0x0000,0x0000,0x0000,0x0000,0x0000,0x0000,0x0000,0x0000,0x0000,0x0000,0x19e8,0x19e8,0x19e8,0x19e8,0x19e8,0x19e8,0x19e8,0x19e8,0x19e8,0x19e8,0x19e8,0x19e8,0x19e8,0x19e8,0x19e8,0x19e8,0x19e8,
0x19e8,0x19e8,0x19e8,0x19e8,0x19e8,0x19e8,0x19e8,0x19e8,0x19e8,0x19e8,0x19e8,0x19e8,0x19e8,0x19e8,0x19e8,0x19e8,0x19e8,0x0000,0x0000,0x0000,0x0000,0x0000,0x0000,0x0000,0x0000,0x0000,0x0000,0x0000,0x0000,0x0000,0x0000,0x0000,
0x0000,0x0000,0x0000,0x0000,0x0000,0x0000,0x0000,0x0000,0x0000,0x0000,0x0000,0x0000,0x0000,0x0000,0x0000,0x0000,0x0000,0x0000,0x0000,0x0000,0x0000,0x19e8,0x19e8,0x19e8,0x19e8,0x19e8,0x19e8,0x19e8,0x19e8,0x19e8,0x19e8,0x19e8,
0x19e8,0x19e8,0x19e8,0x19e8,0x19e8,0x19e8,0x19e8,0x19e8,0x19e8,0x19e8,0x19e8,0x0000,0x0000,0x0000,0x0000,0x0000,0x0000,0x0000,0x0000,0x0000,0x0000,0x0000,0x0000,0x0000,0x0000,0x0000,0x0000,0x0000,0x0000,0x0000,0x0000,0x0000,
0x0000,0x0000,0x0000,0x0000,0x0000,0x0000,0x0000,0x0000,0x0000,0x0000,0x0000,0x0000,0x0000,0x0000,0x0000,0x0000,0x0000,0x0000,0x0000,0x0000,0x0000,0x19e8,0x19e8,0x19e8,0x19e8,0x19e8,0x19e8,0x19e8,0x19e8,0x19e8,0x19e8,0x19e8,
0x19e8,0x19e8,0x19e8,0x19e8,0x19e8,0x19e8,0x19e8,0x19e8,0x19e8,0x19e8,0x19e8,0x0000,0x0000,0x0000,0x0000,0x0000,0x0000,0x0000,0x0000,0x0000,0x0000,0x0000,0x0000,0x0000,0x0000,0x0000,0x0000,0x0000,0x0000,0x0000,0x0000,0x0000,
0x0000,0x0000,0x0000,0x0000,0x0000,0x0000,0x0000,0x0000,0x0000,0x0000,0x0000,0x0000,0x0000,0x0000,0x0000,0x0000,0x0000,0x0000,0x0000,0x0000,0x0000,0x19e8,0x19e8,0xa6fa,0xa6fa,0xa6fa,0xa6fa,0xa6fa,0xa6fa,0xa6fa,0xa6fa,0xa6fa,
0xa6fa,0xa6fa,0xa6fa,0xa6fa,0xa6fa,0xa6fa,0xa6fa,0xa6fa,0xa6fa,0x19e8,0x19e8,0x0000,0x0000,0x0000,0x0000,0x0000,0x0000,0x0000,0x0000,0x0000,0x0000,0x0000,0x0000,0x0000,0x0000,0x0000,0x0000,0x0000,0x0000,0x0000,0x0000,0x0000,
0x0000,0x0000,0x0000,0x0000,0x0000,0x0000,0x0000,0x0000,0x0000,0x0000,0x0000,0x0000,0x0000,0x0000,0x0000,0x0000,0x0000,0x0000,0x0000,0x0000,0x0000,0x19e8,0x19e8,0xa6fa,0xa6fa,0xa6fa,0xa6fa,0xa6fa,0xa6fa,0xa6fa,0xa6fa,0xa6fa,
0xa6fa,0xa6fa,0xa6fa,0xa6fa,0xa6fa,0xa6fa,0xa6fa,0xa6fa,0xa6fa,0x19e8,0x19e8,0x0000,0x0000,0x0000,0x0000,0x0000,0x0000,0x0000,0x0000,0x0000,0x0000,0x0000,0x0000,0x0000,0x0000,0x0000,0x0000,0x0000,0x0000,0x0000,0x0000,0x0000,
0x0000,0x0000,0x0000,0x0000,0x0000,0x0000,0x0000,0x0000,0x0000,0x0000,0x0000,0x0000,0x0000,0x0000,0x0000,0x0000,0x0000,0x0000,0x0000,0x0000,0x0000,0x19e8,0x19e8,0xa6fa,0xa6fa,0xa6fa,0xa6fa,0xa6fa,0xa6fa,0xa6fa,0xa6fa,0xa6fa,
0xa6fa,0xa6fa,0xa6fa,0xa6fa,0xa6fa,0xa6fa,0xa6fa,0xa6fa,0xa6fa,0x19e8,0x19e8,0x0000,0x0000,0x0000,0x0000,0x0000,0x0000,0x0000,0x0000,0x0000,0x0000,0x0000,0x0000,0x0000,0x0000,0x0000,0x0000,0x0000,0x0000,0x0000,0x0000,0x0000,
0x0000,0x0000,0x0000,0x0000,0x0000,0x0000,0x0000,0x0000,0x0000,0x0000,0x0000,0x0000,0x0000,0x0000,0x0000,0x0000,0x0000,0x0000,0x0000,0x0000,0x0000,0x19e8,0x19e8,0xa6fa,0xa6fa,0xa6fa,0xa6fa,0xa6fa,0xa6fa,0xa6fa,0xa6fa,0xa6fa,
0xa6fa,0xa6fa,0xa6fa,0xa6fa,0xa6fa,0xa6fa,0xa6fa,0xa6fa,0xa6fa,0x19e8,0x19e8,0x0000,0x0000,0x0000,0x0000,0x0000,0x0000,0x0000,0x0000,0x0000,0x0000,0x0000,0x0000,0x0000,0x0000,0x0000,0x0000,0x0000,0x0000,0x0000,0x0000,0x0000,
0x0000,0x0000,0x0000,0x0000,0x0000,0x0000,0x0000,0x0000,0x0000,0x0000,0x0000,0x0000,0x0000,0x0000,0x0000,0x0000,0x0000,0x0000,0x0000,0x0000,0x0000,0x19e8,0x19e8,0xa6fa,0xa6fa,0xa6fa,0xa6fa,0xa6fa,0xa6fa,0xa6fa,0xa6fa,0xa6fa,
0xa6fa,0xa6fa,0xa6fa,0xa6fa,0xa6fa,0xa6fa,0xa6fa,0xa6fa,0xa6fa,0x19e8,0x19e8,0x0000,0x0000,0x0000,0x0000,0x0000,0x0000,0x0000,0x0000,0x0000,0x0000,0x0000,0x0000,0x0000,0x0000,0x0000,0x0000,0x0000,0x0000,0x0000,0x0000,0x0000,
0x0000,0x0000,0x0000,0x0000,0x0000,0x0000,0x0000,0x0000,0x0000,0x0000,0x0000,0x0000,0x0000,0x0000,0x0000,0x0000,0x0000,0x0000,0x0000,0x0000,0x0000,0x19e8,0x19e8,0xa6fa,0xa6fa,0xa6fa,0xa6fa,0xa6fa,0xa6fa,0xa6fa,0xa6fa,0xa6fa,
0xa6fa,0xa6fa,0xa6fa,0xa6fa,0xa6fa,0xa6fa,0xa6fa,0xa6fa,0xa6fa,0x19e8,0x19e8,0x0000,0x0000,0x0000,0x0000,0x0000,0x0000,0x0000,0x0000,0x0000,0x0000,0x0000,0x0000,0x0000,0x0000,0x0000,0x0000,0x0000,0x0000,0x0000,0x0000,0x0000,
0x0000,0x0000,0x0000,0x0000,0x0000,0x0000,0x0000,0x0000,0x0000,0x0000,0x0000,0x0000,0x0000,0x0000,0x0000,0x0000,0x0000,0x0000,0x0000,0x0000,0x0000,0x19e8,0x19e8,0xa6fa,0xa6fa,0xa6fa,0xa6fa,0xa6fa,0xa6fa,0xa6fa,0xa6fa,0xa6fa,
0xa6fa,0xa6fa,0xa6fa,0xa6fa,0xa6fa,0xa6fa,0xa6fa,0xa6fa,0xa6fa,0x19e8,0x19e8,0x0000,0x0000,0x0000,0x0000,0x0000,0x0000,0x0000,0x0000,0x0000,0x0000,0x0000,0x0000,0x0000,0x0000,0x0000,0x0000,0x0000,0x0000,0x0000,0x0000,0x0000,
0x0000,0x0000,0x0000,0x0000,0x0000,0x0000,0x0000,0x0000,0x0000,0x0000,0x0000,0x0000,0x0000,0x0000,0x0000,0x0000,0x0000,0x0000,0x0000,0x0000,0x0000,0x19e8,0x19e8,0xa6fa,0xa6fa,0xa6fa,0xa6fa,0xa6fa,0xa6fa,0xa6fa,0xa6fa,0xa6fa,
0xa6fa,0xa6fa,0xa6fa,0xa6fa,0xa6fa,0xa6fa,0xa6fa,0xa6fa,0xa6fa,0x19e8,0x19e8,0x0000,0x0000,0x0000,0x0000,0x0000,0x0000,0x0000,0x0000,0x0000,0x0000,0x0000,0x0000,0x0000,0x0000,0x0000,0x0000,0x0000,0x0000,0x0000,0x0000,0x0000,
0x0000,0x0000,0x0000,0x0000,0x0000,0x0000,0x0000,0x0000,0x0000,0x0000,0x0000,0x0000,0x0000,0x0000,0x0000,0x0000,0x0000,0x0000,0x0000,0x0000,0x0000,0x19e8,0x19e8,0x19e8,0x19e8,0x19e8,0x19e8,0x19e8,0x19e8,0x19e8,0x19e8,0x19e8,
0x19e8,0x19e8,0x19e8,0x19e8,0x19e8,0x19e8,0x19e8,0x19e8,0x19e8,0x19e8,0x19e8,0x0000,0x0000,0x0000,0x0000,0x0000,0x0000,0x0000,0x0000,0x0000,0x0000,0x0000,0x0000,0x0000,0x0000,0x0000,0x0000,0x0000,0x0000,0x0000,0x0000,0x0000,
0x0000,0x0000,0x0000,0x0000,0x0000,0x0000,0x0000,0x0000,0x0000,0x0000,0x0000,0x0000,0x0000,0x0000,0x0000,0x0000,0x0000,0x0000,0x0000,0x0000,0x0000,0x19e8,0x19e8,0x19e8,0x19e8,0x19e8,0x19e8,0x19e8,0x19e8,0x19e8,0x19e8,0x19e8,
0x19e8,0x19e8,0x19e8,0x19e8,0x19e8,0x19e8,0x19e8,0x19e8,0x19e8,0x19e8,0x19e8,0x0000,0x0000,0x0000,0x0000,0x0000,0x0000,0x0000,0x0000,0x0000,0x0000,0x0000,0x0000,0x0000,0x0000,0x0000,0x0000,0x0000,0x0000,0x0000,0x0000,0x0000,
0x0000,0x0000,0x0000,0x0000,0x0000,0x0000,0x0000,0x0000,0x0000,0x0000,0x0000,0x0000,0x0000,0x0000,0x0000,0x0000,0x0000,0x0000,0x0000,0x0000,0x0000,0x0000,0x0000,0x0000,0x0000,0x0000,0x0000,0x0000,0x0000,0x0000,0x0000,0x0000,
0x0000,0x0000,0x0000,0x0000,0x0000,0x0000,0x0000,0x0000,0x0000,0x0000,0x0000,0x0000,0x0000,0x0000,0x0000,0x0000,0x0000,0x0000,0x0000,0x0000,0x0000,0x0000,0x0000,0x0000,0x0000,0x0000,0x0000,0x0000,0x0000,0x0000,0x0000,0x0000,
0x0000,0x0000,0x0000,0x0000,0x0000,0x0000,0x0000,0x0000,0x0000,0x0000,0x0000,0x0000,0x0000,0x0000,0x0000,0x0000,0x0000,0x0000,0x0000,0x0000,0x0000,0x0000,0x0000,0x0000,0x0000,0x0000,0xa6fa,0xa6fa,0xa6fa,0xa6fa,0x0000,0x0000,
0x0000,0x0000,0xa6fa,0xa6fa,0xa6fa,0xa6fa,0x0000,0x0000,0x0000,0x0000,0x0000,0x0000,0x0000,0x0000,0x0000,0x0000,0x0000,0x0000,0x0000,0x0000,0x0000,0x0000,0x0000,0x0000,0x0000,0x0000,0x0000,0x0000,0x0000,0x0000,0x0000,0x0000,
0x0000,0x0000,0x0000,0x0000,0x0000,0x0000,0x0000,0x0000,0x0000,0x0000,0x0000,0x0000,0x0000,0x0000,0x0000,0x0000,0x0000,0x0000,0x0000,0x0000,0x0000,0x0000,0x0000,0x0000,0x0000,0x0000,0xa6fa,0xa6fa,0xa6fa,0xa6fa,0x0000,0x0000,
0x0000,0x0000,0xa6fa,0xa6fa,0xa6fa,0xa6fa,0x0000,0x0000,0x0000,0x0000,0x0000,0x0000,0x0000,0x0000,0x0000,0x0000,0x0000,0x0000,0x0000,0x0000,0x0000,0x0000,0x0000,0x0000,0x0000,0x0000,0x0000,0x0000,0x0000,0x0000,0x0000,0x0000,
0x0000,0x0000,0x0000,0x0000,0x0000,0x0000,0x0000,0x0000,0x0000,0x0000,0x0000,0x0000,0x0000,0x0000,0x0000,0x0000,0x0000,0x0000,0x0000,0x0000,0x0000,0x0000,0x0000,0x0000,0x0000,0x0000,0xa6fa,0xa6fa,0xa6fa,0xa6fa,0x0000,0x0000,
0x0000,0x0000,0xa6fa,0xa6fa,0xa6fa,0xa6fa,0x0000,0x0000,0x0000,0x0000,0x0000,0x0000,0x0000,0x0000,0x0000,0x0000,0x0000,0x0000,0x0000,0x0000,0x0000,0x0000,0x0000,0x0000,0x0000,0x0000,0x0000,0x0000,0x0000,0x0000,0x0000,0x0000,
0x0000,0x0000,0x0000,0x0000,0x0000,0x0000,0x0000,0x0000,0x0000,0x0000,0x0000,0x0000,0x0000,0x0000,0x0000,0x0000,0x0000,0x0000,0x0000,0x0000,0x0000,0x0000,0x0000,0x0000,0x0000,0x0000,0xa6fa,0xa6fa,0xa6fa,0xa6fa,0x0000,0x0000,
0x0000,0x0000,0xa6fa,0xa6fa,0xa6fa,0xa6fa,0x0000,0x0000,0x0000,0x0000,0x0000,0x0000,0x0000,0x0000,0x0000,0x0000,0x0000,0x0000,0x0000,0x0000,0x0000,0x0000,0x0000,0x0000,0x0000,0x0000,0x0000,0x0000,0x0000,0x0000,0x0000,0x0000,
0x0000,0x0000,0x0000,0x0000,0x0000,0x0000,0x0000,0x0000,0x0000,0x0000,0x0000,0x0000,0x0000,0x0000,0x0000,0x0000,0x0000,0x0000,0x0000,0x0000,0x0000,0x0000,0x0000,0x0000,0x0000,0x0000,0x0000,0x0000,0x0000,0x0000,0x0000,0x0000,
0x0000,0x0000,0x0000,0x0000,0x0000,0x0000,0x0000,0x0000,0x0000,0x0000,0x0000,0x0000,0x0000,0x0000,0x0000,0x0000,0x0000,0x0000,0x0000,0x0000,0x0000,0x0000,0x0000,0x0000,0x0000,0x0000,0x0000,0x0000,0x0000,0x0000,0x0000,0x0000,
0x0000,0x0000,0x0000,0x0000,0x0000,0x0000,0x0000,0x0000,0x0000,0x0000,0x0000,0x0000,0x0000,0x0000,0x0000,0x0000,0x0000,0x0000,0x0000,0x0000,0x0000,0x0000,0x0000,0x0000,0x0000,0x0000,0x0000,0x0000,0x0000,0x0000,0x0000,0x0000,
0x0000,0x0000,0x0000,0x0000,0x0000,0x0000,0x0000,0x0000,0x0000,0x0000,0x0000,0x0000,0x0000,0x0000,0x0000,0x0000,0x0000,0x0000,0x0000,0x0000,0x0000,0x0000,0x0000,0x0000,0x0000,0x0000,0x0000,0x0000,0x0000,0x0000,0x0000,0x0000,
0x0000,0x0000,0x0000,0x0000,0x0000,0x0000,0x0000,0x0000,0x0000,0x0000,0x0000,0x0000,0x0000,0x0000,0x0000,0x0000,0x0000,0x0000,0x0000,0x0000,0x0000,0x0000,0x0000,0x0000,0x0000,0x0000,0x0000,0x0000,0x0000,0x0000,0x0000,0x0000,
0x0000,0x0000,0x0000,0x0000,0x0000,0x0000,0x0000,0x0000,0x0000,0x0000,0x0000,0x0000,0x0000,0x0000,0x0000,0x0000,0x0000,0x0000,0x0000,0x0000,0x0000,0x0000,0x0000,0x0000,0x0000,0x0000,0x0000,0x0000,0x0000,0x0000,0x0000,0x0000,
0x0000,0x0000,0x0000,0x0000,0x0000,0x0000,0x0000,0x0000,0x0000,0x0000,0x0000,0x0000,0x0000,0x0000,0x0000,0x0000,0x0000,0x0000,0x0000,0x0000,0x0000,0x0000,0x0000,0x0000,0x0000,0x0000,0x0000,0x0000,0x0000,0x0000,0x0000,0x0000,
0x0000,0x0000,0x0000,0x0000,0x0000,0x0000,0x0000,0x0000,0x0000,0x0000,0x0000,0x0000,0x0000,0x0000,0x0000,0x0000,0x0000,0x0000,0x0000,0x0000,0x0000,0x0000,0x0000,0x0000,0x0000,0x0000,0x0000,0x0000,0x0000,0x0000,0x0000,0x0000,
0x0000,0x0000,0x0000,0x0000,0x0000,0x0000,0x0000,0x0000,0x0000,0x0000,0x0000,0x0000,0x0000,0x0000,0x0000,0x0000,0x0000,0x0000,0x0000,0x0000,0x0000,0x0000,0x0000,0x0000,0x0000,0x0000,0x0000,0x0000,0x0000,0x0000,0x0000,0x0000,
0x0000,0x0000,0x0000,0x0000,0x0000,0x0000,0x0000,0x0000,0x0000,0x0000,0x0000,0x0000,0x0000,0x0000,0x0000,0x0000,0x0000,0x0000,0x0000,0x0000,0x0000,0x0000,0x0000,0x0000,0x0000,0x0000,0x0000,0x0000,0x0000,0x0000,0x0000,0x0000,
0x0000,0x0000,0x0000,0x0000,0x0000,0x0000,0x0000,0x0000,0x0000,0x0000,0x0000,0x0000,0x0000,0x0000,0x0000,0x0000,0x0000,0x0000,0x0000,0x0000,0x0000,0x0000,0x0000,0x0000,0x0000,0x0000,0x0000,0x0000,0x0000,0x0000,0x0000,0x0000,
0x0000,0x0000,0x0000,0x0000,0x0000,0x0000,0x0000,0x0000,0x0000,0x0000,0x0000,0x0000,0x0000,0x0000,0x0000,0x0000,0x0000,0x0000,0x0000,0x0000,0x0000,0x0000,0x0000,0x0000,0x0000,0x0000,0x0000,0x0000,0x0000,0x0000,0x0000,0x0000,
};
static const uint16_t frame_14[4096] = {
0x0000,0x0000,0x0000,0x0000,0x0000,0x0000,0x0000,0x0000,0x0000,0x0000,0x0000,0x0000,0x0000,0x0000,0x0000,0x0000,0x0000,0x0000,0x0000,0x0000,0x0000,0x0000,0x0000,0x0000,0x0000,0x0000,0x0000,0x0000,0x0000,0x0000,0x0000,0x0000,
0x0000,0x0000,0x0000,0x0000,0x0000,0x0000,0x0000,0x0000,0x0000,0x0000,0x0000,0x0000,0x0000,0x0000,0x0000,0x0000,0x0000,0x0000,0x0000,0x0000,0x0000,0x0000,0x0000,0x0000,0x0000,0x0000,0x0000,0x0000,0x0000,0x0000,0x0000,0x0000,
0x0000,0x0000,0x0000,0x0000,0x0000,0x0000,0x0000,0x0000,0x0000,0x0000,0x0000,0x0000,0x0000,0x0000,0x0000,0x0000,0x0000,0x0000,0x0000,0x0000,0x0000,0x0000,0x0000,0x0000,0x0000,0x0000,0x0000,0x0000,0x0000,0x0000,0x0000,0x0000,
0x0000,0x0000,0x0000,0x0000,0x0000,0x0000,0x0000,0x0000,0x0000,0x0000,0x0000,0x0000,0x0000,0x0000,0x0000,0x0000,0x0000,0x0000,0x0000,0x0000,0x0000,0x0000,0x0000,0x0000,0x0000,0x0000,0x0000,0x0000,0x0000,0x0000,0x0000,0x0000,
0x0000,0x0000,0x0000,0x0000,0x0000,0x0000,0x0000,0x0000,0x0000,0x0000,0x0000,0x0000,0x0000,0x0000,0x0000,0x0000,0x0000,0x0000,0x0000,0x0000,0x0000,0x0000,0x0000,0x0000,0x0000,0x0000,0x0000,0x0000,0x0000,0x0000,0x0000,0x0000,
0x0000,0x0000,0x0000,0x0000,0x0000,0x0000,0x0000,0x0000,0x0000,0x0000,0x0000,0x0000,0x0000,0x0000,0x0000,0x0000,0x0000,0x0000,0x0000,0x0000,0x0000,0x0000,0x0000,0x0000,0x0000,0x0000,0x0000,0x0000,0x0000,0x0000,0x0000,0x0000,
0x0000,0x0000,0x0000,0x0000,0x0000,0x0000,0x0000,0x0000,0x0000,0x0000,0x0000,0x0000,0x0000,0x0000,0x0000,0x0000,0x0000,0x0000,0x0000,0x0000,0x0000,0x0000,0x0000,0x0000,0x0000,0x0000,0x0000,0x0000,0x0000,0x0000,0x0000,0x0000,
0x0000,0x0000,0x0000,0x0000,0x0000,0x0000,0x0000,0x0000,0x0000,0x0000,0x0000,0x0000,0x0000,0x0000,0x0000,0x0000,0x0000,0x0000,0x0000,0x0000,0x0000,0x0000,0x0000,0x0000,0x0000,0x0000,0x0000,0x0000,0x0000,0x0000,0x0000,0x0000,
0x0000,0x0000,0x0000,0x0000,0x0000,0x0000,0x0000,0x0000,0x0000,0x0000,0x0000,0x0000,0x0000,0x0000,0x0000,0x0000,0x0000,0x0000,0x0000,0x0000,0x0000,0x0000,0x0000,0x0000,0x0000,0x0000,0x0000,0x0000,0x0000,0x0000,0x0000,0x0000,
0x0000,0x0000,0x0000,0x0000,0x0000,0x0000,0x0000,0x0000,0x0000,0x0000,0x0000,0x0000,0x0000,0x0000,0x0000,0x0000,0x0000,0x0000,0x0000,0x0000,0x0000,0x0000,0x0000,0x0000,0x0000,0x0000,0x0000,0x0000,0x0000,0x0000,0x0000,0x0000,
0x0000,0x0000,0x0000,0x0000,0x0000,0x0000,0x0000,0x0000,0x0000,0x0000,0x0000,0x0000,0x0000,0x0000,0x0000,0x0000,0x0000,0x0000,0x0000,0x0000,0x0000,0x0000,0x0000,0x0000,0x0000,0x0000,0x0000,0x0000,0x0000,0x0000,0x0000,0x0000,
0x0000,0x0000,0x0000,0x0000,0x0000,0x0000,0x0000,0x0000,0x0000,0x0000,0x0000,0x0000,0x0000,0x0000,0x0000,0x0000,0x0000,0x0000,0x0000,0x0000,0x0000,0x0000,0x0000,0x0000,0x0000,0x0000,0x0000,0x0000,0x0000,0x0000,0x0000,0x0000,
0x0000,0x0000,0x0000,0x0000,0x0000,0x0000,0x0000,0x0000,0x0000,0x0000,0x0000,0x0000,0x0000,0x0000,0x0000,0x0000,0x0000,0x0000,0x0000,0x0000,0x0000,0x0000,0x0000,0x0000,0x0000,0x0000,0x0000,0xfeb2,0xfeb2,0xfeb2,0xfeb2,0xfeb2,
0xfeb2,0xfeb2,0xfeb2,0xfeb2,0xfeb2,0x0000,0x0000,0x0000,0x0000,0x0000,0x0000,0x0000,0x0000,0x0000,0x0000,0x0000,0x0000,0x0000,0x0000,0x0000,0x0000,0x0000,0x0000,0x0000,0x0000,0x0000,0x0000,0x0000,0x0000,0x0000,0x0000,0x0000,
0x0000,0x0000,0x0000,0x0000,0x0000,0x0000,0x0000,0x0000,0x0000,0x0000,0x0000,0x0000,0x0000,0x0000,0x0000,0x0000,0x0000,0x0000,0x0000,0x0000,0x0000,0x0000,0x0000,0x0000,0x0000,0x0000,0x0000,0xfeb2,0xfeb2,0xfeb2,0xfeb2,0xfeb2,
0xfeb2,0xfeb2,0xfeb2,0xfeb2,0xfeb2,0x0000,0x0000,0x0000,0x0000,0x0000,0x0000,0x0000,0x0000,0x0000,0x0000,0x0000,0x0000,0x0000,0x0000,0x0000,0x0000,0x0000,0x0000,0x0000,0x0000,0x0000,0x0000,0x0000,0x0000,0x0000,0x0000,0x0000,
0x0000,0x0000,0x0000,0x0000,0x0000,0x0000,0x0000,0x0000,0x0000,0x0000,0x0000,0x0000,0x0000,0x0000,0x0000,0x0000,0x0000,0x0000,0x0000,0x0000,0x0000,0x0000,0x0000,0x0000,0x0000,0x0000,0x0000,0xfeb2,0xfeb2,0xfeb2,0xfeb2,0xfeb2,
0xfeb2,0xfeb2,0xfeb2,0xfeb2,0xfeb2,0x0000,0x0000,0x0000,0x0000,0x0000,0x0000,0x0000,0x0000,0x0000,0x0000,0x0000,0x0000,0x0000,0x0000,0x0000,0x0000,0x0000,0x0000,0x0000,0x0000,0x0000,0x0000,0x0000,0x0000,0x0000,0x0000,0x0000,
0x0000,0x0000,0x0000,0x0000,0x0000,0x0000,0x0000,0x0000,0x0000,0x0000,0x0000,0x0000,0x0000,0x0000,0x0000,0x0000,0x0000,0x0000,0x0000,0x0000,0x0000,0x0000,0x0000,0x0000,0x0000,0x0000,0x0000,0xfeb2,0xfeb2,0xfeb2,0xa6fa,0xa6fa,
0xa6fa,0xa6fa,0xfeb2,0xfeb2,0xfeb2,0x0000,0x0000,0x0000,0x0000,0x0000,0x0000,0x0000,0x0000,0x0000,0x0000,0x0000,0x0000,0x0000,0x0000,0x0000,0x0000,0x0000,0x0000,0x0000,0x0000,0x0000,0x0000,0x0000,0x0000,0x0000,0x0000,0x0000,
0x0000,0x0000,0x0000,0x0000,0x0000,0x0000,0x0000,0x0000,0x0000,0x0000,0x0000,0x0000,0x0000,0x0000,0x0000,0x0000,0x0000,0x0000,0x0000,0x0000,0x0000,0x0000,0x0000,0x0000,0x0000,0x0000,0x0000,0x0000,0x0000,0x0000,0xa6fa,0xa6fa,
0xa6fa,0xa6fa,0x0000,0x0000,0x0000,0x0000,0x0000,0x0000,0x0000,0x0000,0x0000,0x0000,0x0000,0x0000,0x0000,0x0000,0x0000,0x0000,0x0000,0x0000,0x0000,0x0000,0x0000,0x0000,0x0000,0x0000,0x0000,0x0000,0x0000,0x0000,0x0000,0x0000,
0x0000,0x0000,0x0000,0x0000,0x0000,0x0000,0x0000,0x0000,0x0000,0x0000,0x0000,0x0000,0x0000,0x0000,0x0000,0x0000,0x0000,0x0000,0x0000,0x0000,0x0000,0x0000,0x0000,0x0000,0x0000,0x0000,0x0000,0x0000,0x0000,0x0000,0xa6fa,0xa6fa,
0xa6fa,0xa6fa,0x0000,0x0000,0x0000,0x0000,0x0000,0x0000,0x0000,0x0000,0x0000,0x0000,0x0000,0x0000,0x0000,0x0000,0x0000,0x0000,0x0000,0x0000,0x0000,0x0000,0x0000,0x0000,0x0000,0x0000,0x0000,0x0000,0x0000,0x0000,0x0000,0x0000,
0x0000,0x0000,0x0000,0x0000,0x0000,0x0000,0x0000,0x0000,0x0000,0x0000,0x0000,0x0000,0x0000,0x0000,0x0000,0x0000,0x0000,0x0000,0x0000,0x0000,0x0000,0x0000,0x0000,0x0000,0x0000,0x0000,0x0000,0x0000,0x0000,0x0000,0xa6fa,0xa6fa,
0xa6fa,0xa6fa,0x0000,0x0000,0x0000,0x0000,0x0000,0x0000,0x0000,0x0000,0x0000,0x0000,0x0000,0x0000,0x0000,0x0000,0x0000,0x0000,0x0000,0x0000,0x0000,0x0000,0x0000,0x0000,0x0000,0x0000,0x0000,0x0000,0x0000,0x0000,0x0000,0x0000,
0x0000,0x0000,0x0000,0x0000,0x0000,0x0000,0x0000,0x0000,0x0000,0x0000,0x0000,0x0000,0x0000,0x0000,0x0000,0x19e8,0x19e8,0x19e8,0x19e8,0x19e8,0x19e8,0x19e8,0x19e8,0x19e8,0x19e8,0x19e8,0x19e8,0x19e8,0x19e8,0x19e8,0x19e8,0x19e8,
0x19e8,0x19e8,0x19e8,0x19e8,0x19e8,0x19e8,0x19e8,0x19e8,0x19e8,0x19e8,0x19e8,0x19e8,0x19e8,0x19e8,0x19e8,0x19e8,0x19e8,0x0000,0x0000,0x0000,0x0000,0x0000,0x0000,0x0000,0x0000,0x0000,0x0000,0x0000,0x0000,0x0000,0x0000,0x0000,
0x0000,0x0000,0x0000,0x0000,0x0000,0x0000,0x0000,0x0000,0x0000,0x0000,0x0000,0x0000,0x0000,0x0000,0x0000,0x19e8,0x19e8,0x19e8,0x19e8,0x19e8,0x19e8,0x19e8,0x19e8,0x19e8,0x19e8,0x19e8,0x19e8,0x19e8,0x19e8,0x19e8,0x19e8,0x19e8,
0x19e8,0x19e8,0x19e8,0x19e8,0x19e8,0x19e8,0x19e8,0x19e8,0x19e8,0x19e8,0x19e8,0x19e8,0x19e8,0x19e8,0x19e8,0x19e8,0x19e8,0x0000,0x0000,0x0000,0x0000,0x0000,0x0000,0x0000,0x0000,0x0000,0x0000,0x0000,0x0000,0x0000,0x0000,0x0000,
0x0000,0x0000,0x0000,0x0000,0x0000,0x0000,0x0000,0x0000,0x0000,0x0000,0x0000,0x0000,0x0000,0x0000,0x0000,0x19e8,0x19e8,0xa6fa,0xa6fa,0xa6fa,0xa6fa,0xa6fa,0xa6fa,0xa6fa,0xa6fa,0xa6fa,0xa6fa,0xa6fa,0xa6fa,0xa6fa,0xa6fa,0xa6fa,
0xa6fa,0xa6fa,0xa6fa,0xa6fa,0xa6fa,0xa6fa,0xa6fa,0xa6fa,0xa6fa,0xa6fa,0xa6fa,0xa6fa,0xa6fa,0xa6fa,0xa6fa,0x19e8,0x19e8,0x0000,0x0000,0x0000,0x0000,0x0000,0x0000,0x0000,0x0000,0x0000,0x0000,0x0000,0x0000,0x0000,0x0000,0x0000,
0x0000,0x0000,0x0000,0x0000,0x0000,0x0000,0x0000,0x0000,0x0000,0x0000,0x0000,0x0000,0x0000,0x0000,0x0000,0x19e8,0x19e8,0xa6fa,0xa6fa,0xa6fa,0xa6fa,0xa6fa,0xa6fa,0xa6fa,0xa6fa,0xa6fa,0xa6fa,0xa6fa,0xa6fa,0xa6fa,0xa6fa,0xa6fa,
0xa6fa,0xa6fa,0xa6fa,0xa6fa,0xa6fa,0xa6fa,0xa6fa,0xa6fa,0xa6fa,0xa6fa,0xa6fa,0xa6fa,0xa6fa,0xa6fa,0xa6fa,0x19e8,0x19e8,0x0000,0x0000,0x0000,0x0000,0x0000,0x0000,0x0000,0x0000,0x0000,0x0000,0x0000,0x0000,0x0000,0x0000,0x0000,
0x0000,0x0000,0x0000,0x0000,0x0000,0x0000,0x0000,0x0000,0x0000,0x0000,0x0000,0x0000,0x0000,0x0000,0x0000,0x19e8,0x19e8,0xa6fa,0xa6fa,0xa6fa,0xa6fa,0xa6fa,0xa6fa,0xa6fa,0xa6fa,0xa6fa,0xa6fa,0xa6fa,0xa6fa,0xa6fa,0xa6fa,0xa6fa,
0xa6fa,0xa6fa,0xa6fa,0xa6fa,0xa6fa,0xa6fa,0xa6fa,0xa6fa,0xa6fa,0xa6fa,0xa6fa,0xa6fa,0xa6fa,0xa6fa,0xa6fa,0x19e8,0x19e8,0x0000,0x0000,0x0000,0x0000,0x0000,0x0000,0x0000,0x0000,0x0000,0x0000,0x0000,0x0000,0x0000,0x0000,0x0000,
0x0000,0x0000,0x0000,0x0000,0x0000,0x0000,0x0000,0x0000,0x0000,0x0000,0x0000,0x0000,0x0000,0x0000,0x0000,0x19e8,0x19e8,0xa6fa,0xa6fa,0xa6fa,0xa6fa,0xa6fa,0xa6fa,0xa6fa,0xa6fa,0xa6fa,0xa6fa,0xa6fa,0xa6fa,0xa6fa,0xa6fa,0xa6fa,
0xa6fa,0xa6fa,0xa6fa,0xa6fa,0xa6fa,0xa6fa,0xa6fa,0xa6fa,0xa6fa,0xa6fa,0xa6fa,0xa6fa,0xa6fa,0xa6fa,0xa6fa,0x19e8,0x19e8,0x0000,0x0000,0x0000,0x0000,0x0000,0x0000,0x0000,0x0000,0x0000,0x0000,0x0000,0x0000,0x0000,0x0000,0x0000,
0x0000,0x0000,0x0000,0x0000,0x0000,0x0000,0x0000,0x0000,0x0000,0x0000,0x0000,0x0000,0x0000,0x0000,0x0000,0x19e8,0x19e8,0xa6fa,0xa6fa,0xa6fa,0xa6fa,0x19e8,0x19e8,0x19e8,0x19e8,0x19e8,0x19e8,0x19e8,0x19e8,0x19e8,0x19e8,0x19e8,
0x19e8,0x19e8,0x19e8,0x19e8,0x19e8,0x19e8,0x19e8,0x19e8,0x19e8,0x19e8,0x19e8,0xa6fa,0xa6fa,0xa6fa,0xa6fa,0x19e8,0x19e8,0x0000,0x0000,0x0000,0x0000,0x0000,0x0000,0x0000,0x0000,0x0000,0x0000,0x0000,0x0000,0x0000,0x0000,0x0000,
0x0000,0x0000,0x0000,0x0000,0x0000,0x0000,0x0000,0x0000,0x0000,0x0000,0x0000,0x0000,0x0000,0x0000,0x0000,0x19e8,0x19e8,0xa6fa,0xa6fa,0xa6fa,0xa6fa,0x19e8,0x19e8,0x19e8,0x19e8,0x19e8,0x19e8,0x19e8,0x19e8,0x19e8,0x19e8,0x19e8,
0x19e8,0x19e8,0x19e8,0x19e8,0x19e8,0x19e8,0x19e8,0x19e8,0x19e8,0x19e8,0x19e8,0xa6fa,0xa6fa,0xa6fa,0xa6fa,0x19e8,0x19e8,0x0000,0x0000,0x0000,0x0000,0x0000,0x0000,0x0000,0x0000,0x0000,0x0000,0x0000,0x0000,0x0000,0x0000,0x0000,
0x0000,0x0000,0x0000,0x0000,0x0000,0x0000,0x0000,0x0000,0x0000,0x0000,0x0000,0x0000,0x0000,0x0000,0x0000,0x19e8,0x19e8,0xa6fa,0xa6fa,0xa6fa,0xa6fa,0x19e8,0x19e8,0x19e8,0x19e8,0x19e8,0x19e8,0x19e8,0x19e8,0x19e8,0x19e8,0x19e8,
0x19e8,0x19e8,0x19e8,0x19e8,0x19e8,0x19e8,0x19e8,0x19e8,0x19e8,0x19e8,0x19e8,0xa6fa,0xa6fa,0xa6fa,0xa6fa,0x19e8,0x19e8,0x0000,0x0000,0x0000,0x0000,0x0000,0x0000,0x0000,0x0000,0x0000,0x0000,0x0000,0x0000,0x0000,0x0000,0x0000,
0x0000,0x0000,0x0000,0x0000,0x0000,0x0000,0x0000,0x0000,0x0000,0x0000,0x0000,0x0000,0x0000,0x0000,0x0000,0x19e8,0x19e8,0xa6fa,0xa6fa,0xa6fa,0xa6fa,0x19e8,0x19e8,0x19e8,0xefdb,0xefdb,0xefdb,0xefdb,0x19e8,0x19e8,0x19e8,0x19e8,
0x19e8,0x19e8,0x19e8,0xefdb,0xefdb,0xefdb,0xefdb,0x19e8,0x19e8,0x19e8,0x19e8,0xa6fa,0xa6fa,0xa6fa,0xa6fa,0x19e8,0x19e8,0x0000,0x0000,0x0000,0x0000,0x0000,0x0000,0x0000,0x0000,0x0000,0x0000,0x0000,0x0000,0x0000,0x0000,0x0000,
0x0000,0x0000,0x0000,0x0000,0x0000,0x0000,0x0000,0x0000,0x0000,0x0000,0x0000,0x0000,0x0000,0x0000,0x0000,0x19e8,0x19e8,0xa6fa,0xa6fa,0xa6fa,0xa6fa,0x19e8,0x19e8,0x19e8,0xefdb,0xefdb,0xefdb,0xefdb,0x19e8,0x19e8,0x19e8,0x19e8,
0x19e8,0x19e8,0x19e8,0xefdb,0xefdb,0xefdb,0xefdb,0x19e8,0x19e8,0x19e8,0x19e8,0xa6fa,0xa6fa,0xa6fa,0xa6fa,0x19e8,0x19e8,0x0000,0x0000,0x0000,0x0000,0x0000,0x0000,0x0000,0x0000,0x0000,0x0000,0x0000,0x0000,0x0000,0x0000,0x0000,
0x0000,0x0000,0x0000,0x0000,0x0000,0x0000,0x0000,0x0000,0x0000,0x0000,0x0000,0x0000,0x0000,0x0000,0x0000,0x19e8,0x19e8,0xa6fa,0xa6fa,0xa6fa,0xa6fa,0x19e8,0x19e8,0x19e8,0xefdb,0xefdb,0xefdb,0xefdb,0x19e8,0x19e8,0x19e8,0x19e8,
0x19e8,0x19e8,0x19e8,0xefdb,0xefdb,0xefdb,0xefdb,0x19e8,0x19e8,0x19e8,0x19e8,0xa6fa,0xa6fa,0xa6fa,0xa6fa,0x19e8,0x19e8,0x0000,0x0000,0x0000,0x0000,0x0000,0x0000,0x0000,0x0000,0x0000,0x0000,0x0000,0x0000,0x0000,0x0000,0x0000,
0x0000,0x0000,0x0000,0x0000,0x0000,0x0000,0x0000,0x0000,0x0000,0x0000,0x0000,0x0000,0x0000,0x0000,0x0000,0x19e8,0x19e8,0xa6fa,0xa6fa,0xa6fa,0xa6fa,0x19e8,0x19e8,0x19e8,0xefdb,0xefdb,0xefdb,0xefdb,0x19e8,0x19e8,0x19e8,0x19e8,
0x19e8,0x19e8,0x19e8,0xefdb,0xefdb,0xefdb,0xefdb,0x19e8,0x19e8,0x19e8,0x19e8,0xa6fa,0xa6fa,0xa6fa,0xa6fa,0x19e8,0x19e8,0x0000,0x0000,0x0000,0x0000,0x0000,0x0000,0x0000,0x0000,0x0000,0x0000,0x0000,0x0000,0x0000,0x0000,0x0000,
0x0000,0x0000,0x0000,0x0000,0x0000,0x0000,0x0000,0x0000,0x0000,0x0000,0x0000,0x0000,0x0000,0x0000,0x0000,0x19e8,0x19e8,0xa6fa,0xa6fa,0xa6fa,0xa6fa,0x19e8,0x19e8,0x19e8,0xefdb,0xefdb,0xefdb,0xefdb,0x19e8,0x19e8,0x19e8,0x19e8,
0x19e8,0x19e8,0x19e8,0xefdb,0xefdb,0xefdb,0xefdb,0x19e8,0x19e8,0x19e8,0x19e8,0xa6fa,0xa6fa,0xa6fa,0xa6fa,0x19e8,0x19e8,0x0000,0x0000,0x0000,0x0000,0x0000,0x0000,0x0000,0x0000,0x0000,0x0000,0x0000,0x0000,0x0000,0x0000,0x0000,
0x0000,0x0000,0x0000,0x0000,0x0000,0x0000,0x0000,0x0000,0x0000,0x0000,0x0000,0x0000,0x0000,0x0000,0x0000,0x19e8,0x19e8,0xa6fa,0xa6fa,0xa6fa,0xa6fa,0x19e8,0x19e8,0x19e8,0xefdb,0xefdb,0xefdb,0xefdb,0x19e8,0x19e8,0x19e8,0x19e8,
0x19e8,0x19e8,0x19e8,0xefdb,0xefdb,0xefdb,0xefdb,0x19e8,0x19e8,0x19e8,0x19e8,0xa6fa,0xa6fa,0xa6fa,0xa6fa,0x19e8,0x19e8,0x0000,0x0000,0x0000,0x0000,0x0000,0x0000,0x0000,0x0000,0x0000,0x0000,0x0000,0x0000,0x0000,0x0000,0x0000,
0x0000,0x0000,0x0000,0xfeb2,0xfeb2,0xfeb2,0x0000,0x0000,0x0000,0xa6fa,0xa6fa,0xa6fa,0xa6fa,0xa6fa,0x0000,0x19e8,0x19e8,0xa6fa,0xa6fa,0xa6fa,0xa6fa,0x19e8,0x19e8,0x19e8,0xefdb,0xefdb,0xefdb,0xefdb,0x19e8,0x19e8,0x19e8,0x19e8,
0x19e8,0x19e8,0x19e8,0xefdb,0xefdb,0xefdb,0xefdb,0x19e8,0x19e8,0x19e8,0x19e8,0xa6fa,0xa6fa,0xa6fa,0xa6fa,0x19e8,0x19e8,0x0000,0xa6fa,0xa6fa,0xa6fa,0xa6fa,0xa6fa,0x0000,0x0000,0x0000,0xfeb2,0xfeb2,0xfeb2,0x0000,0x0000,0x0000,
0x0000,0x0000,0x0000,0xfeb2,0xfeb2,0xfeb2,0x0000,0x0000,0x0000,0xa6fa,0xa6fa,0xa6fa,0xa6fa,0xa6fa,0x0000,0x19e8,0x19e8,0xa6fa,0xa6fa,0xa6fa,0xa6fa,0x19e8,0x19e8,0x19e8,0x19e8,0x19e8,0x19e8,0x19e8,0x19e8,0x19e8,0x19e8,0x19e8,
0x19e8,0x19e8,0x19e8,0x19e8,0x19e8,0x19e8,0x19e8,0x19e8,0x19e8,0x19e8,0x19e8,0xa6fa,0xa6fa,0xa6fa,0xa6fa,0x19e8,0x19e8,0x0000,0xa6fa,0xa6fa,0xa6fa,0xa6fa,0xa6fa,0x0000,0x0000,0x0000,0xfeb2,0xfeb2,0xfeb2,0x0000,0x0000,0x0000,
0x0000,0x0000,0x0000,0x0000,0x0000,0x0000,0x0000,0x0000,0x0000,0xa6fa,0xa6fa,0xa6fa,0xa6fa,0xa6fa,0x0000,0x19e8,0x19e8,0xa6fa,0xa6fa,0xa6fa,0xa6fa,0x19e8,0x19e8,0x19e8,0x19e8,0x19e8,0x19e8,0x19e8,0x19e8,0x19e8,0x19e8,0x19e8,
0x19e8,0x19e8,0x19e8,0x19e8,0x19e8,0x19e8,0x19e8,0x19e8,0x19e8,0x19e8,0x19e8,0xa6fa,0xa6fa,0xa6fa,0xa6fa,0x19e8,0x19e8,0x0000,0xa6fa,0xa6fa,0xa6fa,0xa6fa,0xa6fa,0x0000,0x0000,0x0000,0x0000,0x0000,0x0000,0x0000,0x0000,0x0000,
0x0000,0x0000,0x0000,0x0000,0x0000,0x0000,0x0000,0x0000,0x0000,0xa6fa,0xa6fa,0xa6fa,0xa6fa,0xa6fa,0x0000,0x19e8,0x19e8,0xa6fa,0xa6fa,0xa6fa,0xa6fa,0x19e8,0x19e8,0x19e8,0x19e8,0x19e8,0x19e8,0x19e8,0x19e8,0x19e8,0x19e8,0x19e8,
0x19e8,0x19e8,0x19e8,0x19e8,0x19e8,0x19e8,0x19e8,0x19e8,0x19e8,0x19e8,0x19e8,0xa6fa,0xa6fa,0xa6fa,0xa6fa,0x19e8,0x19e8,0x0000,0xa6fa,0xa6fa,0xa6fa,0xa6fa,0xa6fa,0x0000,0x0000,0x0000,0x0000,0x0000,0x0000,0x0000,0x0000,0x0000,
0x0000,0x0000,0x0000,0xfeb2,0xfeb2,0xfeb2,0x0000,0x0000,0x0000,0xa6fa,0xa6fa,0xa6fa,0xa6fa,0xa6fa,0x0000,0x19e8,0x19e8,0xa6fa,0xa6fa,0xa6fa,0xa6fa,0x19e8,0x19e8,0x19e8,0x19e8,0x19e8,0x19e8,0x19e8,0x19e8,0x19e8,0x19e8,0x19e8,
0x19e8,0x19e8,0x19e8,0x19e8,0x19e8,0x19e8,0x19e8,0x19e8,0x19e8,0x19e8,0x19e8,0xa6fa,0xa6fa,0xa6fa,0xa6fa,0x19e8,0x19e8,0x0000,0xa6fa,0xa6fa,0xa6fa,0xa6fa,0xa6fa,0x0000,0x0000,0x0000,0xfeb2,0xfeb2,0xfeb2,0x0000,0x0000,0x0000,
0x0000,0x0000,0x0000,0xfeb2,0xfeb2,0xfeb2,0x0000,0x0000,0x0000,0xa6fa,0xa6fa,0xa6fa,0xa6fa,0xa6fa,0x0000,0x19e8,0x19e8,0xa6fa,0xa6fa,0xa6fa,0xa6fa,0xa6fa,0xa6fa,0xa6fa,0xa6fa,0xa6fa,0xa6fa,0xa6fa,0xa6fa,0xa6fa,0xa6fa,0xa6fa,
0xa6fa,0xa6fa,0xa6fa,0xa6fa,0xa6fa,0xa6fa,0xa6fa,0xa6fa,0xa6fa,0xa6fa,0xa6fa,0xa6fa,0xa6fa,0xa6fa,0xa6fa,0x19e8,0x19e8,0x0000,0xa6fa,0xa6fa,0xa6fa,0xa6fa,0xa6fa,0x0000,0x0000,0x0000,0xfeb2,0xfeb2,0xfeb2,0x0000,0x0000,0x0000,
0x0000,0x0000,0x0000,0x0000,0x0000,0x0000,0x0000,0x0000,0x0000,0xa6fa,0xa6fa,0xa6fa,0xa6fa,0xa6fa,0x0000,0x19e8,0x19e8,0xa6fa,0xa6fa,0xa6fa,0xa6fa,0xa6fa,0xa6fa,0xa6fa,0xa6fa,0xa6fa,0xa6fa,0x19e8,0x19e8,0x19e8,0x19e8,0x19e8,
0x19e8,0x19e8,0x19e8,0x19e8,0x19e8,0xa6fa,0xa6fa,0xa6fa,0xa6fa,0xa6fa,0xa6fa,0xa6fa,0xa6fa,0xa6fa,0xa6fa,0x19e8,0x19e8,0x0000,0xa6fa,0xa6fa,0xa6fa,0xa6fa,0xa6fa,0x0000,0x0000,0x0000,0x0000,0x0000,0x0000,0x0000,0x0000,0x0000,
0x0000,0x0000,0x0000,0x0000,0x0000,0x0000,0x0000,0x0000,0x0000,0xa6fa,0xa6fa,0xa6fa,0xa6fa,0xa6fa,0x0000,0x19e8,0x19e8,0xa6fa,0xa6fa,0xa6fa,0xa6fa,0xa6fa,0xa6fa,0xa6fa,0xa6fa,0xa6fa,0xa6fa,0x19e8,0x19e8,0x19e8,0x19e8,0x19e8,
0x19e8,0x19e8,0x19e8,0x19e8,0x19e8,0xa6fa,0xa6fa,0xa6fa,0xa6fa,0xa6fa,0xa6fa,0xa6fa,0xa6fa,0xa6fa,0xa6fa,0x19e8,0x19e8,0x0000,0xa6fa,0xa6fa,0xa6fa,0xa6fa,0xa6fa,0x0000,0x0000,0x0000,0x0000,0x0000,0x0000,0x0000,0x0000,0x0000,
0x0000,0x0000,0x0000,0xfeb2,0xfeb2,0xfeb2,0x0000,0x0000,0x0000,0xa6fa,0xa6fa,0xa6fa,0xa6fa,0xa6fa,0x0000,0x19e8,0x19e8,0xa6fa,0xa6fa,0xa6fa,0xa6fa,0xa6fa,0xa6fa,0xa6fa,0xa6fa,0xa6fa,0xa6fa,0xa6fa,0xa6fa,0xa6fa,0xa6fa,0xa6fa,
0xa6fa,0xa6fa,0xa6fa,0xa6fa,0xa6fa,0xa6fa,0xa6fa,0xa6fa,0xa6fa,0xa6fa,0xa6fa,0xa6fa,0xa6fa,0xa6fa,0xa6fa,0x19e8,0x19e8,0x0000,0xa6fa,0xa6fa,0xa6fa,0xa6fa,0xa6fa,0x0000,0x0000,0x0000,0xfeb2,0xfeb2,0xfeb2,0x0000,0x0000,0x0000,
0x0000,0x0000,0x0000,0xfeb2,0xfeb2,0xfeb2,0x0000,0x0000,0x0000,0x0000,0x0000,0x0000,0x0000,0x0000,0x0000,0x19e8,0x19e8,0xa6fa,0xa6fa,0xa6fa,0xa6fa,0xa6fa,0xa6fa,0xa6fa,0xa6fa,0xa6fa,0xa6fa,0xa6fa,0xa6fa,0xa6fa,0xa6fa,0xa6fa,
0xa6fa,0xa6fa,0xa6fa,0xa6fa,0xa6fa,0xa6fa,0xa6fa,0xa6fa,0xa6fa,0xa6fa,0xa6fa,0xa6fa,0xa6fa,0xa6fa,0xa6fa,0x19e8,0x19e8,0x0000,0x0000,0x0000,0x0000,0x0000,0x0000,0x0000,0x0000,0x0000,0xfeb2,0xfeb2,0xfeb2,0x0000,0x0000,0x0000,
0x0000,0x0000,0x0000,0x0000,0x0000,0x0000,0x0000,0x0000,0x0000,0x0000,0x0000,0x0000,0x0000,0x0000,0x0000,0x19e8,0x19e8,0x19e8,0x19e8,0x19e8,0x19e8,0x19e8,0x19e8,0x19e8,0x19e8,0x19e8,0x19e8,0x19e8,0x19e8,0x19e8,0x19e8,0x19e8,
0x19e8,0x19e8,0x19e8,0x19e8,0x19e8,0x19e8,0x19e8,0x19e8,0x19e8,0x19e8,0x19e8,0x19e8,0x19e8,0x19e8,0x19e8,0x19e8,0x19e8,0x0000,0x0000,0x0000,0x0000,0x0000,0x0000,0x0000,0x0000,0x0000,0x0000,0x0000,0x0000,0x0000,0x0000,0x0000,
0x0000,0x0000,0x0000,0x0000,0x0000,0x0000,0x0000,0x0000,0x0000,0x0000,0x0000,0x0000,0x0000,0x0000,0x0000,0x19e8,0x19e8,0x19e8,0x19e8,0x19e8,0x19e8,0x19e8,0x19e8,0x19e8,0x19e8,0x19e8,0x19e8,0x19e8,0x19e8,0x19e8,0x19e8,0x19e8,
0x19e8,0x19e8,0x19e8,0x19e8,0x19e8,0x19e8,0x19e8,0x19e8,0x19e8,0x19e8,0x19e8,0x19e8,0x19e8,0x19e8,0x19e8,0x19e8,0x19e8,0x0000,0x0000,0x0000,0x0000,0x0000,0x0000,0x0000,0x0000,0x0000,0x0000,0x0000,0x0000,0x0000,0x0000,0x0000,
0x0000,0x0000,0x0000,0x0000,0x0000,0x0000,0x0000,0x0000,0x0000,0x0000,0x0000,0x0000,0x0000,0x0000,0x0000,0x0000,0x0000,0x0000,0x0000,0x0000,0x0000,0x19e8,0x19e8,0x19e8,0x19e8,0x19e8,0x19e8,0x19e8,0x19e8,0x19e8,0x19e8,0x19e8,
0x19e8,0x19e8,0x19e8,0x19e8,0x19e8,0x19e8,0x19e8,0x19e8,0x19e8,0x19e8,0x19e8,0x0000,0x0000,0x0000,0x0000,0x0000,0x0000,0x0000,0x0000,0x0000,0x0000,0x0000,0x0000,0x0000,0x0000,0x0000,0x0000,0x0000,0x0000,0x0000,0x0000,0x0000,
0x0000,0x0000,0x0000,0x0000,0x0000,0x0000,0x0000,0x0000,0x0000,0x0000,0x0000,0x0000,0x0000,0x0000,0x0000,0x0000,0x0000,0x0000,0x0000,0x0000,0x0000,0x19e8,0x19e8,0x19e8,0x19e8,0x19e8,0x19e8,0x19e8,0x19e8,0x19e8,0x19e8,0x19e8,
0x19e8,0x19e8,0x19e8,0x19e8,0x19e8,0x19e8,0x19e8,0x19e8,0x19e8,0x19e8,0x19e8,0x0000,0x0000,0x0000,0x0000,0x0000,0x0000,0x0000,0x0000,0x0000,0x0000,0x0000,0x0000,0x0000,0x0000,0x0000,0x0000,0x0000,0x0000,0x0000,0x0000,0x0000,
0x0000,0x0000,0x0000,0x0000,0x0000,0x0000,0x0000,0x0000,0x0000,0x0000,0x0000,0x0000,0x0000,0x0000,0x0000,0x0000,0x0000,0x0000,0x0000,0x0000,0x0000,0x19e8,0x19e8,0xa6fa,0xa6fa,0xa6fa,0xa6fa,0xa6fa,0xa6fa,0xa6fa,0xa6fa,0xa6fa,
0xa6fa,0xa6fa,0xa6fa,0xa6fa,0xa6fa,0xa6fa,0xa6fa,0xa6fa,0xa6fa,0x19e8,0x19e8,0x0000,0x0000,0x0000,0x0000,0x0000,0x0000,0x0000,0x0000,0x0000,0x0000,0x0000,0x0000,0x0000,0x0000,0x0000,0x0000,0x0000,0x0000,0x0000,0x0000,0x0000,
0x0000,0x0000,0x0000,0x0000,0x0000,0x0000,0x0000,0x0000,0x0000,0x0000,0x0000,0x0000,0x0000,0x0000,0x0000,0x0000,0x0000,0x0000,0x0000,0x0000,0x0000,0x19e8,0x19e8,0xa6fa,0xa6fa,0xa6fa,0xa6fa,0xa6fa,0xa6fa,0xa6fa,0xa6fa,0xa6fa,
0xa6fa,0xa6fa,0xa6fa,0xa6fa,0xa6fa,0xa6fa,0xa6fa,0xa6fa,0xa6fa,0x19e8,0x19e8,0x0000,0x0000,0x0000,0x0000,0x0000,0x0000,0x0000,0x0000,0x0000,0x0000,0x0000,0x0000,0x0000,0x0000,0x0000,0x0000,0x0000,0x0000,0x0000,0x0000,0x0000,
0x0000,0x0000,0x0000,0x0000,0x0000,0x0000,0x0000,0x0000,0x0000,0x0000,0x0000,0x0000,0x0000,0x0000,0x0000,0x0000,0x0000,0x0000,0x0000,0x0000,0x0000,0x19e8,0x19e8,0xa6fa,0xa6fa,0xa6fa,0xa6fa,0xa6fa,0xa6fa,0xa6fa,0xa6fa,0xa6fa,
0xa6fa,0xa6fa,0xa6fa,0xa6fa,0xa6fa,0xa6fa,0xa6fa,0xa6fa,0xa6fa,0x19e8,0x19e8,0x0000,0x0000,0x0000,0x0000,0x0000,0x0000,0x0000,0x0000,0x0000,0x0000,0x0000,0x0000,0x0000,0x0000,0x0000,0x0000,0x0000,0x0000,0x0000,0x0000,0x0000,
0x0000,0x0000,0x0000,0x0000,0x0000,0x0000,0x0000,0x0000,0x0000,0x0000,0x0000,0x0000,0x0000,0x0000,0x0000,0x0000,0x0000,0x0000,0x0000,0x0000,0x0000,0x19e8,0x19e8,0xa6fa,0xa6fa,0xa6fa,0xa6fa,0xa6fa,0xa6fa,0xa6fa,0xa6fa,0xa6fa,
0xa6fa,0xa6fa,0xa6fa,0xa6fa,0xa6fa,0xa6fa,0xa6fa,0xa6fa,0xa6fa,0x19e8,0x19e8,0x0000,0x0000,0x0000,0x0000,0x0000,0x0000,0x0000,0x0000,0x0000,0x0000,0x0000,0x0000,0x0000,0x0000,0x0000,0x0000,0x0000,0x0000,0x0000,0x0000,0x0000,
0x0000,0x0000,0x0000,0x0000,0x0000,0x0000,0x0000,0x0000,0x0000,0x0000,0x0000,0x0000,0x0000,0x0000,0x0000,0x0000,0x0000,0x0000,0x0000,0x0000,0x0000,0x19e8,0x19e8,0xa6fa,0xa6fa,0xa6fa,0xa6fa,0xa6fa,0xa6fa,0xa6fa,0xa6fa,0xa6fa,
0xa6fa,0xa6fa,0xa6fa,0xa6fa,0xa6fa,0xa6fa,0xa6fa,0xa6fa,0xa6fa,0x19e8,0x19e8,0x0000,0x0000,0x0000,0x0000,0x0000,0x0000,0x0000,0x0000,0x0000,0x0000,0x0000,0x0000,0x0000,0x0000,0x0000,0x0000,0x0000,0x0000,0x0000,0x0000,0x0000,
0x0000,0x0000,0x0000,0x0000,0x0000,0x0000,0x0000,0x0000,0x0000,0x0000,0x0000,0x0000,0x0000,0x0000,0x0000,0x0000,0x0000,0x0000,0x0000,0x0000,0x0000,0x19e8,0x19e8,0xa6fa,0xa6fa,0xa6fa,0xa6fa,0xa6fa,0xa6fa,0xa6fa,0xa6fa,0xa6fa,
0xa6fa,0xa6fa,0xa6fa,0xa6fa,0xa6fa,0xa6fa,0xa6fa,0xa6fa,0xa6fa,0x19e8,0x19e8,0x0000,0x0000,0x0000,0x0000,0x0000,0x0000,0x0000,0x0000,0x0000,0x0000,0x0000,0x0000,0x0000,0x0000,0x0000,0x0000,0x0000,0x0000,0x0000,0x0000,0x0000,
0x0000,0x0000,0x0000,0x0000,0x0000,0x0000,0x0000,0x0000,0x0000,0x0000,0x0000,0x0000,0x0000,0x0000,0x0000,0x0000,0x0000,0x0000,0x0000,0x0000,0x0000,0x19e8,0x19e8,0xa6fa,0xa6fa,0xa6fa,0xa6fa,0xa6fa,0xa6fa,0xa6fa,0xa6fa,0xa6fa,
0xa6fa,0xa6fa,0xa6fa,0xa6fa,0xa6fa,0xa6fa,0xa6fa,0xa6fa,0xa6fa,0x19e8,0x19e8,0x0000,0x0000,0x0000,0x0000,0x0000,0x0000,0x0000,0x0000,0x0000,0x0000,0x0000,0x0000,0x0000,0x0000,0x0000,0x0000,0x0000,0x0000,0x0000,0x0000,0x0000,
0x0000,0x0000,0x0000,0x0000,0x0000,0x0000,0x0000,0x0000,0x0000,0x0000,0x0000,0x0000,0x0000,0x0000,0x0000,0x0000,0x0000,0x0000,0x0000,0x0000,0x0000,0x19e8,0x19e8,0xa6fa,0xa6fa,0xa6fa,0xa6fa,0xa6fa,0xa6fa,0xa6fa,0xa6fa,0xa6fa,
0xa6fa,0xa6fa,0xa6fa,0xa6fa,0xa6fa,0xa6fa,0xa6fa,0xa6fa,0xa6fa,0x19e8,0x19e8,0x0000,0x0000,0x0000,0x0000,0x0000,0x0000,0x0000,0x0000,0x0000,0x0000,0x0000,0x0000,0x0000,0x0000,0x0000,0x0000,0x0000,0x0000,0x0000,0x0000,0x0000,
0x0000,0x0000,0x0000,0x0000,0x0000,0x0000,0x0000,0x0000,0x0000,0x0000,0x0000,0x0000,0x0000,0x0000,0x0000,0x0000,0x0000,0x0000,0x0000,0x0000,0x0000,0x19e8,0x19e8,0x19e8,0x19e8,0x19e8,0x19e8,0x19e8,0x19e8,0x19e8,0x19e8,0x19e8,
0x19e8,0x19e8,0x19e8,0x19e8,0x19e8,0x19e8,0x19e8,0x19e8,0x19e8,0x19e8,0x19e8,0x0000,0x0000,0x0000,0x0000,0x0000,0x0000,0x0000,0x0000,0x0000,0x0000,0x0000,0x0000,0x0000,0x0000,0x0000,0x0000,0x0000,0x0000,0x0000,0x0000,0x0000,
0x0000,0x0000,0x0000,0x0000,0x0000,0x0000,0x0000,0x0000,0x0000,0x0000,0x0000,0x0000,0x0000,0x0000,0x0000,0x0000,0x0000,0x0000,0x0000,0x0000,0x0000,0x19e8,0x19e8,0x19e8,0x19e8,0x19e8,0x19e8,0x19e8,0x19e8,0x19e8,0x19e8,0x19e8,
0x19e8,0x19e8,0x19e8,0x19e8,0x19e8,0x19e8,0x19e8,0x19e8,0x19e8,0x19e8,0x19e8,0x0000,0x0000,0x0000,0x0000,0x0000,0x0000,0x0000,0x0000,0x0000,0x0000,0x0000,0x0000,0x0000,0x0000,0x0000,0x0000,0x0000,0x0000,0x0000,0x0000,0x0000,
0x0000,0x0000,0x0000,0x0000,0x0000,0x0000,0x0000,0x0000,0x0000,0x0000,0x0000,0x0000,0x0000,0x0000,0x0000,0x0000,0x0000,0x0000,0x0000,0x0000,0x0000,0x0000,0x0000,0x0000,0x0000,0x0000,0x0000,0x0000,0x0000,0x0000,0x0000,0x0000,
0x0000,0x0000,0x0000,0x0000,0x0000,0x0000,0x0000,0x0000,0x0000,0x0000,0x0000,0x0000,0x0000,0x0000,0x0000,0x0000,0x0000,0x0000,0x0000,0x0000,0x0000,0x0000,0x0000,0x0000,0x0000,0x0000,0x0000,0x0000,0x0000,0x0000,0x0000,0x0000,
0x0000,0x0000,0x0000,0x0000,0x0000,0x0000,0x0000,0x0000,0x0000,0x0000,0x0000,0x0000,0x0000,0x0000,0x0000,0x0000,0x0000,0x0000,0x0000,0x0000,0x0000,0x0000,0x0000,0x0000,0x0000,0x0000,0xa6fa,0xa6fa,0xa6fa,0xa6fa,0x0000,0x0000,
0x0000,0x0000,0xa6fa,0xa6fa,0xa6fa,0xa6fa,0x0000,0x0000,0x0000,0x0000,0x0000,0x0000,0x0000,0x0000,0x0000,0x0000,0x0000,0x0000,0x0000,0x0000,0x0000,0x0000,0x0000,0x0000,0x0000,0x0000,0x0000,0x0000,0x0000,0x0000,0x0000,0x0000,
0x0000,0x0000,0x0000,0x0000,0x0000,0x0000,0x0000,0x0000,0x0000,0x0000,0x0000,0x0000,0x0000,0x0000,0x0000,0x0000,0x0000,0x0000,0x0000,0x0000,0x0000,0x0000,0x0000,0x0000,0x0000,0x0000,0xa6fa,0xa6fa,0xa6fa,0xa6fa,0x0000,0x0000,
0x0000,0x0000,0xa6fa,0xa6fa,0xa6fa,0xa6fa,0x0000,0x0000,0x0000,0x0000,0x0000,0x0000,0x0000,0x0000,0x0000,0x0000,0x0000,0x0000,0x0000,0x0000,0x0000,0x0000,0x0000,0x0000,0x0000,0x0000,0x0000,0x0000,0x0000,0x0000,0x0000,0x0000,
0x0000,0x0000,0x0000,0x0000,0x0000,0x0000,0x0000,0x0000,0x0000,0x0000,0x0000,0x0000,0x0000,0x0000,0x0000,0x0000,0x0000,0x0000,0x0000,0x0000,0x0000,0x0000,0x0000,0x0000,0x0000,0x0000,0xa6fa,0xa6fa,0xa6fa,0xa6fa,0x0000,0x0000,
0x0000,0x0000,0xa6fa,0xa6fa,0xa6fa,0xa6fa,0x0000,0x0000,0x0000,0x0000,0x0000,0x0000,0x0000,0x0000,0x0000,0x0000,0x0000,0x0000,0x0000,0x0000,0x0000,0x0000,0x0000,0x0000,0x0000,0x0000,0x0000,0x0000,0x0000,0x0000,0x0000,0x0000,
0x0000,0x0000,0x0000,0x0000,0x0000,0x0000,0x0000,0x0000,0x0000,0x0000,0x0000,0x0000,0x0000,0x0000,0x0000,0x0000,0x0000,0x0000,0x0000,0x0000,0x0000,0x0000,0x0000,0x0000,0x0000,0x0000,0xa6fa,0xa6fa,0xa6fa,0xa6fa,0x0000,0x0000,
0x0000,0x0000,0xa6fa,0xa6fa,0xa6fa,0xa6fa,0x0000,0x0000,0x0000,0x0000,0x0000,0x0000,0x0000,0x0000,0x0000,0x0000,0x0000,0x0000,0x0000,0x0000,0x0000,0x0000,0x0000,0x0000,0x0000,0x0000,0x0000,0x0000,0x0000,0x0000,0x0000,0x0000,
0x0000,0x0000,0x0000,0x0000,0x0000,0x0000,0x0000,0x0000,0x0000,0x0000,0x0000,0x0000,0x0000,0x0000,0x0000,0x0000,0x0000,0x0000,0x0000,0x0000,0x0000,0x0000,0x0000,0x0000,0x0000,0x0000,0x0000,0x0000,0x0000,0x0000,0x0000,0x0000,
0x0000,0x0000,0x0000,0x0000,0x0000,0x0000,0x0000,0x0000,0x0000,0x0000,0x0000,0x0000,0x0000,0x0000,0x0000,0x0000,0x0000,0x0000,0x0000,0x0000,0x0000,0x0000,0x0000,0x0000,0x0000,0x0000,0x0000,0x0000,0x0000,0x0000,0x0000,0x0000,
0x0000,0x0000,0x0000,0x0000,0x0000,0x0000,0x0000,0x0000,0x0000,0x0000,0x0000,0x0000,0x0000,0x0000,0x0000,0x0000,0x0000,0x0000,0x0000,0x0000,0x0000,0x0000,0x0000,0x0000,0x0000,0x0000,0x0000,0x0000,0x0000,0x0000,0x0000,0x0000,
0x0000,0x0000,0x0000,0x0000,0x0000,0x0000,0x0000,0x0000,0x0000,0x0000,0x0000,0x0000,0x0000,0x0000,0x0000,0x0000,0x0000,0x0000,0x0000,0x0000,0x0000,0x0000,0x0000,0x0000,0x0000,0x0000,0x0000,0x0000,0x0000,0x0000,0x0000,0x0000,
0x0000,0x0000,0x0000,0x0000,0x0000,0x0000,0x0000,0x0000,0x0000,0x0000,0x0000,0x0000,0x0000,0x0000,0x0000,0x0000,0x0000,0x0000,0x0000,0x0000,0x0000,0x0000,0x0000,0x0000,0x0000,0x0000,0x0000,0x0000,0x0000,0x0000,0x0000,0x0000,
0x0000,0x0000,0x0000,0x0000,0x0000,0x0000,0x0000,0x0000,0x0000,0x0000,0x0000,0x0000,0x0000,0x0000,0x0000,0x0000,0x0000,0x0000,0x0000,0x0000,0x0000,0x0000,0x0000,0x0000,0x0000,0x0000,0x0000,0x0000,0x0000,0x0000,0x0000,0x0000,
0x0000,0x0000,0x0000,0x0000,0x0000,0x0000,0x0000,0x0000,0x0000,0x0000,0x0000,0x0000,0x0000,0x0000,0x0000,0x0000,0x0000,0x0000,0x0000,0x0000,0x0000,0x0000,0x0000,0x0000,0x0000,0x0000,0x0000,0x0000,0x0000,0x0000,0x0000,0x0000,
0x0000,0x0000,0x0000,0x0000,0x0000,0x0000,0x0000,0x0000,0x0000,0x0000,0x0000,0x0000,0x0000,0x0000,0x0000,0x0000,0x0000,0x0000,0x0000,0x0000,0x0000,0x0000,0x0000,0x0000,0x0000,0x0000,0x0000,0x0000,0x0000,0x0000,0x0000,0x0000,
0x0000,0x0000,0x0000,0x0000,0x0000,0x0000,0x0000,0x0000,0x0000,0x0000,0x0000,0x0000,0x0000,0x0000,0x0000,0x0000,0x0000,0x0000,0x0000,0x0000,0x0000,0x0000,0x0000,0x0000,0x0000,0x0000,0x0000,0x0000,0x0000,0x0000,0x0000,0x0000,
0x0000,0x0000,0x0000,0x0000,0x0000,0x0000,0x0000,0x0000,0x0000,0x0000,0x0000,0x0000,0x0000,0x0000,0x0000,0x0000,0x0000,0x0000,0x0000,0x0000,0x0000,0x0000,0x0000,0x0000,0x0000,0x0000,0x0000,0x0000,0x0000,0x0000,0x0000,0x0000,
0x0000,0x0000,0x0000,0x0000,0x0000,0x0000,0x0000,0x0000,0x0000,0x0000,0x0000,0x0000,0x0000,0x0000,0x0000,0x0000,0x0000,0x0000,0x0000,0x0000,0x0000,0x0000,0x0000,0x0000,0x0000,0x0000,0x0000,0x0000,0x0000,0x0000,0x0000,0x0000,
0x0000,0x0000,0x0000,0x0000,0x0000,0x0000,0x0000,0x0000,0x0000,0x0000,0x0000,0x0000,0x0000,0x0000,0x0000,0x0000,0x0000,0x0000,0x0000,0x0000,0x0000,0x0000,0x0000,0x0000,0x0000,0x0000,0x0000,0x0000,0x0000,0x0000,0x0000,0x0000,
0x0000,0x0000,0x0000,0x0000,0x0000,0x0000,0x0000,0x0000,0x0000,0x0000,0x0000,0x0000,0x0000,0x0000,0x0000,0x0000,0x0000,0x0000,0x0000,0x0000,0x0000,0x0000,0x0000,0x0000,0x0000,0x0000,0x0000,0x0000,0x0000,0x0000,0x0000,0x0000,
0x0000,0x0000,0x0000,0x0000,0x0000,0x0000,0x0000,0x0000,0x0000,0x0000,0x0000,0x0000,0x0000,0x0000,0x0000,0x0000,0x0000,0x0000,0x0000,0x0000,0x0000,0x0000,0x0000,0x0000,0x0000,0x0000,0x0000,0x0000,0x0000,0x0000,0x0000,0x0000,
};
static const uint16_t frame_15[4096] = {
0x0000,0x0000,0x0000,0x0000,0x0000,0x0000,0x0000,0x0000,0x0000,0x0000,0x0000,0x0000,0x0000,0x0000,0x0000,0x0000,0x0000,0x0000,0x0000,0x0000,0x0000,0x0000,0x0000,0x0000,0x0000,0x0000,0x0000,0x0000,0x0000,0x0000,0x0000,0x0000,
0x0000,0x0000,0x0000,0x0000,0x0000,0x0000,0x0000,0x0000,0x0000,0x0000,0x0000,0x0000,0x0000,0x0000,0x0000,0x0000,0x0000,0x0000,0x0000,0x0000,0x0000,0x0000,0x0000,0x0000,0x0000,0x0000,0x0000,0x0000,0x0000,0x0000,0x0000,0x0000,
0x0000,0x0000,0x0000,0x0000,0x0000,0x0000,0x0000,0x0000,0x0000,0x0000,0x0000,0x0000,0x0000,0x0000,0x0000,0x0000,0x0000,0x0000,0x0000,0x0000,0x0000,0x0000,0x0000,0x0000,0x0000,0x0000,0x0000,0x0000,0x0000,0x0000,0x0000,0x0000,
0x0000,0x0000,0x0000,0x0000,0x0000,0x0000,0x0000,0x0000,0x0000,0x0000,0x0000,0x0000,0x0000,0x0000,0x0000,0x0000,0x0000,0x0000,0x0000,0x0000,0x0000,0x0000,0x0000,0x0000,0x0000,0x0000,0x0000,0x0000,0x0000,0x0000,0x0000,0x0000,
0x0000,0x0000,0x0000,0x0000,0x0000,0x0000,0x0000,0x0000,0x0000,0x0000,0x0000,0x0000,0x0000,0x0000,0x0000,0x0000,0x0000,0x0000,0x0000,0x0000,0x0000,0x0000,0x0000,0x0000,0x0000,0x0000,0x0000,0x0000,0x0000,0x0000,0x0000,0x0000,
0x0000,0x0000,0x0000,0x0000,0x0000,0x0000,0x0000,0x0000,0x0000,0x0000,0x0000,0x0000,0x0000,0x0000,0x0000,0x0000,0x0000,0x0000,0x0000,0x0000,0x0000,0x0000,0x0000,0x0000,0x0000,0x0000,0x0000,0x0000,0x0000,0x0000,0x0000,0x0000,
0x0000,0x0000,0x0000,0x0000,0x0000,0x0000,0x0000,0x0000,0x0000,0x0000,0x0000,0x0000,0x0000,0x0000,0x0000,0x0000,0x0000,0x0000,0x0000,0x0000,0x0000,0x0000,0x0000,0x0000,0x0000,0x0000,0x0000,0x0000,0x0000,0x0000,0x0000,0x0000,
0x0000,0x0000,0x0000,0x0000,0x0000,0x0000,0x0000,0x0000,0x0000,0x0000,0x0000,0x0000,0x0000,0x0000,0x0000,0x0000,0x0000,0x0000,0x0000,0x0000,0x0000,0x0000,0x0000,0x0000,0x0000,0x0000,0x0000,0x0000,0x0000,0x0000,0x0000,0x0000,
0x0000,0x0000,0x0000,0x0000,0x0000,0x0000,0x0000,0x0000,0x0000,0x0000,0x0000,0x0000,0x0000,0x0000,0x0000,0x0000,0x0000,0x0000,0x0000,0x0000,0x0000,0x0000,0x0000,0x0000,0x0000,0x0000,0x0000,0x0000,0x0000,0x0000,0x0000,0x0000,
0x0000,0x0000,0x0000,0x0000,0x0000,0x0000,0x0000,0x0000,0x0000,0x0000,0x0000,0x0000,0x0000,0x0000,0x0000,0x0000,0x0000,0x0000,0x0000,0x0000,0x0000,0x0000,0x0000,0x0000,0x0000,0x0000,0x0000,0x0000,0x0000,0x0000,0x0000,0x0000,
0x0000,0x0000,0x0000,0x0000,0x0000,0x0000,0x0000,0x0000,0x0000,0x0000,0x0000,0x0000,0x0000,0x0000,0x0000,0x0000,0x0000,0x0000,0x0000,0x0000,0x0000,0x0000,0x0000,0x0000,0x0000,0x0000,0x0000,0x0000,0x0000,0x0000,0x0000,0x0000,
0x0000,0x0000,0x0000,0x0000,0x0000,0x0000,0x0000,0x0000,0x0000,0x0000,0x0000,0x0000,0x0000,0x0000,0x0000,0x0000,0x0000,0x0000,0x0000,0x0000,0x0000,0x0000,0x0000,0x0000,0x0000,0x0000,0x0000,0x0000,0x0000,0x0000,0x0000,0x0000,
0x0000,0x0000,0x0000,0x0000,0x0000,0x0000,0x0000,0x0000,0x0000,0x0000,0x0000,0x0000,0x0000,0x0000,0x0000,0x0000,0x0000,0x0000,0x0000,0x0000,0x0000,0x0000,0x0000,0x0000,0x0000,0x0000,0x0000,0xfeb2,0xfeb2,0xfeb2,0xfeb2,0xfeb2,
0xfeb2,0xfeb2,0xfeb2,0xfeb2,0xfeb2,0x0000,0x0000,0x0000,0x0000,0x0000,0x0000,0x0000,0x0000,0x0000,0x0000,0x0000,0x0000,0x0000,0x0000,0x0000,0x0000,0x0000,0x0000,0x0000,0x0000,0x0000,0x0000,0x0000,0x0000,0x0000,0x0000,0x0000,
0x0000,0x0000,0x0000,0x0000,0x0000,0x0000,0x0000,0x0000,0x0000,0x0000,0x0000,0x0000,0x0000,0x0000,0x0000,0x0000,0x0000,0x0000,0x0000,0x0000,0x0000,0x0000,0x0000,0x0000,0x0000,0x0000,0x0000,0xfeb2,0xfeb2,0xfeb2,0xfeb2,0xfeb2,
0xfeb2,0xfeb2,0xfeb2,0xfeb2,0xfeb2,0x0000,0x0000,0x0000,0x0000,0x0000,0x0000,0x0000,0x0000,0x0000,0x0000,0x0000,0x0000,0x0000,0x0000,0x0000,0x0000,0x0000,0x0000,0x0000,0x0000,0x0000,0x0000,0x0000,0x0000,0x0000,0x0000,0x0000,
0x0000,0x0000,0x0000,0x0000,0x0000,0x0000,0x0000,0x0000,0x0000,0x0000,0x0000,0x0000,0x0000,0x0000,0x0000,0x0000,0x0000,0x0000,0x0000,0x0000,0x0000,0x0000,0x0000,0x0000,0x0000,0x0000,0x0000,0xfeb2,0xfeb2,0xfeb2,0xfeb2,0xfeb2,
0xfeb2,0xfeb2,0xfeb2,0xfeb2,0xfeb2,0x0000,0x0000,0x0000,0x0000,0x0000,0x0000,0x0000,0x0000,0x0000,0x0000,0x0000,0x0000,0x0000,0x0000,0x0000,0x0000,0x0000,0x0000,0x0000,0x0000,0x0000,0x0000,0x0000,0x0000,0x0000,0x0000,0x0000,
0x0000,0x0000,0x0000,0x0000,0x0000,0x0000,0x0000,0x0000,0x0000,0x0000,0x0000,0x0000,0x0000,0x0000,0x0000,0x0000,0x0000,0x0000,0x0000,0x0000,0x0000,0x0000,0x0000,0x0000,0x0000,0x0000,0x0000,0xfeb2,0xfeb2,0xfeb2,0xa6fa,0xa6fa,
0xa6fa,0xa6fa,0xfeb2,0xfeb2,0xfeb2,0x0000,0x0000,0x0000,0x0000,0x0000,0x0000,0x0000,0x0000,0x0000,0x0000,0x0000,0x0000,0x0000,0x0000,0x0000,0x0000,0x0000,0x0000,0x0000,0x0000,0x0000,0x0000,0x0000,0x0000,0x0000,0x0000,0x0000,
0x0000,0x0000,0x0000,0x0000,0x0000,0x0000,0x0000,0x0000,0x0000,0x0000,0x0000,0x0000,0x0000,0x0000,0x0000,0x0000,0x0000,0x0000,0x0000,0x0000,0x0000,0x0000,0x0000,0x0000,0x0000,0x0000,0x0000,0x0000,0x0000,0x0000,0xa6fa,0xa6fa,
0xa6fa,0xa6fa,0x0000,0x0000,0x0000,0x0000,0x0000,0x0000,0x0000,0x0000,0x0000,0x0000,0x0000,0x0000,0x0000,0x0000,0x0000,0x0000,0x0000,0x0000,0x0000,0x0000,0x0000,0x0000,0x0000,0x0000,0x0000,0x0000,0x0000,0x0000,0x0000,0x0000,
0x0000,0x0000,0x0000,0x0000,0x0000,0x0000,0x0000,0x0000,0x0000,0x0000,0x0000,0x0000,0x0000,0x0000,0x0000,0x0000,0x0000,0x0000,0x0000,0x0000,0x0000,0x0000,0x0000,0x0000,0x0000,0x0000,0x0000,0x0000,0x0000,0x0000,0xa6fa,0xa6fa,
0xa6fa,0xa6fa,0x0000,0x0000,0x0000,0x0000,0x0000,0x0000,0x0000,0x0000,0x0000,0x0000,0x0000,0x0000,0x0000,0x0000,0x0000,0x0000,0x0000,0x0000,0x0000,0x0000,0x0000,0x0000,0x0000,0x0000,0x0000,0x0000,0x0000,0x0000,0x0000,0x0000,
0x0000,0x0000,0x0000,0x0000,0x0000,0x0000,0x0000,0x0000,0x0000,0x0000,0x0000,0x0000,0x0000,0x0000,0x0000,0x0000,0x0000,0x0000,0x0000,0x0000,0x0000,0x0000,0x0000,0x0000,0x0000,0x0000,0x0000,0x0000,0x0000,0x0000,0xa6fa,0xa6fa,
0xa6fa,0xa6fa,0x0000,0x0000,0x0000,0x0000,0x0000,0x0000,0x0000,0x0000,0x0000,0x0000,0x0000,0x0000,0x0000,0x0000,0x0000,0x0000,0x0000,0x0000,0x0000,0x0000,0x0000,0x0000,0x0000,0x0000,0x0000,0x0000,0x0000,0x0000,0x0000,0x0000,
0x0000,0x0000,0x0000,0x0000,0x0000,0x0000,0x0000,0x0000,0x0000,0x0000,0x0000,0x0000,0x0000,0x0000,0x0000,0x19e8,0x19e8,0x19e8,0x19e8,0x19e8,0x19e8,0x19e8,0x19e8,0x19e8,0x19e8,0x19e8,0x19e8,0x19e8,0x19e8,0x19e8,0x19e8,0x19e8,
0x19e8,0x19e8,0x19e8,0x19e8,0x19e8,0x19e8,0x19e8,0x19e8,0x19e8,0x19e8,0x19e8,0x19e8,0x19e8,0x19e8,0x19e8,0x19e8,0x19e8,0x0000,0x0000,0x0000,0x0000,0x0000,0x0000,0x0000,0x0000,0x0000,0x0000,0x0000,0x0000,0x0000,0x0000,0x0000,
0x0000,0x0000,0x0000,0x0000,0x0000,0x0000,0x0000,0x0000,0x0000,0x0000,0x0000,0x0000,0x0000,0x0000,0x0000,0x19e8,0x19e8,0x19e8,0x19e8,0x19e8,0x19e8,0x19e8,0x19e8,0x19e8,0x19e8,0x19e8,0x19e8,0x19e8,0x19e8,0x19e8,0x19e8,0x19e8,
0x19e8,0x19e8,0x19e8,0x19e8,0x19e8,0x19e8,0x19e8,0x19e8,0x19e8,0x19e8,0x19e8,0x19e8,0x19e8,0x19e8,0x19e8,0x19e8,0x19e8,0x0000,0x0000,0x0000,0x0000,0x0000,0x0000,0x0000,0x0000,0x0000,0x0000,0x0000,0x0000,0x0000,0x0000,0x0000,
0x0000,0x0000,0x0000,0x0000,0x0000,0x0000,0x0000,0x0000,0x0000,0x0000,0x0000,0x0000,0x0000,0x0000,0x0000,0x19e8,0x19e8,0xa6fa,0xa6fa,0xa6fa,0xa6fa,0xa6fa,0xa6fa,0xa6fa,0xa6fa,0xa6fa,0xa6fa,0xa6fa,0xa6fa,0xa6fa,0xa6fa,0xa6fa,
0xa6fa,0xa6fa,0xa6fa,0xa6fa,0xa6fa,0xa6fa,0xa6fa,0xa6fa,0xa6fa,0xa6fa,0xa6fa,0xa6fa,0xa6fa,0xa6fa,0xa6fa,0x19e8,0x19e8,0x0000,0x0000,0x0000,0x0000,0x0000,0x0000,0x0000,0x0000,0x0000,0x0000,0x0000,0x0000,0x0000,0x0000,0x0000,
0x0000,0x0000,0x0000,0x0000,0x0000,0x0000,0x0000,0x0000,0x0000,0x0000,0x0000,0x0000,0x0000,0x0000,0x0000,0x19e8,0x19e8,0xa6fa,0xa6fa,0xa6fa,0xa6fa,0xa6fa,0xa6fa,0xa6fa,0xa6fa,0xa6fa,0xa6fa,0xa6fa,0xa6fa,0xa6fa,0xa6fa,0xa6fa,
0xa6fa,0xa6fa,0xa6fa,0xa6fa,0xa6fa,0xa6fa,0xa6fa,0xa6fa,0xa6fa,0xa6fa,0xa6fa,0xa6fa,0xa6fa,0xa6fa,0xa6fa,0x19e8,0x19e8,0x0000,0x0000,0x0000,0x0000,0x0000,0x0000,0x0000,0x0000,0x0000,0x0000,0x0000,0x0000,0x0000,0x0000,0x0000,
0x0000,0x0000,0x0000,0x0000,0x0000,0x0000,0x0000,0x0000,0x0000,0x0000,0x0000,0x0000,0x0000,0x0000,0x0000,0x19e8,0x19e8,0xa6fa,0xa6fa,0xa6fa,0xa6fa,0xa6fa,0xa6fa,0xa6fa,0xa6fa,0xa6fa,0xa6fa,0xa6fa,0xa6fa,0xa6fa,0xa6fa,0xa6fa,
0xa6fa,0xa6fa,0xa6fa,0xa6fa,0xa6fa,0xa6fa,0xa6fa,0xa6fa,0xa6fa,0xa6fa,0xa6fa,0xa6fa,0xa6fa,0xa6fa,0xa6fa,0x19e8,0x19e8,0x0000,0x0000,0x0000,0x0000,0x0000,0x0000,0x0000,0x0000,0x0000,0x0000,0x0000,0x0000,0x0000,0x0000,0x0000,
0x0000,0x0000,0x0000,0x0000,0x0000,0x0000,0x0000,0x0000,0x0000,0x0000,0x0000,0x0000,0x0000,0x0000,0x0000,0x19e8,0x19e8,0xa6fa,0xa6fa,0xa6fa,0xa6fa,0xa6fa,0xa6fa,0xa6fa,0xa6fa,0xa6fa,0xa6fa,0xa6fa,0xa6fa,0xa6fa,0xa6fa,0xa6fa,
0xa6fa,0xa6fa,0xa6fa,0xa6fa,0xa6fa,0xa6fa,0xa6fa,0xa6fa,0xa6fa,0xa6fa,0xa6fa,0xa6fa,0xa6fa,0xa6fa,0xa6fa,0x19e8,0x19e8,0x0000,0x0000,0x0000,0x0000,0x0000,0x0000,0x0000,0x0000,0x0000,0x0000,0x0000,0x0000,0x0000,0x0000,0x0000,
0x0000,0x0000,0x0000,0x0000,0x0000,0x0000,0x0000,0x0000,0x0000,0x0000,0x0000,0x0000,0x0000,0x0000,0x0000,0x19e8,0x19e8,0xa6fa,0xa6fa,0xa6fa,0xa6fa,0x19e8,0x19e8,0x19e8,0x19e8,0x19e8,0x19e8,0x19e8,0x19e8,0x19e8,0x19e8,0x19e8,
0x19e8,0x19e8,0x19e8,0x19e8,0x19e8,0x19e8,0x19e8,0x19e8,0x19e8,0x19e8,0x19e8,0xa6fa,0xa6fa,0xa6fa,0xa6fa,0x19e8,0x19e8,0x0000,0x0000,0x0000,0x0000,0x0000,0x0000,0x0000,0x0000,0x0000,0x0000,0x0000,0x0000,0x0000,0x0000,0x0000,
0x0000,0x0000,0x0000,0x0000,0x0000,0x0000,0x0000,0x0000,0x0000,0x0000,0x0000,0x0000,0x0000,0x0000,0x0000,0x19e8,0x19e8,0xa6fa,0xa6fa,0xa6fa,0xa6fa,0x19e8,0x19e8,0x19e8,0x19e8,0x19e8,0x19e8,0x19e8,0x19e8,0x19e8,0x19e8,0x19e8,
0x19e8,0x19e8,0x19e8,0x19e8,0x19e8,0x19e8,0x19e8,0x19e8,0x19e8,0x19e8,0x19e8,0xa6fa,0xa6fa,0xa6fa,0xa6fa,0x19e8,0x19e8,0x0000,0x0000,0x0000,0x0000,0x0000,0x0000,0x0000,0x0000,0x0000,0x0000,0x0000,0x0000,0x0000,0x0000,0x0000,
0x0000,0x0000,0x0000,0x0000,0x0000,0x0000,0x0000,0x0000,0x0000,0x0000,0x0000,0x0000,0x0000,0x0000,0x0000,0x19e8,0x19e8,0xa6fa,0xa6fa,0xa6fa,0xa6fa,0x19e8,0x19e8,0x19e8,0x19e8,0x19e8,0x19e8,0x19e8,0x19e8,0x19e8,0x19e8,0x19e8,
0x19e8,0x19e8,0x19e8,0x19e8,0x19e8,0x19e8,0x19e8,0x19e8,0x19e8,0x19e8,0x19e8,0xa6fa,0xa6fa,0xa6fa,0xa6fa,0x19e8,0x19e8,0x0000,0x0000,0x0000,0x0000,0x0000,0x0000,0x0000,0x0000,0x0000,0x0000,0x0000,0x0000,0x0000,0x0000,0x0000,
0x0000,0x0000,0x0000,0x0000,0x0000,0x0000,0x0000,0x0000,0x0000,0x0000,0x0000,0x0000,0x0000,0x0000,0x0000,0x19e8,0x19e8,0xa6fa,0xa6fa,0xa6fa,0xa6fa,0x19e8,0x19e8,0x19e8,0xefdb,0xefdb,0xefdb,0xefdb,0x19e8,0x19e8,0x19e8,0x19e8,
0x19e8,0x19e8,0x19e8,0xefdb,0xefdb,0xefdb,0xefdb,0x19e8,0x19e8,0x19e8,0x19e8,0xa6fa,0xa6fa,0xa6fa,0xa6fa,0x19e8,0x19e8,0x0000,0x0000,0x0000,0x0000,0x0000,0x0000,0x0000,0x0000,0x0000,0x0000,0x0000,0x0000,0x0000,0x0000,0x0000,
0x0000,0x0000,0x0000,0x0000,0x0000,0x0000,0x0000,0x0000,0x0000,0x0000,0x0000,0x0000,0x0000,0x0000,0x0000,0x19e8,0x19e8,0xa6fa,0xa6fa,0xa6fa,0xa6fa,0x19e8,0x19e8,0x19e8,0xefdb,0xefdb,0xefdb,0xefdb,0x19e8,0x19e8,0x19e8,0x19e8,
0x19e8,0x19e8,0x19e8,0xefdb,0xefdb,0xefdb,0xefdb,0x19e8,0x19e8,0x19e8,0x19e8,0xa6fa,0xa6fa,0xa6fa,0xa6fa,0x19e8,0x19e8,0x0000,0x0000,0x0000,0x0000,0x0000,0x0000,0x0000,0x0000,0x0000,0x0000,0x0000,0x0000,0x0000,0x0000,0x0000,
0x0000,0x0000,0x0000,0x0000,0x0000,0x0000,0x0000,0x0000,0x0000,0x0000,0x0000,0x0000,0x0000,0x0000,0x0000,0x19e8,0x19e8,0xa6fa,0xa6fa,0xa6fa,0xa6fa,0x19e8,0x19e8,0x19e8,0xefdb,0xefdb,0xefdb,0xefdb,0x19e8,0x19e8,0x19e8,0x19e8,
0x19e8,0x19e8,0x19e8,0xefdb,0xefdb,0xefdb,0xefdb,0x19e8,0x19e8,0x19e8,0x19e8,0xa6fa,0xa6fa,0xa6fa,0xa6fa,0x19e8,0x19e8,0x0000,0x0000,0x0000,0x0000,0x0000,0x0000,0x0000,0x0000,0x0000,0x0000,0x0000,0x0000,0x0000,0x0000,0x0000,
0x0000,0x0000,0x0000,0x0000,0x0000,0x0000,0x0000,0x0000,0x0000,0x0000,0x0000,0x0000,0x0000,0x0000,0x0000,0x19e8,0x19e8,0xa6fa,0xa6fa,0xa6fa,0xa6fa,0x19e8,0x19e8,0x19e8,0xefdb,0xefdb,0xefdb,0xefdb,0x19e8,0x19e8,0x19e8,0x19e8,
0x19e8,0x19e8,0x19e8,0xefdb,0xefdb,0xefdb,0xefdb,0x19e8,0x19e8,0x19e8,0x19e8,0xa6fa,0xa6fa,0xa6fa,0xa6fa,0x19e8,0x19e8,0x0000,0x0000,0x0000,0x0000,0x0000,0x0000,0x0000,0x0000,0x0000,0x0000,0x0000,0x0000,0x0000,0x0000,0x0000,
0x0000,0x0000,0x0000,0x0000,0x0000,0x0000,0x0000,0x0000,0x0000,0x0000,0x0000,0x0000,0x0000,0x0000,0x0000,0x19e8,0x19e8,0xa6fa,0xa6fa,0xa6fa,0xa6fa,0x19e8,0x19e8,0x19e8,0xefdb,0xefdb,0xefdb,0xefdb,0x19e8,0x19e8,0x19e8,0x19e8,
0x19e8,0x19e8,0x19e8,0xefdb,0xefdb,0xefdb,0xefdb,0x19e8,0x19e8,0x19e8,0x19e8,0xa6fa,0xa6fa,0xa6fa,0xa6fa,0x19e8,0x19e8,0x0000,0x0000,0x0000,0x0000,0x0000,0x0000,0x0000,0x0000,0x0000,0x0000,0x0000,0x0000,0x0000,0x0000,0x0000,
0x0000,0x0000,0x0000,0x0000,0x0000,0x0000,0x0000,0x0000,0x0000,0x0000,0x0000,0x0000,0x0000,0x0000,0x0000,0x19e8,0x19e8,0xa6fa,0xa6fa,0xa6fa,0xa6fa,0x19e8,0x19e8,0x19e8,0xefdb,0xefdb,0xefdb,0xefdb,0x19e8,0x19e8,0x19e8,0x19e8,
0x19e8,0x19e8,0x19e8,0xefdb,0xefdb,0xefdb,0xefdb,0x19e8,0x19e8,0x19e8,0x19e8,0xa6fa,0xa6fa,0xa6fa,0xa6fa,0x19e8,0x19e8,0x0000,0x0000,0x0000,0x0000,0x0000,0x0000,0x0000,0x0000,0x0000,0x0000,0x0000,0x0000,0x0000,0x0000,0x0000,
0x0000,0x0000,0x0000,0xfeb2,0xfeb2,0xfeb2,0x0000,0x0000,0x0000,0xa6fa,0xa6fa,0xa6fa,0xa6fa,0xa6fa,0x0000,0x19e8,0x19e8,0xa6fa,0xa6fa,0xa6fa,0xa6fa,0x19e8,0x19e8,0x19e8,0xefdb,0xefdb,0xefdb,0xefdb,0x19e8,0x19e8,0x19e8,0x19e8,
0x19e8,0x19e8,0x19e8,0xefdb,0xefdb,0xefdb,0xefdb,0x19e8,0x19e8,0x19e8,0x19e8,0xa6fa,0xa6fa,0xa6fa,0xa6fa,0x19e8,0x19e8,0x0000,0xa6fa,0xa6fa,0xa6fa,0xa6fa,0xa6fa,0x0000,0x0000,0x0000,0xfeb2,0xfeb2,0xfeb2,0x0000,0x0000,0x0000,
0x0000,0x0000,0x0000,0xfeb2,0xfeb2,0xfeb2,0x0000,0x0000,0x0000,0xa6fa,0xa6fa,0xa6fa,0xa6fa,0xa6fa,0x0000,0x19e8,0x19e8,0xa6fa,0xa6fa,0xa6fa,0xa6fa,0x19e8,0x19e8,0x19e8,0x19e8,0x19e8,0x19e8,0x19e8,0x19e8,0x19e8,0x19e8,0x19e8,
0x19e8,0x19e8,0x19e8,0x19e8,0x19e8,0x19e8,0x19e8,0x19e8,0x19e8,0x19e8,0x19e8,0xa6fa,0xa6fa,0xa6fa,0xa6fa,0x19e8,0x19e8,0x0000,0xa6fa,0xa6fa,0xa6fa,0xa6fa,0xa6fa,0x0000,0x0000,0x0000,0xfeb2,0xfeb2,0xfeb2,0x0000,0x0000,0x0000,
0x0000,0x0000,0x0000,0x0000,0x0000,0x0000,0x0000,0x0000,0x0000,0xa6fa,0xa6fa,0xa6fa,0xa6fa,0xa6fa,0x0000,0x19e8,0x19e8,0xa6fa,0xa6fa,0xa6fa,0xa6fa,0x19e8,0x19e8,0x19e8,0x19e8,0x19e8,0x19e8,0x19e8,0x19e8,0x19e8,0x19e8,0x19e8,
0x19e8,0x19e8,0x19e8,0x19e8,0x19e8,0x19e8,0x19e8,0x19e8,0x19e8,0x19e8,0x19e8,0xa6fa,0xa6fa,0xa6fa,0xa6fa,0x19e8,0x19e8,0x0000,0xa6fa,0xa6fa,0xa6fa,0xa6fa,0xa6fa,0x0000,0x0000,0x0000,0x0000,0x0000,0x0000,0x0000,0x0000,0x0000,
0x0000,0x0000,0x0000,0x0000,0x0000,0x0000,0x0000,0x0000,0x0000,0xa6fa,0xa6fa,0xa6fa,0xa6fa,0xa6fa,0x0000,0x19e8,0x19e8,0xa6fa,0xa6fa,0xa6fa,0xa6fa,0x19e8,0x19e8,0x19e8,0x19e8,0x19e8,0x19e8,0x19e8,0x19e8,0x19e8,0x19e8,0x19e8,
0x19e8,0x19e8,0x19e8,0x19e8,0x19e8,0x19e8,0x19e8,0x19e8,0x19e8,0x19e8,0x19e8,0xa6fa,0xa6fa,0xa6fa,0xa6fa,0x19e8,0x19e8,0x0000,0xa6fa,0xa6fa,0xa6fa,0xa6fa,0xa6fa,0x0000,0x0000,0x0000,0x0000,0x0000,0x0000,0x0000,0x0000,0x0000,
0x0000,0x0000,0x0000,0xfeb2,0xfeb2,0xfeb2,0x0000,0x0000,0x0000,0xa6fa,0xa6fa,0xa6fa,0xa6fa,0xa6fa,0x0000,0x19e8,0x19e8,0xa6fa,0xa6fa,0xa6fa,0xa6fa,0x19e8,0x19e8,0x19e8,0x19e8,0x19e8,0x19e8,0x19e8,0x19e8,0x19e8,0x19e8,0x19e8,
0x19e8,0x19e8,0x19e8,0x19e8,0x19e8,0x19e8,0x19e8,0x19e8,0x19e8,0x19e8,0x19e8,0xa6fa,0xa6fa,0xa6fa,0xa6fa,0x19e8,0x19e8,0x0000,0xa6fa,0xa6fa,0xa6fa,0xa6fa,0xa6fa,0x0000,0x0000,0x0000,0xfeb2,0xfeb2,0xfeb2,0x0000,0x0000,0x0000,
0x0000,0x0000,0x0000,0xfeb2,0xfeb2,0xfeb2,0x0000,0x0000,0x0000,0xa6fa,0xa6fa,0xa6fa,0xa6fa,0xa6fa,0x0000,0x19e8,0x19e8,0xa6fa,0xa6fa,0xa6fa,0xa6fa,0xa6fa,0xa6fa,0xa6fa,0xa6fa,0xa6fa,0xa6fa,0xa6fa,0xa6fa,0xa6fa,0xa6fa,0xa6fa,
0xa6fa,0xa6fa,0xa6fa,0xa6fa,0xa6fa,0xa6fa,0xa6fa,0xa6fa,0xa6fa,0xa6fa,0xa6fa,0xa6fa,0xa6fa,0xa6fa,0xa6fa,0x19e8,0x19e8,0x0000,0xa6fa,0xa6fa,0xa6fa,0xa6fa,0xa6fa,0x0000,0x0000,0x0000,0xfeb2,0xfeb2,0xfeb2,0x0000,0x0000,0x0000,
0x0000,0x0000,0x0000,0x0000,0x0000,0x0000,0x0000,0x0000,0x0000,0xa6fa,0xa6fa,0xa6fa,0xa6fa,0xa6fa,0x0000,0x19e8,0x19e8,0xa6fa,0xa6fa,0xa6fa,0xa6fa,0xa6fa,0xa6fa,0xa6fa,0xa6fa,0xa6fa,0xa6fa,0x19e8,0x19e8,0x19e8,0x19e8,0x19e8,
0x19e8,0x19e8,0x19e8,0x19e8,0x19e8,0xa6fa,0xa6fa,0xa6fa,0xa6fa,0xa6fa,0xa6fa,0xa6fa,0xa6fa,0xa6fa,0xa6fa,0x19e8,0x19e8,0x0000,0xa6fa,0xa6fa,0xa6fa,0xa6fa,0xa6fa,0x0000,0x0000,0x0000,0x0000,0x0000,0x0000,0x0000,0x0000,0x0000,
0x0000,0x0000,0x0000,0x0000,0x0000,0x0000,0x0000,0x0000,0x0000,0xa6fa,0xa6fa,0xa6fa,0xa6fa,0xa6fa,0x0000,0x19e8,0x19e8,0xa6fa,0xa6fa,0xa6fa,0xa6fa,0xa6fa,0xa6fa,0xa6fa,0xa6fa,0xa6fa,0xa6fa,0x19e8,0x19e8,0x19e8,0x19e8,0x19e8,
0x19e8,0x19e8,0x19e8,0x19e8,0x19e8,0xa6fa,0xa6fa,0xa6fa,0xa6fa,0xa6fa,0xa6fa,0xa6fa,0xa6fa,0xa6fa,0xa6fa,0x19e8,0x19e8,0x0000,0xa6fa,0xa6fa,0xa6fa,0xa6fa,0xa6fa,0x0000,0x0000,0x0000,0x0000,0x0000,0x0000,0x0000,0x0000,0x0000,
0x0000,0x0000,0x0000,0xfeb2,0xfeb2,0xfeb2,0x0000,0x0000,0x0000,0xa6fa,0xa6fa,0xa6fa,0xa6fa,0xa6fa,0x0000,0x19e8,0x19e8,0xa6fa,0xa6fa,0xa6fa,0xa6fa,0xa6fa,0xa6fa,0xa6fa,0xa6fa,0xa6fa,0xa6fa,0xa6fa,0xa6fa,0xa6fa,0xa6fa,0xa6fa,
0xa6fa,0xa6fa,0xa6fa,0xa6fa,0xa6fa,0xa6fa,0xa6fa,0xa6fa,0xa6fa,0xa6fa,0xa6fa,0xa6fa,0xa6fa,0xa6fa,0xa6fa,0x19e8,0x19e8,0x0000,0xa6fa,0xa6fa,0xa6fa,0xa6fa,0xa6fa,0x0000,0x0000,0x0000,0xfeb2,0xfeb2,0xfeb2,0x0000,0x0000,0x0000,
0x0000,0x0000,0x0000,0xfeb2,0xfeb2,0xfeb2,0x0000,0x0000,0x0000,0x0000,0x0000,0x0000,0x0000,0x0000,0x0000,0x19e8,0x19e8,0xa6fa,0xa6fa,0xa6fa,0xa6fa,0xa6fa,0xa6fa,0xa6fa,0xa6fa,0xa6fa,0xa6fa,0xa6fa,0xa6fa,0xa6fa,0xa6fa,0xa6fa,
0xa6fa,0xa6fa,0xa6fa,0xa6fa,0xa6fa,0xa6fa,0xa6fa,0xa6fa,0xa6fa,0xa6fa,0xa6fa,0xa6fa,0xa6fa,0xa6fa,0xa6fa,0x19e8,0x19e8,0x0000,0x0000,0x0000,0x0000,0x0000,0x0000,0x0000,0x0000,0x0000,0xfeb2,0xfeb2,0xfeb2,0x0000,0x0000,0x0000,
0x0000,0x0000,0x0000,0x0000,0x0000,0x0000,0x0000,0x0000,0x0000,0x0000,0x0000,0x0000,0x0000,0x0000,0x0000,0x19e8,0x19e8,0x19e8,0x19e8,0x19e8,0x19e8,0x19e8,0x19e8,0x19e8,0x19e8,0x19e8,0x19e8,0x19e8,0x19e8,0x19e8,0x19e8,0x19e8,
0x19e8,0x19e8,0x19e8,0x19e8,0x19e8,0x19e8,0x19e8,0x19e8,0x19e8,0x19e8,0x19e8,0x19e8,0x19e8,0x19e8,0x19e8,0x19e8,0x19e8,0x0000,0x0000,0x0000,0x0000,0x0000,0x0000,0x0000,0x0000,0x0000,0x0000,0x0000,0x0000,0x0000,0x0000,0x0000,
0x0000,0x0000,0x0000,0x0000,0x0000,0x0000,0x0000,0x0000,0x0000,0x0000,0x0000,0x0000,0x0000,0x0000,0x0000,0x19e8,0x19e8,0x19e8,0x19e8,0x19e8,0x19e8,0x19e8,0x19e8,0x19e8,0x19e8,0x19e8,0x19e8,0x19e8,0x19e8,0x19e8,0x19e8,0x19e8,
0x19e8,0x19e8,0x19e8,0x19e8,0x19e8,0x19e8,0x19e8,0x19e8,0x19e8,0x19e8,0x19e8,0x19e8,0x19e8,0x19e8,0x19e8,0x19e8,0x19e8,0x0000,0x0000,0x0000,0x0000,0x0000,0x0000,0x0000,0x0000,0x0000,0x0000,0x0000,0x0000,0x0000,0x0000,0x0000,
0x0000,0x0000,0x0000,0x0000,0x0000,0x0000,0x0000,0x0000,0x0000,0x0000,0x0000,0x0000,0x0000,0x0000,0x0000,0x0000,0x0000,0x0000,0x0000,0x0000,0x0000,0x19e8,0x19e8,0x19e8,0x19e8,0x19e8,0x19e8,0x19e8,0x19e8,0x19e8,0x19e8,0x19e8,
0x19e8,0x19e8,0x19e8,0x19e8,0x19e8,0x19e8,0x19e8,0x19e8,0x19e8,0x19e8,0x19e8,0x0000,0x0000,0x0000,0x0000,0x0000,0x0000,0x0000,0x0000,0x0000,0x0000,0x0000,0x0000,0x0000,0x0000,0x0000,0x0000,0x0000,0x0000,0x0000,0x0000,0x0000,
0x0000,0x0000,0x0000,0x0000,0x0000,0x0000,0x0000,0x0000,0x0000,0x0000,0x0000,0x0000,0x0000,0x0000,0x0000,0x0000,0x0000,0x0000,0x0000,0x0000,0x0000,0x19e8,0x19e8,0x19e8,0x19e8,0x19e8,0x19e8,0x19e8,0x19e8,0x19e8,0x19e8,0x19e8,
0x19e8,0x19e8,0x19e8,0x19e8,0x19e8,0x19e8,0x19e8,0x19e8,0x19e8,0x19e8,0x19e8,0x0000,0x0000,0x0000,0x0000,0x0000,0x0000,0x0000,0x0000,0x0000,0x0000,0x0000,0x0000,0x0000,0x0000,0x0000,0x0000,0x0000,0x0000,0x0000,0x0000,0x0000,
0x0000,0x0000,0x0000,0x0000,0x0000,0x0000,0x0000,0x0000,0x0000,0x0000,0x0000,0x0000,0x0000,0x0000,0x0000,0x0000,0x0000,0x0000,0x0000,0x0000,0x0000,0x19e8,0x19e8,0xa6fa,0xa6fa,0xa6fa,0xa6fa,0xa6fa,0xa6fa,0xa6fa,0xa6fa,0xa6fa,
0xa6fa,0xa6fa,0xa6fa,0xa6fa,0xa6fa,0xa6fa,0xa6fa,0xa6fa,0xa6fa,0x19e8,0x19e8,0x0000,0x0000,0x0000,0x0000,0x0000,0x0000,0x0000,0x0000,0x0000,0x0000,0x0000,0x0000,0x0000,0x0000,0x0000,0x0000,0x0000,0x0000,0x0000,0x0000,0x0000,
0x0000,0x0000,0x0000,0x0000,0x0000,0x0000,0x0000,0x0000,0x0000,0x0000,0x0000,0x0000,0x0000,0x0000,0x0000,0x0000,0x0000,0x0000,0x0000,0x0000,0x0000,0x19e8,0x19e8,0xa6fa,0xa6fa,0xa6fa,0xa6fa,0xa6fa,0xa6fa,0xa6fa,0xa6fa,0xa6fa,
0xa6fa,0xa6fa,0xa6fa,0xa6fa,0xa6fa,0xa6fa,0xa6fa,0xa6fa,0xa6fa,0x19e8,0x19e8,0x0000,0x0000,0x0000,0x0000,0x0000,0x0000,0x0000,0x0000,0x0000,0x0000,0x0000,0x0000,0x0000,0x0000,0x0000,0x0000,0x0000,0x0000,0x0000,0x0000,0x0000,
0x0000,0x0000,0x0000,0x0000,0x0000,0x0000,0x0000,0x0000,0x0000,0x0000,0x0000,0x0000,0x0000,0x0000,0x0000,0x0000,0x0000,0x0000,0x0000,0x0000,0x0000,0x19e8,0x19e8,0xa6fa,0xa6fa,0xa6fa,0xa6fa,0xa6fa,0xa6fa,0xa6fa,0xa6fa,0xa6fa,
0xa6fa,0xa6fa,0xa6fa,0xa6fa,0xa6fa,0xa6fa,0xa6fa,0xa6fa,0xa6fa,0x19e8,0x19e8,0x0000,0x0000,0x0000,0x0000,0x0000,0x0000,0x0000,0x0000,0x0000,0x0000,0x0000,0x0000,0x0000,0x0000,0x0000,0x0000,0x0000,0x0000,0x0000,0x0000,0x0000,
0x0000,0x0000,0x0000,0x0000,0x0000,0x0000,0x0000,0x0000,0x0000,0x0000,0x0000,0x0000,0x0000,0x0000,0x0000,0x0000,0x0000,0x0000,0x0000,0x0000,0x0000,0x19e8,0x19e8,0xa6fa,0xa6fa,0xa6fa,0xa6fa,0xa6fa,0xa6fa,0xa6fa,0xa6fa,0xa6fa,
0xa6fa,0xa6fa,0xa6fa,0xa6fa,0xa6fa,0xa6fa,0xa6fa,0xa6fa,0xa6fa,0x19e8,0x19e8,0x0000,0x0000,0x0000,0x0000,0x0000,0x0000,0x0000,0x0000,0x0000,0x0000,0x0000,0x0000,0x0000,0x0000,0x0000,0x0000,0x0000,0x0000,0x0000,0x0000,0x0000,
0x0000,0x0000,0x0000,0x0000,0x0000,0x0000,0x0000,0x0000,0x0000,0x0000,0x0000,0x0000,0x0000,0x0000,0x0000,0x0000,0x0000,0x0000,0x0000,0x0000,0x0000,0x19e8,0x19e8,0xa6fa,0xa6fa,0xa6fa,0xa6fa,0xa6fa,0xa6fa,0xa6fa,0xa6fa,0xa6fa,
0xa6fa,0xa6fa,0xa6fa,0xa6fa,0xa6fa,0xa6fa,0xa6fa,0xa6fa,0xa6fa,0x19e8,0x19e8,0x0000,0x0000,0x0000,0x0000,0x0000,0x0000,0x0000,0x0000,0x0000,0x0000,0x0000,0x0000,0x0000,0x0000,0x0000,0x0000,0x0000,0x0000,0x0000,0x0000,0x0000,
0x0000,0x0000,0x0000,0x0000,0x0000,0x0000,0x0000,0x0000,0x0000,0x0000,0x0000,0x0000,0x0000,0x0000,0x0000,0x0000,0x0000,0x0000,0x0000,0x0000,0x0000,0x19e8,0x19e8,0xa6fa,0xa6fa,0xa6fa,0xa6fa,0xa6fa,0xa6fa,0xa6fa,0xa6fa,0xa6fa,
0xa6fa,0xa6fa,0xa6fa,0xa6fa,0xa6fa,0xa6fa,0xa6fa,0xa6fa,0xa6fa,0x19e8,0x19e8,0x0000,0x0000,0x0000,0x0000,0x0000,0x0000,0x0000,0x0000,0x0000,0x0000,0x0000,0x0000,0x0000,0x0000,0x0000,0x0000,0x0000,0x0000,0x0000,0x0000,0x0000,
0x0000,0x0000,0x0000,0x0000,0x0000,0x0000,0x0000,0x0000,0x0000,0x0000,0x0000,0x0000,0x0000,0x0000,0x0000,0x0000,0x0000,0x0000,0x0000,0x0000,0x0000,0x19e8,0x19e8,0xa6fa,0xa6fa,0xa6fa,0xa6fa,0xa6fa,0xa6fa,0xa6fa,0xa6fa,0xa6fa,
0xa6fa,0xa6fa,0xa6fa,0xa6fa,0xa6fa,0xa6fa,0xa6fa,0xa6fa,0xa6fa,0x19e8,0x19e8,0x0000,0x0000,0x0000,0x0000,0x0000,0x0000,0x0000,0x0000,0x0000,0x0000,0x0000,0x0000,0x0000,0x0000,0x0000,0x0000,0x0000,0x0000,0x0000,0x0000,0x0000,
0x0000,0x0000,0x0000,0x0000,0x0000,0x0000,0x0000,0x0000,0x0000,0x0000,0x0000,0x0000,0x0000,0x0000,0x0000,0x0000,0x0000,0x0000,0x0000,0x0000,0x0000,0x19e8,0x19e8,0xa6fa,0xa6fa,0xa6fa,0xa6fa,0xa6fa,0xa6fa,0xa6fa,0xa6fa,0xa6fa,
0xa6fa,0xa6fa,0xa6fa,0xa6fa,0xa6fa,0xa6fa,0xa6fa,0xa6fa,0xa6fa,0x19e8,0x19e8,0x0000,0x0000,0x0000,0x0000,0x0000,0x0000,0x0000,0x0000,0x0000,0x0000,0x0000,0x0000,0x0000,0x0000,0x0000,0x0000,0x0000,0x0000,0x0000,0x0000,0x0000,
0x0000,0x0000,0x0000,0x0000,0x0000,0x0000,0x0000,0x0000,0x0000,0x0000,0x0000,0x0000,0x0000,0x0000,0x0000,0x0000,0x0000,0x0000,0x0000,0x0000,0x0000,0x19e8,0x19e8,0x19e8,0x19e8,0x19e8,0x19e8,0x19e8,0x19e8,0x19e8,0x19e8,0x19e8,
0x19e8,0x19e8,0x19e8,0x19e8,0x19e8,0x19e8,0x19e8,0x19e8,0x19e8,0x19e8,0x19e8,0x0000,0x0000,0x0000,0x0000,0x0000,0x0000,0x0000,0x0000,0x0000,0x0000,0x0000,0x0000,0x0000,0x0000,0x0000,0x0000,0x0000,0x0000,0x0000,0x0000,0x0000,
0x0000,0x0000,0x0000,0x0000,0x0000,0x0000,0x0000,0x0000,0x0000,0x0000,0x0000,0x0000,0x0000,0x0000,0x0000,0x0000,0x0000,0x0000,0x0000,0x0000,0x0000,0x19e8,0x19e8,0x19e8,0x19e8,0x19e8,0x19e8,0x19e8,0x19e8,0x19e8,0x19e8,0x19e8,
0x19e8,0x19e8,0x19e8,0x19e8,0x19e8,0x19e8,0x19e8,0x19e8,0x19e8,0x19e8,0x19e8,0x0000,0x0000,0x0000,0x0000,0x0000,0x0000,0x0000,0x0000,0x0000,0x0000,0x0000,0x0000,0x0000,0x0000,0x0000,0x0000,0x0000,0x0000,0x0000,0x0000,0x0000,
0x0000,0x0000,0x0000,0x0000,0x0000,0x0000,0x0000,0x0000,0x0000,0x0000,0x0000,0x0000,0x0000,0x0000,0x0000,0x0000,0x0000,0x0000,0x0000,0x0000,0x0000,0x0000,0x0000,0x0000,0x0000,0x0000,0x0000,0x0000,0x0000,0x0000,0x0000,0x0000,
0x0000,0x0000,0x0000,0x0000,0x0000,0x0000,0x0000,0x0000,0x0000,0x0000,0x0000,0x0000,0x0000,0x0000,0x0000,0x0000,0x0000,0x0000,0x0000,0x0000,0x0000,0x0000,0x0000,0x0000,0x0000,0x0000,0x0000,0x0000,0x0000,0x0000,0x0000,0x0000,
0x0000,0x0000,0x0000,0x0000,0x0000,0x0000,0x0000,0x0000,0x0000,0x0000,0x0000,0x0000,0x0000,0x0000,0x0000,0x0000,0x0000,0x0000,0x0000,0x0000,0x0000,0x0000,0x0000,0x0000,0x0000,0x0000,0xa6fa,0xa6fa,0xa6fa,0xa6fa,0x0000,0x0000,
0x0000,0x0000,0xa6fa,0xa6fa,0xa6fa,0xa6fa,0x0000,0x0000,0x0000,0x0000,0x0000,0x0000,0x0000,0x0000,0x0000,0x0000,0x0000,0x0000,0x0000,0x0000,0x0000,0x0000,0x0000,0x0000,0x0000,0x0000,0x0000,0x0000,0x0000,0x0000,0x0000,0x0000,
0x0000,0x0000,0x0000,0x0000,0x0000,0x0000,0x0000,0x0000,0x0000,0x0000,0x0000,0x0000,0x0000,0x0000,0x0000,0x0000,0x0000,0x0000,0x0000,0x0000,0x0000,0x0000,0x0000,0x0000,0x0000,0x0000,0xa6fa,0xa6fa,0xa6fa,0xa6fa,0x0000,0x0000,
0x0000,0x0000,0xa6fa,0xa6fa,0xa6fa,0xa6fa,0x0000,0x0000,0x0000,0x0000,0x0000,0x0000,0x0000,0x0000,0x0000,0x0000,0x0000,0x0000,0x0000,0x0000,0x0000,0x0000,0x0000,0x0000,0x0000,0x0000,0x0000,0x0000,0x0000,0x0000,0x0000,0x0000,
0x0000,0x0000,0x0000,0x0000,0x0000,0x0000,0x0000,0x0000,0x0000,0x0000,0x0000,0x0000,0x0000,0x0000,0x0000,0x0000,0x0000,0x0000,0x0000,0x0000,0x0000,0x0000,0x0000,0x0000,0x0000,0x0000,0xa6fa,0xa6fa,0xa6fa,0xa6fa,0x0000,0x0000,
0x0000,0x0000,0xa6fa,0xa6fa,0xa6fa,0xa6fa,0x0000,0x0000,0x0000,0x0000,0x0000,0x0000,0x0000,0x0000,0x0000,0x0000,0x0000,0x0000,0x0000,0x0000,0x0000,0x0000,0x0000,0x0000,0x0000,0x0000,0x0000,0x0000,0x0000,0x0000,0x0000,0x0000,
0x0000,0x0000,0x0000,0x0000,0x0000,0x0000,0x0000,0x0000,0x0000,0x0000,0x0000,0x0000,0x0000,0x0000,0x0000,0x0000,0x0000,0x0000,0x0000,0x0000,0x0000,0x0000,0x0000,0x0000,0x0000,0x0000,0xa6fa,0xa6fa,0xa6fa,0xa6fa,0x0000,0x0000,
0x0000,0x0000,0xa6fa,0xa6fa,0xa6fa,0xa6fa,0x0000,0x0000,0x0000,0x0000,0x0000,0x0000,0x0000,0x0000,0x0000,0x0000,0x0000,0x0000,0x0000,0x0000,0x0000,0x0000,0x0000,0x0000,0x0000,0x0000,0x0000,0x0000,0x0000,0x0000,0x0000,0x0000,
0x0000,0x0000,0x0000,0x0000,0x0000,0x0000,0x0000,0x0000,0x0000,0x0000,0x0000,0x0000,0x0000,0x0000,0x0000,0x0000,0x0000,0x0000,0x0000,0x0000,0x0000,0x0000,0x0000,0x0000,0x0000,0x0000,0x0000,0x0000,0x0000,0x0000,0x0000,0x0000,
0x0000,0x0000,0x0000,0x0000,0x0000,0x0000,0x0000,0x0000,0x0000,0x0000,0x0000,0x0000,0x0000,0x0000,0x0000,0x0000,0x0000,0x0000,0x0000,0x0000,0x0000,0x0000,0x0000,0x0000,0x0000,0x0000,0x0000,0x0000,0x0000,0x0000,0x0000,0x0000,
0x0000,0x0000,0x0000,0x0000,0x0000,0x0000,0x0000,0x0000,0x0000,0x0000,0x0000,0x0000,0x0000,0x0000,0x0000,0x0000,0x0000,0x0000,0x0000,0x0000,0x0000,0x0000,0x0000,0x0000,0x0000,0x0000,0x0000,0x0000,0x0000,0x0000,0x0000,0x0000,
0x0000,0x0000,0x0000,0x0000,0x0000,0x0000,0x0000,0x0000,0x0000,0x0000,0x0000,0x0000,0x0000,0x0000,0x0000,0x0000,0x0000,0x0000,0x0000,0x0000,0x0000,0x0000,0x0000,0x0000,0x0000,0x0000,0x0000,0x0000,0x0000,0x0000,0x0000,0x0000,
0x0000,0x0000,0x0000,0x0000,0x0000,0x0000,0x0000,0x0000,0x0000,0x0000,0x0000,0x0000,0x0000,0x0000,0x0000,0x0000,0x0000,0x0000,0x0000,0x0000,0x0000,0x0000,0x0000,0x0000,0x0000,0x0000,0x0000,0x0000,0x0000,0x0000,0x0000,0x0000,
0x0000,0x0000,0x0000,0x0000,0x0000,0x0000,0x0000,0x0000,0x0000,0x0000,0x0000,0x0000,0x0000,0x0000,0x0000,0x0000,0x0000,0x0000,0x0000,0x0000,0x0000,0x0000,0x0000,0x0000,0x0000,0x0000,0x0000,0x0000,0x0000,0x0000,0x0000,0x0000,
0x0000,0x0000,0x0000,0x0000,0x0000,0x0000,0x0000,0x0000,0x0000,0x0000,0x0000,0x0000,0x0000,0x0000,0x0000,0x0000,0x0000,0x0000,0x0000,0x0000,0x0000,0x0000,0x0000,0x0000,0x0000,0x0000,0x0000,0x0000,0x0000,0x0000,0x0000,0x0000,
0x0000,0x0000,0x0000,0x0000,0x0000,0x0000,0x0000,0x0000,0x0000,0x0000,0x0000,0x0000,0x0000,0x0000,0x0000,0x0000,0x0000,0x0000,0x0000,0x0000,0x0000,0x0000,0x0000,0x0000,0x0000,0x0000,0x0000,0x0000,0x0000,0x0000,0x0000,0x0000,
0x0000,0x0000,0x0000,0x0000,0x0000,0x0000,0x0000,0x0000,0x0000,0x0000,0x0000,0x0000,0x0000,0x0000,0x0000,0x0000,0x0000,0x0000,0x0000,0x0000,0x0000,0x0000,0x0000,0x0000,0x0000,0x0000,0x0000,0x0000,0x0000,0x0000,0x0000,0x0000,
0x0000,0x0000,0x0000,0x0000,0x0000,0x0000,0x0000,0x0000,0x0000,0x0000,0x0000,0x0000,0x0000,0x0000,0x0000,0x0000,0x0000,0x0000,0x0000,0x0000,0x0000,0x0000,0x0000,0x0000,0x0000,0x0000,0x0000,0x0000,0x0000,0x0000,0x0000,0x0000,
0x0000,0x0000,0x0000,0x0000,0x0000,0x0000,0x0000,0x0000,0x0000,0x0000,0x0000,0x0000,0x0000,0x0000,0x0000,0x0000,0x0000,0x0000,0x0000,0x0000,0x0000,0x0000,0x0000,0x0000,0x0000,0x0000,0x0000,0x0000,0x0000,0x0000,0x0000,0x0000,
0x0000,0x0000,0x0000,0x0000,0x0000,0x0000,0x0000,0x0000,0x0000,0x0000,0x0000,0x0000,0x0000,0x0000,0x0000,0x0000,0x0000,0x0000,0x0000,0x0000,0x0000,0x0000,0x0000,0x0000,0x0000,0x0000,0x0000,0x0000,0x0000,0x0000,0x0000,0x0000,
0x0000,0x0000,0x0000,0x0000,0x0000,0x0000,0x0000,0x0000,0x0000,0x0000,0x0000,0x0000,0x0000,0x0000,0x0000,0x0000,0x0000,0x0000,0x0000,0x0000,0x0000,0x0000,0x0000,0x0000,0x0000,0x0000,0x0000,0x0000,0x0000,0x0000,0x0000,0x0000,
0x0000,0x0000,0x0000,0x0000,0x0000,0x0000,0x0000,0x0000,0x0000,0x0000,0x0000,0x0000,0x0000,0x0000,0x0000,0x0000,0x0000,0x0000,0x0000,0x0000,0x0000,0x0000,0x0000,0x0000,0x0000,0x0000,0x0000,0x0000,0x0000,0x0000,0x0000,0x0000,
};
static const uint16_t frame_16[4096] = {
0x0000,0x0000,0x0000,0x0000,0x0000,0x0000,0x0000,0x0000,0x0000,0x0000,0x0000,0x0000,0x0000,0x0000,0x0000,0x0000,0x0000,0x0000,0x0000,0x0000,0x0000,0x0000,0x0000,0x0000,0x0000,0x0000,0x0000,0x0000,0x0000,0x0000,0x0000,0x0000,
0x0000,0x0000,0x0000,0x0000,0x0000,0x0000,0x0000,0x0000,0x0000,0x0000,0x0000,0x0000,0x0000,0x0000,0x0000,0x0000,0x0000,0x0000,0x0000,0x0000,0x0000,0x0000,0x0000,0x0000,0x0000,0x0000,0x0000,0x0000,0x0000,0x0000,0x0000,0x0000,
0x0000,0x0000,0x0000,0x0000,0x0000,0x0000,0x0000,0x0000,0x0000,0x0000,0x0000,0x0000,0x0000,0x0000,0x0000,0x0000,0x0000,0x0000,0x0000,0x0000,0x0000,0x0000,0x0000,0x0000,0x0000,0x0000,0x0000,0x0000,0x0000,0x0000,0x0000,0x0000,
0x0000,0x0000,0x0000,0x0000,0x0000,0x0000,0x0000,0x0000,0x0000,0x0000,0x0000,0x0000,0x0000,0x0000,0x0000,0x0000,0x0000,0x0000,0x0000,0x0000,0x0000,0x0000,0x0000,0x0000,0x0000,0x0000,0x0000,0x0000,0x0000,0x0000,0x0000,0x0000,
0x0000,0x0000,0x0000,0x0000,0x0000,0x0000,0x0000,0x0000,0x0000,0x0000,0x0000,0x0000,0x0000,0x0000,0x0000,0x0000,0x0000,0x0000,0x0000,0x0000,0x0000,0x0000,0x0000,0x0000,0x0000,0x0000,0x0000,0x0000,0x0000,0x0000,0x0000,0x0000,
0x0000,0x0000,0x0000,0x0000,0x0000,0x0000,0x0000,0x0000,0x0000,0x0000,0x0000,0x0000,0x0000,0x0000,0x0000,0x0000,0x0000,0x0000,0x0000,0x0000,0x0000,0x0000,0x0000,0x0000,0x0000,0x0000,0x0000,0x0000,0x0000,0x0000,0x0000,0x0000,
0x0000,0x0000,0x0000,0x0000,0x0000,0x0000,0x0000,0x0000,0x0000,0x0000,0x0000,0x0000,0x0000,0x0000,0x0000,0x0000,0x0000,0x0000,0x0000,0x0000,0x0000,0x0000,0x0000,0x0000,0x0000,0x0000,0x0000,0x0000,0x0000,0x0000,0x0000,0x0000,
0x0000,0x0000,0x0000,0x0000,0x0000,0x0000,0x0000,0x0000,0x0000,0x0000,0x0000,0x0000,0x0000,0x0000,0x0000,0x0000,0x0000,0x0000,0x0000,0x0000,0x0000,0x0000,0x0000,0x0000,0x0000,0x0000,0x0000,0x0000,0x0000,0x0000,0x0000,0x0000,
0x0000,0x0000,0x0000,0x0000,0x0000,0x0000,0x0000,0x0000,0x0000,0x0000,0x0000,0x0000,0x0000,0x0000,0x0000,0x0000,0x0000,0x0000,0x0000,0x0000,0x0000,0x0000,0x0000,0x0000,0x0000,0x0000,0x0000,0x0000,0x0000,0x0000,0x0000,0x0000,
0x0000,0x0000,0x0000,0x0000,0x0000,0x0000,0x0000,0x0000,0x0000,0x0000,0x0000,0x0000,0x0000,0x0000,0x0000,0x0000,0x0000,0x0000,0x0000,0x0000,0x0000,0x0000,0x0000,0x0000,0x0000,0x0000,0x0000,0x0000,0x0000,0x0000,0x0000,0x0000,
0x0000,0x0000,0x0000,0x0000,0x0000,0x0000,0x0000,0x0000,0x0000,0x0000,0x0000,0x0000,0x0000,0x0000,0x0000,0x0000,0x0000,0x0000,0x0000,0x0000,0x0000,0x0000,0x0000,0x0000,0x0000,0x0000,0x0000,0x0000,0x0000,0x0000,0x0000,0x0000,
0x0000,0x0000,0x0000,0x0000,0x0000,0x0000,0x0000,0x0000,0x0000,0x0000,0x0000,0x0000,0x0000,0x0000,0x0000,0x0000,0x0000,0x0000,0x0000,0x0000,0x0000,0x0000,0x0000,0x0000,0x0000,0x0000,0x0000,0x0000,0x0000,0x0000,0x0000,0x0000,
0x0000,0x0000,0x0000,0x0000,0x0000,0x0000,0x0000,0x0000,0x0000,0x0000,0x0000,0x0000,0x0000,0x0000,0x0000,0x0000,0x0000,0x0000,0x0000,0x0000,0x0000,0x0000,0x0000,0x0000,0x0000,0x0000,0x0000,0x0000,0x0000,0x0000,0x0000,0x0000,
0x0000,0x0000,0x0000,0x0000,0x0000,0x0000,0x0000,0x0000,0x0000,0x0000,0x0000,0x0000,0x0000,0x0000,0x0000,0x0000,0x0000,0x0000,0x0000,0x0000,0x0000,0x0000,0x0000,0x0000,0x0000,0x0000,0x0000,0x0000,0x0000,0x0000,0x0000,0x0000,
0x0000,0x0000,0x0000,0x0000,0x0000,0x0000,0x0000,0x0000,0x0000,0x0000,0x0000,0x0000,0x0000,0x0000,0x0000,0x0000,0x0000,0x0000,0x0000,0x0000,0x0000,0x0000,0x0000,0x0000,0x0000,0x0000,0x0000,0xfeb2,0xfeb2,0xfeb2,0xfeb2,0xfeb2,
0xfeb2,0xfeb2,0xfeb2,0xfeb2,0xfeb2,0x0000,0x0000,0x0000,0x0000,0x0000,0x0000,0x0000,0x0000,0x0000,0x0000,0x0000,0x0000,0x0000,0x0000,0x0000,0x0000,0x0000,0x0000,0x0000,0x0000,0x0000,0x0000,0x0000,0x0000,0x0000,0x0000,0x0000,
0x0000,0x0000,0x0000,0x0000,0x0000,0x0000,0x0000,0x0000,0x0000,0x0000,0x0000,0x0000,0x0000,0x0000,0x0000,0x0000,0x0000,0x0000,0x0000,0x0000,0x0000,0x0000,0x0000,0x0000,0x0000,0x0000,0x0000,0xfeb2,0xfeb2,0xfeb2,0xfeb2,0xfeb2,
0xfeb2,0xfeb2,0xfeb2,0xfeb2,0xfeb2,0x0000,0x0000,0x0000,0x0000,0x0000,0x0000,0x0000,0x0000,0x0000,0x0000,0x0000,0x0000,0x0000,0x0000,0x0000,0x0000,0x0000,0x0000,0x0000,0x0000,0x0000,0x0000,0x0000,0x0000,0x0000,0x0000,0x0000,
0x0000,0x0000,0x0000,0x0000,0x0000,0x0000,0x0000,0x0000,0x0000,0x0000,0x0000,0x0000,0x0000,0x0000,0x0000,0x0000,0x0000,0x0000,0x0000,0x0000,0x0000,0x0000,0x0000,0x0000,0x0000,0x0000,0x0000,0xfeb2,0xfeb2,0xfeb2,0xfeb2,0xfeb2,
0xfeb2,0xfeb2,0xfeb2,0xfeb2,0xfeb2,0x0000,0x0000,0x0000,0x0000,0x0000,0x0000,0x0000,0x0000,0x0000,0x0000,0x0000,0x0000,0x0000,0x0000,0x0000,0x0000,0x0000,0x0000,0x0000,0x0000,0x0000,0x0000,0x0000,0x0000,0x0000,0x0000,0x0000,
0x0000,0x0000,0x0000,0x0000,0x0000,0x0000,0x0000,0x0000,0x0000,0x0000,0x0000,0x0000,0x0000,0x0000,0x0000,0x0000,0x0000,0x0000,0x0000,0x0000,0x0000,0x0000,0x0000,0x0000,0x0000,0x0000,0x0000,0xfeb2,0xfeb2,0xfeb2,0xa6fa,0xa6fa,
0xa6fa,0xa6fa,0xfeb2,0xfeb2,0xfeb2,0x0000,0x0000,0x0000,0x0000,0x0000,0x0000,0x0000,0x0000,0x0000,0x0000,0x0000,0x0000,0x0000,0x0000,0x0000,0x0000,0x0000,0x0000,0x0000,0x0000,0x0000,0x0000,0x0000,0x0000,0x0000,0x0000,0x0000,
0x0000,0x0000,0x0000,0x0000,0x0000,0x0000,0x0000,0x0000,0x0000,0x0000,0x0000,0x0000,0x0000,0x0000,0x0000,0x0000,0x0000,0x0000,0x0000,0x0000,0x0000,0x0000,0x0000,0x0000,0x0000,0x0000,0x0000,0x0000,0x0000,0x0000,0xa6fa,0xa6fa,
0xa6fa,0xa6fa,0x0000,0x0000,0x0000,0x0000,0x0000,0x0000,0x0000,0x0000,0x0000,0x0000,0x0000,0x0000,0x0000,0x0000,0x0000,0x0000,0x0000,0x0000,0x0000,0x0000,0x0000,0x0000,0x0000,0x0000,0x0000,0x0000,0x0000,0x0000,0x0000,0x0000,
0x0000,0x0000,0x0000,0x0000,0x0000,0x0000,0x0000,0x0000,0x0000,0x0000,0x0000,0x0000,0x0000,0x0000,0x0000,0x0000,0x0000,0x0000,0x0000,0x0000,0x0000,0x0000,0x0000,0x0000,0x0000,0x0000,0x0000,0x0000,0x0000,0x0000,0xa6fa,0xa6fa,
0xa6fa,0xa6fa,0x0000,0x0000,0x0000,0x0000,0x0000,0x0000,0x0000,0x0000,0x0000,0x0000,0x0000,0x0000,0x0000,0x0000,0x0000,0x0000,0x0000,0x0000,0x0000,0x0000,0x0000,0x0000,0x0000,0x0000,0x0000,0x0000,0x0000,0x0000,0x0000,0x0000,
0x0000,0x0000,0x0000,0x0000,0x0000,0x0000,0x0000,0x0000,0x0000,0x0000,0x0000,0x0000,0x0000,0x0000,0x0000,0x0000,0x0000,0x0000,0x0000,0x0000,0x0000,0x0000,0x0000,0x0000,0x0000,0x0000,0x0000,0x0000,0x0000,0x0000,0xa6fa,0xa6fa,
0xa6fa,0xa6fa,0x0000,0x0000,0x0000,0x0000,0x0000,0x0000,0x0000,0x0000,0x0000,0x0000,0x0000,0x0000,0x0000,0x0000,0x0000,0x0000,0x0000,0x0000,0x0000,0x0000,0x0000,0x0000,0x0000,0x0000,0x0000,0x0000,0x0000,0x0000,0x0000,0x0000,
0x0000,0x0000,0x0000,0x0000,0x0000,0x0000,0x0000,0x0000,0x0000,0x0000,0x0000,0x0000,0x0000,0x0000,0x0000,0x19e8,0x19e8,0x19e8,0x19e8,0x19e8,0x19e8,0x19e8,0x19e8,0x19e8,0x19e8,0x19e8,0x19e8,0x19e8,0x19e8,0x19e8,0x19e8,0x19e8,
0x19e8,0x19e8,0x19e8,0x19e8,0x19e8,0x19e8,0x19e8,0x19e8,0x19e8,0x19e8,0x19e8,0x19e8,0x19e8,0x19e8,0x19e8,0x19e8,0x19e8,0x0000,0x0000,0x0000,0x0000,0x0000,0x0000,0x0000,0x0000,0x0000,0x0000,0x0000,0x0000,0x0000,0x0000,0x0000,
0x0000,0x0000,0x0000,0x0000,0x0000,0x0000,0x0000,0x0000,0x0000,0x0000,0x0000,0x0000,0x0000,0x0000,0x0000,0x19e8,0x19e8,0x19e8,0x19e8,0x19e8,0x19e8,0x19e8,0x19e8,0x19e8,0x19e8,0x19e8,0x19e8,0x19e8,0x19e8,0x19e8,0x19e8,0x19e8,
0x19e8,0x19e8,0x19e8,0x19e8,0x19e8,0x19e8,0x19e8,0x19e8,0x19e8,0x19e8,0x19e8,0x19e8,0x19e8,0x19e8,0x19e8,0x19e8,0x19e8,0x0000,0x0000,0x0000,0x0000,0x0000,0x0000,0x0000,0x0000,0x0000,0x0000,0x0000,0x0000,0x0000,0x0000,0x0000,
0x0000,0x0000,0x0000,0x0000,0x0000,0x0000,0x0000,0x0000,0x0000,0x0000,0x0000,0x0000,0x0000,0x0000,0x0000,0x19e8,0x19e8,0xa6fa,0xa6fa,0xa6fa,0xa6fa,0xa6fa,0xa6fa,0xa6fa,0xa6fa,0xa6fa,0xa6fa,0xa6fa,0xa6fa,0xa6fa,0xa6fa,0xa6fa,
0xa6fa,0xa6fa,0xa6fa,0xa6fa,0xa6fa,0xa6fa,0xa6fa,0xa6fa,0xa6fa,0xa6fa,0xa6fa,0xa6fa,0xa6fa,0xa6fa,0xa6fa,0x19e8,0x19e8,0x0000,0x0000,0x0000,0x0000,0x0000,0x0000,0x0000,0x0000,0x0000,0x0000,0x0000,0x0000,0x0000,0x0000,0x0000,
0x0000,0x0000,0x0000,0x0000,0x0000,0x0000,0x0000,0x0000,0x0000,0x0000,0x0000,0x0000,0x0000,0x0000,0x0000,0x19e8,0x19e8,0xa6fa,0xa6fa,0xa6fa,0xa6fa,0xa6fa,0xa6fa,0xa6fa,0xa6fa,0xa6fa,0xa6fa,0xa6fa,0xa6fa,0xa6fa,0xa6fa,0xa6fa,
0xa6fa,0xa6fa,0xa6fa,0xa6fa,0xa6fa,0xa6fa,0xa6fa,0xa6fa,0xa6fa,0xa6fa,0xa6fa,0xa6fa,0xa6fa,0xa6fa,0xa6fa,0x19e8,0x19e8,0x0000,0x0000,0x0000,0x0000,0x0000,0x0000,0x0000,0x0000,0x0000,0x0000,0x0000,0x0000,0x0000,0x0000,0x0000,
0x0000,0x0000,0x0000,0x0000,0x0000,0x0000,0x0000,0x0000,0x0000,0x0000,0x0000,0x0000,0x0000,0x0000,0x0000,0x19e8,0x19e8,0xa6fa,0xa6fa,0xa6fa,0xa6fa,0xa6fa,0xa6fa,0xa6fa,0xa6fa,0xa6fa,0xa6fa,0xa6fa,0xa6fa,0xa6fa,0xa6fa,0xa6fa,
0xa6fa,0xa6fa,0xa6fa,0xa6fa,0xa6fa,0xa6fa,0xa6fa,0xa6fa,0xa6fa,0xa6fa,0xa6fa,0xa6fa,0xa6fa,0xa6fa,0xa6fa,0x19e8,0x19e8,0x0000,0x0000,0x0000,0x0000,0x0000,0x0000,0x0000,0x0000,0x0000,0x0000,0x0000,0x0000,0x0000,0x0000,0x0000,
0x0000,0x0000,0x0000,0x0000,0x0000,0x0000,0x0000,0x0000,0x0000,0x0000,0x0000,0x0000,0x0000,0x0000,0x0000,0x19e8,0x19e8,0xa6fa,0xa6fa,0xa6fa,0xa6fa,0xa6fa,0xa6fa,0xa6fa,0xa6fa,0xa6fa,0xa6fa,0xa6fa,0xa6fa,0xa6fa,0xa6fa,0xa6fa,
0xa6fa,0xa6fa,0xa6fa,0xa6fa,0xa6fa,0xa6fa,0xa6fa,0xa6fa,0xa6fa,0xa6fa,0xa6fa,0xa6fa,0xa6fa,0xa6fa,0xa6fa,0x19e8,0x19e8,0x0000,0x0000,0x0000,0x0000,0x0000,0x0000,0x0000,0x0000,0x0000,0x0000,0x0000,0x0000,0x0000,0x0000,0x0000,
0x0000,0x0000,0x0000,0x0000,0x0000,0x0000,0x0000,0x0000,0x0000,0x0000,0x0000,0x0000,0x0000,0x0000,0x0000,0x19e8,0x19e8,0xa6fa,0xa6fa,0xa6fa,0xa6fa,0x19e8,0x19e8,0x19e8,0x19e8,0x19e8,0x19e8,0x19e8,0x19e8,0x19e8,0x19e8,0x19e8,
0x19e8,0x19e8,0x19e8,0x19e8,0x19e8,0x19e8,0x19e8,0x19e8,0x19e8,0x19e8,0x19e8,0xa6fa,0xa6fa,0xa6fa,0xa6fa,0x19e8,0x19e8,0x0000,0x0000,0x0000,0x0000,0x0000,0x0000,0x0000,0x0000,0x0000,0x0000,0x0000,0x0000,0x0000,0x0000,0x0000,
0x0000,0x0000,0x0000,0x0000,0x0000,0x0000,0x0000,0x0000,0x0000,0x0000,0x0000,0x0000,0x0000,0x0000,0x0000,0x19e8,0x19e8,0xa6fa,0xa6fa,0xa6fa,0xa6fa,0x19e8,0x19e8,0x19e8,0x19e8,0x19e8,0x19e8,0x19e8,0x19e8,0x19e8,0x19e8,0x19e8,
0x19e8,0x19e8,0x19e8,0x19e8,0x19e8,0x19e8,0x19e8,0x19e8,0x19e8,0x19e8,0x19e8,0xa6fa,0xa6fa,0xa6fa,0xa6fa,0x19e8,0x19e8,0x0000,0x0000,0x0000,0x0000,0x0000,0x0000,0x0000,0x0000,0x0000,0x0000,0x0000,0x0000,0x0000,0x0000,0x0000,
0x0000,0x0000,0x0000,0x0000,0x0000,0x0000,0x0000,0x0000,0x0000,0x0000,0x0000,0x0000,0x0000,0x0000,0x0000,0x19e8,0x19e8,0xa6fa,0xa6fa,0xa6fa,0xa6fa,0x19e8,0x19e8,0x19e8,0x19e8,0x19e8,0x19e8,0x19e8,0x19e8,0x19e8,0x19e8,0x19e8,
0x19e8,0x19e8,0x19e8,0x19e8,0x19e8,0x19e8,0x19e8,0x19e8,0x19e8,0x19e8,0x19e8,0xa6fa,0xa6fa,0xa6fa,0xa6fa,0x19e8,0x19e8,0x0000,0x0000,0x0000,0x0000,0x0000,0x0000,0x0000,0x0000,0x0000,0x0000,0x0000,0x0000,0x0000,0x0000,0x0000,
0x0000,0x0000,0x0000,0x0000,0x0000,0x0000,0x0000,0x0000,0x0000,0x0000,0x0000,0x0000,0x0000,0x0000,0x0000,0x19e8,0x19e8,0xa6fa,0xa6fa,0xa6fa,0xa6fa,0x19e8,0x19e8,0x19e8,0xefdb,0xefdb,0xefdb,0xefdb,0x19e8,0x19e8,0x19e8,0x19e8,
0x19e8,0x19e8,0x19e8,0xefdb,0xefdb,0xefdb,0xefdb,0x19e8,0x19e8,0x19e8,0x19e8,0xa6fa,0xa6fa,0xa6fa,0xa6fa,0x19e8,0x19e8,0x0000,0x0000,0x0000,0x0000,0x0000,0x0000,0x0000,0x0000,0x0000,0x0000,0x0000,0x0000,0x0000,0x0000,0x0000,
0x0000,0x0000,0x0000,0x0000,0x0000,0x0000,0x0000,0x0000,0x0000,0x0000,0x0000,0x0000,0x0000,0x0000,0x0000,0x19e8,0x19e8,0xa6fa,0xa6fa,0xa6fa,0xa6fa,0x19e8,0x19e8,0x19e8,0xefdb,0xefdb,0xefdb,0xefdb,0x19e8,0x19e8,0x19e8,0x19e8,
0x19e8,0x19e8,0x19e8,0xefdb,0xefdb,0xefdb,0xefdb,0x19e8,0x19e8,0x19e8,0x19e8,0xa6fa,0xa6fa,0xa6fa,0xa6fa,0x19e8,0x19e8,0x0000,0x0000,0x0000,0x0000,0x0000,0x0000,0x0000,0x0000,0x0000,0x0000,0x0000,0x0000,0x0000,0x0000,0x0000,
0x0000,0x0000,0x0000,0x0000,0x0000,0x0000,0x0000,0x0000,0x0000,0x0000,0x0000,0x0000,0x0000,0x0000,0x0000,0x19e8,0x19e8,0xa6fa,0xa6fa,0xa6fa,0xa6fa,0x19e8,0x19e8,0x19e8,0xefdb,0xefdb,0xefdb,0xefdb,0x19e8,0x19e8,0x19e8,0x19e8,
0x19e8,0x19e8,0x19e8,0xefdb,0xefdb,0xefdb,0xefdb,0x19e8,0x19e8,0x19e8,0x19e8,0xa6fa,0xa6fa,0xa6fa,0xa6fa,0x19e8,0x19e8,0x0000,0x0000,0x0000,0x0000,0x0000,0x0000,0x0000,0x0000,0x0000,0x0000,0x0000,0x0000,0x0000,0x0000,0x0000,
0x0000,0x0000,0x0000,0x0000,0x0000,0x0000,0x0000,0x0000,0x0000,0x0000,0x0000,0x0000,0x0000,0x0000,0x0000,0x19e8,0x19e8,0xa6fa,0xa6fa,0xa6fa,0xa6fa,0x19e8,0x19e8,0x19e8,0xefdb,0xefdb,0xefdb,0xefdb,0x19e8,0x19e8,0x19e8,0x19e8,
0x19e8,0x19e8,0x19e8,0xefdb,0xefdb,0xefdb,0xefdb,0x19e8,0x19e8,0x19e8,0x19e8,0xa6fa,0xa6fa,0xa6fa,0xa6fa,0x19e8,0x19e8,0x0000,0x0000,0x0000,0x0000,0x0000,0x0000,0x0000,0x0000,0x0000,0x0000,0x0000,0x0000,0x0000,0x0000,0x0000,
0x0000,0x0000,0x0000,0x0000,0x0000,0x0000,0x0000,0x0000,0x0000,0x0000,0x0000,0x0000,0x0000,0x0000,0x0000,0x19e8,0x19e8,0xa6fa,0xa6fa,0xa6fa,0xa6fa,0x19e8,0x19e8,0x19e8,0xefdb,0xefdb,0xefdb,0xefdb,0x19e8,0x19e8,0x19e8,0x19e8,
0x19e8,0x19e8,0x19e8,0xefdb,0xefdb,0xefdb,0xefdb,0x19e8,0x19e8,0x19e8,0x19e8,0xa6fa,0xa6fa,0xa6fa,0xa6fa,0x19e8,0x19e8,0x0000,0x0000,0x0000,0x0000,0x0000,0x0000,0x0000,0x0000,0x0000,0x0000,0x0000,0x0000,0x0000,0x0000,0x0000,
0x0000,0x0000,0x0000,0xfeb2,0xfeb2,0xfeb2,0x0000,0x0000,0x0000,0x0000,0x0000,0x0000,0x0000,0x0000,0x0000,0x19e8,0x19e8,0xa6fa,0xa6fa,0xa6fa,0xa6fa,0x19e8,0x19e8,0x19e8,0xefdb,0xefdb,0xefdb,0xefdb,0x19e8,0x19e8,0x19e8,0x19e8,
0x19e8,0x19e8,0x19e8,0xefdb,0xefdb,0xefdb,0xefdb,0x19e8,0x19e8,0x19e8,0x19e8,0xa6fa,0xa6fa,0xa6fa,0xa6fa,0x19e8,0x19e8,0x0000,0x0000,0x0000,0x0000,0x0000,0x0000,0x0000,0x0000,0x0000,0xfeb2,0xfeb2,0xfeb2,0x0000,0x0000,0x0000,
0x0000,0x0000,0x0000,0xfeb2,0xfeb2,0xfeb2,0x0000,0x0000,0x0000,0xa6fa,0xa6fa,0xa6fa,0xa6fa,0xa6fa,0x0000,0x19e8,0x19e8,0xa6fa,0xa6fa,0xa6fa,0xa6fa,0x19e8,0x19e8,0x19e8,0xefdb,0xefdb,0xefdb,0xefdb,0x19e8,0x19e8,0x19e8,0x19e8,
0x19e8,0x19e8,0x19e8,0xefdb,0xefdb,0xefdb,0xefdb,0x19e8,0x19e8,0x19e8,0x19e8,0xa6fa,0xa6fa,0xa6fa,0xa6fa,0x19e8,0x19e8,0x0000,0xa6fa,0xa6fa,0xa6fa,0xa6fa,0xa6fa,0x0000,0x0000,0x0000,0xfeb2,0xfeb2,0xfeb2,0x0000,0x0000,0x0000,
0x0000,0x0000,0x0000,0x0000,0x0000,0x0000,0x0000,0x0000,0x0000,0xa6fa,0xa6fa,0xa6fa,0xa6fa,0xa6fa,0x0000,0x19e8,0x19e8,0xa6fa,0xa6fa,0xa6fa,0xa6fa,0x19e8,0x19e8,0x19e8,0x19e8,0x19e8,0x19e8,0x19e8,0x19e8,0x19e8,0x19e8,0x19e8,
0x19e8,0x19e8,0x19e8,0x19e8,0x19e8,0x19e8,0x19e8,0x19e8,0x19e8,0x19e8,0x19e8,0xa6fa,0xa6fa,0xa6fa,0xa6fa,0x19e8,0x19e8,0x0000,0xa6fa,0xa6fa,0xa6fa,0xa6fa,0xa6fa,0x0000,0x0000,0x0000,0x0000,0x0000,0x0000,0x0000,0x0000,0x0000,
0x0000,0x0000,0x0000,0x0000,0x0000,0x0000,0x0000,0x0000,0x0000,0xa6fa,0xa6fa,0xa6fa,0xa6fa,0xa6fa,0x0000,0x19e8,0x19e8,0xa6fa,0xa6fa,0xa6fa,0xa6fa,0x19e8,0x19e8,0x19e8,0x19e8,0x19e8,0x19e8,0x19e8,0x19e8,0x19e8,0x19e8,0x19e8,
0x19e8,0x19e8,0x19e8,0x19e8,0x19e8,0x19e8,0x19e8,0x19e8,0x19e8,0x19e8,0x19e8,0xa6fa,0xa6fa,0xa6fa,0xa6fa,0x19e8,0x19e8,0x0000,0xa6fa,0xa6fa,0xa6fa,0xa6fa,0xa6fa,0x0000,0x0000,0x0000,0x0000,0x0000,0x0000,0x0000,0x0000,0x0000,
0x0000,0x0000,0x0000,0xfeb2,0xfeb2,0xfeb2,0x0000,0x0000,0x0000,0xa6fa,0xa6fa,0xa6fa,0xa6fa,0xa6fa,0x0000,0x19e8,0x19e8,0xa6fa,0xa6fa,0xa6fa,0xa6fa,0x19e8,0x19e8,0x19e8,0x19e8,0x19e8,0x19e8,0x19e8,0x19e8,0x19e8,0x19e8,0x19e8,
0x19e8,0x19e8,0x19e8,0x19e8,0x19e8,0x19e8,0x19e8,0x19e8,0x19e8,0x19e8,0x19e8,0xa6fa,0xa6fa,0xa6fa,0xa6fa,0x19e8,0x19e8,0x0000,0xa6fa,0xa6fa,0xa6fa,0xa6fa,0xa6fa,0x0000,0x0000,0x0000,0xfeb2,0xfeb2,0xfeb2,0x0000,0x0000,0x0000,
0x0000,0x0000,0x0000,0xfeb2,0xfeb2,0xfeb2,0x0000,0x0000,0x0000,0xa6fa,0xa6fa,0xa6fa,0xa6fa,0xa6fa,0x0000,0x19e8,0x19e8,0xa6fa,0xa6fa,0xa6fa,0xa6fa,0x19e8,0x19e8,0x19e8,0x19e8,0x19e8,0x19e8,0x19e8,0x19e8,0x19e8,0x19e8,0x19e8,
0x19e8,0x19e8,0x19e8,0x19e8,0x19e8,0x19e8,0x19e8,0x19e8,0x19e8,0x19e8,0x19e8,0xa6fa,0xa6fa,0xa6fa,0xa6fa,0x19e8,0x19e8,0x0000,0xa6fa,0xa6fa,0xa6fa,0xa6fa,0xa6fa,0x0000,0x0000,0x0000,0xfeb2,0xfeb2,0xfeb2,0x0000,0x0000,0x0000,
0x0000,0x0000,0x0000,0x0000,0x0000,0x0000,0x0000,0x0000,0x0000,0xa6fa,0xa6fa,0xa6fa,0xa6fa,0xa6fa,0x0000,0x19e8,0x19e8,0xa6fa,0xa6fa,0xa6fa,0xa6fa,0xa6fa,0xa6fa,0xa6fa,0xa6fa,0xa6fa,0xa6fa,0xa6fa,0xa6fa,0xa6fa,0xa6fa,0xa6fa,
0xa6fa,0xa6fa,0xa6fa,0xa6fa,0xa6fa,0xa6fa,0xa6fa,0xa6fa,0xa6fa,0xa6fa,0xa6fa,0xa6fa,0xa6fa,0xa6fa,0xa6fa,0x19e8,0x19e8,0x0000,0xa6fa,0xa6fa,0xa6fa,0xa6fa,0xa6fa,0x0000,0x0000,0x0000,0x0000,0x0000,0x0000,0x0000,0x0000,0x0000,
0x0000,0x0000,0x0000,0x0000,0x0000,0x0000,0x0000,0x0000,0x0000,0xa6fa,0xa6fa,0xa6fa,0xa6fa,0xa6fa,0x0000,0x19e8,0x19e8,0xa6fa,0xa6fa,0xa6fa,0xa6fa,0xa6fa,0xa6fa,0xa6fa,0xa6fa,0xa6fa,0xa6fa,0x19e8,0x19e8,0x19e8,0x19e8,0x19e8,
0x19e8,0x19e8,0x19e8,0x19e8,0x19e8,0xa6fa,0xa6fa,0xa6fa,0xa6fa,0xa6fa,0xa6fa,0xa6fa,0xa6fa,0xa6fa,0xa6fa,0x19e8,0x19e8,0x0000,0xa6fa,0xa6fa,0xa6fa,0xa6fa,0xa6fa,0x0000,0x0000,0x0000,0x0000,0x0000,0x0000,0x0000,0x0000,0x0000,
0x0000,0x0000,0x0000,0xfeb2,0xfeb2,0xfeb2,0x0000,0x0000,0x0000,0xa6fa,0xa6fa,0xa6fa,0xa6fa,0xa6fa,0x0000,0x19e8,0x19e8,0xa6fa,0xa6fa,0xa6fa,0xa6fa,0xa6fa,0xa6fa,0xa6fa,0xa6fa,0xa6fa,0xa6fa,0x19e8,0x19e8,0x19e8,0x19e8,0x19e8,
0x19e8,0x19e8,0x19e8,0x19e8,0x19e8,0xa6fa,0xa6fa,0xa6fa,0xa6fa,0xa6fa,0xa6fa,0xa6fa,0xa6fa,0xa6fa,0xa6fa,0x19e8,0x19e8,0x0000,0xa6fa,0xa6fa,0xa6fa,0xa6fa,0xa6fa,0x0000,0x0000,0x0000,0xfeb2,0xfeb2,0xfeb2,0x0000,0x0000,0x0000,
0x0000,0x0000,0x0000,0xfeb2,0xfeb2,0xfeb2,0x0000,0x0000,0x0000,0xa6fa,0xa6fa,0xa6fa,0xa6fa,0xa6fa,0x0000,0x19e8,0x19e8,0xa6fa,0xa6fa,0xa6fa,0xa6fa,0xa6fa,0xa6fa,0xa6fa,0xa6fa,0xa6fa,0xa6fa,0xa6fa,0xa6fa,0xa6fa,0xa6fa,0xa6fa,
0xa6fa,0xa6fa,0xa6fa,0xa6fa,0xa6fa,0xa6fa,0xa6fa,0xa6fa,0xa6fa,0xa6fa,0xa6fa,0xa6fa,0xa6fa,0xa6fa,0xa6fa,0x19e8,0x19e8,0x0000,0xa6fa,0xa6fa,0xa6fa,0xa6fa,0xa6fa,0x0000,0x0000,0x0000,0xfeb2,0xfeb2,0xfeb2,0x0000,0x0000,0x0000,
0x0000,0x0000,0x0000,0x0000,0x0000,0x0000,0x0000,0x0000,0x0000,0x0000,0x0000,0x0000,0x0000,0x0000,0x0000,0x19e8,0x19e8,0xa6fa,0xa6fa,0xa6fa,0xa6fa,0xa6fa,0xa6fa,0xa6fa,0xa6fa,0xa6fa,0xa6fa,0xa6fa,0xa6fa,0xa6fa,0xa6fa,0xa6fa,
0xa6fa,0xa6fa,0xa6fa,0xa6fa,0xa6fa,0xa6fa,0xa6fa,0xa6fa,0xa6fa,0xa6fa,0xa6fa,0xa6fa,0xa6fa,0xa6fa,0xa6fa,0x19e8,0x19e8,0x0000,0x0000,0x0000,0x0000,0x0000,0x0000,0x0000,0x0000,0x0000,0x0000,0x0000,0x0000,0x0000,0x0000,0x0000,
0x0000,0x0000,0x0000,0x0000,0x0000,0x0000,0x0000,0x0000,0x0000,0x0000,0x0000,0x0000,0x0000,0x0000,0x0000,0x19e8,0x19e8,0x19e8,0x19e8,0x19e8,0x19e8,0x19e8,0x19e8,0x19e8,0x19e8,0x19e8,0x19e8,0x19e8,0x19e8,0x19e8,0x19e8,0x19e8,
0x19e8,0x19e8,0x19e8,0x19e8,0x19e8,0x19e8,0x19e8,0x19e8,0x19e8,0x19e8,0x19e8,0x19e8,0x19e8,0x19e8,0x19e8,0x19e8,0x19e8,0x0000,0x0000,0x0000,0x0000,0x0000,0x0000,0x0000,0x0000,0x0000,0x0000,0x0000,0x0000,0x0000,0x0000,0x0000,
0x0000,0x0000,0x0000,0xfeb2,0xfeb2,0xfeb2,0x0000,0x0000,0x0000,0x0000,0x0000,0x0000,0x0000,0x0000,0x0000,0x19e8,0x19e8,0x19e8,0x19e8,0x19e8,0x19e8,0x19e8,0x19e8,0x19e8,0x19e8,0x19e8,0x19e8,0x19e8,0x19e8,0x19e8,0x19e8,0x19e8,
0x19e8,0x19e8,0x19e8,0x19e8,0x19e8,0x19e8,0x19e8,0x19e8,0x19e8,0x19e8,0x19e8,0x19e8,0x19e8,0x19e8,0x19e8,0x19e8,0x19e8,0x0000,0x0000,0x0000,0x0000,0x0000,0x0000,0x0000,0x0000,0x0000,0xfeb2,0xfeb2,0xfeb2,0x0000,0x0000,0x0000,
0x0000,0x0000,0x0000,0xfeb2,0xfeb2,0xfeb2,0x0000,0x0000,0x0000,0x0000,0x0000,0x0000,0x0000,0x0000,0x0000,0x0000,0x0000,0x0000,0x0000,0x0000,0x0000,0x19e8,0x19e8,0x19e8,0x19e8,0x19e8,0x19e8,0x19e8,0x19e8,0x19e8,0x19e8,0x19e8,
0x19e8,0x19e8,0x19e8,0x19e8,0x19e8,0x19e8,0x19e8,0x19e8,0x19e8,0x19e8,0x19e8,0x0000,0x0000,0x0000,0x0000,0x0000,0x0000,0x0000,0x0000,0x0000,0x0000,0x0000,0x0000,0x0000,0x0000,0x0000,0xfeb2,0xfeb2,0xfeb2,0x0000,0x0000,0x0000,
0x0000,0x0000,0x0000,0x0000,0x0000,0x0000,0x0000,0x0000,0x0000,0x0000,0x0000,0x0000,0x0000,0x0000,0x0000,0x0000,0x0000,0x0000,0x0000,0x0000,0x0000,0x19e8,0x19e8,0x19e8,0x19e8,0x19e8,0x19e8,0x19e8,0x19e8,0x19e8,0x19e8,0x19e8,
0x19e8,0x19e8,0x19e8,0x19e8,0x19e8,0x19e8,0x19e8,0x19e8,0x19e8,0x19e8,0x19e8,0x0000,0x0000,0x0000,0x0000,0x0000,0x0000,0x0000,0x0000,0x0000,0x0000,0x0000,0x0000,0x0000,0x0000,0x0000,0x0000,0x0000,0x0000,0x0000,0x0000,0x0000,
0x0000,0x0000,0x0000,0x0000,0x0000,0x0000,0x0000,0x0000,0x0000,0x0000,0x0000,0x0000,0x0000,0x0000,0x0000,0x0000,0x0000,0x0000,0x0000,0x0000,0x0000,0x19e8,0x19e8,0xa6fa,0xa6fa,0xa6fa,0xa6fa,0xa6fa,0xa6fa,0xa6fa,0xa6fa,0xa6fa,
0xa6fa,0xa6fa,0xa6fa,0xa6fa,0xa6fa,0xa6fa,0xa6fa,0xa6fa,0xa6fa,0x19e8,0x19e8,0x0000,0x0000,0x0000,0x0000,0x0000,0x0000,0x0000,0x0000,0x0000,0x0000,0x0000,0x0000,0x0000,0x0000,0x0000,0x0000,0x0000,0x0000,0x0000,0x0000,0x0000,
0x0000,0x0000,0x0000,0x0000,0x0000,0x0000,0x0000,0x0000,0x0000,0x0000,0x0000,0x0000,0x0000,0x0000,0x0000,0x0000,0x0000,0x0000,0x0000,0x0000,0x0000,0x19e8,0x19e8,0xa6fa,0xa6fa,0xa6fa,0xa6fa,0xa6fa,0xa6fa,0xa6fa,0xa6fa,0xa6fa,
0xa6fa,0xa6fa,0xa6fa,0xa6fa,0xa6fa,0xa6fa,0xa6fa,0xa6fa,0xa6fa,0x19e8,0x19e8,0x0000,0x0000,0x0000,0x0000,0x0000,0x0000,0x0000,0x0000,0x0000,0x0000,0x0000,0x0000,0x0000,0x0000,0x0000,0x0000,0x0000,0x0000,0x0000,0x0000,0x0000,
0x0000,0x0000,0x0000,0x0000,0x0000,0x0000,0x0000,0x0000,0x0000,0x0000,0x0000,0x0000,0x0000,0x0000,0x0000,0x0000,0x0000,0x0000,0x0000,0x0000,0x0000,0x19e8,0x19e8,0xa6fa,0xa6fa,0xa6fa,0xa6fa,0xa6fa,0xa6fa,0xa6fa,0xa6fa,0xa6fa,
0xa6fa,0xa6fa,0xa6fa,0xa6fa,0xa6fa,0xa6fa,0xa6fa,0xa6fa,0xa6fa,0x19e8,0x19e8,0x0000,0x0000,0x0000,0x0000,0x0000,0x0000,0x0000,0x0000,0x0000,0x0000,0x0000,0x0000,0x0000,0x0000,0x0000,0x0000,0x0000,0x0000,0x0000,0x0000,0x0000,
0x0000,0x0000,0x0000,0x0000,0x0000,0x0000,0x0000,0x0000,0x0000,0x0000,0x0000,0x0000,0x0000,0x0000,0x0000,0x0000,0x0000,0x0000,0x0000,0x0000,0x0000,0x19e8,0x19e8,0xa6fa,0xa6fa,0xa6fa,0xa6fa,0xa6fa,0xa6fa,0xa6fa,0xa6fa,0xa6fa,
0xa6fa,0xa6fa,0xa6fa,0xa6fa,0xa6fa,0xa6fa,0xa6fa,0xa6fa,0xa6fa,0x19e8,0x19e8,0x0000,0x0000,0x0000,0x0000,0x0000,0x0000,0x0000,0x0000,0x0000,0x0000,0x0000,0x0000,0x0000,0x0000,0x0000,0x0000,0x0000,0x0000,0x0000,0x0000,0x0000,
0x0000,0x0000,0x0000,0x0000,0x0000,0x0000,0x0000,0x0000,0x0000,0x0000,0x0000,0x0000,0x0000,0x0000,0x0000,0x0000,0x0000,0x0000,0x0000,0x0000,0x0000,0x19e8,0x19e8,0xa6fa,0xa6fa,0xa6fa,0xa6fa,0xa6fa,0xa6fa,0xa6fa,0xa6fa,0xa6fa,
0xa6fa,0xa6fa,0xa6fa,0xa6fa,0xa6fa,0xa6fa,0xa6fa,0xa6fa,0xa6fa,0x19e8,0x19e8,0x0000,0x0000,0x0000,0x0000,0x0000,0x0000,0x0000,0x0000,0x0000,0x0000,0x0000,0x0000,0x0000,0x0000,0x0000,0x0000,0x0000,0x0000,0x0000,0x0000,0x0000,
0x0000,0x0000,0x0000,0x0000,0x0000,0x0000,0x0000,0x0000,0x0000,0x0000,0x0000,0x0000,0x0000,0x0000,0x0000,0x0000,0x0000,0x0000,0x0000,0x0000,0x0000,0x19e8,0x19e8,0xa6fa,0xa6fa,0xa6fa,0xa6fa,0xa6fa,0xa6fa,0xa6fa,0xa6fa,0xa6fa,
0xa6fa,0xa6fa,0xa6fa,0xa6fa,0xa6fa,0xa6fa,0xa6fa,0xa6fa,0xa6fa,0x19e8,0x19e8,0x0000,0x0000,0x0000,0x0000,0x0000,0x0000,0x0000,0x0000,0x0000,0x0000,0x0000,0x0000,0x0000,0x0000,0x0000,0x0000,0x0000,0x0000,0x0000,0x0000,0x0000,
0x0000,0x0000,0x0000,0x0000,0x0000,0x0000,0x0000,0x0000,0x0000,0x0000,0x0000,0x0000,0x0000,0x0000,0x0000,0x0000,0x0000,0x0000,0x0000,0x0000,0x0000,0x19e8,0x19e8,0xa6fa,0xa6fa,0xa6fa,0xa6fa,0xa6fa,0xa6fa,0xa6fa,0xa6fa,0xa6fa,
0xa6fa,0xa6fa,0xa6fa,0xa6fa,0xa6fa,0xa6fa,0xa6fa,0xa6fa,0xa6fa,0x19e8,0x19e8,0x0000,0x0000,0x0000,0x0000,0x0000,0x0000,0x0000,0x0000,0x0000,0x0000,0x0000,0x0000,0x0000,0x0000,0x0000,0x0000,0x0000,0x0000,0x0000,0x0000,0x0000,
0x0000,0x0000,0x0000,0x0000,0x0000,0x0000,0x0000,0x0000,0x0000,0x0000,0x0000,0x0000,0x0000,0x0000,0x0000,0x0000,0x0000,0x0000,0x0000,0x0000,0x0000,0x19e8,0x19e8,0xa6fa,0xa6fa,0xa6fa,0xa6fa,0xa6fa,0xa6fa,0xa6fa,0xa6fa,0xa6fa,
0xa6fa,0xa6fa,0xa6fa,0xa6fa,0xa6fa,0xa6fa,0xa6fa,0xa6fa,0xa6fa,0x19e8,0x19e8,0x0000,0x0000,0x0000,0x0000,0x0000,0x0000,0x0000,0x0000,0x0000,0x0000,0x0000,0x0000,0x0000,0x0000,0x0000,0x0000,0x0000,0x0000,0x0000,0x0000,0x0000,
0x0000,0x0000,0x0000,0x0000,0x0000,0x0000,0x0000,0x0000,0x0000,0x0000,0x0000,0x0000,0x0000,0x0000,0x0000,0x0000,0x0000,0x0000,0x0000,0x0000,0x0000,0x19e8,0x19e8,0x19e8,0x19e8,0x19e8,0x19e8,0x19e8,0x19e8,0x19e8,0x19e8,0x19e8,
0x19e8,0x19e8,0x19e8,0x19e8,0x19e8,0x19e8,0x19e8,0x19e8,0x19e8,0x19e8,0x19e8,0x0000,0x0000,0x0000,0x0000,0x0000,0x0000,0x0000,0x0000,0x0000,0x0000,0x0000,0x0000,0x0000,0x0000,0x0000,0x0000,0x0000,0x0000,0x0000,0x0000,0x0000,
0x0000,0x0000,0x0000,0x0000,0x0000,0x0000,0x0000,0x0000,0x0000,0x0000,0x0000,0x0000,0x0000,0x0000,0x0000,0x0000,0x0000,0x0000,0x0000,0x0000,0x0000,0x19e8,0x19e8,0x19e8,0x19e8,0x19e8,0x19e8,0x19e8,0x19e8,0x19e8,0x19e8,0x19e8,
0x19e8,0x19e8,0x19e8,0x19e8,0x19e8,0x19e8,0x19e8,0x19e8,0x19e8,0x19e8,0x19e8,0x0000,0x0000,0x0000,0x0000,0x0000,0x0000,0x0000,0x0000,0x0000,0x0000,0x0000,0x0000,0x0000,0x0000,0x0000,0x0000,0x0000,0x0000,0x0000,0x0000,0x0000,
0x0000,0x0000,0x0000,0x0000,0x0000,0x0000,0x0000,0x0000,0x0000,0x0000,0x0000,0x0000,0x0000,0x0000,0x0000,0x0000,0x0000,0x0000,0x0000,0x0000,0x0000,0x0000,0x0000,0x0000,0x0000,0x0000,0x0000,0x0000,0x0000,0x0000,0x0000,0x0000,
0x0000,0x0000,0x0000,0x0000,0x0000,0x0000,0x0000,0x0000,0x0000,0x0000,0x0000,0x0000,0x0000,0x0000,0x0000,0x0000,0x0000,0x0000,0x0000,0x0000,0x0000,0x0000,0x0000,0x0000,0x0000,0x0000,0x0000,0x0000,0x0000,0x0000,0x0000,0x0000,
0x0000,0x0000,0x0000,0x0000,0x0000,0x0000,0x0000,0x0000,0x0000,0x0000,0x0000,0x0000,0x0000,0x0000,0x0000,0x0000,0x0000,0x0000,0x0000,0x0000,0x0000,0x0000,0x0000,0x0000,0x0000,0x0000,0xa6fa,0xa6fa,0xa6fa,0xa6fa,0x0000,0x0000,
0x0000,0x0000,0xa6fa,0xa6fa,0xa6fa,0xa6fa,0x0000,0x0000,0x0000,0x0000,0x0000,0x0000,0x0000,0x0000,0x0000,0x0000,0x0000,0x0000,0x0000,0x0000,0x0000,0x0000,0x0000,0x0000,0x0000,0x0000,0x0000,0x0000,0x0000,0x0000,0x0000,0x0000,
0x0000,0x0000,0x0000,0x0000,0x0000,0x0000,0x0000,0x0000,0x0000,0x0000,0x0000,0x0000,0x0000,0x0000,0x0000,0x0000,0x0000,0x0000,0x0000,0x0000,0x0000,0x0000,0x0000,0x0000,0x0000,0x0000,0xa6fa,0xa6fa,0xa6fa,0xa6fa,0x0000,0x0000,
0x0000,0x0000,0xa6fa,0xa6fa,0xa6fa,0xa6fa,0x0000,0x0000,0x0000,0x0000,0x0000,0x0000,0x0000,0x0000,0x0000,0x0000,0x0000,0x0000,0x0000,0x0000,0x0000,0x0000,0x0000,0x0000,0x0000,0x0000,0x0000,0x0000,0x0000,0x0000,0x0000,0x0000,
0x0000,0x0000,0x0000,0x0000,0x0000,0x0000,0x0000,0x0000,0x0000,0x0000,0x0000,0x0000,0x0000,0x0000,0x0000,0x0000,0x0000,0x0000,0x0000,0x0000,0x0000,0x0000,0x0000,0x0000,0x0000,0x0000,0xa6fa,0xa6fa,0xa6fa,0xa6fa,0x0000,0x0000,
0x0000,0x0000,0xa6fa,0xa6fa,0xa6fa,0xa6fa,0x0000,0x0000,0x0000,0x0000,0x0000,0x0000,0x0000,0x0000,0x0000,0x0000,0x0000,0x0000,0x0000,0x0000,0x0000,0x0000,0x0000,0x0000,0x0000,0x0000,0x0000,0x0000,0x0000,0x0000,0x0000,0x0000,
0x0000,0x0000,0x0000,0x0000,0x0000,0x0000,0x0000,0x0000,0x0000,0x0000,0x0000,0x0000,0x0000,0x0000,0x0000,0x0000,0x0000,0x0000,0x0000,0x0000,0x0000,0x0000,0x0000,0x0000,0x0000,0x0000,0xa6fa,0xa6fa,0xa6fa,0xa6fa,0x0000,0x0000,
0x0000,0x0000,0xa6fa,0xa6fa,0xa6fa,0xa6fa,0x0000,0x0000,0x0000,0x0000,0x0000,0x0000,0x0000,0x0000,0x0000,0x0000,0x0000,0x0000,0x0000,0x0000,0x0000,0x0000,0x0000,0x0000,0x0000,0x0000,0x0000,0x0000,0x0000,0x0000,0x0000,0x0000,
0x0000,0x0000,0x0000,0x0000,0x0000,0x0000,0x0000,0x0000,0x0000,0x0000,0x0000,0x0000,0x0000,0x0000,0x0000,0x0000,0x0000,0x0000,0x0000,0x0000,0x0000,0x0000,0x0000,0x0000,0x0000,0x0000,0x0000,0x0000,0x0000,0x0000,0x0000,0x0000,
0x0000,0x0000,0x0000,0x0000,0x0000,0x0000,0x0000,0x0000,0x0000,0x0000,0x0000,0x0000,0x0000,0x0000,0x0000,0x0000,0x0000,0x0000,0x0000,0x0000,0x0000,0x0000,0x0000,0x0000,0x0000,0x0000,0x0000,0x0000,0x0000,0x0000,0x0000,0x0000,
0x0000,0x0000,0x0000,0x0000,0x0000,0x0000,0x0000,0x0000,0x0000,0x0000,0x0000,0x0000,0x0000,0x0000,0x0000,0x0000,0x0000,0x0000,0x0000,0x0000,0x0000,0x0000,0x0000,0x0000,0x0000,0x0000,0x0000,0x0000,0x0000,0x0000,0x0000,0x0000,
0x0000,0x0000,0x0000,0x0000,0x0000,0x0000,0x0000,0x0000,0x0000,0x0000,0x0000,0x0000,0x0000,0x0000,0x0000,0x0000,0x0000,0x0000,0x0000,0x0000,0x0000,0x0000,0x0000,0x0000,0x0000,0x0000,0x0000,0x0000,0x0000,0x0000,0x0000,0x0000,
0x0000,0x0000,0x0000,0x0000,0x0000,0x0000,0x0000,0x0000,0x0000,0x0000,0x0000,0x0000,0x0000,0x0000,0x0000,0x0000,0x0000,0x0000,0x0000,0x0000,0x0000,0x0000,0x0000,0x0000,0x0000,0x0000,0x0000,0x0000,0x0000,0x0000,0x0000,0x0000,
0x0000,0x0000,0x0000,0x0000,0x0000,0x0000,0x0000,0x0000,0x0000,0x0000,0x0000,0x0000,0x0000,0x0000,0x0000,0x0000,0x0000,0x0000,0x0000,0x0000,0x0000,0x0000,0x0000,0x0000,0x0000,0x0000,0x0000,0x0000,0x0000,0x0000,0x0000,0x0000,
0x0000,0x0000,0x0000,0x0000,0x0000,0x0000,0x0000,0x0000,0x0000,0x0000,0x0000,0x0000,0x0000,0x0000,0x0000,0x0000,0x0000,0x0000,0x0000,0x0000,0x0000,0x0000,0x0000,0x0000,0x0000,0x0000,0x0000,0x0000,0x0000,0x0000,0x0000,0x0000,
0x0000,0x0000,0x0000,0x0000,0x0000,0x0000,0x0000,0x0000,0x0000,0x0000,0x0000,0x0000,0x0000,0x0000,0x0000,0x0000,0x0000,0x0000,0x0000,0x0000,0x0000,0x0000,0x0000,0x0000,0x0000,0x0000,0x0000,0x0000,0x0000,0x0000,0x0000,0x0000,
0x0000,0x0000,0x0000,0x0000,0x0000,0x0000,0x0000,0x0000,0x0000,0x0000,0x0000,0x0000,0x0000,0x0000,0x0000,0x0000,0x0000,0x0000,0x0000,0x0000,0x0000,0x0000,0x0000,0x0000,0x0000,0x0000,0x0000,0x0000,0x0000,0x0000,0x0000,0x0000,
0x0000,0x0000,0x0000,0x0000,0x0000,0x0000,0x0000,0x0000,0x0000,0x0000,0x0000,0x0000,0x0000,0x0000,0x0000,0x0000,0x0000,0x0000,0x0000,0x0000,0x0000,0x0000,0x0000,0x0000,0x0000,0x0000,0x0000,0x0000,0x0000,0x0000,0x0000,0x0000,
0x0000,0x0000,0x0000,0x0000,0x0000,0x0000,0x0000,0x0000,0x0000,0x0000,0x0000,0x0000,0x0000,0x0000,0x0000,0x0000,0x0000,0x0000,0x0000,0x0000,0x0000,0x0000,0x0000,0x0000,0x0000,0x0000,0x0000,0x0000,0x0000,0x0000,0x0000,0x0000,
0x0000,0x0000,0x0000,0x0000,0x0000,0x0000,0x0000,0x0000,0x0000,0x0000,0x0000,0x0000,0x0000,0x0000,0x0000,0x0000,0x0000,0x0000,0x0000,0x0000,0x0000,0x0000,0x0000,0x0000,0x0000,0x0000,0x0000,0x0000,0x0000,0x0000,0x0000,0x0000,
};
static const uint16_t frame_17[4096] = {
0x0000,0x0000,0x0000,0x0000,0x0000,0x0000,0x0000,0x0000,0x0000,0x0000,0x0000,0x0000,0x0000,0x0000,0x0000,0x0000,0x0000,0x0000,0x0000,0x0000,0x0000,0x0000,0x0000,0x0000,0x0000,0x0000,0x0000,0x0000,0x0000,0x0000,0x0000,0x0000,
0x0000,0x0000,0x0000,0x0000,0x0000,0x0000,0x0000,0x0000,0x0000,0x0000,0x0000,0x0000,0x0000,0x0000,0x0000,0x0000,0x0000,0x0000,0x0000,0x0000,0x0000,0x0000,0x0000,0x0000,0x0000,0x0000,0x0000,0x0000,0x0000,0x0000,0x0000,0x0000,
0x0000,0x0000,0x0000,0x0000,0x0000,0x0000,0x0000,0x0000,0x0000,0x0000,0x0000,0x0000,0x0000,0x0000,0x0000,0x0000,0x0000,0x0000,0x0000,0x0000,0x0000,0x0000,0x0000,0x0000,0x0000,0x0000,0x0000,0x0000,0x0000,0x0000,0x0000,0x0000,
0x0000,0x0000,0x0000,0x0000,0x0000,0x0000,0x0000,0x0000,0x0000,0x0000,0x0000,0x0000,0x0000,0x0000,0x0000,0x0000,0x0000,0x0000,0x0000,0x0000,0x0000,0x0000,0x0000,0x0000,0x0000,0x0000,0x0000,0x0000,0x0000,0x0000,0x0000,0x0000,
0x0000,0x0000,0x0000,0x0000,0x0000,0x0000,0x0000,0x0000,0x0000,0x0000,0x0000,0x0000,0x0000,0x0000,0x0000,0x0000,0x0000,0x0000,0x0000,0x0000,0x0000,0x0000,0x0000,0x0000,0x0000,0x0000,0x0000,0x0000,0x0000,0x0000,0x0000,0x0000,
0x0000,0x0000,0x0000,0x0000,0x0000,0x0000,0x0000,0x0000,0x0000,0x0000,0x0000,0x0000,0x0000,0x0000,0x0000,0x0000,0x0000,0x0000,0x0000,0x0000,0x0000,0x0000,0x0000,0x0000,0x0000,0x0000,0x0000,0x0000,0x0000,0x0000,0x0000,0x0000,
0x0000,0x0000,0x0000,0x0000,0x0000,0x0000,0x0000,0x0000,0x0000,0x0000,0x0000,0x0000,0x0000,0x0000,0x0000,0x0000,0x0000,0x0000,0x0000,0x0000,0x0000,0x0000,0x0000,0x0000,0x0000,0x0000,0x0000,0x0000,0x0000,0x0000,0x0000,0x0000,
0x0000,0x0000,0x0000,0x0000,0x0000,0x0000,0x0000,0x0000,0x0000,0x0000,0x0000,0x0000,0x0000,0x0000,0x0000,0x0000,0x0000,0x0000,0x0000,0x0000,0x0000,0x0000,0x0000,0x0000,0x0000,0x0000,0x0000,0x0000,0x0000,0x0000,0x0000,0x0000,
0x0000,0x0000,0x0000,0x0000,0x0000,0x0000,0x0000,0x0000,0x0000,0x0000,0x0000,0x0000,0x0000,0x0000,0x0000,0x0000,0x0000,0x0000,0x0000,0x0000,0x0000,0x0000,0x0000,0x0000,0x0000,0x0000,0x0000,0x0000,0x0000,0x0000,0x0000,0x0000,
0x0000,0x0000,0x0000,0x0000,0x0000,0x0000,0x0000,0x0000,0x0000,0x0000,0x0000,0x0000,0x0000,0x0000,0x0000,0x0000,0x0000,0x0000,0x0000,0x0000,0x0000,0x0000,0x0000,0x0000,0x0000,0x0000,0x0000,0x0000,0x0000,0x0000,0x0000,0x0000,
0x0000,0x0000,0x0000,0x0000,0x0000,0x0000,0x0000,0x0000,0x0000,0x0000,0x0000,0x0000,0x0000,0x0000,0x0000,0x0000,0x0000,0x0000,0x0000,0x0000,0x0000,0x0000,0x0000,0x0000,0x0000,0x0000,0x0000,0x0000,0x0000,0x0000,0x0000,0x0000,
0x0000,0x0000,0x0000,0x0000,0x0000,0x0000,0x0000,0x0000,0x0000,0x0000,0x0000,0x0000,0x0000,0x0000,0x0000,0x0000,0x0000,0x0000,0x0000,0x0000,0x0000,0x0000,0x0000,0x0000,0x0000,0x0000,0x0000,0x0000,0x0000,0x0000,0x0000,0x0000,
0x0000,0x0000,0x0000,0x0000,0x0000,0x0000,0x0000,0x0000,0x0000,0x0000,0x0000,0x0000,0x0000,0x0000,0x0000,0x0000,0x0000,0x0000,0x0000,0x0000,0x0000,0x0000,0x0000,0x0000,0x0000,0x0000,0x0000,0x0000,0x0000,0x0000,0x0000,0x0000,
0x0000,0x0000,0x0000,0x0000,0x0000,0x0000,0x0000,0x0000,0x0000,0x0000,0x0000,0x0000,0x0000,0x0000,0x0000,0x0000,0x0000,0x0000,0x0000,0x0000,0x0000,0x0000,0x0000,0x0000,0x0000,0x0000,0x0000,0x0000,0x0000,0x0000,0x0000,0x0000,
0x0000,0x0000,0x0000,0x0000,0x0000,0x0000,0x0000,0x0000,0x0000,0x0000,0x0000,0x0000,0x0000,0x0000,0x0000,0x0000,0x0000,0x0000,0x0000,0x0000,0x0000,0x0000,0x0000,0x0000,0x0000,0x0000,0x0000,0x0000,0x0000,0x0000,0x0000,0x0000,
0x0000,0x0000,0x0000,0x0000,0x0000,0x0000,0x0000,0x0000,0x0000,0x0000,0x0000,0x0000,0x0000,0x0000,0x0000,0x0000,0x0000,0x0000,0x0000,0x0000,0x0000,0x0000,0x0000,0x0000,0x0000,0x0000,0x0000,0x0000,0x0000,0x0000,0x0000,0x0000,
0x0000,0x0000,0x0000,0x0000,0x0000,0x0000,0x0000,0x0000,0x0000,0x0000,0x0000,0x0000,0x0000,0x0000,0x0000,0x0000,0x0000,0x0000,0x0000,0x0000,0x0000,0x0000,0x0000,0x0000,0x0000,0x0000,0x0000,0xfeb2,0xfeb2,0xfeb2,0xfeb2,0xfeb2,
0xfeb2,0xfeb2,0xfeb2,0xfeb2,0xfeb2,0x0000,0x0000,0x0000,0x0000,0x0000,0x0000,0x0000,0x0000,0x0000,0x0000,0x0000,0x0000,0x0000,0x0000,0x0000,0x0000,0x0000,0x0000,0x0000,0x0000,0x0000,0x0000,0x0000,0x0000,0x0000,0x0000,0x0000,
0x0000,0x0000,0x0000,0x0000,0x0000,0x0000,0x0000,0x0000,0x0000,0x0000,0x0000,0x0000,0x0000,0x0000,0x0000,0x0000,0x0000,0x0000,0x0000,0x0000,0x0000,0x0000,0x0000,0x0000,0x0000,0x0000,0x0000,0xfeb2,0xfeb2,0xfeb2,0xfeb2,0xfeb2,
0xfeb2,0xfeb2,0xfeb2,0xfeb2,0xfeb2,0x0000,0x0000,0x0000,0x0000,0x0000,0x0000,0x0000,0x0000,0x0000,0x0000,0x0000,0x0000,0x0000,0x0000,0x0000,0x0000,0x0000,0x0000,0x0000,0x0000,0x0000,0x0000,0x0000,0x0000,0x0000,0x0000,0x0000,
0x0000,0x0000,0x0000,0x0000,0x0000,0x0000,0x0000,0x0000,0x0000,0x0000,0x0000,0x0000,0x0000,0x0000,0x0000,0x0000,0x0000,0x0000,0x0000,0x0000,0x0000,0x0000,0x0000,0x0000,0x0000,0x0000,0x0000,0xfeb2,0xfeb2,0xfeb2,0xfeb2,0xfeb2,
0xfeb2,0xfeb2,0xfeb2,0xfeb2,0xfeb2,0x0000,0x0000,0x0000,0x0000,0x0000,0x0000,0x0000,0x0000,0x0000,0x0000,0x0000,0x0000,0x0000,0x0000,0x0000,0x0000,0x0000,0x0000,0x0000,0x0000,0x0000,0x0000,0x0000,0x0000,0x0000,0x0000,0x0000,
0x0000,0x0000,0x0000,0x0000,0x0000,0x0000,0x0000,0x0000,0x0000,0x0000,0x0000,0x0000,0x0000,0x0000,0x0000,0x0000,0x0000,0x0000,0x0000,0x0000,0x0000,0x0000,0x0000,0x0000,0x0000,0x0000,0x0000,0xfeb2,0xfeb2,0xfeb2,0xa6fa,0xa6fa,
0xa6fa,0xa6fa,0xfeb2,0xfeb2,0xfeb2,0x0000,0x0000,0x0000,0x0000,0x0000,0x0000,0x0000,0x0000,0x0000,0x0000,0x0000,0x0000,0x0000,0x0000,0x0000,0x0000,0x0000,0x0000,0x0000,0x0000,0x0000,0x0000,0x0000,0x0000,0x0000,0x0000,0x0000,
0x0000,0x0000,0x0000,0x0000,0x0000,0x0000,0x0000,0x0000,0x0000,0x0000,0x0000,0x0000,0x0000,0x0000,0x0000,0x0000,0x0000,0x0000,0x0000,0x0000,0x0000,0x0000,0x0000,0x0000,0x0000,0x0000,0x0000,0x0000,0x0000,0x0000,0xa6fa,0xa6fa,
0xa6fa,0xa6fa,0x0000,0x0000,0x0000,0x0000,0x0000,0x0000,0x0000,0x0000,0x0000,0x0000,0x0000,0x0000,0x0000,0x0000,0x0000,0x0000,0x0000,0x0000,0x0000,0x0000,0x0000,0x0000,0x0000,0x0000,0x0000,0x0000,0x0000,0x0000,0x0000,0x0000,
0x0000,0x0000,0x0000,0x0000,0x0000,0x0000,0x0000,0x0000,0x0000,0x0000,0x0000,0x0000,0x0000,0x0000,0x0000,0x0000,0x0000,0x0000,0x0000,0x0000,0x0000,0x0000,0x0000,0x0000,0x0000,0x0000,0x0000,0x0000,0x0000,0x0000,0xa6fa,0xa6fa,
0xa6fa,0xa6fa,0x0000,0x0000,0x0000,0x0000,0x0000,0x0000,0x0000,0x0000,0x0000,0x0000,0x0000,0x0000,0x0000,0x0000,0x0000,0x0000,0x0000,0x0000,0x0000,0x0000,0x0000,0x0000,0x0000,0x0000,0x0000,0x0000,0x0000,0x0000,0x0000,0x0000,
0x0000,0x0000,0x0000,0x0000,0x0000,0x0000,0x0000,0x0000,0x0000,0x0000,0x0000,0x0000,0x0000,0x0000,0x0000,0x0000,0x0000,0x0000,0x0000,0x0000,0x0000,0x0000,0x0000,0x0000,0x0000,0x0000,0x0000,0x0000,0x0000,0x0000,0xa6fa,0xa6fa,
0xa6fa,0xa6fa,0x0000,0x0000,0x0000,0x0000,0x0000,0x0000,0x0000,0x0000,0x0000,0x0000,0x0000,0x0000,0x0000,0x0000,0x0000,0x0000,0x0000,0x0000,0x0000,0x0000,0x0000,0x0000,0x0000,0x0000,0x0000,0x0000,0x0000,0x0000,0x0000,0x0000,
0x0000,0x0000,0x0000,0x0000,0x0000,0x0000,0x0000,0x0000,0x0000,0x0000,0x0000,0x0000,0x0000,0x0000,0x0000,0x19e8,0x19e8,0x19e8,0x19e8,0x19e8,0x19e8,0x19e8,0x19e8,0x19e8,0x19e8,0x19e8,0x19e8,0x19e8,0x19e8,0x19e8,0x19e8,0x19e8,
0x19e8,0x19e8,0x19e8,0x19e8,0x19e8,0x19e8,0x19e8,0x19e8,0x19e8,0x19e8,0x19e8,0x19e8,0x19e8,0x19e8,0x19e8,0x19e8,0x19e8,0x0000,0x0000,0x0000,0x0000,0x0000,0x0000,0x0000,0x0000,0x0000,0x0000,0x0000,0x0000,0x0000,0x0000,0x0000,
0x0000,0x0000,0x0000,0x0000,0x0000,0x0000,0x0000,0x0000,0x0000,0x0000,0x0000,0x0000,0x0000,0x0000,0x0000,0x19e8,0x19e8,0x19e8,0x19e8,0x19e8,0x19e8,0x19e8,0x19e8,0x19e8,0x19e8,0x19e8,0x19e8,0x19e8,0x19e8,0x19e8,0x19e8,0x19e8,
0x19e8,0x19e8,0x19e8,0x19e8,0x19e8,0x19e8,0x19e8,0x19e8,0x19e8,0x19e8,0x19e8,0x19e8,0x19e8,0x19e8,0x19e8,0x19e8,0x19e8,0x0000,0x0000,0x0000,0x0000,0x0000,0x0000,0x0000,0x0000,0x0000,0x0000,0x0000,0x0000,0x0000,0x0000,0x0000,
0x0000,0x0000,0x0000,0x0000,0x0000,0x0000,0x0000,0x0000,0x0000,0x0000,0x0000,0x0000,0x0000,0x0000,0x0000,0x19e8,0x19e8,0xa6fa,0xa6fa,0xa6fa,0xa6fa,0xa6fa,0xa6fa,0xa6fa,0xa6fa,0xa6fa,0xa6fa,0xa6fa,0xa6fa,0xa6fa,0xa6fa,0xa6fa,
0xa6fa,0xa6fa,0xa6fa,0xa6fa,0xa6fa,0xa6fa,0xa6fa,0xa6fa,0xa6fa,0xa6fa,0xa6fa,0xa6fa,0xa6fa,0xa6fa,0xa6fa,0x19e8,0x19e8,0x0000,0x0000,0x0000,0x0000,0x0000,0x0000,0x0000,0x0000,0x0000,0x0000,0x0000,0x0000,0x0000,0x0000,0x0000,
0x0000,0x0000,0x0000,0x0000,0x0000,0x0000,0x0000,0x0000,0x0000,0x0000,0x0000,0x0000,0x0000,0x0000,0x0000,0x19e8,0x19e8,0xa6fa,0xa6fa,0xa6fa,0xa6fa,0xa6fa,0xa6fa,0xa6fa,0xa6fa,0xa6fa,0xa6fa,0xa6fa,0xa6fa,0xa6fa,0xa6fa,0xa6fa,
0xa6fa,0xa6fa,0xa6fa,0xa6fa,0xa6fa,0xa6fa,0xa6fa,0xa6fa,0xa6fa,0xa6fa,0xa6fa,0xa6fa,0xa6fa,0xa6fa,0xa6fa,0x19e8,0x19e8,0x0000,0x0000,0x0000,0x0000,0x0000,0x0000,0x0000,0x0000,0x0000,0x0000,0x0000,0x0000,0x0000,0x0000,0x0000,
0x0000,0x0000,0x0000,0x0000,0x0000,0x0000,0x0000,0x0000,0x0000,0x0000,0x0000,0x0000,0x0000,0x0000,0x0000,0x19e8,0x19e8,0xa6fa,0xa6fa,0xa6fa,0xa6fa,0xa6fa,0xa6fa,0xa6fa,0xa6fa,0xa6fa,0xa6fa,0xa6fa,0xa6fa,0xa6fa,0xa6fa,0xa6fa,
0xa6fa,0xa6fa,0xa6fa,0xa6fa,0xa6fa,0xa6fa,0xa6fa,0xa6fa,0xa6fa,0xa6fa,0xa6fa,0xa6fa,0xa6fa,0xa6fa,0xa6fa,0x19e8,0x19e8,0x0000,0x0000,0x0000,0x0000,0x0000,0x0000,0x0000,0x0000,0x0000,0x0000,0x0000,0x0000,0x0000,0x0000,0x0000,
0x0000,0x0000,0x0000,0x0000,0x0000,0x0000,0x0000,0x0000,0x0000,0x0000,0x0000,0x0000,0x0000,0x0000,0x0000,0x19e8,0x19e8,0xa6fa,0xa6fa,0xa6fa,0xa6fa,0xa6fa,0xa6fa,0xa6fa,0xa6fa,0xa6fa,0xa6fa,0xa6fa,0xa6fa,0xa6fa,0xa6fa,0xa6fa,
0xa6fa,0xa6fa,0xa6fa,0xa6fa,0xa6fa,0xa6fa,0xa6fa,0xa6fa,0xa6fa,0xa6fa,0xa6fa,0xa6fa,0xa6fa,0xa6fa,0xa6fa,0x19e8,0x19e8,0x0000,0x0000,0x0000,0x0000,0x0000,0x0000,0x0000,0x0000,0x0000,0x0000,0x0000,0x0000,0x0000,0x0000,0x0000,
0x0000,0x0000,0x0000,0x0000,0x0000,0x0000,0x0000,0x0000,0x0000,0x0000,0x0000,0x0000,0x0000,0x0000,0x0000,0x19e8,0x19e8,0xa6fa,0xa6fa,0xa6fa,0xa6fa,0x19e8,0x19e8,0x19e8,0x19e8,0x19e8,0x19e8,0x19e8,0x19e8,0x19e8,0x19e8,0x19e8,
0x19e8,0x19e8,0x19e8,0x19e8,0x19e8,0x19e8,0x19e8,0x19e8,0x19e8,0x19e8,0x19e8,0xa6fa,0xa6fa,0xa6fa,0xa6fa,0x19e8,0x19e8,0x0000,0x0000,0x0000,0x0000,0x0000,0x0000,0x0000,0x0000,0x0000,0x0000,0x0000,0x0000,0x0000,0x0000,0x0000,
0x0000,0x0000,0x0000,0x0000,0x0000,0x0000,0x0000,0x0000,0x0000,0x0000,0x0000,0x0000,0x0000,0x0000,0x0000,0x19e8,0x19e8,0xa6fa,0xa6fa,0xa6fa,0xa6fa,0x19e8,0x19e8,0x19e8,0x19e8,0x19e8,0x19e8,0x19e8,0x19e8,0x19e8,0x19e8,0x19e8,
0x19e8,0x19e8,0x19e8,0x19e8,0x19e8,0x19e8,0x19e8,0x19e8,0x19e8,0x19e8,0x19e8,0xa6fa,0xa6fa,0xa6fa,0xa6fa,0x19e8,0x19e8,0x0000,0x0000,0x0000,0x0000,0x0000,0x0000,0x0000,0x0000,0x0000,0x0000,0x0000,0x0000,0x0000,0x0000,0x0000,
0x0000,0x0000,0x0000,0x0000,0x0000,0x0000,0x0000,0x0000,0x0000,0x0000,0x0000,0x0000,0x0000,0x0000,0x0000,0x19e8,0x19e8,0xa6fa,0xa6fa,0xa6fa,0xa6fa,0x19e8,0x19e8,0x19e8,0x19e8,0x19e8,0x19e8,0x19e8,0x19e8,0x19e8,0x19e8,0x19e8,
0x19e8,0x19e8,0x19e8,0x19e8,0x19e8,0x19e8,0x19e8,0x19e8,0x19e8,0x19e8,0x19e8,0xa6fa,0xa6fa,0xa6fa,0xa6fa,0x19e8,0x19e8,0x0000,0x0000,0x0000,0x0000,0x0000,0x0000,0x0000,0x0000,0x0000,0x0000,0x0000,0x0000,0x0000,0x0000,0x0000,
0x0000,0x0000,0x0000,0x0000,0x0000,0x0000,0x0000,0x0000,0x0000,0x0000,0x0000,0x0000,0x0000,0x0000,0x0000,0x19e8,0x19e8,0xa6fa,0xa6fa,0xa6fa,0xa6fa,0x19e8,0x19e8,0x19e8,0xefdb,0xefdb,0xefdb,0xefdb,0x19e8,0x19e8,0x19e8,0x19e8,
0x19e8,0x19e8,0x19e8,0xefdb,0xefdb,0xefdb,0xefdb,0x19e8,0x19e8,0x19e8,0x19e8,0xa6fa,0xa6fa,0xa6fa,0xa6fa,0x19e8,0x19e8,0x0000,0x0000,0x0000,0x0000,0x0000,0x0000,0x0000,0x0000,0x0000,0x0000,0x0000,0x0000,0x0000,0x0000,0x0000,
0x0000,0x0000,0x0000,0x0000,0x0000,0x0000,0x0000,0x0000,0x0000,0x0000,0x0000,0x0000,0x0000,0x0000,0x0000,0x19e8,0x19e8,0xa6fa,0xa6fa,0xa6fa,0xa6fa,0x19e8,0x19e8,0x19e8,0xefdb,0xefdb,0xefdb,0xefdb,0x19e8,0x19e8,0x19e8,0x19e8,
0x19e8,0x19e8,0x19e8,0xefdb,0xefdb,0xefdb,0xefdb,0x19e8,0x19e8,0x19e8,0x19e8,0xa6fa,0xa6fa,0xa6fa,0xa6fa,0x19e8,0x19e8,0x0000,0x0000,0x0000,0x0000,0x0000,0x0000,0x0000,0x0000,0x0000,0x0000,0x0000,0x0000,0x0000,0x0000,0x0000,
0x0000,0x0000,0x0000,0x0000,0x0000,0x0000,0x0000,0x0000,0x0000,0x0000,0x0000,0x0000,0x0000,0x0000,0x0000,0x19e8,0x19e8,0xa6fa,0xa6fa,0xa6fa,0xa6fa,0x19e8,0x19e8,0x19e8,0xefdb,0xefdb,0xefdb,0xefdb,0x19e8,0x19e8,0x19e8,0x19e8,
0x19e8,0x19e8,0x19e8,0xefdb,0xefdb,0xefdb,0xefdb,0x19e8,0x19e8,0x19e8,0x19e8,0xa6fa,0xa6fa,0xa6fa,0xa6fa,0x19e8,0x19e8,0x0000,0x0000,0x0000,0x0000,0x0000,0x0000,0x0000,0x0000,0x0000,0x0000,0x0000,0x0000,0x0000,0x0000,0x0000,
0x0000,0x0000,0x0000,0x0000,0x0000,0x0000,0x0000,0x0000,0x0000,0x0000,0x0000,0x0000,0x0000,0x0000,0x0000,0x19e8,0x19e8,0xa6fa,0xa6fa,0xa6fa,0xa6fa,0x19e8,0x19e8,0x19e8,0xefdb,0xefdb,0xefdb,0xefdb,0x19e8,0x19e8,0x19e8,0x19e8,
0x19e8,0x19e8,0x19e8,0xefdb,0xefdb,0xefdb,0xefdb,0x19e8,0x19e8,0x19e8,0x19e8,0xa6fa,0xa6fa,0xa6fa,0xa6fa,0x19e8,0x19e8,0x0000,0x0000,0x0000,0x0000,0x0000,0x0000,0x0000,0x0000,0x0000,0x0000,0x0000,0x0000,0x0000,0x0000,0x0000,
0x0000,0x0000,0x0000,0xfeb2,0xfeb2,0xfeb2,0x0000,0x0000,0x0000,0x0000,0x0000,0x0000,0x0000,0x0000,0x0000,0x19e8,0x19e8,0xa6fa,0xa6fa,0xa6fa,0xa6fa,0x19e8,0x19e8,0x19e8,0xefdb,0xefdb,0xefdb,0xefdb,0x19e8,0x19e8,0x19e8,0x19e8,
0x19e8,0x19e8,0x19e8,0xefdb,0xefdb,0xefdb,0xefdb,0x19e8,0x19e8,0x19e8,0x19e8,0xa6fa,0xa6fa,0xa6fa,0xa6fa,0x19e8,0x19e8,0x0000,0x0000,0x0000,0x0000,0x0000,0x0000,0x0000,0x0000,0x0000,0xfeb2,0xfeb2,0xfeb2,0x0000,0x0000,0x0000,
0x0000,0x0000,0x0000,0xfeb2,0xfeb2,0xfeb2,0x0000,0x0000,0x0000,0x0000,0x0000,0x0000,0x0000,0x0000,0x0000,0x19e8,0x19e8,0xa6fa,0xa6fa,0xa6fa,0xa6fa,0x19e8,0x19e8,0x19e8,0xefdb,0xefdb,0xefdb,0xefdb,0x19e8,0x19e8,0x19e8,0x19e8,
0x19e8,0x19e8,0x19e8,0xefdb,0xefdb,0xefdb,0xefdb,0x19e8,0x19e8,0x19e8,0x19e8,0xa6fa,0xa6fa,0xa6fa,0xa6fa,0x19e8,0x19e8,0x0000,0x0000,0x0000,0x0000,0x0000,0x0000,0x0000,0x0000,0x0000,0xfeb2,0xfeb2,0xfeb2,0x0000,0x0000,0x0000,
0x0000,0x0000,0x0000,0x0000,0x0000,0x0000,0x0000,0x0000,0x0000,0xa6fa,0xa6fa,0xa6fa,0xa6fa,0xa6fa,0x0000,0x19e8,0x19e8,0xa6fa,0xa6fa,0xa6fa,0xa6fa,0x19e8,0x19e8,0x19e8,0xefdb,0xefdb,0xefdb,0xefdb,0x19e8,0x19e8,0x19e8,0x19e8,
0x19e8,0x19e8,0x19e8,0xefdb,0xefdb,0xefdb,0xefdb,0x19e8,0x19e8,0x19e8,0x19e8,0xa6fa,0xa6fa,0xa6fa,0xa6fa,0x19e8,0x19e8,0x0000,0xa6fa,0xa6fa,0xa6fa,0xa6fa,0xa6fa,0x0000,0x0000,0x0000,0x0000,0x0000,0x0000,0x0000,0x0000,0x0000,
0x0000,0x0000,0x0000,0x0000,0x0000,0x0000,0x0000,0x0000,0x0000,0xa6fa,0xa6fa,0xa6fa,0xa6fa,0xa6fa,0x0000,0x19e8,0x19e8,0xa6fa,0xa6fa,0xa6fa,0xa6fa,0x19e8,0x19e8,0x19e8,0x19e8,0x19e8,0x19e8,0x19e8,0x19e8,0x19e8,0x19e8,0x19e8,
0x19e8,0x19e8,0x19e8,0x19e8,0x19e8,0x19e8,0x19e8,0x19e8,0x19e8,0x19e8,0x19e8,0xa6fa,0xa6fa,0xa6fa,0xa6fa,0x19e8,0x19e8,0x0000,0xa6fa,0xa6fa,0xa6fa,0xa6fa,0xa6fa,0x0000,0x0000,0x0000,0x0000,0x0000,0x0000,0x0000,0x0000,0x0000,
0x0000,0x0000,0x0000,0xfeb2,0xfeb2,0xfeb2,0x0000,0x0000,0x0000,0xa6fa,0xa6fa,0xa6fa,0xa6fa,0xa6fa,0x0000,0x19e8,0x19e8,0xa6fa,0xa6fa,0xa6fa,0xa6fa,0x19e8,0x19e8,0x19e8,0x19e8,0x19e8,0x19e8,0x19e8,0x19e8,0x19e8,0x19e8,0x19e8,
0x19e8,0x19e8,0x19e8,0x19e8,0x19e8,0x19e8,0x19e8,0x19e8,0x19e8,0x19e8,0x19e8,0xa6fa,0xa6fa,0xa6fa,0xa6fa,0x19e8,0x19e8,0x0000,0xa6fa,0xa6fa,0xa6fa,0xa6fa,0xa6fa,0x0000,0x0000,0x0000,0xfeb2,0xfeb2,0xfeb2,0x0000,0x0000,0x0000,
0x0000,0x0000,0x0000,0xfeb2,0xfeb2,0xfeb2,0x0000,0x0000,0x0000,0xa6fa,0xa6fa,0xa6fa,0xa6fa,0xa6fa,0x0000,0x19e8,0x19e8,0xa6fa,0xa6fa,0xa6fa,0xa6fa,0x19e8,0x19e8,0x19e8,0x19e8,0x19e8,0x19e8,0x19e8,0x19e8,0x19e8,0x19e8,0x19e8,
0x19e8,0x19e8,0x19e8,0x19e8,0x19e8,0x19e8,0x19e8,0x19e8,0x19e8,0x19e8,0x19e8,0xa6fa,0xa6fa,0xa6fa,0xa6fa,0x19e8,0x19e8,0x0000,0xa6fa,0xa6fa,0xa6fa,0xa6fa,0xa6fa,0x0000,0x0000,0x0000,0xfeb2,0xfeb2,0xfeb2,0x0000,0x0000,0x0000,
0x0000,0x0000,0x0000,0x0000,0x0000,0x0000,0x0000,0x0000,0x0000,0xa6fa,0xa6fa,0xa6fa,0xa6fa,0xa6fa,0x0000,0x19e8,0x19e8,0xa6fa,0xa6fa,0xa6fa,0xa6fa,0x19e8,0x19e8,0x19e8,0x19e8,0x19e8,0x19e8,0x19e8,0x19e8,0x19e8,0x19e8,0x19e8,
0x19e8,0x19e8,0x19e8,0x19e8,0x19e8,0x19e8,0x19e8,0x19e8,0x19e8,0x19e8,0x19e8,0xa6fa,0xa6fa,0xa6fa,0xa6fa,0x19e8,0x19e8,0x0000,0xa6fa,0xa6fa,0xa6fa,0xa6fa,0xa6fa,0x0000,0x0000,0x0000,0x0000,0x0000,0x0000,0x0000,0x0000,0x0000,
0x0000,0x0000,0x0000,0x0000,0x0000,0x0000,0x0000,0x0000,0x0000,0xa6fa,0xa6fa,0xa6fa,0xa6fa,0xa6fa,0x0000,0x19e8,0x19e8,0xa6fa,0xa6fa,0xa6fa,0xa6fa,0xa6fa,0xa6fa,0xa6fa,0xa6fa,0xa6fa,0xa6fa,0xa6fa,0xa6fa,0xa6fa,0xa6fa,0xa6fa,
0xa6fa,0xa6fa,0xa6fa,0xa6fa,0xa6fa,0xa6fa,0xa6fa,0xa6fa,0xa6fa,0xa6fa,0xa6fa,0xa6fa,0xa6fa,0xa6fa,0xa6fa,0x19e8,0x19e8,0x0000,0xa6fa,0xa6fa,0xa6fa,0xa6fa,0xa6fa,0x0000,0x0000,0x0000,0x0000,0x0000,0x0000,0x0000,0x0000,0x0000,
0x0000,0x0000,0x0000,0xfeb2,0xfeb2,0xfeb2,0x0000,0x0000,0x0000,0xa6fa,0xa6fa,0xa6fa,0xa6fa,0xa6fa,0x0000,0x19e8,0x19e8,0xa6fa,0xa6fa,0xa6fa,0xa6fa,0xa6fa,0xa6fa,0xa6fa,0xa6fa,0xa6fa,0xa6fa,0x19e8,0x19e8,0x19e8,0x19e8,0x19e8,
0x19e8,0x19e8,0x19e8,0x19e8,0x19e8,0xa6fa,0xa6fa,0xa6fa,0xa6fa,0xa6fa,0xa6fa,0xa6fa,0xa6fa,0xa6fa,0xa6fa,0x19e8,0x19e8,0x0000,0xa6fa,0xa6fa,0xa6fa,0xa6fa,0xa6fa,0x0000,0x0000,0x0000,0xfeb2,0xfeb2,0xfeb2,0x0000,0x0000,0x0000,
0x0000,0x0000,0x0000,0xfeb2,0xfeb2,0xfeb2,0x0000,0x0000,0x0000,0xa6fa,0xa6fa,0xa6fa,0xa6fa,0xa6fa,0x0000,0x19e8,0x19e8,0xa6fa,0xa6fa,0xa6fa,0xa6fa,0xa6fa,0xa6fa,0xa6fa,0xa6fa,0xa6fa,0xa6fa,0x19e8,0x19e8,0x19e8,0x19e8,0x19e8,
0x19e8,0x19e8,0x19e8,0x19e8,0x19e8,0xa6fa,0xa6fa,0xa6fa,0xa6fa,0xa6fa,0xa6fa,0xa6fa,0xa6fa,0xa6fa,0xa6fa,0x19e8,0x19e8,0x0000,0xa6fa,0xa6fa,0xa6fa,0xa6fa,0xa6fa,0x0000,0x0000,0x0000,0xfeb2,0xfeb2,0xfeb2,0x0000,0x0000,0x0000,
0x0000,0x0000,0x0000,0x0000,0x0000,0x0000,0x0000,0x0000,0x0000,0xa6fa,0xa6fa,0xa6fa,0xa6fa,0xa6fa,0x0000,0x19e8,0x19e8,0xa6fa,0xa6fa,0xa6fa,0xa6fa,0xa6fa,0xa6fa,0xa6fa,0xa6fa,0xa6fa,0xa6fa,0xa6fa,0xa6fa,0xa6fa,0xa6fa,0xa6fa,
0xa6fa,0xa6fa,0xa6fa,0xa6fa,0xa6fa,0xa6fa,0xa6fa,0xa6fa,0xa6fa,0xa6fa,0xa6fa,0xa6fa,0xa6fa,0xa6fa,0xa6fa,0x19e8,0x19e8,0x0000,0xa6fa,0xa6fa,0xa6fa,0xa6fa,0xa6fa,0x0000,0x0000,0x0000,0x0000,0x0000,0x0000,0x0000,0x0000,0x0000,
0x0000,0x0000,0x0000,0x0000,0x0000,0x0000,0x0000,0x0000,0x0000,0x0000,0x0000,0x0000,0x0000,0x0000,0x0000,0x19e8,0x19e8,0xa6fa,0xa6fa,0xa6fa,0xa6fa,0xa6fa,0xa6fa,0xa6fa,0xa6fa,0xa6fa,0xa6fa,0xa6fa,0xa6fa,0xa6fa,0xa6fa,0xa6fa,
0xa6fa,0xa6fa,0xa6fa,0xa6fa,0xa6fa,0xa6fa,0xa6fa,0xa6fa,0xa6fa,0xa6fa,0xa6fa,0xa6fa,0xa6fa,0xa6fa,0xa6fa,0x19e8,0x19e8,0x0000,0x0000,0x0000,0x0000,0x0000,0x0000,0x0000,0x0000,0x0000,0x0000,0x0000,0x0000,0x0000,0x0000,0x0000,
0x0000,0x0000,0x0000,0xfeb2,0xfeb2,0xfeb2,0x0000,0x0000,0x0000,0x0000,0x0000,0x0000,0x0000,0x0000,0x0000,0x19e8,0x19e8,0x19e8,0x19e8,0x19e8,0x19e8,0x19e8,0x19e8,0x19e8,0x19e8,0x19e8,0x19e8,0x19e8,0x19e8,0x19e8,0x19e8,0x19e8,
0x19e8,0x19e8,0x19e8,0x19e8,0x19e8,0x19e8,0x19e8,0x19e8,0x19e8,0x19e8,0x19e8,0x19e8,0x19e8,0x19e8,0x19e8,0x19e8,0x19e8,0x0000,0x0000,0x0000,0x0000,0x0000,0x0000,0x0000,0x0000,0x0000,0xfeb2,0xfeb2,0xfeb2,0x0000,0x0000,0x0000,
0x0000,0x0000,0x0000,0xfeb2,0xfeb2,0xfeb2,0x0000,0x0000,0x0000,0x0000,0x0000,0x0000,0x0000,0x0000,0x0000,0x19e8,0x19e8,0x19e8,0x19e8,0x19e8,0x19e8,0x19e8,0x19e8,0x19e8,0x19e8,0x19e8,0x19e8,0x19e8,0x19e8,0x19e8,0x19e8,0x19e8,
0x19e8,0x19e8,0x19e8,0x19e8,0x19e8,0x19e8,0x19e8,0x19e8,0x19e8,0x19e8,0x19e8,0x19e8,0x19e8,0x19e8,0x19e8,0x19e8,0x19e8,0x0000,0x0000,0x0000,0x0000,0x0000,0x0000,0x0000,0x0000,0x0000,0xfeb2,0xfeb2,0xfeb2,0x0000,0x0000,0x0000,
0x0000,0x0000,0x0000,0x0000,0x0000,0x0000,0x0000,0x0000,0x0000,0x0000,0x0000,0x0000,0x0000,0x0000,0x0000,0x0000,0x0000,0x0000,0x0000,0x0000,0x0000,0x19e8,0x19e8,0x19e8,0x19e8,0x19e8,0x19e8,0x19e8,0x19e8,0x19e8,0x19e8,0x19e8,
0x19e8,0x19e8,0x19e8,0x19e8,0x19e8,0x19e8,0x19e8,0x19e8,0x19e8,0x19e8,0x19e8,0x0000,0x0000,0x0000,0x0000,0x0000,0x0000,0x0000,0x0000,0x0000,0x0000,0x0000,0x0000,0x0000,0x0000,0x0000,0x0000,0x0000,0x0000,0x0000,0x0000,0x0000,
0x0000,0x0000,0x0000,0x0000,0x0000,0x0000,0x0000,0x0000,0x0000,0x0000,0x0000,0x0000,0x0000,0x0000,0x0000,0x0000,0x0000,0x0000,0x0000,0x0000,0x0000,0x19e8,0x19e8,0x19e8,0x19e8,0x19e8,0x19e8,0x19e8,0x19e8,0x19e8,0x19e8,0x19e8,
0x19e8,0x19e8,0x19e8,0x19e8,0x19e8,0x19e8,0x19e8,0x19e8,0x19e8,0x19e8,0x19e8,0x0000,0x0000,0x0000,0x0000,0x0000,0x0000,0x0000,0x0000,0x0000,0x0000,0x0000,0x0000,0x0000,0x0000,0x0000,0x0000,0x0000,0x0000,0x0000,0x0000,0x0000,
0x0000,0x0000,0x0000,0x0000,0x0000,0x0000,0x0000,0x0000,0x0000,0x0000,0x0000,0x0000,0x0000,0x0000,0x0000,0x0000,0x0000,0x0000,0x0000,0x0000,0x0000,0x19e8,0x19e8,0xa6fa,0xa6fa,0xa6fa,0xa6fa,0xa6fa,0xa6fa,0xa6fa,0xa6fa,0xa6fa,
0xa6fa,0xa6fa,0xa6fa,0xa6fa,0xa6fa,0xa6fa,0xa6fa,0xa6fa,0xa6fa,0x19e8,0x19e8,0x0000,0x0000,0x0000,0x0000,0x0000,0x0000,0x0000,0x0000,0x0000,0x0000,0x0000,0x0000,0x0000,0x0000,0x0000,0x0000,0x0000,0x0000,0x0000,0x0000,0x0000,
0x0000,0x0000,0x0000,0x0000,0x0000,0x0000,0x0000,0x0000,0x0000,0x0000,0x0000,0x0000,0x0000,0x0000,0x0000,0x0000,0x0000,0x0000,0x0000,0x0000,0x0000,0x19e8,0x19e8,0xa6fa,0xa6fa,0xa6fa,0xa6fa,0xa6fa,0xa6fa,0xa6fa,0xa6fa,0xa6fa,
0xa6fa,0xa6fa,0xa6fa,0xa6fa,0xa6fa,0xa6fa,0xa6fa,0xa6fa,0xa6fa,0x19e8,0x19e8,0x0000,0x0000,0x0000,0x0000,0x0000,0x0000,0x0000,0x0000,0x0000,0x0000,0x0000,0x0000,0x0000,0x0000,0x0000,0x0000,0x0000,0x0000,0x0000,0x0000,0x0000,
0x0000,0x0000,0x0000,0x0000,0x0000,0x0000,0x0000,0x0000,0x0000,0x0000,0x0000,0x0000,0x0000,0x0000,0x0000,0x0000,0x0000,0x0000,0x0000,0x0000,0x0000,0x19e8,0x19e8,0xa6fa,0xa6fa,0xa6fa,0xa6fa,0xa6fa,0xa6fa,0xa6fa,0xa6fa,0xa6fa,
0xa6fa,0xa6fa,0xa6fa,0xa6fa,0xa6fa,0xa6fa,0xa6fa,0xa6fa,0xa6fa,0x19e8,0x19e8,0x0000,0x0000,0x0000,0x0000,0x0000,0x0000,0x0000,0x0000,0x0000,0x0000,0x0000,0x0000,0x0000,0x0000,0x0000,0x0000,0x0000,0x0000,0x0000,0x0000,0x0000,
0x0000,0x0000,0x0000,0x0000,0x0000,0x0000,0x0000,0x0000,0x0000,0x0000,0x0000,0x0000,0x0000,0x0000,0x0000,0x0000,0x0000,0x0000,0x0000,0x0000,0x0000,0x19e8,0x19e8,0xa6fa,0xa6fa,0xa6fa,0xa6fa,0xa6fa,0xa6fa,0xa6fa,0xa6fa,0xa6fa,
0xa6fa,0xa6fa,0xa6fa,0xa6fa,0xa6fa,0xa6fa,0xa6fa,0xa6fa,0xa6fa,0x19e8,0x19e8,0x0000,0x0000,0x0000,0x0000,0x0000,0x0000,0x0000,0x0000,0x0000,0x0000,0x0000,0x0000,0x0000,0x0000,0x0000,0x0000,0x0000,0x0000,0x0000,0x0000,0x0000,
0x0000,0x0000,0x0000,0x0000,0x0000,0x0000,0x0000,0x0000,0x0000,0x0000,0x0000,0x0000,0x0000,0x0000,0x0000,0x0000,0x0000,0x0000,0x0000,0x0000,0x0000,0x19e8,0x19e8,0xa6fa,0xa6fa,0xa6fa,0xa6fa,0xa6fa,0xa6fa,0xa6fa,0xa6fa,0xa6fa,
0xa6fa,0xa6fa,0xa6fa,0xa6fa,0xa6fa,0xa6fa,0xa6fa,0xa6fa,0xa6fa,0x19e8,0x19e8,0x0000,0x0000,0x0000,0x0000,0x0000,0x0000,0x0000,0x0000,0x0000,0x0000,0x0000,0x0000,0x0000,0x0000,0x0000,0x0000,0x0000,0x0000,0x0000,0x0000,0x0000,
0x0000,0x0000,0x0000,0x0000,0x0000,0x0000,0x0000,0x0000,0x0000,0x0000,0x0000,0x0000,0x0000,0x0000,0x0000,0x0000,0x0000,0x0000,0x0000,0x0000,0x0000,0x19e8,0x19e8,0xa6fa,0xa6fa,0xa6fa,0xa6fa,0xa6fa,0xa6fa,0xa6fa,0xa6fa,0xa6fa,
0xa6fa,0xa6fa,0xa6fa,0xa6fa,0xa6fa,0xa6fa,0xa6fa,0xa6fa,0xa6fa,0x19e8,0x19e8,0x0000,0x0000,0x0000,0x0000,0x0000,0x0000,0x0000,0x0000,0x0000,0x0000,0x0000,0x0000,0x0000,0x0000,0x0000,0x0000,0x0000,0x0000,0x0000,0x0000,0x0000,
0x0000,0x0000,0x0000,0x0000,0x0000,0x0000,0x0000,0x0000,0x0000,0x0000,0x0000,0x0000,0x0000,0x0000,0x0000,0x0000,0x0000,0x0000,0x0000,0x0000,0x0000,0x19e8,0x19e8,0xa6fa,0xa6fa,0xa6fa,0xa6fa,0xa6fa,0xa6fa,0xa6fa,0xa6fa,0xa6fa,
0xa6fa,0xa6fa,0xa6fa,0xa6fa,0xa6fa,0xa6fa,0xa6fa,0xa6fa,0xa6fa,0x19e8,0x19e8,0x0000,0x0000,0x0000,0x0000,0x0000,0x0000,0x0000,0x0000,0x0000,0x0000,0x0000,0x0000,0x0000,0x0000,0x0000,0x0000,0x0000,0x0000,0x0000,0x0000,0x0000,
0x0000,0x0000,0x0000,0x0000,0x0000,0x0000,0x0000,0x0000,0x0000,0x0000,0x0000,0x0000,0x0000,0x0000,0x0000,0x0000,0x0000,0x0000,0x0000,0x0000,0x0000,0x19e8,0x19e8,0xa6fa,0xa6fa,0xa6fa,0xa6fa,0xa6fa,0xa6fa,0xa6fa,0xa6fa,0xa6fa,
0xa6fa,0xa6fa,0xa6fa,0xa6fa,0xa6fa,0xa6fa,0xa6fa,0xa6fa,0xa6fa,0x19e8,0x19e8,0x0000,0x0000,0x0000,0x0000,0x0000,0x0000,0x0000,0x0000,0x0000,0x0000,0x0000,0x0000,0x0000,0x0000,0x0000,0x0000,0x0000,0x0000,0x0000,0x0000,0x0000,
0x0000,0x0000,0x0000,0x0000,0x0000,0x0000,0x0000,0x0000,0x0000,0x0000,0x0000,0x0000,0x0000,0x0000,0x0000,0x0000,0x0000,0x0000,0x0000,0x0000,0x0000,0x19e8,0x19e8,0x19e8,0x19e8,0x19e8,0x19e8,0x19e8,0x19e8,0x19e8,0x19e8,0x19e8,
0x19e8,0x19e8,0x19e8,0x19e8,0x19e8,0x19e8,0x19e8,0x19e8,0x19e8,0x19e8,0x19e8,0x0000,0x0000,0x0000,0x0000,0x0000,0x0000,0x0000,0x0000,0x0000,0x0000,0x0000,0x0000,0x0000,0x0000,0x0000,0x0000,0x0000,0x0000,0x0000,0x0000,0x0000,
0x0000,0x0000,0x0000,0x0000,0x0000,0x0000,0x0000,0x0000,0x0000,0x0000,0x0000,0x0000,0x0000,0x0000,0x0000,0x0000,0x0000,0x0000,0x0000,0x0000,0x0000,0x19e8,0x19e8,0x19e8,0x19e8,0x19e8,0x19e8,0x19e8,0x19e8,0x19e8,0x19e8,0x19e8,
0x19e8,0x19e8,0x19e8,0x19e8,0x19e8,0x19e8,0x19e8,0x19e8,0x19e8,0x19e8,0x19e8,0x0000,0x0000,0x0000,0x0000,0x0000,0x0000,0x0000,0x0000,0x0000,0x0000,0x0000,0x0000,0x0000,0x0000,0x0000,0x0000,0x0000,0x0000,0x0000,0x0000,0x0000,
0x0000,0x0000,0x0000,0x0000,0x0000,0x0000,0x0000,0x0000,0x0000,0x0000,0x0000,0x0000,0x0000,0x0000,0x0000,0x0000,0x0000,0x0000,0x0000,0x0000,0x0000,0x0000,0x0000,0x0000,0x0000,0x0000,0x0000,0x0000,0x0000,0x0000,0x0000,0x0000,
0x0000,0x0000,0x0000,0x0000,0x0000,0x0000,0x0000,0x0000,0x0000,0x0000,0x0000,0x0000,0x0000,0x0000,0x0000,0x0000,0x0000,0x0000,0x0000,0x0000,0x0000,0x0000,0x0000,0x0000,0x0000,0x0000,0x0000,0x0000,0x0000,0x0000,0x0000,0x0000,
0x0000,0x0000,0x0000,0x0000,0x0000,0x0000,0x0000,0x0000,0x0000,0x0000,0x0000,0x0000,0x0000,0x0000,0x0000,0x0000,0x0000,0x0000,0x0000,0x0000,0x0000,0x0000,0x0000,0x0000,0x0000,0x0000,0xa6fa,0xa6fa,0xa6fa,0xa6fa,0x0000,0x0000,
0x0000,0x0000,0xa6fa,0xa6fa,0xa6fa,0xa6fa,0x0000,0x0000,0x0000,0x0000,0x0000,0x0000,0x0000,0x0000,0x0000,0x0000,0x0000,0x0000,0x0000,0x0000,0x0000,0x0000,0x0000,0x0000,0x0000,0x0000,0x0000,0x0000,0x0000,0x0000,0x0000,0x0000,
0x0000,0x0000,0x0000,0x0000,0x0000,0x0000,0x0000,0x0000,0x0000,0x0000,0x0000,0x0000,0x0000,0x0000,0x0000,0x0000,0x0000,0x0000,0x0000,0x0000,0x0000,0x0000,0x0000,0x0000,0x0000,0x0000,0xa6fa,0xa6fa,0xa6fa,0xa6fa,0x0000,0x0000,
0x0000,0x0000,0xa6fa,0xa6fa,0xa6fa,0xa6fa,0x0000,0x0000,0x0000,0x0000,0x0000,0x0000,0x0000,0x0000,0x0000,0x0000,0x0000,0x0000,0x0000,0x0000,0x0000,0x0000,0x0000,0x0000,0x0000,0x0000,0x0000,0x0000,0x0000,0x0000,0x0000,0x0000,
0x0000,0x0000,0x0000,0x0000,0x0000,0x0000,0x0000,0x0000,0x0000,0x0000,0x0000,0x0000,0x0000,0x0000,0x0000,0x0000,0x0000,0x0000,0x0000,0x0000,0x0000,0x0000,0x0000,0x0000,0x0000,0x0000,0xa6fa,0xa6fa,0xa6fa,0xa6fa,0x0000,0x0000,
0x0000,0x0000,0xa6fa,0xa6fa,0xa6fa,0xa6fa,0x0000,0x0000,0x0000,0x0000,0x0000,0x0000,0x0000,0x0000,0x0000,0x0000,0x0000,0x0000,0x0000,0x0000,0x0000,0x0000,0x0000,0x0000,0x0000,0x0000,0x0000,0x0000,0x0000,0x0000,0x0000,0x0000,
0x0000,0x0000,0x0000,0x0000,0x0000,0x0000,0x0000,0x0000,0x0000,0x0000,0x0000,0x0000,0x0000,0x0000,0x0000,0x0000,0x0000,0x0000,0x0000,0x0000,0x0000,0x0000,0x0000,0x0000,0x0000,0x0000,0xa6fa,0xa6fa,0xa6fa,0xa6fa,0x0000,0x0000,
0x0000,0x0000,0xa6fa,0xa6fa,0xa6fa,0xa6fa,0x0000,0x0000,0x0000,0x0000,0x0000,0x0000,0x0000,0x0000,0x0000,0x0000,0x0000,0x0000,0x0000,0x0000,0x0000,0x0000,0x0000,0x0000,0x0000,0x0000,0x0000,0x0000,0x0000,0x0000,0x0000,0x0000,
0x0000,0x0000,0x0000,0x0000,0x0000,0x0000,0x0000,0x0000,0x0000,0x0000,0x0000,0x0000,0x0000,0x0000,0x0000,0x0000,0x0000,0x0000,0x0000,0x0000,0x0000,0x0000,0x0000,0x0000,0x0000,0x0000,0x0000,0x0000,0x0000,0x0000,0x0000,0x0000,
0x0000,0x0000,0x0000,0x0000,0x0000,0x0000,0x0000,0x0000,0x0000,0x0000,0x0000,0x0000,0x0000,0x0000,0x0000,0x0000,0x0000,0x0000,0x0000,0x0000,0x0000,0x0000,0x0000,0x0000,0x0000,0x0000,0x0000,0x0000,0x0000,0x0000,0x0000,0x0000,
0x0000,0x0000,0x0000,0x0000,0x0000,0x0000,0x0000,0x0000,0x0000,0x0000,0x0000,0x0000,0x0000,0x0000,0x0000,0x0000,0x0000,0x0000,0x0000,0x0000,0x0000,0x0000,0x0000,0x0000,0x0000,0x0000,0x0000,0x0000,0x0000,0x0000,0x0000,0x0000,
0x0000,0x0000,0x0000,0x0000,0x0000,0x0000,0x0000,0x0000,0x0000,0x0000,0x0000,0x0000,0x0000,0x0000,0x0000,0x0000,0x0000,0x0000,0x0000,0x0000,0x0000,0x0000,0x0000,0x0000,0x0000,0x0000,0x0000,0x0000,0x0000,0x0000,0x0000,0x0000,
0x0000,0x0000,0x0000,0x0000,0x0000,0x0000,0x0000,0x0000,0x0000,0x0000,0x0000,0x0000,0x0000,0x0000,0x0000,0x0000,0x0000,0x0000,0x0000,0x0000,0x0000,0x0000,0x0000,0x0000,0x0000,0x0000,0x0000,0x0000,0x0000,0x0000,0x0000,0x0000,
0x0000,0x0000,0x0000,0x0000,0x0000,0x0000,0x0000,0x0000,0x0000,0x0000,0x0000,0x0000,0x0000,0x0000,0x0000,0x0000,0x0000,0x0000,0x0000,0x0000,0x0000,0x0000,0x0000,0x0000,0x0000,0x0000,0x0000,0x0000,0x0000,0x0000,0x0000,0x0000,
0x0000,0x0000,0x0000,0x0000,0x0000,0x0000,0x0000,0x0000,0x0000,0x0000,0x0000,0x0000,0x0000,0x0000,0x0000,0x0000,0x0000,0x0000,0x0000,0x0000,0x0000,0x0000,0x0000,0x0000,0x0000,0x0000,0x0000,0x0000,0x0000,0x0000,0x0000,0x0000,
0x0000,0x0000,0x0000,0x0000,0x0000,0x0000,0x0000,0x0000,0x0000,0x0000,0x0000,0x0000,0x0000,0x0000,0x0000,0x0000,0x0000,0x0000,0x0000,0x0000,0x0000,0x0000,0x0000,0x0000,0x0000,0x0000,0x0000,0x0000,0x0000,0x0000,0x0000,0x0000,
0x0000,0x0000,0x0000,0x0000,0x0000,0x0000,0x0000,0x0000,0x0000,0x0000,0x0000,0x0000,0x0000,0x0000,0x0000,0x0000,0x0000,0x0000,0x0000,0x0000,0x0000,0x0000,0x0000,0x0000,0x0000,0x0000,0x0000,0x0000,0x0000,0x0000,0x0000,0x0000,
0x0000,0x0000,0x0000,0x0000,0x0000,0x0000,0x0000,0x0000,0x0000,0x0000,0x0000,0x0000,0x0000,0x0000,0x0000,0x0000,0x0000,0x0000,0x0000,0x0000,0x0000,0x0000,0x0000,0x0000,0x0000,0x0000,0x0000,0x0000,0x0000,0x0000,0x0000,0x0000,
};
static const uint16_t frame_18[4096] = {
0x0000,0x0000,0x0000,0x0000,0x0000,0x0000,0x0000,0x0000,0x0000,0x0000,0x0000,0x0000,0x0000,0x0000,0x0000,0x0000,0x0000,0x0000,0x0000,0x0000,0x0000,0x0000,0x0000,0x0000,0x0000,0x0000,0x0000,0x0000,0x0000,0x0000,0x0000,0x0000,
0x0000,0x0000,0x0000,0x0000,0x0000,0x0000,0x0000,0x0000,0x0000,0x0000,0x0000,0x0000,0x0000,0x0000,0x0000,0x0000,0x0000,0x0000,0x0000,0x0000,0x0000,0x0000,0x0000,0x0000,0x0000,0x0000,0x0000,0x0000,0x0000,0x0000,0x0000,0x0000,
0x0000,0x0000,0x0000,0x0000,0x0000,0x0000,0x0000,0x0000,0x0000,0x0000,0x0000,0x0000,0x0000,0x0000,0x0000,0x0000,0x0000,0x0000,0x0000,0x0000,0x0000,0x0000,0x0000,0x0000,0x0000,0x0000,0x0000,0x0000,0x0000,0x0000,0x0000,0x0000,
0x0000,0x0000,0x0000,0x0000,0x0000,0x0000,0x0000,0x0000,0x0000,0x0000,0x0000,0x0000,0x0000,0x0000,0x0000,0x0000,0x0000,0x0000,0x0000,0x0000,0x0000,0x0000,0x0000,0x0000,0x0000,0x0000,0x0000,0x0000,0x0000,0x0000,0x0000,0x0000,
0x0000,0x0000,0x0000,0x0000,0x0000,0x0000,0x0000,0x0000,0x0000,0x0000,0x0000,0x0000,0x0000,0x0000,0x0000,0x0000,0x0000,0x0000,0x0000,0x0000,0x0000,0x0000,0x0000,0x0000,0x0000,0x0000,0x0000,0x0000,0x0000,0x0000,0x0000,0x0000,
0x0000,0x0000,0x0000,0x0000,0x0000,0x0000,0x0000,0x0000,0x0000,0x0000,0x0000,0x0000,0x0000,0x0000,0x0000,0x0000,0x0000,0x0000,0x0000,0x0000,0x0000,0x0000,0x0000,0x0000,0x0000,0x0000,0x0000,0x0000,0x0000,0x0000,0x0000,0x0000,
0x0000,0x0000,0x0000,0x0000,0x0000,0x0000,0x0000,0x0000,0x0000,0x0000,0x0000,0x0000,0xfeb2,0xfeb2,0xfeb2,0x0000,0x0000,0x0000,0x0000,0x0000,0x0000,0x0000,0x0000,0x0000,0x19e8,0x19e8,0x19e8,0x0000,0x0000,0x0000,0x0000,0x0000,
0x0000,0x0000,0x0000,0x0000,0x19e8,0x19e8,0x19e8,0x0000,0x0000,0x0000,0x0000,0x0000,0x0000,0x0000,0x0000,0x0000,0x19e8,0x19e8,0x19e8,0x0000,0x0000,0x0000,0x0000,0x0000,0x0000,0x0000,0x0000,0x0000,0x0000,0x0000,0x0000,0x0000,
0x0000,0x0000,0x0000,0x0000,0x0000,0x0000,0x0000,0x0000,0x0000,0x0000,0x0000,0x0000,0xfeb2,0xfeb2,0xfeb2,0x0000,0x0000,0x0000,0x0000,0x0000,0x0000,0x0000,0x0000,0x0000,0x19e8,0x19e8,0x19e8,0x0000,0x0000,0x0000,0x0000,0x0000,
0x0000,0x0000,0x0000,0x0000,0x19e8,0x19e8,0x19e8,0x0000,0x0000,0x0000,0x0000,0x0000,0x0000,0x0000,0x0000,0x0000,0x19e8,0x19e8,0x19e8,0x0000,0x0000,0x0000,0x0000,0x0000,0x0000,0x0000,0x0000,0x0000,0x0000,0x0000,0x0000,0x0000,
0x0000,0x0000,0x0000,0x0000,0x0000,0x0000,0x0000,0x0000,0x0000,0x0000,0x0000,0x0000,0xfeb2,0xfeb2,0xfeb2,0x0000,0x0000,0x0000,0x0000,0x0000,0x0000,0x0000,0x0000,0x0000,0x19e8,0x19e8,0x19e8,0x0000,0x0000,0x0000,0x0000,0x0000,
0x0000,0x0000,0x0000,0x0000,0x19e8,0x19e8,0x19e8,0x0000,0x0000,0x0000,0x0000,0x0000,0x0000,0x0000,0x0000,0x0000,0x19e8,0x19e8,0x19e8,0x0000,0x0000,0x0000,0x0000,0x0000,0x0000,0x0000,0x0000,0x0000,0x0000,0x0000,0x0000,0x0000,
0x0000,0x0000,0x0000,0x0000,0x0000,0x0000,0x0000,0x0000,0x0000,0x0000,0x0000,0x0000,0x0000,0x0000,0x0000,0x0000,0x0000,0x0000,0x0000,0x0000,0x0000,0x0000,0x0000,0x0000,0x0000,0x0000,0x0000,0x0000,0x0000,0x0000,0x0000,0x0000,
0x0000,0x0000,0x0000,0x0000,0x0000,0x0000,0x0000,0x0000,0x0000,0x0000,0x0000,0x0000,0x0000,0x0000,0x0000,0x0000,0x0000,0x0000,0x0000,0x0000,0x0000,0x0000,0x0000,0x0000,0x0000,0x0000,0x0000,0x0000,0x0000,0x0000,0x0000,0x0000,
0x0000,0x0000,0x0000,0x0000,0x0000,0x0000,0x0000,0x0000,0x0000,0x0000,0x0000,0x0000,0x0000,0x0000,0x0000,0x0000,0x0000,0x0000,0x0000,0x0000,0x0000,0x0000,0x0000,0x0000,0x0000,0x0000,0x0000,0xfeb2,0xfeb2,0xfeb2,0xfeb2,0xfeb2,
0xfeb2,0xfeb2,0xfeb2,0xfeb2,0xfeb2,0x0000,0x0000,0x0000,0x0000,0x0000,0x0000,0x0000,0x0000,0x0000,0x0000,0x0000,0x0000,0x0000,0x0000,0x0000,0x0000,0x0000,0x0000,0x0000,0x0000,0x0000,0x0000,0x0000,0x0000,0x0000,0x0000,0x0000,
0x0000,0x0000,0x0000,0x0000,0x0000,0x0000,0x0000,0x0000,0x0000,0x0000,0x0000,0x0000,0x0000,0x0000,0x0000,0x0000,0x0000,0x0000,0x0000,0x0000,0x0000,0x0000,0x0000,0x0000,0x0000,0x0000,0x0000,0xfeb2,0xfeb2,0xfeb2,0xfeb2,0xfeb2,
0xfeb2,0xfeb2,0xfeb2,0xfeb2,0xfeb2,0x0000,0x0000,0x0000,0x0000,0x0000,0x0000,0x0000,0x0000,0x0000,0x0000,0x0000,0x0000,0x0000,0x0000,0x0000,0x0000,0x0000,0x0000,0x0000,0x0000,0x0000,0x0000,0x0000,0x0000,0x0000,0x0000,0x0000,
0x0000,0x0000,0x0000,0x0000,0x0000,0x0000,0x0000,0x0000,0x0000,0x0000,0x0000,0x0000,0x0000,0x0000,0x0000,0x0000,0x0000,0x0000,0x0000,0x0000,0x0000,0x0000,0x0000,0x0000,0x0000,0x0000,0x0000,0xfeb2,0xfeb2,0xfeb2,0xfeb2,0xfeb2,
0xfeb2,0xfeb2,0xfeb2,0xfeb2,0xfeb2,0x0000,0x0000,0x0000,0x0000,0x0000,0x0000,0x0000,0x0000,0x0000,0x0000,0x0000,0x0000,0x0000,0x0000,0x0000,0x0000,0x0000,0x0000,0x0000,0x0000,0x0000,0x0000,0x0000,0x0000,0x0000,0x0000,0x0000,
0x0000,0x0000,0x0000,0x0000,0x0000,0x0000,0x0000,0x0000,0x0000,0x0000,0x0000,0x0000,0x0000,0x0000,0x0000,0x0000,0x0000,0x0000,0x0000,0x0000,0x0000,0x0000,0x0000,0x0000,0x0000,0x0000,0x0000,0xfeb2,0xfeb2,0xfeb2,0xa6fa,0xa6fa,
0xa6fa,0xa6fa,0xfeb2,0xfeb2,0xfeb2,0x0000,0x0000,0x0000,0x0000,0x0000,0x0000,0x0000,0x0000,0x0000,0x0000,0x0000,0x0000,0x0000,0x0000,0x0000,0x0000,0x0000,0x0000,0x0000,0x0000,0x0000,0x0000,0x0000,0x0000,0x0000,0x0000,0x0000,
0x0000,0x0000,0x0000,0x0000,0x0000,0x0000,0x0000,0x0000,0x0000,0x0000,0x0000,0x0000,0x0000,0x0000,0x0000,0x0000,0x0000,0x0000,0x0000,0x0000,0x0000,0x0000,0x0000,0x0000,0x0000,0x0000,0x0000,0x0000,0x0000,0x0000,0xa6fa,0xa6fa,
0xa6fa,0xa6fa,0x0000,0x0000,0x0000,0x0000,0x0000,0x0000,0x0000,0x0000,0x0000,0x0000,0x0000,0x0000,0x0000,0x0000,0x0000,0x0000,0x0000,0x0000,0x0000,0x0000,0x0000,0x0000,0x0000,0x0000,0x0000,0x0000,0x0000,0x0000,0x0000,0x0000,
0x0000,0x0000,0x0000,0x0000,0x0000,0x0000,0x0000,0x0000,0x0000,0x0000,0x0000,0x0000,0x0000,0x0000,0x0000,0x0000,0x0000,0x0000,0x0000,0x0000,0x0000,0x0000,0x0000,0x0000,0x0000,0x0000,0x0000,0x0000,0x0000,0x0000,0xa6fa,0xa6fa,
0xa6fa,0xa6fa,0x0000,0x0000,0x0000,0x0000,0x0000,0x0000,0x0000,0x0000,0x0000,0x0000,0x0000,0x0000,0x0000,0x0000,0x0000,0x0000,0x0000,0x0000,0x0000,0x0000,0x0000,0x0000,0x0000,0x0000,0x0000,0x0000,0x0000,0x0000,0x0000,0x0000,
0x0000,0x0000,0x0000,0x0000,0x0000,0x0000,0x0000,0x0000,0x0000,0x0000,0x0000,0x0000,0x0000,0x0000,0x0000,0x0000,0x0000,0x0000,0x0000,0x0000,0x0000,0x0000,0x0000,0x0000,0x0000,0x0000,0x0000,0x0000,0x0000,0x0000,0xa6fa,0xa6fa,
0xa6fa,0xa6fa,0x0000,0x0000,0x0000,0x0000,0x0000,0x0000,0x0000,0x0000,0x0000,0x0000,0x0000,0x0000,0x0000,0x0000,0x0000,0x0000,0x0000,0x0000,0x0000,0x0000,0x0000,0x0000,0x0000,0x0000,0x0000,0x0000,0x0000,0x0000,0x0000,0x0000,
0x0000,0x0000,0x0000,0x0000,0x0000,0x0000,0x0000,0x0000,0x0000,0x0000,0x0000,0x0000,0x0000,0x0000,0x0000,0x19e8,0x19e8,0x19e8,0x19e8,0x19e8,0x19e8,0x19e8,0x19e8,0x19e8,0x19e8,0x19e8,0x19e8,0x19e8,0x19e8,0x19e8,0x19e8,0x19e8,
0x19e8,0x19e8,0x19e8,0x19e8,0x19e8,0x19e8,0x19e8,0x19e8,0x19e8,0x19e8,0x19e8,0x19e8,0x19e8,0x19e8,0x19e8,0x19e8,0x19e8,0x0000,0x0000,0x0000,0x0000,0x0000,0x0000,0x0000,0x0000,0x0000,0x0000,0x0000,0x0000,0x0000,0x0000,0x0000,
0x0000,0x0000,0x0000,0x0000,0x0000,0x0000,0x0000,0x0000,0x0000,0x0000,0x0000,0x0000,0x0000,0x0000,0x0000,0x19e8,0x19e8,0x19e8,0x19e8,0x19e8,0x19e8,0x19e8,0x19e8,0x19e8,0x19e8,0x19e8,0x19e8,0x19e8,0x19e8,0x19e8,0x19e8,0x19e8,
0x19e8,0x19e8,0x19e8,0x19e8,0x19e8,0x19e8,0x19e8,0x19e8,0x19e8,0x19e8,0x19e8,0x19e8,0x19e8,0x19e8,0x19e8,0x19e8,0x19e8,0x0000,0x0000,0x0000,0x0000,0x0000,0x0000,0x0000,0x0000,0x0000,0x0000,0x0000,0x0000,0x0000,0x0000,0x0000,
0x0000,0x0000,0x0000,0x0000,0x0000,0x0000,0x0000,0x0000,0x0000,0x0000,0x0000,0x0000,0x0000,0x0000,0x0000,0x19e8,0x19e8,0xa6fa,0xa6fa,0xa6fa,0xa6fa,0xa6fa,0xa6fa,0xa6fa,0xa6fa,0xa6fa,0xa6fa,0xa6fa,0xa6fa,0xa6fa,0xa6fa,0xa6fa,
0xa6fa,0xa6fa,0xa6fa,0xa6fa,0xa6fa,0xa6fa,0xa6fa,0xa6fa,0xa6fa,0xa6fa,0xa6fa,0xa6fa,0xa6fa,0xa6fa,0xa6fa,0x19e8,0x19e8,0x0000,0x0000,0x0000,0x0000,0x0000,0x0000,0x0000,0x0000,0x0000,0x0000,0x0000,0x0000,0x0000,0x0000,0x0000,
0x0000,0x0000,0x0000,0x0000,0x0000,0x0000,0x0000,0x0000,0x0000,0x0000,0x0000,0x0000,0x0000,0x0000,0x0000,0x19e8,0x19e8,0xa6fa,0xa6fa,0xa6fa,0xa6fa,0xa6fa,0xa6fa,0xa6fa,0xa6fa,0xa6fa,0xa6fa,0xa6fa,0xa6fa,0xa6fa,0xa6fa,0xa6fa,
0xa6fa,0xa6fa,0xa6fa,0xa6fa,0xa6fa,0xa6fa,0xa6fa,0xa6fa,0xa6fa,0xa6fa,0xa6fa,0xa6fa,0xa6fa,0xa6fa,0xa6fa,0x19e8,0x19e8,0x0000,0x0000,0x0000,0x0000,0x0000,0x0000,0x0000,0x0000,0x0000,0x0000,0x0000,0x0000,0x0000,0x0000,0x0000,
0x0000,0x0000,0x0000,0x0000,0x0000,0x0000,0x0000,0x0000,0x0000,0x0000,0x0000,0x0000,0x0000,0x0000,0x0000,0x19e8,0x19e8,0xa6fa,0xa6fa,0xa6fa,0xa6fa,0xa6fa,0xa6fa,0xa6fa,0xa6fa,0xa6fa,0xa6fa,0xa6fa,0xa6fa,0xa6fa,0xa6fa,0xa6fa,
0xa6fa,0xa6fa,0xa6fa,0xa6fa,0xa6fa,0xa6fa,0xa6fa,0xa6fa,0xa6fa,0xa6fa,0xa6fa,0xa6fa,0xa6fa,0xa6fa,0xa6fa,0x19e8,0x19e8,0x0000,0x0000,0x0000,0x0000,0x0000,0x0000,0x0000,0x0000,0x0000,0x0000,0x0000,0x0000,0x0000,0x0000,0x0000,
0x0000,0x0000,0x0000,0x0000,0x0000,0x0000,0x0000,0x0000,0x0000,0x0000,0x0000,0x0000,0x0000,0x0000,0x0000,0x19e8,0x19e8,0xa6fa,0xa6fa,0xa6fa,0xa6fa,0xa6fa,0xa6fa,0xa6fa,0xa6fa,0xa6fa,0xa6fa,0xa6fa,0xa6fa,0xa6fa,0xa6fa,0xa6fa,
0xa6fa,0xa6fa,0xa6fa,0xa6fa,0xa6fa,0xa6fa,0xa6fa,0xa6fa,0xa6fa,0xa6fa,0xa6fa,0xa6fa,0xa6fa,0xa6fa,0xa6fa,0x19e8,0x19e8,0x0000,0x0000,0x0000,0x0000,0x0000,0x0000,0x0000,0x0000,0x0000,0x0000,0x0000,0x0000,0x0000,0x0000,0x0000,
0x0000,0x0000,0x0000,0x0000,0x0000,0x0000,0x0000,0x0000,0x0000,0x0000,0x0000,0x0000,0x0000,0x0000,0x0000,0x19e8,0x19e8,0xa6fa,0xa6fa,0xa6fa,0xa6fa,0x19e8,0x19e8,0x19e8,0x19e8,0x19e8,0x19e8,0x19e8,0x19e8,0x19e8,0x19e8,0x19e8,
0x19e8,0x19e8,0x19e8,0x19e8,0x19e8,0x19e8,0x19e8,0x19e8,0x19e8,0x19e8,0x19e8,0xa6fa,0xa6fa,0xa6fa,0xa6fa,0x19e8,0x19e8,0x0000,0x0000,0x0000,0x0000,0x0000,0x0000,0x0000,0x0000,0x0000,0x0000,0x0000,0x0000,0x0000,0x0000,0x0000,
0x0000,0x0000,0x0000,0x0000,0x0000,0x0000,0x0000,0x0000,0x0000,0x0000,0x0000,0x0000,0x0000,0x0000,0x0000,0x19e8,0x19e8,0xa6fa,0xa6fa,0xa6fa,0xa6fa,0x19e8,0x19e8,0x19e8,0x19e8,0x19e8,0x19e8,0x19e8,0x19e8,0x19e8,0x19e8,0x19e8,
0x19e8,0x19e8,0x19e8,0x19e8,0x19e8,0x19e8,0x19e8,0x19e8,0x19e8,0x19e8,0x19e8,0xa6fa,0xa6fa,0xa6fa,0xa6fa,0x19e8,0x19e8,0x0000,0x0000,0x0000,0x0000,0x0000,0x0000,0x0000,0x0000,0x0000,0x0000,0x0000,0x0000,0x0000,0x0000,0x0000,
0x0000,0x0000,0x0000,0x0000,0x0000,0x0000,0x0000,0x0000,0x0000,0x0000,0x0000,0x0000,0x0000,0x0000,0x0000,0x19e8,0x19e8,0xa6fa,0xa6fa,0xa6fa,0xa6fa,0x19e8,0x19e8,0x19e8,0x19e8,0x19e8,0x19e8,0x19e8,0x19e8,0x19e8,0x19e8,0x19e8,
0x19e8,0x19e8,0x19e8,0x19e8,0x19e8,0x19e8,0x19e8,0x19e8,0x19e8,0x19e8,0x19e8,0xa6fa,0xa6fa,0xa6fa,0xa6fa,0x19e8,0x19e8,0x0000,0x0000,0x0000,0x0000,0x0000,0x0000,0x0000,0x0000,0x0000,0x0000,0x0000,0x0000,0x0000,0x0000,0x0000,
0x0000,0x0000,0x0000,0x0000,0x0000,0x0000,0x0000,0x0000,0x0000,0x0000,0x0000,0x0000,0x0000,0x0000,0x0000,0x19e8,0x19e8,0xa6fa,0xa6fa,0xa6fa,0xa6fa,0x19e8,0x19e8,0x19e8,0xefdb,0xefdb,0xefdb,0xefdb,0x19e8,0x19e8,0x19e8,0x19e8,
0x19e8,0x19e8,0x19e8,0xefdb,0xefdb,0xefdb,0xefdb,0x19e8,0x19e8,0x19e8,0x19e8,0xa6fa,0xa6fa,0xa6fa,0xa6fa,0x19e8,0x19e8,0x0000,0x0000,0x0000,0x0000,0x0000,0x0000,0x0000,0x0000,0x0000,0x0000,0x0000,0x0000,0x0000,0x0000,0x0000,
0x0000,0x0000,0x0000,0x0000,0x0000,0x0000,0x0000,0x0000,0x0000,0x0000,0x0000,0x0000,0x0000,0x0000,0x0000,0x19e8,0x19e8,0xa6fa,0xa6fa,0xa6fa,0xa6fa,0x19e8,0x19e8,0x19e8,0xefdb,0xefdb,0xefdb,0xefdb,0x19e8,0x19e8,0x19e8,0x19e8,
0x19e8,0x19e8,0x19e8,0xefdb,0xefdb,0xefdb,0xefdb,0x19e8,0x19e8,0x19e8,0x19e8,0xa6fa,0xa6fa,0xa6fa,0xa6fa,0x19e8,0x19e8,0x0000,0x0000,0x0000,0x0000,0x0000,0x0000,0x0000,0x0000,0x0000,0x0000,0x0000,0x0000,0x0000,0x0000,0x0000,
0x0000,0x0000,0x0000,0x0000,0x0000,0x0000,0x0000,0x0000,0x0000,0x0000,0x0000,0x0000,0x0000,0x0000,0x0000,0x19e8,0x19e8,0xa6fa,0xa6fa,0xa6fa,0xa6fa,0x19e8,0x19e8,0x19e8,0xefdb,0xefdb,0xefdb,0xefdb,0x19e8,0x19e8,0x19e8,0x19e8,
0x19e8,0x19e8,0x19e8,0xefdb,0xefdb,0xefdb,0xefdb,0x19e8,0x19e8,0x19e8,0x19e8,0xa6fa,0xa6fa,0xa6fa,0xa6fa,0x19e8,0x19e8,0x0000,0x0000,0x0000,0x0000,0x0000,0x0000,0x0000,0x0000,0x0000,0x0000,0x0000,0x0000,0x0000,0x0000,0x0000,
0x0000,0x0000,0x0000,0x0000,0x0000,0x0000,0x0000,0x0000,0x0000,0x0000,0x0000,0x0000,0x0000,0x0000,0x0000,0x19e8,0x19e8,0xa6fa,0xa6fa,0xa6fa,0xa6fa,0x19e8,0x19e8,0x19e8,0xefdb,0xefdb,0xefdb,0xefdb,0x19e8,0x19e8,0x19e8,0x19e8,
0x19e8,0x19e8,0x19e8,0xefdb,0xefdb,0xefdb,0xefdb,0x19e8,0x19e8,0x19e8,0x19e8,0xa6fa,0xa6fa,0xa6fa,0xa6fa,0x19e8,0x19e8,0x0000,0x0000,0x0000,0x0000,0x0000,0x0000,0x0000,0x0000,0x0000,0x0000,0x0000,0x0000,0x0000,0x0000,0x0000,
0x0000,0x0000,0x0000,0x0000,0x0000,0x0000,0x0000,0x0000,0x0000,0x0000,0x0000,0x0000,0x0000,0x0000,0x0000,0x19e8,0x19e8,0xa6fa,0xa6fa,0xa6fa,0xa6fa,0x19e8,0x19e8,0x19e8,0xefdb,0xefdb,0xefdb,0xefdb,0x19e8,0x19e8,0x19e8,0x19e8,
0x19e8,0x19e8,0x19e8,0xefdb,0xefdb,0xefdb,0xefdb,0x19e8,0x19e8,0x19e8,0x19e8,0xa6fa,0xa6fa,0xa6fa,0xa6fa,0x19e8,0x19e8,0x0000,0x0000,0x0000,0x0000,0x0000,0x0000,0x0000,0x0000,0x0000,0x0000,0x0000,0x0000,0x0000,0x0000,0x0000,
0x0000,0x0000,0x0000,0x0000,0x0000,0x0000,0x0000,0x0000,0x0000,0x0000,0x0000,0x0000,0x0000,0x0000,0x0000,0x19e8,0x19e8,0xa6fa,0xa6fa,0xa6fa,0xa6fa,0x19e8,0x19e8,0x19e8,0xefdb,0xefdb,0xefdb,0xefdb,0x19e8,0x19e8,0x19e8,0x19e8,
0x19e8,0x19e8,0x19e8,0xefdb,0xefdb,0xefdb,0xefdb,0x19e8,0x19e8,0x19e8,0x19e8,0xa6fa,0xa6fa,0xa6fa,0xa6fa,0x19e8,0x19e8,0x0000,0x0000,0x0000,0x0000,0x0000,0x0000,0x0000,0x0000,0x0000,0x0000,0x0000,0x0000,0x0000,0x0000,0x0000,
0x0000,0x0000,0x0000,0x0000,0x0000,0x0000,0x0000,0x0000,0x0000,0x0000,0x0000,0x0000,0x0000,0x0000,0x0000,0x19e8,0x19e8,0xa6fa,0xa6fa,0xa6fa,0xa6fa,0x19e8,0x19e8,0x19e8,0xefdb,0xefdb,0xefdb,0xefdb,0x19e8,0x19e8,0x19e8,0x19e8,
0x19e8,0x19e8,0x19e8,0xefdb,0xefdb,0xefdb,0xefdb,0x19e8,0x19e8,0x19e8,0x19e8,0xa6fa,0xa6fa,0xa6fa,0xa6fa,0x19e8,0x19e8,0x0000,0x0000,0x0000,0x0000,0x0000,0x0000,0x0000,0x0000,0x0000,0x0000,0x0000,0x0000,0x0000,0x0000,0x0000,
0x0000,0x0000,0x0000,0x0000,0x0000,0x0000,0x0000,0x0000,0x0000,0x0000,0x0000,0x0000,0x0000,0x0000,0x0000,0x19e8,0x19e8,0xa6fa,0xa6fa,0xa6fa,0xa6fa,0x19e8,0x19e8,0x19e8,0x19e8,0x19e8,0x19e8,0x19e8,0x19e8,0x19e8,0x19e8,0x19e8,
0x19e8,0x19e8,0x19e8,0x19e8,0x19e8,0x19e8,0x19e8,0x19e8,0x19e8,0x19e8,0x19e8,0xa6fa,0xa6fa,0xa6fa,0xa6fa,0x19e8,0x19e8,0x0000,0x0000,0x0000,0x0000,0x0000,0x0000,0x0000,0x0000,0x0000,0x0000,0x0000,0x0000,0x0000,0x0000,0x0000,
0x0000,0x0000,0x0000,0x0000,0x0000,0x0000,0x0000,0x0000,0x0000,0x0000,0x0000,0x0000,0x0000,0x0000,0x0000,0x19e8,0x19e8,0xa6fa,0xa6fa,0xa6fa,0xa6fa,0x19e8,0x19e8,0x19e8,0x19e8,0x19e8,0x19e8,0x19e8,0x19e8,0x19e8,0x19e8,0x19e8,
0x19e8,0x19e8,0x19e8,0x19e8,0x19e8,0x19e8,0x19e8,0x19e8,0x19e8,0x19e8,0x19e8,0xa6fa,0xa6fa,0xa6fa,0xa6fa,0x19e8,0x19e8,0x0000,0x0000,0x0000,0x0000,0x0000,0x0000,0x0000,0x0000,0x0000,0x0000,0x0000,0x0000,0x0000,0x0000,0x0000,
0x0000,0x0000,0x0000,0x0000,0x0000,0x0000,0x0000,0x0000,0x0000,0x0000,0x0000,0x0000,0x0000,0x0000,0x0000,0x19e8,0x19e8,0xa6fa,0xa6fa,0xa6fa,0xa6fa,0x19e8,0x19e8,0x19e8,0x19e8,0x19e8,0x19e8,0x19e8,0x19e8,0x19e8,0x19e8,0x19e8,
0x19e8,0x19e8,0x19e8,0x19e8,0x19e8,0x19e8,0x19e8,0x19e8,0x19e8,0x19e8,0x19e8,0xa6fa,0xa6fa,0xa6fa,0xa6fa,0x19e8,0x19e8,0x0000,0x0000,0x0000,0x0000,0x0000,0x0000,0x0000,0x0000,0x0000,0x0000,0x0000,0x0000,0x0000,0x0000,0x0000,
0x0000,0x0000,0x0000,0x0000,0x0000,0x0000,0x0000,0x0000,0x0000,0x0000,0x0000,0x0000,0x0000,0x0000,0x0000,0x19e8,0x19e8,0xa6fa,0xa6fa,0xa6fa,0xa6fa,0x19e8,0x19e8,0x19e8,0x19e8,0x19e8,0x19e8,0x19e8,0x19e8,0x19e8,0x19e8,0x19e8,
0x19e8,0x19e8,0x19e8,0x19e8,0x19e8,0x19e8,0x19e8,0x19e8,0x19e8,0x19e8,0x19e8,0xa6fa,0xa6fa,0xa6fa,0xa6fa,0x19e8,0x19e8,0x0000,0x0000,0x0000,0x0000,0x0000,0x0000,0x0000,0x0000,0x0000,0x0000,0x0000,0x0000,0x0000,0x0000,0x0000,
0x0000,0x0000,0x0000,0x0000,0x0000,0x0000,0x0000,0x0000,0x0000,0x0000,0x0000,0x0000,0x0000,0x0000,0x0000,0x19e8,0x19e8,0xa6fa,0xa6fa,0xa6fa,0xa6fa,0xa6fa,0xa6fa,0xa6fa,0xa6fa,0xa6fa,0xa6fa,0xa6fa,0xa6fa,0xa6fa,0xa6fa,0xa6fa,
0xa6fa,0xa6fa,0xa6fa,0xa6fa,0xa6fa,0xa6fa,0xa6fa,0xa6fa,0xa6fa,0xa6fa,0xa6fa,0xa6fa,0xa6fa,0xa6fa,0xa6fa,0x19e8,0x19e8,0x0000,0x0000,0x0000,0x0000,0x0000,0x0000,0x0000,0x0000,0x0000,0x0000,0x0000,0x0000,0x0000,0x0000,0x0000,
0x0000,0x0000,0x0000,0x0000,0x0000,0x0000,0x0000,0x0000,0x0000,0x0000,0x0000,0x0000,0x0000,0x0000,0x0000,0x19e8,0x19e8,0xa6fa,0xa6fa,0xa6fa,0xa6fa,0xa6fa,0xa6fa,0xa6fa,0xa6fa,0xa6fa,0xa6fa,0x19e8,0x19e8,0x19e8,0x19e8,0x19e8,
0x19e8,0x19e8,0x19e8,0x19e8,0x19e8,0xa6fa,0xa6fa,0xa6fa,0xa6fa,0xa6fa,0xa6fa,0xa6fa,0xa6fa,0xa6fa,0xa6fa,0x19e8,0x19e8,0x0000,0x0000,0x0000,0x0000,0x0000,0x0000,0x0000,0x0000,0x0000,0x0000,0x0000,0x0000,0x0000,0x0000,0x0000,
0x0000,0x0000,0x0000,0x0000,0x0000,0x0000,0x0000,0x0000,0x0000,0x0000,0x0000,0x0000,0x0000,0x0000,0x0000,0x19e8,0x19e8,0xa6fa,0xa6fa,0xa6fa,0xa6fa,0xa6fa,0xa6fa,0xa6fa,0xa6fa,0xa6fa,0xa6fa,0x19e8,0x19e8,0x19e8,0x19e8,0x19e8,
0x19e8,0x19e8,0x19e8,0x19e8,0x19e8,0xa6fa,0xa6fa,0xa6fa,0xa6fa,0xa6fa,0xa6fa,0xa6fa,0xa6fa,0xa6fa,0xa6fa,0x19e8,0x19e8,0x0000,0x0000,0x0000,0x0000,0x0000,0x0000,0x0000,0x0000,0x0000,0x0000,0x0000,0x0000,0x0000,0x0000,0x0000,
0x0000,0x0000,0x0000,0x0000,0x0000,0x0000,0x0000,0x0000,0x0000,0x0000,0x0000,0x0000,0x0000,0x0000,0x0000,0x19e8,0x19e8,0xa6fa,0xa6fa,0xa6fa,0xa6fa,0xa6fa,0xa6fa,0xa6fa,0xa6fa,0xa6fa,0xa6fa,0xa6fa,0xa6fa,0xa6fa,0xa6fa,0xa6fa,
0xa6fa,0xa6fa,0xa6fa,0xa6fa,0xa6fa,0xa6fa,0xa6fa,0xa6fa,0xa6fa,0xa6fa,0xa6fa,0xa6fa,0xa6fa,0xa6fa,0xa6fa,0x19e8,0x19e8,0x0000,0x0000,0x0000,0x0000,0x0000,0x0000,0x0000,0x0000,0x0000,0x0000,0x0000,0x0000,0x0000,0x0000,0x0000,
0x0000,0x0000,0x0000,0x0000,0x0000,0x0000,0x0000,0x0000,0x0000,0x0000,0x0000,0x0000,0x0000,0x0000,0x0000,0x19e8,0x19e8,0xa6fa,0xa6fa,0xa6fa,0xa6fa,0xa6fa,0xa6fa,0xa6fa,0xa6fa,0xa6fa,0xa6fa,0xa6fa,0xa6fa,0xa6fa,0xa6fa,0xa6fa,
0xa6fa,0xa6fa,0xa6fa,0xa6fa,0xa6fa,0xa6fa,0xa6fa,0xa6fa,0xa6fa,0xa6fa,0xa6fa,0xa6fa,0xa6fa,0xa6fa,0xa6fa,0x19e8,0x19e8,0x0000,0x0000,0x0000,0x0000,0x0000,0x0000,0x0000,0x0000,0x0000,0x0000,0x0000,0x0000,0x0000,0x0000,0x0000,
0x0000,0x0000,0x0000,0x0000,0x0000,0x0000,0x0000,0x0000,0x0000,0x0000,0x0000,0x0000,0x0000,0x0000,0x0000,0x19e8,0x19e8,0x19e8,0x19e8,0x19e8,0x19e8,0x19e8,0x19e8,0x19e8,0x19e8,0x19e8,0x19e8,0x19e8,0x19e8,0x19e8,0x19e8,0x19e8,
0x19e8,0x19e8,0x19e8,0x19e8,0x19e8,0x19e8,0x19e8,0x19e8,0x19e8,0x19e8,0x19e8,0x19e8,0x19e8,0x19e8,0x19e8,0x19e8,0x19e8,0x0000,0x0000,0x0000,0x0000,0x0000,0x0000,0x0000,0x0000,0x0000,0x0000,0x0000,0x0000,0x0000,0x0000,0x0000,
0x0000,0x0000,0x0000,0x0000,0x0000,0x0000,0x0000,0x0000,0x0000,0x0000,0x0000,0x0000,0x0000,0x0000,0x0000,0x19e8,0x19e8,0x19e8,0x19e8,0x19e8,0x19e8,0x19e8,0x19e8,0x19e8,0x19e8,0x19e8,0x19e8,0x19e8,0x19e8,0x19e8,0x19e8,0x19e8,
0x19e8,0x19e8,0x19e8,0x19e8,0x19e8,0x19e8,0x19e8,0x19e8,0x19e8,0x19e8,0x19e8,0x19e8,0x19e8,0x19e8,0x19e8,0x19e8,0x19e8,0x0000,0x0000,0x0000,0x0000,0x0000,0x0000,0x0000,0x0000,0x0000,0x0000,0x0000,0x0000,0x0000,0x0000,0x0000,
0x0000,0x0000,0x0000,0x0000,0x0000,0x0000,0x0000,0x0000,0x0000,0x0000,0x0000,0x0000,0x0000,0x0000,0x0000,0x0000,0x0000,0x0000,0x0000,0x0000,0x0000,0x19e8,0x19e8,0x19e8,0x19e8,0x19e8,0x19e8,0x19e8,0x19e8,0x19e8,0x19e8,0x19e8,
0x19e8,0x19e8,0x19e8,0x19e8,0x19e8,0x19e8,0x19e8,0x19e8,0x19e8,0x19e8,0x19e8,0x0000,0x0000,0x0000,0x0000,0x0000,0x0000,0x0000,0x0000,0x0000,0x0000,0x0000,0x0000,0x0000,0x0000,0x0000,0x0000,0x0000,0x0000,0x0000,0x0000,0x0000,
0x0000,0x0000,0x0000,0x0000,0x0000,0x0000,0x0000,0x0000,0x0000,0x0000,0x0000,0x0000,0x0000,0x0000,0x0000,0x0000,0x0000,0x0000,0x0000,0x0000,0x0000,0x19e8,0x19e8,0x19e8,0x19e8,0x19e8,0x19e8,0x19e8,0x19e8,0x19e8,0x19e8,0x19e8,
0x19e8,0x19e8,0x19e8,0x19e8,0x19e8,0x19e8,0x19e8,0x19e8,0x19e8,0x19e8,0x19e8,0x0000,0x0000,0x0000,0x0000,0x0000,0x0000,0x0000,0x0000,0x0000,0x0000,0x0000,0x0000,0x0000,0x0000,0x0000,0x0000,0x0000,0x0000,0x0000,0x0000,0x0000,
0x0000,0x0000,0x0000,0x0000,0x0000,0x0000,0x0000,0x0000,0x0000,0x0000,0x0000,0x0000,0x0000,0x0000,0x0000,0x0000,0x0000,0x0000,0x0000,0x0000,0x0000,0x19e8,0x19e8,0xa6fa,0xa6fa,0xa6fa,0xa6fa,0xa6fa,0xa6fa,0xa6fa,0xa6fa,0xa6fa,
0xa6fa,0xa6fa,0xa6fa,0xa6fa,0xa6fa,0xa6fa,0xa6fa,0xa6fa,0xa6fa,0x19e8,0x19e8,0x0000,0x0000,0x0000,0x0000,0x0000,0x0000,0x0000,0x0000,0x0000,0x0000,0x0000,0x0000,0x0000,0x0000,0x0000,0x0000,0x0000,0x0000,0x0000,0x0000,0x0000,
0x0000,0x0000,0x0000,0x0000,0x0000,0x0000,0x0000,0x0000,0x0000,0xa6fa,0xa6fa,0xa6fa,0xa6fa,0xa6fa,0x0000,0x0000,0x0000,0x0000,0x0000,0x0000,0x0000,0x19e8,0x19e8,0xa6fa,0xa6fa,0xa6fa,0xa6fa,0xa6fa,0xa6fa,0xa6fa,0xa6fa,0xa6fa,
0xa6fa,0xa6fa,0xa6fa,0xa6fa,0xa6fa,0xa6fa,0xa6fa,0xa6fa,0xa6fa,0x19e8,0x19e8,0x0000,0x0000,0x0000,0x0000,0x0000,0x0000,0x0000,0xa6fa,0xa6fa,0xa6fa,0xa6fa,0xa6fa,0x0000,0x0000,0x0000,0x0000,0x0000,0x0000,0x0000,0x0000,0x0000,
0x0000,0x0000,0x0000,0x0000,0x0000,0x0000,0x0000,0x0000,0x0000,0xa6fa,0xa6fa,0xa6fa,0xa6fa,0xa6fa,0x0000,0x0000,0x0000,0x0000,0x0000,0x0000,0x0000,0x19e8,0x19e8,0xa6fa,0xa6fa,0xa6fa,0xa6fa,0xa6fa,0xa6fa,0xa6fa,0xa6fa,0xa6fa,
0xa6fa,0xa6fa,0xa6fa,0xa6fa,0xa6fa,0xa6fa,0xa6fa,0xa6fa,0xa6fa,0x19e8,0x19e8,0x0000,0x0000,0x0000,0x0000,0x0000,0x0000,0x0000,0xa6fa,0xa6fa,0xa6fa,0xa6fa,0xa6fa,0x0000,0x0000,0x0000,0x0000,0x0000,0x0000,0x0000,0x0000,0x0000,
0x0000,0x0000,0x0000,0x0000,0x0000,0x0000,0x0000,0x0000,0x0000,0xa6fa,0xa6fa,0xa6fa,0xa6fa,0xa6fa,0x0000,0x0000,0x0000,0x0000,0x0000,0x0000,0x0000,0x19e8,0x19e8,0xa6fa,0xa6fa,0xa6fa,0xa6fa,0xa6fa,0xa6fa,0xa6fa,0xa6fa,0xa6fa,
0xa6fa,0xa6fa,0xa6fa,0xa6fa,0xa6fa,0xa6fa,0xa6fa,0xa6fa,0xa6fa,0x19e8,0x19e8,0x0000,0x0000,0x0000,0x0000,0x0000,0x0000,0x0000,0xa6fa,0xa6fa,0xa6fa,0xa6fa,0xa6fa,0x0000,0x0000,0x0000,0x0000,0x0000,0x0000,0x0000,0x0000,0x0000,
0x0000,0x0000,0x0000,0x0000,0x0000,0x0000,0x0000,0x0000,0x0000,0xa6fa,0xa6fa,0xa6fa,0xa6fa,0xa6fa,0x0000,0x0000,0x0000,0x0000,0x0000,0x0000,0x0000,0x19e8,0x19e8,0xa6fa,0xa6fa,0xa6fa,0xa6fa,0xa6fa,0xa6fa,0xa6fa,0xa6fa,0xa6fa,
0xa6fa,0xa6fa,0xa6fa,0xa6fa,0xa6fa,0xa6fa,0xa6fa,0xa6fa,0xa6fa,0x19e8,0x19e8,0x0000,0x0000,0x0000,0x0000,0x0000,0x0000,0x0000,0xa6fa,0xa6fa,0xa6fa,0xa6fa,0xa6fa,0x0000,0x0000,0x0000,0x0000,0x0000,0x0000,0x0000,0x0000,0x0000,
0x0000,0x0000,0x0000,0x0000,0x0000,0x0000,0x0000,0x0000,0x0000,0xa6fa,0xa6fa,0xa6fa,0xa6fa,0xa6fa,0x0000,0x0000,0x0000,0x0000,0x0000,0x0000,0x0000,0x19e8,0x19e8,0xa6fa,0xa6fa,0xa6fa,0xa6fa,0xa6fa,0xa6fa,0xa6fa,0xa6fa,0xa6fa,
0xa6fa,0xa6fa,0xa6fa,0xa6fa,0xa6fa,0xa6fa,0xa6fa,0xa6fa,0xa6fa,0x19e8,0x19e8,0x0000,0x0000,0x0000,0x0000,0x0000,0x0000,0x0000,0xa6fa,0xa6fa,0xa6fa,0xa6fa,0xa6fa,0x0000,0x0000,0x0000,0x0000,0x0000,0x0000,0x0000,0x0000,0x0000,
0x0000,0x0000,0x0000,0x0000,0x0000,0x0000,0x0000,0x0000,0x0000,0xa6fa,0xa6fa,0xa6fa,0xa6fa,0xa6fa,0x0000,0x0000,0x0000,0x0000,0x0000,0x0000,0x0000,0x19e8,0x19e8,0xa6fa,0xa6fa,0xa6fa,0xa6fa,0xa6fa,0xa6fa,0xa6fa,0xa6fa,0xa6fa,
0xa6fa,0xa6fa,0xa6fa,0xa6fa,0xa6fa,0xa6fa,0xa6fa,0xa6fa,0xa6fa,0x19e8,0x19e8,0x0000,0x0000,0x0000,0x0000,0x0000,0x0000,0x0000,0xa6fa,0xa6fa,0xa6fa,0xa6fa,0xa6fa,0x0000,0x0000,0x0000,0x0000,0x0000,0x0000,0x0000,0x0000,0x0000,
0x0000,0x0000,0x0000,0x0000,0x0000,0x0000,0x0000,0x0000,0x0000,0xa6fa,0xa6fa,0xa6fa,0xa6fa,0xa6fa,0x0000,0x0000,0x0000,0x0000,0x0000,0x0000,0x0000,0x19e8,0x19e8,0xa6fa,0xa6fa,0xa6fa,0xa6fa,0xa6fa,0xa6fa,0xa6fa,0xa6fa,0xa6fa,
0xa6fa,0xa6fa,0xa6fa,0xa6fa,0xa6fa,0xa6fa,0xa6fa,0xa6fa,0xa6fa,0x19e8,0x19e8,0x0000,0x0000,0x0000,0x0000,0x0000,0x0000,0x0000,0xa6fa,0xa6fa,0xa6fa,0xa6fa,0xa6fa,0x0000,0x0000,0x0000,0x0000,0x0000,0x0000,0x0000,0x0000,0x0000,
0x0000,0x0000,0x0000,0x0000,0x0000,0x0000,0x0000,0x0000,0x0000,0xa6fa,0xa6fa,0xa6fa,0xa6fa,0xa6fa,0x0000,0x0000,0x0000,0x0000,0x0000,0x0000,0x0000,0x19e8,0x19e8,0x19e8,0x19e8,0x19e8,0x19e8,0x19e8,0x19e8,0x19e8,0x19e8,0x19e8,
0x19e8,0x19e8,0x19e8,0x19e8,0x19e8,0x19e8,0x19e8,0x19e8,0x19e8,0x19e8,0x19e8,0x0000,0x0000,0x0000,0x0000,0x0000,0x0000,0x0000,0xa6fa,0xa6fa,0xa6fa,0xa6fa,0xa6fa,0x0000,0x0000,0x0000,0x0000,0x0000,0x0000,0x0000,0x0000,0x0000,
0x0000,0x0000,0x0000,0x0000,0x0000,0x0000,0x0000,0x0000,0x0000,0xa6fa,0xa6fa,0xa6fa,0xa6fa,0xa6fa,0x0000,0x0000,0x0000,0x0000,0x0000,0x0000,0x0000,0x19e8,0x19e8,0x19e8,0x19e8,0x19e8,0x19e8,0x19e8,0x19e8,0x19e8,0x19e8,0x19e8,
0x19e8,0x19e8,0x19e8,0x19e8,0x19e8,0x19e8,0x19e8,0x19e8,0x19e8,0x19e8,0x19e8,0x0000,0x0000,0x0000,0x0000,0x0000,0x0000,0x0000,0xa6fa,0xa6fa,0xa6fa,0xa6fa,0xa6fa,0x0000,0x0000,0x0000,0x0000,0x0000,0x0000,0x0000,0x0000,0x0000,
0x0000,0x0000,0x0000,0x0000,0x0000,0x0000,0x0000,0x0000,0x0000,0x0000,0x0000,0x0000,0x0000,0x0000,0x0000,0x0000,0x0000,0x0000,0x0000,0x0000,0x0000,0x0000,0x0000,0x0000,0x0000,0x0000,0x0000,0x0000,0x0000,0x0000,0x0000,0x0000,
0x0000,0x0000,0x0000,0x0000,0x0000,0x0000,0x0000,0x0000,0x0000,0x0000,0x0000,0x0000,0x0000,0x0000,0x0000,0x0000,0x0000,0x0000,0x0000,0x0000,0x0000,0x0000,0x0000,0x0000,0x0000,0x0000,0x0000,0x0000,0x0000,0x0000,0x0000,0x0000,
0x0000,0x0000,0x0000,0x0000,0x0000,0x0000,0x0000,0x0000,0x0000,0x0000,0x0000,0x0000,0x0000,0x0000,0x0000,0x0000,0x0000,0x0000,0x0000,0x0000,0x0000,0x0000,0x0000,0x0000,0x0000,0x0000,0xa6fa,0xa6fa,0xa6fa,0xa6fa,0x0000,0x0000,
0x0000,0x0000,0xa6fa,0xa6fa,0xa6fa,0xa6fa,0x0000,0x0000,0x0000,0x0000,0x0000,0x0000,0x0000,0x0000,0x0000,0x0000,0x0000,0x0000,0x0000,0x0000,0x0000,0x0000,0x0000,0x0000,0x0000,0x0000,0x0000,0x0000,0x0000,0x0000,0x0000,0x0000,
0x0000,0x0000,0x0000,0x0000,0x0000,0x0000,0x0000,0x0000,0x0000,0x0000,0x0000,0x0000,0x0000,0x0000,0x0000,0x0000,0x0000,0x0000,0x0000,0x0000,0x0000,0x0000,0x0000,0x0000,0x0000,0x0000,0xa6fa,0xa6fa,0xa6fa,0xa6fa,0x0000,0x0000,
0x0000,0x0000,0xa6fa,0xa6fa,0xa6fa,0xa6fa,0x0000,0x0000,0x0000,0x0000,0x0000,0x0000,0x0000,0x0000,0x0000,0x0000,0x0000,0x0000,0x0000,0x0000,0x0000,0x0000,0x0000,0x0000,0x0000,0x0000,0x0000,0x0000,0x0000,0x0000,0x0000,0x0000,
0x0000,0x0000,0x0000,0x0000,0x0000,0x0000,0x0000,0x0000,0x0000,0x0000,0x0000,0x0000,0x0000,0x0000,0x0000,0x0000,0x0000,0x0000,0x0000,0x0000,0x0000,0x0000,0x0000,0x0000,0x0000,0x0000,0xa6fa,0xa6fa,0xa6fa,0xa6fa,0x0000,0x0000,
0x0000,0x0000,0xa6fa,0xa6fa,0xa6fa,0xa6fa,0x0000,0x0000,0x0000,0x0000,0x0000,0x0000,0x0000,0x0000,0x0000,0x0000,0x0000,0x0000,0x0000,0x0000,0x0000,0x0000,0x0000,0x0000,0x0000,0x0000,0x0000,0x0000,0x0000,0x0000,0x0000,0x0000,
0x0000,0x0000,0x0000,0x0000,0x0000,0x0000,0x0000,0x0000,0x0000,0x0000,0x0000,0x0000,0x0000,0x0000,0x0000,0x0000,0x0000,0x0000,0x0000,0x0000,0x0000,0x0000,0x0000,0x0000,0x0000,0x0000,0xa6fa,0xa6fa,0xa6fa,0xa6fa,0x0000,0x0000,
0x0000,0x0000,0xa6fa,0xa6fa,0xa6fa,0xa6fa,0x0000,0x0000,0x0000,0x0000,0x0000,0x0000,0x0000,0x0000,0x0000,0x0000,0x0000,0x0000,0x0000,0x0000,0x0000,0x0000,0x0000,0x0000,0x0000,0x0000,0x0000,0x0000,0x0000,0x0000,0x0000,0x0000,
0x0000,0x0000,0x0000,0x0000,0x0000,0x0000,0x0000,0x0000,0x0000,0x0000,0x0000,0x0000,0x0000,0x0000,0x0000,0x0000,0x0000,0x0000,0x0000,0x0000,0x0000,0x0000,0x0000,0x0000,0x0000,0x0000,0x0000,0x0000,0x0000,0x0000,0x0000,0x0000,
0x0000,0x0000,0x0000,0x0000,0x0000,0x0000,0x0000,0x0000,0x0000,0x0000,0x0000,0x0000,0x0000,0x0000,0x0000,0x0000,0x0000,0x0000,0x0000,0x0000,0x0000,0x0000,0x0000,0x0000,0x0000,0x0000,0x0000,0x0000,0x0000,0x0000,0x0000,0x0000,
0x0000,0x0000,0x0000,0x0000,0x0000,0x0000,0x0000,0x0000,0x0000,0x0000,0x0000,0x0000,0x0000,0x0000,0x0000,0x0000,0x0000,0x0000,0x0000,0x0000,0x0000,0x0000,0x0000,0x0000,0x0000,0x0000,0x0000,0x0000,0x0000,0x0000,0x0000,0x0000,
0x0000,0x0000,0x0000,0x0000,0x0000,0x0000,0x0000,0x0000,0x0000,0x0000,0x0000,0x0000,0x0000,0x0000,0x0000,0x0000,0x0000,0x0000,0x0000,0x0000,0x0000,0x0000,0x0000,0x0000,0x0000,0x0000,0x0000,0x0000,0x0000,0x0000,0x0000,0x0000,
0x0000,0x0000,0x0000,0x0000,0x0000,0x0000,0x0000,0x0000,0x0000,0x0000,0x0000,0x0000,0x0000,0x0000,0x0000,0x0000,0x0000,0x0000,0x0000,0x0000,0x0000,0x0000,0x0000,0x0000,0x0000,0x0000,0x0000,0x0000,0x0000,0x0000,0x0000,0x0000,
0x0000,0x0000,0x0000,0x0000,0x0000,0x0000,0x0000,0x0000,0x0000,0x0000,0x0000,0x0000,0x0000,0x0000,0x0000,0x0000,0x0000,0x0000,0x0000,0x0000,0x0000,0x0000,0x0000,0x0000,0x0000,0x0000,0x0000,0x0000,0x0000,0x0000,0x0000,0x0000,
0x0000,0x0000,0x0000,0x0000,0x0000,0x0000,0x0000,0x0000,0x0000,0x0000,0x0000,0x0000,0x0000,0x0000,0x0000,0x0000,0x0000,0x0000,0x0000,0x0000,0x0000,0x0000,0x0000,0x0000,0x0000,0x0000,0x0000,0x0000,0x0000,0x0000,0x0000,0x0000,
0x0000,0x0000,0x0000,0x0000,0x0000,0x0000,0x0000,0x0000,0x0000,0x0000,0x0000,0x0000,0x0000,0x0000,0x0000,0x0000,0x0000,0x0000,0x0000,0x0000,0x0000,0x0000,0x0000,0x0000,0x0000,0x0000,0x0000,0x0000,0x0000,0x0000,0x0000,0x0000,
0x0000,0x0000,0x0000,0x0000,0x0000,0x0000,0x0000,0x0000,0x0000,0x0000,0x0000,0x0000,0x0000,0x0000,0x0000,0x0000,0x0000,0x0000,0x0000,0x0000,0x0000,0x0000,0x0000,0x0000,0x0000,0x0000,0x0000,0x0000,0x0000,0x0000,0x0000,0x0000,
0x0000,0x0000,0x0000,0x0000,0x0000,0x0000,0x0000,0x0000,0x0000,0x0000,0x0000,0x0000,0x0000,0x0000,0x0000,0x0000,0x0000,0x0000,0x0000,0x0000,0x0000,0x0000,0x0000,0x0000,0x0000,0x0000,0x0000,0x0000,0x0000,0x0000,0x0000,0x0000,
0x0000,0x0000,0x0000,0x0000,0x0000,0x0000,0x0000,0x0000,0x0000,0x0000,0x0000,0x0000,0x0000,0x0000,0x0000,0x0000,0x0000,0x0000,0x0000,0x0000,0x0000,0x0000,0x0000,0x0000,0x0000,0x0000,0x0000,0x0000,0x0000,0x0000,0x0000,0x0000,
0x0000,0x0000,0x0000,0x0000,0x0000,0x0000,0x0000,0x0000,0x0000,0x0000,0x0000,0x0000,0x0000,0x0000,0x0000,0x0000,0x0000,0x0000,0x0000,0x0000,0x0000,0x0000,0x0000,0x0000,0x0000,0x0000,0x0000,0x0000,0x0000,0x0000,0x0000,0x0000,
};
static const uint16_t frame_19[4096] = {
0x0000,0x0000,0x0000,0x0000,0x0000,0x0000,0x0000,0x0000,0x0000,0x0000,0x0000,0x0000,0x0000,0x0000,0x0000,0x0000,0x0000,0x0000,0x0000,0x0000,0x0000,0x0000,0x0000,0x0000,0x0000,0x0000,0x0000,0x0000,0x0000,0x0000,0x0000,0x0000,
0x0000,0x0000,0x0000,0x0000,0x0000,0x0000,0x0000,0x0000,0x0000,0x0000,0x0000,0x0000,0x0000,0x0000,0x0000,0x0000,0x0000,0x0000,0x0000,0x0000,0x0000,0x0000,0x0000,0x0000,0x0000,0x0000,0x0000,0x0000,0x0000,0x0000,0x0000,0x0000,
0x0000,0x0000,0x0000,0x0000,0x0000,0x0000,0x0000,0x0000,0x0000,0x0000,0x0000,0x0000,0x0000,0x0000,0x0000,0x0000,0x0000,0x0000,0x0000,0x0000,0x0000,0x0000,0x0000,0x0000,0x0000,0x0000,0x0000,0x0000,0x0000,0x0000,0x0000,0x0000,
0x0000,0x0000,0x0000,0x0000,0x0000,0x0000,0x0000,0x0000,0x0000,0x0000,0x0000,0x0000,0x0000,0x0000,0x0000,0x0000,0x0000,0x0000,0x0000,0x0000,0x0000,0x0000,0x0000,0x0000,0x0000,0x0000,0x0000,0x0000,0x0000,0x0000,0x0000,0x0000,
0x0000,0x0000,0x0000,0x0000,0x0000,0x0000,0x0000,0x0000,0x0000,0x0000,0x0000,0x0000,0x0000,0x0000,0x0000,0x0000,0x0000,0x0000,0x0000,0x0000,0x0000,0x0000,0x0000,0x0000,0x0000,0x0000,0x0000,0x0000,0x0000,0x0000,0x0000,0x0000,
0x0000,0x0000,0x0000,0x0000,0x0000,0x0000,0x0000,0x0000,0x0000,0x0000,0x0000,0x0000,0x0000,0x0000,0x0000,0x0000,0x0000,0x0000,0x0000,0x0000,0x0000,0x0000,0x0000,0x0000,0x0000,0x0000,0x0000,0x0000,0x0000,0x0000,0x0000,0x0000,
0x0000,0x0000,0x0000,0x0000,0x0000,0x0000,0x0000,0x0000,0x0000,0x0000,0x0000,0x0000,0x19e8,0x19e8,0x19e8,0x0000,0x0000,0x0000,0x0000,0x0000,0x0000,0x0000,0x0000,0x0000,0xfeb2,0xfeb2,0xfeb2,0x0000,0x0000,0x0000,0x0000,0x0000,
0x0000,0x0000,0x0000,0x0000,0x19e8,0x19e8,0x19e8,0x0000,0x0000,0x0000,0x0000,0x0000,0x0000,0x0000,0x0000,0x0000,0x19e8,0x19e8,0x19e8,0x0000,0x0000,0x0000,0x0000,0x0000,0x0000,0x0000,0x0000,0x0000,0x0000,0x0000,0x0000,0x0000,
0x0000,0x0000,0x0000,0x0000,0x0000,0x0000,0x0000,0x0000,0x0000,0x0000,0x0000,0x0000,0x19e8,0x19e8,0x19e8,0x0000,0x0000,0x0000,0x0000,0x0000,0x0000,0x0000,0x0000,0x0000,0xfeb2,0xfeb2,0xfeb2,0x0000,0x0000,0x0000,0x0000,0x0000,
0x0000,0x0000,0x0000,0x0000,0x19e8,0x19e8,0x19e8,0x0000,0x0000,0x0000,0x0000,0x0000,0x0000,0x0000,0x0000,0x0000,0x19e8,0x19e8,0x19e8,0x0000,0x0000,0x0000,0x0000,0x0000,0x0000,0x0000,0x0000,0x0000,0x0000,0x0000,0x0000,0x0000,
0x0000,0x0000,0x0000,0x0000,0x0000,0x0000,0x0000,0x0000,0x0000,0x0000,0x0000,0x0000,0x19e8,0x19e8,0x19e8,0x0000,0x0000,0x0000,0x0000,0x0000,0x0000,0x0000,0x0000,0x0000,0xfeb2,0xfeb2,0xfeb2,0x0000,0x0000,0x0000,0x0000,0x0000,
0x0000,0x0000,0x0000,0x0000,0x19e8,0x19e8,0x19e8,0x0000,0x0000,0x0000,0x0000,0x0000,0x0000,0x0000,0x0000,0x0000,0x19e8,0x19e8,0x19e8,0x0000,0x0000,0x0000,0x0000,0x0000,0x0000,0x0000,0x0000,0x0000,0x0000,0x0000,0x0000,0x0000,
0x0000,0x0000,0x0000,0x0000,0x0000,0x0000,0x0000,0x0000,0x0000,0x0000,0x0000,0x0000,0x0000,0x0000,0x0000,0x0000,0x0000,0x0000,0x0000,0x0000,0x0000,0x0000,0x0000,0x0000,0x0000,0x0000,0x0000,0xfeb2,0xfeb2,0xfeb2,0xfeb2,0xfeb2,
0xfeb2,0xfeb2,0xfeb2,0xfeb2,0xfeb2,0x0000,0x0000,0x0000,0x0000,0x0000,0x0000,0x0000,0x0000,0x0000,0x0000,0x0000,0x0000,0x0000,0x0000,0x0000,0x0000,0x0000,0x0000,0x0000,0x0000,0x0000,0x0000,0x0000,0x0000,0x0000,0x0000,0x0000,
0x0000,0x0000,0x0000,0x0000,0x0000,0x0000,0x0000,0x0000,0x0000,0x0000,0x0000,0x0000,0x0000,0x0000,0x0000,0x0000,0x0000,0x0000,0x0000,0x0000,0x0000,0x0000,0x0000,0x0000,0x0000,0x0000,0x0000,0xfeb2,0xfeb2,0xfeb2,0xfeb2,0xfeb2,
0xfeb2,0xfeb2,0xfeb2,0xfeb2,0xfeb2,0x0000,0x0000,0x0000,0x0000,0x0000,0x0000,0x0000,0x0000,0x0000,0x0000,0x0000,0x0000,0x0000,0x0000,0x0000,0x0000,0x0000,0x0000,0x0000,0x0000,0x0000,0x0000,0x0000,0x0000,0x0000,0x0000,0x0000,
0x0000,0x0000,0x0000,0x0000,0x0000,0x0000,0x0000,0x0000,0x0000,0x0000,0x0000,0x0000,0x0000,0x0000,0x0000,0x0000,0x0000,0x0000,0x0000,0x0000,0x0000,0x0000,0x0000,0x0000,0x0000,0x0000,0x0000,0xfeb2,0xfeb2,0xfeb2,0xfeb2,0xfeb2,
0xfeb2,0xfeb2,0xfeb2,0xfeb2,0xfeb2,0x0000,0x0000,0x0000,0x0000,0x0000,0x0000,0x0000,0x0000,0x0000,0x0000,0x0000,0x0000,0x0000,0x0000,0x0000,0x0000,0x0000,0x0000,0x0000,0x0000,0x0000,0x0000,0x0000,0x0000,0x0000,0x0000,0x0000,
0x0000,0x0000,0x0000,0x0000,0x0000,0x0000,0x0000,0x0000,0x0000,0x0000,0x0000,0x0000,0x0000,0x0000,0x0000,0x0000,0x0000,0x0000,0x0000,0x0000,0x0000,0x0000,0x0000,0x0000,0x0000,0x0000,0x0000,0xfeb2,0xfeb2,0xfeb2,0xa6fa,0xa6fa,
0xa6fa,0xa6fa,0xfeb2,0xfeb2,0xfeb2,0x0000,0x0000,0x0000,0x0000,0x0000,0x0000,0x0000,0x0000,0x0000,0x0000,0x0000,0x0000,0x0000,0x0000,0x0000,0x0000,0x0000,0x0000,0x0000,0x0000,0x0000,0x0000,0x0000,0x0000,0x0000,0x0000,0x0000,
0x0000,0x0000,0x0000,0x0000,0x0000,0x0000,0x0000,0x0000,0x0000,0x0000,0x0000,0x0000,0x0000,0x0000,0x0000,0x0000,0x0000,0x0000,0x0000,0x0000,0x0000,0x0000,0x0000,0x0000,0x0000,0x0000,0x0000,0x0000,0x0000,0x0000,0xa6fa,0xa6fa,
0xa6fa,0xa6fa,0x0000,0x0000,0x0000,0x0000,0x0000,0x0000,0x0000,0x0000,0x0000,0x0000,0x0000,0x0000,0x0000,0x0000,0x0000,0x0000,0x0000,0x0000,0x0000,0x0000,0x0000,0x0000,0x0000,0x0000,0x0000,0x0000,0x0000,0x0000,0x0000,0x0000,
0x0000,0x0000,0x0000,0x0000,0x0000,0x0000,0x0000,0x0000,0x0000,0x0000,0x0000,0x0000,0x0000,0x0000,0x0000,0x0000,0x0000,0x0000,0x0000,0x0000,0x0000,0x0000,0x0000,0x0000,0x0000,0x0000,0x0000,0x0000,0x0000,0x0000,0xa6fa,0xa6fa,
0xa6fa,0xa6fa,0x0000,0x0000,0x0000,0x0000,0x0000,0x0000,0x0000,0x0000,0x0000,0x0000,0x0000,0x0000,0x0000,0x0000,0x0000,0x0000,0x0000,0x0000,0x0000,0x0000,0x0000,0x0000,0x0000,0x0000,0x0000,0x0000,0x0000,0x0000,0x0000,0x0000,
0x0000,0x0000,0x0000,0x0000,0x0000,0x0000,0x0000,0x0000,0x0000,0x0000,0x0000,0x0000,0x0000,0x0000,0x0000,0x0000,0x0000,0x0000,0x0000,0x0000,0x0000,0x0000,0x0000,0x0000,0x0000,0x0000,0x0000,0x0000,0x0000,0x0000,0xa6fa,0xa6fa,
0xa6fa,0xa6fa,0x0000,0x0000,0x0000,0x0000,0x0000,0x0000,0x0000,0x0000,0x0000,0x0000,0x0000,0x0000,0x0000,0x0000,0x0000,0x0000,0x0000,0x0000,0x0000,0x0000,0x0000,0x0000,0x0000,0x0000,0x0000,0x0000,0x0000,0x0000,0x0000,0x0000,
0x0000,0x0000,0x0000,0x0000,0x0000,0x0000,0x0000,0x0000,0x0000,0x0000,0x0000,0x0000,0x0000,0x0000,0x0000,0x19e8,0x19e8,0x19e8,0x19e8,0x19e8,0x19e8,0x19e8,0x19e8,0x19e8,0x19e8,0x19e8,0x19e8,0x19e8,0x19e8,0x19e8,0x19e8,0x19e8,
0x19e8,0x19e8,0x19e8,0x19e8,0x19e8,0x19e8,0x19e8,0x19e8,0x19e8,0x19e8,0x19e8,0x19e8,0x19e8,0x19e8,0x19e8,0x19e8,0x19e8,0x0000,0x0000,0x0000,0x0000,0x0000,0x0000,0x0000,0x0000,0x0000,0x0000,0x0000,0x0000,0x0000,0x0000,0x0000,
0x0000,0x0000,0x0000,0x0000,0x0000,0x0000,0x0000,0x0000,0x0000,0x0000,0x0000,0x0000,0x0000,0x0000,0x0000,0x19e8,0x19e8,0x19e8,0x19e8,0x19e8,0x19e8,0x19e8,0x19e8,0x19e8,0x19e8,0x19e8,0x19e8,0x19e8,0x19e8,0x19e8,0x19e8,0x19e8,
0x19e8,0x19e8,0x19e8,0x19e8,0x19e8,0x19e8,0x19e8,0x19e8,0x19e8,0x19e8,0x19e8,0x19e8,0x19e8,0x19e8,0x19e8,0x19e8,0x19e8,0x0000,0x0000,0x0000,0x0000,0x0000,0x0000,0x0000,0x0000,0x0000,0x0000,0x0000,0x0000,0x0000,0x0000,0x0000,
0x0000,0x0000,0x0000,0x0000,0x0000,0x0000,0x0000,0x0000,0x0000,0x0000,0x0000,0x0000,0x0000,0x0000,0x0000,0x19e8,0x19e8,0xa6fa,0xa6fa,0xa6fa,0xa6fa,0xa6fa,0xa6fa,0xa6fa,0xa6fa,0xa6fa,0xa6fa,0xa6fa,0xa6fa,0xa6fa,0xa6fa,0xa6fa,
0xa6fa,0xa6fa,0xa6fa,0xa6fa,0xa6fa,0xa6fa,0xa6fa,0xa6fa,0xa6fa,0xa6fa,0xa6fa,0xa6fa,0xa6fa,0xa6fa,0xa6fa,0x19e8,0x19e8,0x0000,0x0000,0x0000,0x0000,0x0000,0x0000,0x0000,0x0000,0x0000,0x0000,0x0000,0x0000,0x0000,0x0000,0x0000,
0x0000,0x0000,0x0000,0x0000,0x0000,0x0000,0x0000,0x0000,0x0000,0x0000,0x0000,0x0000,0x0000,0x0000,0x0000,0x19e8,0x19e8,0xa6fa,0xa6fa,0xa6fa,0xa6fa,0xa6fa,0xa6fa,0xa6fa,0xa6fa,0xa6fa,0xa6fa,0xa6fa,0xa6fa,0xa6fa,0xa6fa,0xa6fa,
0xa6fa,0xa6fa,0xa6fa,0xa6fa,0xa6fa,0xa6fa,0xa6fa,0xa6fa,0xa6fa,0xa6fa,0xa6fa,0xa6fa,0xa6fa,0xa6fa,0xa6fa,0x19e8,0x19e8,0x0000,0x0000,0x0000,0x0000,0x0000,0x0000,0x0000,0x0000,0x0000,0x0000,0x0000,0x0000,0x0000,0x0000,0x0000,
0x0000,0x0000,0x0000,0x0000,0x0000,0x0000,0x0000,0x0000,0x0000,0x0000,0x0000,0x0000,0x0000,0x0000,0x0000,0x19e8,0x19e8,0xa6fa,0xa6fa,0xa6fa,0xa6fa,0xa6fa,0xa6fa,0xa6fa,0xa6fa,0xa6fa,0xa6fa,0xa6fa,0xa6fa,0xa6fa,0xa6fa,0xa6fa,
0xa6fa,0xa6fa,0xa6fa,0xa6fa,0xa6fa,0xa6fa,0xa6fa,0xa6fa,0xa6fa,0xa6fa,0xa6fa,0xa6fa,0xa6fa,0xa6fa,0xa6fa,0x19e8,0x19e8,0x0000,0x0000,0x0000,0x0000,0x0000,0x0000,0x0000,0x0000,0x0000,0x0000,0x0000,0x0000,0x0000,0x0000,0x0000,
0x0000,0x0000,0x0000,0x0000,0x0000,0x0000,0x0000,0x0000,0x0000,0x0000,0x0000,0x0000,0x0000,0x0000,0x0000,0x19e8,0x19e8,0xa6fa,0xa6fa,0xa6fa,0xa6fa,0xa6fa,0xa6fa,0xa6fa,0xa6fa,0xa6fa,0xa6fa,0xa6fa,0xa6fa,0xa6fa,0xa6fa,0xa6fa,
0xa6fa,0xa6fa,0xa6fa,0xa6fa,0xa6fa,0xa6fa,0xa6fa,0xa6fa,0xa6fa,0xa6fa,0xa6fa,0xa6fa,0xa6fa,0xa6fa,0xa6fa,0x19e8,0x19e8,0x0000,0x0000,0x0000,0x0000,0x0000,0x0000,0x0000,0x0000,0x0000,0x0000,0x0000,0x0000,0x0000,0x0000,0x0000,
0x0000,0x0000,0x0000,0x0000,0x0000,0x0000,0x0000,0x0000,0x0000,0x0000,0x0000,0x0000,0x0000,0x0000,0x0000,0x19e8,0x19e8,0xa6fa,0xa6fa,0xa6fa,0xa6fa,0x19e8,0x19e8,0x19e8,0x19e8,0x19e8,0x19e8,0x19e8,0x19e8,0x19e8,0x19e8,0x19e8,
0x19e8,0x19e8,0x19e8,0x19e8,0x19e8,0x19e8,0x19e8,0x19e8,0x19e8,0x19e8,0x19e8,0xa6fa,0xa6fa,0xa6fa,0xa6fa,0x19e8,0x19e8,0x0000,0x0000,0x0000,0x0000,0x0000,0x0000,0x0000,0x0000,0x0000,0x0000,0x0000,0x0000,0x0000,0x0000,0x0000,
0x0000,0x0000,0x0000,0x0000,0x0000,0x0000,0x0000,0x0000,0x0000,0x0000,0x0000,0x0000,0x0000,0x0000,0x0000,0x19e8,0x19e8,0xa6fa,0xa6fa,0xa6fa,0xa6fa,0x19e8,0x19e8,0x19e8,0x19e8,0x19e8,0x19e8,0x19e8,0x19e8,0x19e8,0x19e8,0x19e8,
0x19e8,0x19e8,0x19e8,0x19e8,0x19e8,0x19e8,0x19e8,0x19e8,0x19e8,0x19e8,0x19e8,0xa6fa,0xa6fa,0xa6fa,0xa6fa,0x19e8,0x19e8,0x0000,0x0000,0x0000,0x0000,0x0000,0x0000,0x0000,0x0000,0x0000,0x0000,0x0000,0x0000,0x0000,0x0000,0x0000,
0x0000,0x0000,0x0000,0x0000,0x0000,0x0000,0x0000,0x0000,0x0000,0x0000,0x0000,0x0000,0x0000,0x0000,0x0000,0x19e8,0x19e8,0xa6fa,0xa6fa,0xa6fa,0xa6fa,0x19e8,0x19e8,0x19e8,0x19e8,0x19e8,0x19e8,0x19e8,0x19e8,0x19e8,0x19e8,0x19e8,
0x19e8,0x19e8,0x19e8,0x19e8,0x19e8,0x19e8,0x19e8,0x19e8,0x19e8,0x19e8,0x19e8,0xa6fa,0xa6fa,0xa6fa,0xa6fa,0x19e8,0x19e8,0x0000,0x0000,0x0000,0x0000,0x0000,0x0000,0x0000,0x0000,0x0000,0x0000,0x0000,0x0000,0x0000,0x0000,0x0000,
0x0000,0x0000,0x0000,0x0000,0x0000,0x0000,0x0000,0x0000,0x0000,0x0000,0x0000,0x0000,0x0000,0x0000,0x0000,0x19e8,0x19e8,0xa6fa,0xa6fa,0xa6fa,0xa6fa,0x19e8,0x19e8,0x19e8,0xefdb,0xefdb,0xefdb,0xefdb,0x19e8,0x19e8,0x19e8,0x19e8,
0x19e8,0x19e8,0x19e8,0xefdb,0xefdb,0xefdb,0xefdb,0x19e8,0x19e8,0x19e8,0x19e8,0xa6fa,0xa6fa,0xa6fa,0xa6fa,0x19e8,0x19e8,0x0000,0x0000,0x0000,0x0000,0x0000,0x0000,0x0000,0x0000,0x0000,0x0000,0x0000,0x0000,0x0000,0x0000,0x0000,
0x0000,0x0000,0x0000,0x0000,0x0000,0x0000,0x0000,0x0000,0x0000,0x0000,0x0000,0x0000,0x0000,0x0000,0x0000,0x19e8,0x19e8,0xa6fa,0xa6fa,0xa6fa,0xa6fa,0x19e8,0x19e8,0x19e8,0xefdb,0xefdb,0xefdb,0xefdb,0x19e8,0x19e8,0x19e8,0x19e8,
0x19e8,0x19e8,0x19e8,0xefdb,0xefdb,0xefdb,0xefdb,0x19e8,0x19e8,0x19e8,0x19e8,0xa6fa,0xa6fa,0xa6fa,0xa6fa,0x19e8,0x19e8,0x0000,0x0000,0x0000,0x0000,0x0000,0x0000,0x0000,0x0000,0x0000,0x0000,0x0000,0x0000,0x0000,0x0000,0x0000,
0x0000,0x0000,0x0000,0x0000,0x0000,0x0000,0x0000,0x0000,0x0000,0x0000,0x0000,0x0000,0x0000,0x0000,0x0000,0x19e8,0x19e8,0xa6fa,0xa6fa,0xa6fa,0xa6fa,0x19e8,0x19e8,0x19e8,0xefdb,0xefdb,0xefdb,0xefdb,0x19e8,0x19e8,0x19e8,0x19e8,
0x19e8,0x19e8,0x19e8,0xefdb,0xefdb,0xefdb,0xefdb,0x19e8,0x19e8,0x19e8,0x19e8,0xa6fa,0xa6fa,0xa6fa,0xa6fa,0x19e8,0x19e8,0x0000,0x0000,0x0000,0x0000,0x0000,0x0000,0x0000,0x0000,0x0000,0x0000,0x0000,0x0000,0x0000,0x0000,0x0000,
0x0000,0x0000,0x0000,0x0000,0x0000,0x0000,0x0000,0x0000,0x0000,0x0000,0x0000,0x0000,0x0000,0x0000,0x0000,0x19e8,0x19e8,0xa6fa,0xa6fa,0xa6fa,0xa6fa,0x19e8,0x19e8,0x19e8,0xefdb,0xefdb,0xefdb,0xefdb,0x19e8,0x19e8,0x19e8,0x19e8,
0x19e8,0x19e8,0x19e8,0xefdb,0xefdb,0xefdb,0xefdb,0x19e8,0x19e8,0x19e8,0x19e8,0xa6fa,0xa6fa,0xa6fa,0xa6fa,0x19e8,0x19e8,0x0000,0x0000,0x0000,0x0000,0x0000,0x0000,0x0000,0x0000,0x0000,0x0000,0x0000,0x0000,0x0000,0x0000,0x0000,
0x0000,0x0000,0x0000,0x0000,0x0000,0x0000,0x0000,0x0000,0x0000,0x0000,0x0000,0x0000,0x0000,0x0000,0x0000,0x19e8,0x19e8,0xa6fa,0xa6fa,0xa6fa,0xa6fa,0x19e8,0x19e8,0x19e8,0xefdb,0xefdb,0xefdb,0xefdb,0x19e8,0x19e8,0x19e8,0x19e8,
0x19e8,0x19e8,0x19e8,0xefdb,0xefdb,0xefdb,0xefdb,0x19e8,0x19e8,0x19e8,0x19e8,0xa6fa,0xa6fa,0xa6fa,0xa6fa,0x19e8,0x19e8,0x0000,0x0000,0x0000,0x0000,0x0000,0x0000,0x0000,0x0000,0x0000,0x0000,0x0000,0x0000,0x0000,0x0000,0x0000,
0x0000,0x0000,0x0000,0x0000,0x0000,0x0000,0x0000,0x0000,0x0000,0x0000,0x0000,0x0000,0x0000,0x0000,0x0000,0x19e8,0x19e8,0xa6fa,0xa6fa,0xa6fa,0xa6fa,0x19e8,0x19e8,0x19e8,0xefdb,0xefdb,0xefdb,0xefdb,0x19e8,0x19e8,0x19e8,0x19e8,
0x19e8,0x19e8,0x19e8,0xefdb,0xefdb,0xefdb,0xefdb,0x19e8,0x19e8,0x19e8,0x19e8,0xa6fa,0xa6fa,0xa6fa,0xa6fa,0x19e8,0x19e8,0x0000,0x0000,0x0000,0x0000,0x0000,0x0000,0x0000,0x0000,0x0000,0x0000,0x0000,0x0000,0x0000,0x0000,0x0000,
0x0000,0x0000,0x0000,0x0000,0x0000,0x0000,0x0000,0x0000,0x0000,0x0000,0x0000,0x0000,0x0000,0x0000,0x0000,0x19e8,0x19e8,0xa6fa,0xa6fa,0xa6fa,0xa6fa,0x19e8,0x19e8,0x19e8,0xefdb,0xefdb,0xefdb,0xefdb,0x19e8,0x19e8,0x19e8,0x19e8,
0x19e8,0x19e8,0x19e8,0xefdb,0xefdb,0xefdb,0xefdb,0x19e8,0x19e8,0x19e8,0x19e8,0xa6fa,0xa6fa,0xa6fa,0xa6fa,0x19e8,0x19e8,0x0000,0x0000,0x0000,0x0000,0x0000,0x0000,0x0000,0x0000,0x0000,0x0000,0x0000,0x0000,0x0000,0x0000,0x0000,
0x0000,0x0000,0x0000,0x0000,0x0000,0x0000,0x0000,0x0000,0x0000,0x0000,0x0000,0x0000,0x0000,0x0000,0x0000,0x19e8,0x19e8,0xa6fa,0xa6fa,0xa6fa,0xa6fa,0x19e8,0x19e8,0x19e8,0x19e8,0x19e8,0x19e8,0x19e8,0x19e8,0x19e8,0x19e8,0x19e8,
0x19e8,0x19e8,0x19e8,0x19e8,0x19e8,0x19e8,0x19e8,0x19e8,0x19e8,0x19e8,0x19e8,0xa6fa,0xa6fa,0xa6fa,0xa6fa,0x19e8,0x19e8,0x0000,0x0000,0x0000,0x0000,0x0000,0x0000,0x0000,0x0000,0x0000,0x0000,0x0000,0x0000,0x0000,0x0000,0x0000,
0x0000,0x0000,0x0000,0x0000,0x0000,0x0000,0x0000,0x0000,0x0000,0x0000,0x0000,0x0000,0x0000,0x0000,0x0000,0x19e8,0x19e8,0xa6fa,0xa6fa,0xa6fa,0xa6fa,0x19e8,0x19e8,0x19e8,0x19e8,0x19e8,0x19e8,0x19e8,0x19e8,0x19e8,0x19e8,0x19e8,
0x19e8,0x19e8,0x19e8,0x19e8,0x19e8,0x19e8,0x19e8,0x19e8,0x19e8,0x19e8,0x19e8,0xa6fa,0xa6fa,0xa6fa,0xa6fa,0x19e8,0x19e8,0x0000,0x0000,0x0000,0x0000,0x0000,0x0000,0x0000,0x0000,0x0000,0x0000,0x0000,0x0000,0x0000,0x0000,0x0000,
0x0000,0x0000,0x0000,0x0000,0x0000,0x0000,0x0000,0x0000,0x0000,0x0000,0x0000,0x0000,0x0000,0x0000,0x0000,0x19e8,0x19e8,0xa6fa,0xa6fa,0xa6fa,0xa6fa,0x19e8,0x19e8,0x19e8,0x19e8,0x19e8,0x19e8,0x19e8,0x19e8,0x19e8,0x19e8,0x19e8,
0x19e8,0x19e8,0x19e8,0x19e8,0x19e8,0x19e8,0x19e8,0x19e8,0x19e8,0x19e8,0x19e8,0xa6fa,0xa6fa,0xa6fa,0xa6fa,0x19e8,0x19e8,0x0000,0x0000,0x0000,0x0000,0x0000,0x0000,0x0000,0x0000,0x0000,0x0000,0x0000,0x0000,0x0000,0x0000,0x0000,
0x0000,0x0000,0x0000,0x0000,0x0000,0x0000,0x0000,0x0000,0x0000,0x0000,0x0000,0x0000,0x0000,0x0000,0x0000,0x19e8,0x19e8,0xa6fa,0xa6fa,0xa6fa,0xa6fa,0x19e8,0x19e8,0x19e8,0x19e8,0x19e8,0x19e8,0x19e8,0x19e8,0x19e8,0x19e8,0x19e8,
0x19e8,0x19e8,0x19e8,0x19e8,0x19e8,0x19e8,0x19e8,0x19e8,0x19e8,0x19e8,0x19e8,0xa6fa,0xa6fa,0xa6fa,0xa6fa,0x19e8,0x19e8,0x0000,0x0000,0x0000,0x0000,0x0000,0x0000,0x0000,0x0000,0x0000,0x0000,0x0000,0x0000,0x0000,0x0000,0x0000,
0x0000,0x0000,0x0000,0x0000,0x0000,0x0000,0x0000,0x0000,0x0000,0x0000,0x0000,0x0000,0x0000,0x0000,0x0000,0x19e8,0x19e8,0xa6fa,0xa6fa,0xa6fa,0xa6fa,0xa6fa,0xa6fa,0xa6fa,0xa6fa,0xa6fa,0xa6fa,0xa6fa,0xa6fa,0xa6fa,0xa6fa,0xa6fa,
0xa6fa,0xa6fa,0xa6fa,0xa6fa,0xa6fa,0xa6fa,0xa6fa,0xa6fa,0xa6fa,0xa6fa,0xa6fa,0xa6fa,0xa6fa,0xa6fa,0xa6fa,0x19e8,0x19e8,0x0000,0x0000,0x0000,0x0000,0x0000,0x0000,0x0000,0x0000,0x0000,0x0000,0x0000,0x0000,0x0000,0x0000,0x0000,
0x0000,0x0000,0x0000,0x0000,0x0000,0x0000,0x0000,0x0000,0x0000,0x0000,0x0000,0x0000,0x0000,0x0000,0x0000,0x19e8,0x19e8,0xa6fa,0xa6fa,0xa6fa,0xa6fa,0xa6fa,0xa6fa,0xa6fa,0xa6fa,0xa6fa,0xa6fa,0x19e8,0x19e8,0x19e8,0x19e8,0x19e8,
0x19e8,0x19e8,0x19e8,0x19e8,0x19e8,0xa6fa,0xa6fa,0xa6fa,0xa6fa,0xa6fa,0xa6fa,0xa6fa,0xa6fa,0xa6fa,0xa6fa,0x19e8,0x19e8,0x0000,0x0000,0x0000,0x0000,0x0000,0x0000,0x0000,0x0000,0x0000,0x0000,0x0000,0x0000,0x0000,0x0000,0x0000,
0x0000,0x0000,0x0000,0x0000,0x0000,0x0000,0x0000,0x0000,0x0000,0x0000,0x0000,0x0000,0x0000,0x0000,0x0000,0x19e8,0x19e8,0xa6fa,0xa6fa,0xa6fa,0xa6fa,0xa6fa,0xa6fa,0xa6fa,0xa6fa,0xa6fa,0xa6fa,0x19e8,0x19e8,0x19e8,0x19e8,0x19e8,
0x19e8,0x19e8,0x19e8,0x19e8,0x19e8,0xa6fa,0xa6fa,0xa6fa,0xa6fa,0xa6fa,0xa6fa,0xa6fa,0xa6fa,0xa6fa,0xa6fa,0x19e8,0x19e8,0x0000,0x0000,0x0000,0x0000,0x0000,0x0000,0x0000,0x0000,0x0000,0x0000,0x0000,0x0000,0x0000,0x0000,0x0000,
0x0000,0x0000,0x0000,0x0000,0x0000,0x0000,0x0000,0x0000,0x0000,0x0000,0x0000,0x0000,0x0000,0x0000,0x0000,0x19e8,0x19e8,0xa6fa,0xa6fa,0xa6fa,0xa6fa,0xa6fa,0xa6fa,0xa6fa,0xa6fa,0xa6fa,0xa6fa,0xa6fa,0xa6fa,0xa6fa,0xa6fa,0xa6fa,
0xa6fa,0xa6fa,0xa6fa,0xa6fa,0xa6fa,0xa6fa,0xa6fa,0xa6fa,0xa6fa,0xa6fa,0xa6fa,0xa6fa,0xa6fa,0xa6fa,0xa6fa,0x19e8,0x19e8,0x0000,0x0000,0x0000,0x0000,0x0000,0x0000,0x0000,0x0000,0x0000,0x0000,0x0000,0x0000,0x0000,0x0000,0x0000,
0x0000,0x0000,0x0000,0x0000,0x0000,0x0000,0x0000,0x0000,0x0000,0x0000,0x0000,0x0000,0x0000,0x0000,0x0000,0x19e8,0x19e8,0xa6fa,0xa6fa,0xa6fa,0xa6fa,0xa6fa,0xa6fa,0xa6fa,0xa6fa,0xa6fa,0xa6fa,0xa6fa,0xa6fa,0xa6fa,0xa6fa,0xa6fa,
0xa6fa,0xa6fa,0xa6fa,0xa6fa,0xa6fa,0xa6fa,0xa6fa,0xa6fa,0xa6fa,0xa6fa,0xa6fa,0xa6fa,0xa6fa,0xa6fa,0xa6fa,0x19e8,0x19e8,0x0000,0x0000,0x0000,0x0000,0x0000,0x0000,0x0000,0x0000,0x0000,0x0000,0x0000,0x0000,0x0000,0x0000,0x0000,
0x0000,0x0000,0x0000,0x0000,0x0000,0x0000,0x0000,0x0000,0x0000,0x0000,0x0000,0x0000,0x0000,0x0000,0x0000,0x19e8,0x19e8,0x19e8,0x19e8,0x19e8,0x19e8,0x19e8,0x19e8,0x19e8,0x19e8,0x19e8,0x19e8,0x19e8,0x19e8,0x19e8,0x19e8,0x19e8,
0x19e8,0x19e8,0x19e8,0x19e8,0x19e8,0x19e8,0x19e8,0x19e8,0x19e8,0x19e8,0x19e8,0x19e8,0x19e8,0x19e8,0x19e8,0x19e8,0x19e8,0x0000,0x0000,0x0000,0x0000,0x0000,0x0000,0x0000,0x0000,0x0000,0x0000,0x0000,0x0000,0x0000,0x0000,0x0000,
0x0000,0x0000,0x0000,0x0000,0x0000,0x0000,0x0000,0x0000,0x0000,0x0000,0x0000,0x0000,0x0000,0x0000,0x0000,0x19e8,0x19e8,0x19e8,0x19e8,0x19e8,0x19e8,0x19e8,0x19e8,0x19e8,0x19e8,0x19e8,0x19e8,0x19e8,0x19e8,0x19e8,0x19e8,0x19e8,
0x19e8,0x19e8,0x19e8,0x19e8,0x19e8,0x19e8,0x19e8,0x19e8,0x19e8,0x19e8,0x19e8,0x19e8,0x19e8,0x19e8,0x19e8,0x19e8,0x19e8,0x0000,0x0000,0x0000,0x0000,0x0000,0x0000,0x0000,0x0000,0x0000,0x0000,0x0000,0x0000,0x0000,0x0000,0x0000,
0x0000,0x0000,0x0000,0x0000,0x0000,0x0000,0x0000,0x0000,0x0000,0x0000,0x0000,0x0000,0x0000,0x0000,0x0000,0x0000,0x0000,0x0000,0x0000,0x0000,0x0000,0x19e8,0x19e8,0x19e8,0x19e8,0x19e8,0x19e8,0x19e8,0x19e8,0x19e8,0x19e8,0x19e8,
0x19e8,0x19e8,0x19e8,0x19e8,0x19e8,0x19e8,0x19e8,0x19e8,0x19e8,0x19e8,0x19e8,0x0000,0x0000,0x0000,0x0000,0x0000,0x0000,0x0000,0x0000,0x0000,0x0000,0x0000,0x0000,0x0000,0x0000,0x0000,0x0000,0x0000,0x0000,0x0000,0x0000,0x0000,
0x0000,0x0000,0x0000,0x0000,0x0000,0x0000,0x0000,0x0000,0x0000,0x0000,0x0000,0x0000,0x0000,0x0000,0x0000,0x0000,0x0000,0x0000,0x0000,0x0000,0x0000,0x19e8,0x19e8,0x19e8,0x19e8,0x19e8,0x19e8,0x19e8,0x19e8,0x19e8,0x19e8,0x19e8,
0x19e8,0x19e8,0x19e8,0x19e8,0x19e8,0x19e8,0x19e8,0x19e8,0x19e8,0x19e8,0x19e8,0x0000,0x0000,0x0000,0x0000,0x0000,0x0000,0x0000,0x0000,0x0000,0x0000,0x0000,0x0000,0x0000,0x0000,0x0000,0x0000,0x0000,0x0000,0x0000,0x0000,0x0000,
0x0000,0x0000,0x0000,0x0000,0x0000,0x0000,0x0000,0x0000,0x0000,0x0000,0x0000,0x0000,0x0000,0x0000,0x0000,0x0000,0x0000,0x0000,0x0000,0x0000,0x0000,0x19e8,0x19e8,0xa6fa,0xa6fa,0xa6fa,0xa6fa,0xa6fa,0xa6fa,0xa6fa,0xa6fa,0xa6fa,
0xa6fa,0xa6fa,0xa6fa,0xa6fa,0xa6fa,0xa6fa,0xa6fa,0xa6fa,0xa6fa,0x19e8,0x19e8,0x0000,0x0000,0x0000,0x0000,0x0000,0x0000,0x0000,0x0000,0x0000,0x0000,0x0000,0x0000,0x0000,0x0000,0x0000,0x0000,0x0000,0x0000,0x0000,0x0000,0x0000,
0x0000,0x0000,0x0000,0x0000,0x0000,0x0000,0x0000,0x0000,0x0000,0xa6fa,0xa6fa,0xa6fa,0xa6fa,0xa6fa,0x0000,0x0000,0x0000,0x0000,0x0000,0x0000,0x0000,0x19e8,0x19e8,0xa6fa,0xa6fa,0xa6fa,0xa6fa,0xa6fa,0xa6fa,0xa6fa,0xa6fa,0xa6fa,
0xa6fa,0xa6fa,0xa6fa,0xa6fa,0xa6fa,0xa6fa,0xa6fa,0xa6fa,0xa6fa,0x19e8,0x19e8,0x0000,0x0000,0x0000,0x0000,0x0000,0x0000,0x0000,0xa6fa,0xa6fa,0xa6fa,0xa6fa,0xa6fa,0x0000,0x0000,0x0000,0x0000,0x0000,0x0000,0x0000,0x0000,0x0000,
0x0000,0x0000,0x0000,0x0000,0x0000,0x0000,0x0000,0x0000,0x0000,0xa6fa,0xa6fa,0xa6fa,0xa6fa,0xa6fa,0x0000,0x0000,0x0000,0x0000,0x0000,0x0000,0x0000,0x19e8,0x19e8,0xa6fa,0xa6fa,0xa6fa,0xa6fa,0xa6fa,0xa6fa,0xa6fa,0xa6fa,0xa6fa,
0xa6fa,0xa6fa,0xa6fa,0xa6fa,0xa6fa,0xa6fa,0xa6fa,0xa6fa,0xa6fa,0x19e8,0x19e8,0x0000,0x0000,0x0000,0x0000,0x0000,0x0000,0x0000,0xa6fa,0xa6fa,0xa6fa,0xa6fa,0xa6fa,0x0000,0x0000,0x0000,0x0000,0x0000,0x0000,0x0000,0x0000,0x0000,
0x0000,0x0000,0x0000,0x0000,0x0000,0x0000,0x0000,0x0000,0x0000,0xa6fa,0xa6fa,0xa6fa,0xa6fa,0xa6fa,0x0000,0x0000,0x0000,0x0000,0x0000,0x0000,0x0000,0x19e8,0x19e8,0xa6fa,0xa6fa,0xa6fa,0xa6fa,0xa6fa,0xa6fa,0xa6fa,0xa6fa,0xa6fa,
0xa6fa,0xa6fa,0xa6fa,0xa6fa,0xa6fa,0xa6fa,0xa6fa,0xa6fa,0xa6fa,0x19e8,0x19e8,0x0000,0x0000,0x0000,0x0000,0x0000,0x0000,0x0000,0xa6fa,0xa6fa,0xa6fa,0xa6fa,0xa6fa,0x0000,0x0000,0x0000,0x0000,0x0000,0x0000,0x0000,0x0000,0x0000,
0x0000,0x0000,0x0000,0x0000,0x0000,0x0000,0x0000,0x0000,0x0000,0xa6fa,0xa6fa,0xa6fa,0xa6fa,0xa6fa,0x0000,0x0000,0x0000,0x0000,0x0000,0x0000,0x0000,0x19e8,0x19e8,0xa6fa,0xa6fa,0xa6fa,0xa6fa,0xa6fa,0xa6fa,0xa6fa,0xa6fa,0xa6fa,
0xa6fa,0xa6fa,0xa6fa,0xa6fa,0xa6fa,0xa6fa,0xa6fa,0xa6fa,0xa6fa,0x19e8,0x19e8,0x0000,0x0000,0x0000,0x0000,0x0000,0x0000,0x0000,0xa6fa,0xa6fa,0xa6fa,0xa6fa,0xa6fa,0x0000,0x0000,0x0000,0x0000,0x0000,0x0000,0x0000,0x0000,0x0000,
0x0000,0x0000,0x0000,0x0000,0x0000,0x0000,0x0000,0x0000,0x0000,0xa6fa,0xa6fa,0xa6fa,0xa6fa,0xa6fa,0x0000,0x0000,0x0000,0x0000,0x0000,0x0000,0x0000,0x19e8,0x19e8,0xa6fa,0xa6fa,0xa6fa,0xa6fa,0xa6fa,0xa6fa,0xa6fa,0xa6fa,0xa6fa,
0xa6fa,0xa6fa,0xa6fa,0xa6fa,0xa6fa,0xa6fa,0xa6fa,0xa6fa,0xa6fa,0x19e8,0x19e8,0x0000,0x0000,0x0000,0x0000,0x0000,0x0000,0x0000,0xa6fa,0xa6fa,0xa6fa,0xa6fa,0xa6fa,0x0000,0x0000,0x0000,0x0000,0x0000,0x0000,0x0000,0x0000,0x0000,
0x0000,0x0000,0x0000,0x0000,0x0000,0x0000,0x0000,0x0000,0x0000,0xa6fa,0xa6fa,0xa6fa,0xa6fa,0xa6fa,0x0000,0x0000,0x0000,0x0000,0x0000,0x0000,0x0000,0x19e8,0x19e8,0xa6fa,0xa6fa,0xa6fa,0xa6fa,0xa6fa,0xa6fa,0xa6fa,0xa6fa,0xa6fa,
0xa6fa,0xa6fa,0xa6fa,0xa6fa,0xa6fa,0xa6fa,0xa6fa,0xa6fa,0xa6fa,0x19e8,0x19e8,0x0000,0x0000,0x0000,0x0000,0x0000,0x0000,0x0000,0xa6fa,0xa6fa,0xa6fa,0xa6fa,0xa6fa,0x0000,0x0000,0x0000,0x0000,0x0000,0x0000,0x0000,0x0000,0x0000,
0x0000,0x0000,0x0000,0x0000,0x0000,0x0000,0x0000,0x0000,0x0000,0xa6fa,0xa6fa,0xa6fa,0xa6fa,0xa6fa,0x0000,0x0000,0x0000,0x0000,0x0000,0x0000,0x0000,0x19e8,0x19e8,0xa6fa,0xa6fa,0xa6fa,0xa6fa,0xa6fa,0xa6fa,0xa6fa,0xa6fa,0xa6fa,
0xa6fa,0xa6fa,0xa6fa,0xa6fa,0xa6fa,0xa6fa,0xa6fa,0xa6fa,0xa6fa,0x19e8,0x19e8,0x0000,0x0000,0x0000,0x0000,0x0000,0x0000,0x0000,0xa6fa,0xa6fa,0xa6fa,0xa6fa,0xa6fa,0x0000,0x0000,0x0000,0x0000,0x0000,0x0000,0x0000,0x0000,0x0000,
0x0000,0x0000,0x0000,0x0000,0x0000,0x0000,0x0000,0x0000,0x0000,0xa6fa,0xa6fa,0xa6fa,0xa6fa,0xa6fa,0x0000,0x0000,0x0000,0x0000,0x0000,0x0000,0x0000,0x19e8,0x19e8,0x19e8,0x19e8,0x19e8,0x19e8,0x19e8,0x19e8,0x19e8,0x19e8,0x19e8,
0x19e8,0x19e8,0x19e8,0x19e8,0x19e8,0x19e8,0x19e8,0x19e8,0x19e8,0x19e8,0x19e8,0x0000,0x0000,0x0000,0x0000,0x0000,0x0000,0x0000,0xa6fa,0xa6fa,0xa6fa,0xa6fa,0xa6fa,0x0000,0x0000,0x0000,0x0000,0x0000,0x0000,0x0000,0x0000,0x0000,
0x0000,0x0000,0x0000,0x0000,0x0000,0x0000,0x0000,0x0000,0x0000,0xa6fa,0xa6fa,0xa6fa,0xa6fa,0xa6fa,0x0000,0x0000,0x0000,0x0000,0x0000,0x0000,0x0000,0x19e8,0x19e8,0x19e8,0x19e8,0x19e8,0x19e8,0x19e8,0x19e8,0x19e8,0x19e8,0x19e8,
0x19e8,0x19e8,0x19e8,0x19e8,0x19e8,0x19e8,0x19e8,0x19e8,0x19e8,0x19e8,0x19e8,0x0000,0x0000,0x0000,0x0000,0x0000,0x0000,0x0000,0xa6fa,0xa6fa,0xa6fa,0xa6fa,0xa6fa,0x0000,0x0000,0x0000,0x0000,0x0000,0x0000,0x0000,0x0000,0x0000,
0x0000,0x0000,0x0000,0x0000,0x0000,0x0000,0x0000,0x0000,0x0000,0x0000,0x0000,0x0000,0x0000,0x0000,0x0000,0x0000,0x0000,0x0000,0x0000,0x0000,0x0000,0x0000,0x0000,0x0000,0x0000,0x0000,0x0000,0x0000,0x0000,0x0000,0x0000,0x0000,
0x0000,0x0000,0x0000,0x0000,0x0000,0x0000,0x0000,0x0000,0x0000,0x0000,0x0000,0x0000,0x0000,0x0000,0x0000,0x0000,0x0000,0x0000,0x0000,0x0000,0x0000,0x0000,0x0000,0x0000,0x0000,0x0000,0x0000,0x0000,0x0000,0x0000,0x0000,0x0000,
0x0000,0x0000,0x0000,0x0000,0x0000,0x0000,0x0000,0x0000,0x0000,0x0000,0x0000,0x0000,0x0000,0x0000,0x0000,0x0000,0x0000,0x0000,0x0000,0x0000,0x0000,0x0000,0x0000,0x0000,0x0000,0x0000,0xa6fa,0xa6fa,0xa6fa,0xa6fa,0x0000,0x0000,
0x0000,0x0000,0xa6fa,0xa6fa,0xa6fa,0xa6fa,0x0000,0x0000,0x0000,0x0000,0x0000,0x0000,0x0000,0x0000,0x0000,0x0000,0x0000,0x0000,0x0000,0x0000,0x0000,0x0000,0x0000,0x0000,0x0000,0x0000,0x0000,0x0000,0x0000,0x0000,0x0000,0x0000,
0x0000,0x0000,0x0000,0x0000,0x0000,0x0000,0x0000,0x0000,0x0000,0x0000,0x0000,0x0000,0x0000,0x0000,0x0000,0x0000,0x0000,0x0000,0x0000,0x0000,0x0000,0x0000,0x0000,0x0000,0x0000,0x0000,0xa6fa,0xa6fa,0xa6fa,0xa6fa,0x0000,0x0000,
0x0000,0x0000,0xa6fa,0xa6fa,0xa6fa,0xa6fa,0x0000,0x0000,0x0000,0x0000,0x0000,0x0000,0x0000,0x0000,0x0000,0x0000,0x0000,0x0000,0x0000,0x0000,0x0000,0x0000,0x0000,0x0000,0x0000,0x0000,0x0000,0x0000,0x0000,0x0000,0x0000,0x0000,
0x0000,0x0000,0x0000,0x0000,0x0000,0x0000,0x0000,0x0000,0x0000,0x0000,0x0000,0x0000,0x0000,0x0000,0x0000,0x0000,0x0000,0x0000,0x0000,0x0000,0x0000,0x0000,0x0000,0x0000,0x0000,0x0000,0xa6fa,0xa6fa,0xa6fa,0xa6fa,0x0000,0x0000,
0x0000,0x0000,0xa6fa,0xa6fa,0xa6fa,0xa6fa,0x0000,0x0000,0x0000,0x0000,0x0000,0x0000,0x0000,0x0000,0x0000,0x0000,0x0000,0x0000,0x0000,0x0000,0x0000,0x0000,0x0000,0x0000,0x0000,0x0000,0x0000,0x0000,0x0000,0x0000,0x0000,0x0000,
0x0000,0x0000,0x0000,0x0000,0x0000,0x0000,0x0000,0x0000,0x0000,0x0000,0x0000,0x0000,0x0000,0x0000,0x0000,0x0000,0x0000,0x0000,0x0000,0x0000,0x0000,0x0000,0x0000,0x0000,0x0000,0x0000,0xa6fa,0xa6fa,0xa6fa,0xa6fa,0x0000,0x0000,
0x0000,0x0000,0xa6fa,0xa6fa,0xa6fa,0xa6fa,0x0000,0x0000,0x0000,0x0000,0x0000,0x0000,0x0000,0x0000,0x0000,0x0000,0x0000,0x0000,0x0000,0x0000,0x0000,0x0000,0x0000,0x0000,0x0000,0x0000,0x0000,0x0000,0x0000,0x0000,0x0000,0x0000,
0x0000,0x0000,0x0000,0x0000,0x0000,0x0000,0x0000,0x0000,0x0000,0x0000,0x0000,0x0000,0x0000,0x0000,0x0000,0x0000,0x0000,0x0000,0x0000,0x0000,0x0000,0x0000,0x0000,0x0000,0x0000,0x0000,0x0000,0x0000,0x0000,0x0000,0x0000,0x0000,
0x0000,0x0000,0x0000,0x0000,0x0000,0x0000,0x0000,0x0000,0x0000,0x0000,0x0000,0x0000,0x0000,0x0000,0x0000,0x0000,0x0000,0x0000,0x0000,0x0000,0x0000,0x0000,0x0000,0x0000,0x0000,0x0000,0x0000,0x0000,0x0000,0x0000,0x0000,0x0000,
0x0000,0x0000,0x0000,0x0000,0x0000,0x0000,0x0000,0x0000,0x0000,0x0000,0x0000,0x0000,0x0000,0x0000,0x0000,0x0000,0x0000,0x0000,0x0000,0x0000,0x0000,0x0000,0x0000,0x0000,0x0000,0x0000,0x0000,0x0000,0x0000,0x0000,0x0000,0x0000,
0x0000,0x0000,0x0000,0x0000,0x0000,0x0000,0x0000,0x0000,0x0000,0x0000,0x0000,0x0000,0x0000,0x0000,0x0000,0x0000,0x0000,0x0000,0x0000,0x0000,0x0000,0x0000,0x0000,0x0000,0x0000,0x0000,0x0000,0x0000,0x0000,0x0000,0x0000,0x0000,
0x0000,0x0000,0x0000,0x0000,0x0000,0x0000,0x0000,0x0000,0x0000,0x0000,0x0000,0x0000,0x0000,0x0000,0x0000,0x0000,0x0000,0x0000,0x0000,0x0000,0x0000,0x0000,0x0000,0x0000,0x0000,0x0000,0x0000,0x0000,0x0000,0x0000,0x0000,0x0000,
0x0000,0x0000,0x0000,0x0000,0x0000,0x0000,0x0000,0x0000,0x0000,0x0000,0x0000,0x0000,0x0000,0x0000,0x0000,0x0000,0x0000,0x0000,0x0000,0x0000,0x0000,0x0000,0x0000,0x0000,0x0000,0x0000,0x0000,0x0000,0x0000,0x0000,0x0000,0x0000,
0x0000,0x0000,0x0000,0x0000,0x0000,0x0000,0x0000,0x0000,0x0000,0x0000,0x0000,0x0000,0x0000,0x0000,0x0000,0x0000,0x0000,0x0000,0x0000,0x0000,0x0000,0x0000,0x0000,0x0000,0x0000,0x0000,0x0000,0x0000,0x0000,0x0000,0x0000,0x0000,
0x0000,0x0000,0x0000,0x0000,0x0000,0x0000,0x0000,0x0000,0x0000,0x0000,0x0000,0x0000,0x0000,0x0000,0x0000,0x0000,0x0000,0x0000,0x0000,0x0000,0x0000,0x0000,0x0000,0x0000,0x0000,0x0000,0x0000,0x0000,0x0000,0x0000,0x0000,0x0000,
0x0000,0x0000,0x0000,0x0000,0x0000,0x0000,0x0000,0x0000,0x0000,0x0000,0x0000,0x0000,0x0000,0x0000,0x0000,0x0000,0x0000,0x0000,0x0000,0x0000,0x0000,0x0000,0x0000,0x0000,0x0000,0x0000,0x0000,0x0000,0x0000,0x0000,0x0000,0x0000,
0x0000,0x0000,0x0000,0x0000,0x0000,0x0000,0x0000,0x0000,0x0000,0x0000,0x0000,0x0000,0x0000,0x0000,0x0000,0x0000,0x0000,0x0000,0x0000,0x0000,0x0000,0x0000,0x0000,0x0000,0x0000,0x0000,0x0000,0x0000,0x0000,0x0000,0x0000,0x0000,
0x0000,0x0000,0x0000,0x0000,0x0000,0x0000,0x0000,0x0000,0x0000,0x0000,0x0000,0x0000,0x0000,0x0000,0x0000,0x0000,0x0000,0x0000,0x0000,0x0000,0x0000,0x0000,0x0000,0x0000,0x0000,0x0000,0x0000,0x0000,0x0000,0x0000,0x0000,0x0000,
0x0000,0x0000,0x0000,0x0000,0x0000,0x0000,0x0000,0x0000,0x0000,0x0000,0x0000,0x0000,0x0000,0x0000,0x0000,0x0000,0x0000,0x0000,0x0000,0x0000,0x0000,0x0000,0x0000,0x0000,0x0000,0x0000,0x0000,0x0000,0x0000,0x0000,0x0000,0x0000,
0x0000,0x0000,0x0000,0x0000,0x0000,0x0000,0x0000,0x0000,0x0000,0x0000,0x0000,0x0000,0x0000,0x0000,0x0000,0x0000,0x0000,0x0000,0x0000,0x0000,0x0000,0x0000,0x0000,0x0000,0x0000,0x0000,0x0000,0x0000,0x0000,0x0000,0x0000,0x0000,
0x0000,0x0000,0x0000,0x0000,0x0000,0x0000,0x0000,0x0000,0x0000,0x0000,0x0000,0x0000,0x0000,0x0000,0x0000,0x0000,0x0000,0x0000,0x0000,0x0000,0x0000,0x0000,0x0000,0x0000,0x0000,0x0000,0x0000,0x0000,0x0000,0x0000,0x0000,0x0000,
};
static const uint16_t frame_20[4096] = {
0x0000,0x0000,0x0000,0x0000,0x0000,0x0000,0x0000,0x0000,0x0000,0x0000,0x0000,0x0000,0x0000,0x0000,0x0000,0x0000,0x0000,0x0000,0x0000,0x0000,0x0000,0x0000,0x0000,0x0000,0x0000,0x0000,0x0000,0x0000,0x0000,0x0000,0x0000,0x0000,
0x0000,0x0000,0x0000,0x0000,0x0000,0x0000,0x0000,0x0000,0x0000,0x0000,0x0000,0x0000,0x0000,0x0000,0x0000,0x0000,0x0000,0x0000,0x0000,0x0000,0x0000,0x0000,0x0000,0x0000,0x0000,0x0000,0x0000,0x0000,0x0000,0x0000,0x0000,0x0000,
0x0000,0x0000,0x0000,0x0000,0x0000,0x0000,0x0000,0x0000,0x0000,0x0000,0x0000,0x0000,0x0000,0x0000,0x0000,0x0000,0x0000,0x0000,0x0000,0x0000,0x0000,0x0000,0x0000,0x0000,0x0000,0x0000,0x0000,0x0000,0x0000,0x0000,0x0000,0x0000,
0x0000,0x0000,0x0000,0x0000,0x0000,0x0000,0x0000,0x0000,0x0000,0x0000,0x0000,0x0000,0x0000,0x0000,0x0000,0x0000,0x0000,0x0000,0x0000,0x0000,0x0000,0x0000,0x0000,0x0000,0x0000,0x0000,0x0000,0x0000,0x0000,0x0000,0x0000,0x0000,
0x0000,0x0000,0x0000,0x0000,0x0000,0x0000,0x0000,0x0000,0x0000,0x0000,0x0000,0x0000,0x0000,0x0000,0x0000,0x0000,0x0000,0x0000,0x0000,0x0000,0x0000,0x0000,0x0000,0x0000,0x0000,0x0000,0x0000,0x0000,0x0000,0x0000,0x0000,0x0000,
0x0000,0x0000,0x0000,0x0000,0x0000,0x0000,0x0000,0x0000,0x0000,0x0000,0x0000,0x0000,0x0000,0x0000,0x0000,0x0000,0x0000,0x0000,0x0000,0x0000,0x0000,0x0000,0x0000,0x0000,0x0000,0x0000,0x0000,0x0000,0x0000,0x0000,0x0000,0x0000,
0x0000,0x0000,0x0000,0x0000,0x0000,0x0000,0x0000,0x0000,0x0000,0x0000,0x0000,0x0000,0x19e8,0x19e8,0x19e8,0x0000,0x0000,0x0000,0x0000,0x0000,0x0000,0x0000,0x0000,0x0000,0x19e8,0x19e8,0x19e8,0x0000,0x0000,0x0000,0x0000,0x0000,
0x0000,0x0000,0x0000,0x0000,0xfeb2,0xfeb2,0xfeb2,0x0000,0x0000,0x0000,0x0000,0x0000,0x0000,0x0000,0x0000,0x0000,0x19e8,0x19e8,0x19e8,0x0000,0x0000,0x0000,0x0000,0x0000,0x0000,0x0000,0x0000,0x0000,0x0000,0x0000,0x0000,0x0000,
0x0000,0x0000,0x0000,0x0000,0x0000,0x0000,0x0000,0x0000,0x0000,0x0000,0x0000,0x0000,0x19e8,0x19e8,0x19e8,0x0000,0x0000,0x0000,0x0000,0x0000,0x0000,0x0000,0x0000,0x0000,0x19e8,0x19e8,0x19e8,0x0000,0x0000,0x0000,0x0000,0x0000,
0x0000,0x0000,0x0000,0x0000,0xfeb2,0xfeb2,0xfeb2,0x0000,0x0000,0x0000,0x0000,0x0000,0x0000,0x0000,0x0000,0x0000,0x19e8,0x19e8,0x19e8,0x0000,0x0000,0x0000,0x0000,0x0000,0x0000,0x0000,0x0000,0x0000,0x0000,0x0000,0x0000,0x0000,
0x0000,0x0000,0x0000,0x0000,0x0000,0x0000,0x0000,0x0000,0x0000,0x0000,0x0000,0x0000,0x19e8,0x19e8,0x19e8,0x0000,0x0000,0x0000,0x0000,0x0000,0x0000,0x0000,0x0000,0x0000,0x19e8,0x19e8,0x19e8,0x0000,0x0000,0x0000,0x0000,0x0000,
0x0000,0x0000,0x0000,0x0000,0xfeb2,0xfeb2,0xfeb2,0x0000,0x0000,0x0000,0x0000,0x0000,0x0000,0x0000,0x0000,0x0000,0x19e8,0x19e8,0x19e8,0x0000,0x0000,0x0000,0x0000,0x0000,0x0000,0x0000,0x0000,0x0000,0x0000,0x0000,0x0000,0x0000,
0x0000,0x0000,0x0000,0x0000,0x0000,0x0000,0x0000,0x0000,0x0000,0x0000,0x0000,0x0000,0x0000,0x0000,0x0000,0x0000,0x0000,0x0000,0x0000,0x0000,0x0000,0x0000,0x0000,0x0000,0x0000,0x0000,0x0000,0xfeb2,0xfeb2,0xfeb2,0xfeb2,0xfeb2,
0xfeb2,0xfeb2,0xfeb2,0xfeb2,0xfeb2,0x0000,0x0000,0x0000,0x0000,0x0000,0x0000,0x0000,0x0000,0x0000,0x0000,0x0000,0x0000,0x0000,0x0000,0x0000,0x0000,0x0000,0x0000,0x0000,0x0000,0x0000,0x0000,0x0000,0x0000,0x0000,0x0000,0x0000,
0x0000,0x0000,0x0000,0x0000,0x0000,0x0000,0x0000,0x0000,0x0000,0x0000,0x0000,0x0000,0x0000,0x0000,0x0000,0x0000,0x0000,0x0000,0x0000,0x0000,0x0000,0x0000,0x0000,0x0000,0x0000,0x0000,0x0000,0xfeb2,0xfeb2,0xfeb2,0xfeb2,0xfeb2,
0xfeb2,0xfeb2,0xfeb2,0xfeb2,0xfeb2,0x0000,0x0000,0x0000,0x0000,0x0000,0x0000,0x0000,0x0000,0x0000,0x0000,0x0000,0x0000,0x0000,0x0000,0x0000,0x0000,0x0000,0x0000,0x0000,0x0000,0x0000,0x0000,0x0000,0x0000,0x0000,0x0000,0x0000,
0x0000,0x0000,0x0000,0x0000,0x0000,0x0000,0x0000,0x0000,0x0000,0x0000,0x0000,0x0000,0x0000,0x0000,0x0000,0x0000,0x0000,0x0000,0x0000,0x0000,0x0000,0x0000,0x0000,0x0000,0x0000,0x0000,0x0000,0xfeb2,0xfeb2,0xfeb2,0xfeb2,0xfeb2,
0xfeb2,0xfeb2,0xfeb2,0xfeb2,0xfeb2,0x0000,0x0000,0x0000,0x0000,0x0000,0x0000,0x0000,0x0000,0x0000,0x0000,0x0000,0x0000,0x0000,0x0000,0x0000,0x0000,0x0000,0x0000,0x0000,0x0000,0x0000,0x0000,0x0000,0x0000,0x0000,0x0000,0x0000,
0x0000,0x0000,0x0000,0x0000,0x0000,0x0000,0x0000,0x0000,0x0000,0x0000,0x0000,0x0000,0x0000,0x0000,0x0000,0x0000,0x0000,0x0000,0x0000,0x0000,0x0000,0x0000,0x0000,0x0000,0x0000,0x0000,0x0000,0xfeb2,0xfeb2,0xfeb2,0xa6fa,0xa6fa,
0xa6fa,0xa6fa,0xfeb2,0xfeb2,0xfeb2,0x0000,0x0000,0x0000,0x0000,0x0000,0x0000,0x0000,0x0000,0x0000,0x0000,0x0000,0x0000,0x0000,0x0000,0x0000,0x0000,0x0000,0x0000,0x0000,0x0000,0x0000,0x0000,0x0000,0x0000,0x0000,0x0000,0x0000,
0x0000,0x0000,0x0000,0x0000,0x0000,0x0000,0x0000,0x0000,0x0000,0x0000,0x0000,0x0000,0x0000,0x0000,0x0000,0x0000,0x0000,0x0000,0x0000,0x0000,0x0000,0x0000,0x0000,0x0000,0x0000,0x0000,0x0000,0x0000,0x0000,0x0000,0xa6fa,0xa6fa,
0xa6fa,0xa6fa,0x0000,0x0000,0x0000,0x0000,0x0000,0x0000,0x0000,0x0000,0x0000,0x0000,0x0000,0x0000,0x0000,0x0000,0x0000,0x0000,0x0000,0x0000,0x0000,0x0000,0x0000,0x0000,0x0000,0x0000,0x0000,0x0000,0x0000,0x0000,0x0000,0x0000,
0x0000,0x0000,0x0000,0x0000,0x0000,0x0000,0x0000,0x0000,0x0000,0x0000,0x0000,0x0000,0x0000,0x0000,0x0000,0x0000,0x0000,0x0000,0x0000,0x0000,0x0000,0x0000,0x0000,0x0000,0x0000,0x0000,0x0000,0x0000,0x0000,0x0000,0xa6fa,0xa6fa,
0xa6fa,0xa6fa,0x0000,0x0000,0x0000,0x0000,0x0000,0x0000,0x0000,0x0000,0x0000,0x0000,0x0000,0x0000,0x0000,0x0000,0x0000,0x0000,0x0000,0x0000,0x0000,0x0000,0x0000,0x0000,0x0000,0x0000,0x0000,0x0000,0x0000,0x0000,0x0000,0x0000,
0x0000,0x0000,0x0000,0x0000,0x0000,0x0000,0x0000,0x0000,0x0000,0x0000,0x0000,0x0000,0x0000,0x0000,0x0000,0x0000,0x0000,0x0000,0x0000,0x0000,0x0000,0x0000,0x0000,0x0000,0x0000,0x0000,0x0000,0x0000,0x0000,0x0000,0xa6fa,0xa6fa,
0xa6fa,0xa6fa,0x0000,0x0000,0x0000,0x0000,0x0000,0x0000,0x0000,0x0000,0x0000,0x0000,0x0000,0x0000,0x0000,0x0000,0x0000,0x0000,0x0000,0x0000,0x0000,0x0000,0x0000,0x0000,0x0000,0x0000,0x0000,0x0000,0x0000,0x0000,0x0000,0x0000,
0x0000,0x0000,0x0000,0x0000,0x0000,0x0000,0x0000,0x0000,0x0000,0x0000,0x0000,0x0000,0x0000,0x0000,0x0000,0x19e8,0x19e8,0x19e8,0x19e8,0x19e8,0x19e8,0x19e8,0x19e8,0x19e8,0x19e8,0x19e8,0x19e8,0x19e8,0x19e8,0x19e8,0x19e8,0x19e8,
0x19e8,0x19e8,0x19e8,0x19e8,0x19e8,0x19e8,0x19e8,0x19e8,0x19e8,0x19e8,0x19e8,0x19e8,0x19e8,0x19e8,0x19e8,0x19e8,0x19e8,0x0000,0x0000,0x0000,0x0000,0x0000,0x0000,0x0000,0x0000,0x0000,0x0000,0x0000,0x0000,0x0000,0x0000,0x0000,
0x0000,0x0000,0x0000,0x0000,0x0000,0x0000,0x0000,0x0000,0x0000,0x0000,0x0000,0x0000,0x0000,0x0000,0x0000,0x19e8,0x19e8,0x19e8,0x19e8,0x19e8,0x19e8,0x19e8,0x19e8,0x19e8,0x19e8,0x19e8,0x19e8,0x19e8,0x19e8,0x19e8,0x19e8,0x19e8,
0x19e8,0x19e8,0x19e8,0x19e8,0x19e8,0x19e8,0x19e8,0x19e8,0x19e8,0x19e8,0x19e8,0x19e8,0x19e8,0x19e8,0x19e8,0x19e8,0x19e8,0x0000,0x0000,0x0000,0x0000,0x0000,0x0000,0x0000,0x0000,0x0000,0x0000,0x0000,0x0000,0x0000,0x0000,0x0000,
0x0000,0x0000,0x0000,0x0000,0x0000,0x0000,0x0000,0x0000,0x0000,0x0000,0x0000,0x0000,0x0000,0x0000,0x0000,0x19e8,0x19e8,0xa6fa,0xa6fa,0xa6fa,0xa6fa,0xa6fa,0xa6fa,0xa6fa,0xa6fa,0xa6fa,0xa6fa,0xa6fa,0xa6fa,0xa6fa,0xa6fa,0xa6fa,
0xa6fa,0xa6fa,0xa6fa,0xa6fa,0xa6fa,0xa6fa,0xa6fa,0xa6fa,0xa6fa,0xa6fa,0xa6fa,0xa6fa,0xa6fa,0xa6fa,0xa6fa,0x19e8,0x19e8,0x0000,0x0000,0x0000,0x0000,0x0000,0x0000,0x0000,0x0000,0x0000,0x0000,0x0000,0x0000,0x0000,0x0000,0x0000,
0x0000,0x0000,0x0000,0x0000,0x0000,0x0000,0x0000,0x0000,0x0000,0x0000,0x0000,0x0000,0x0000,0x0000,0x0000,0x19e8,0x19e8,0xa6fa,0xa6fa,0xa6fa,0xa6fa,0xa6fa,0xa6fa,0xa6fa,0xa6fa,0xa6fa,0xa6fa,0xa6fa,0xa6fa,0xa6fa,0xa6fa,0xa6fa,
0xa6fa,0xa6fa,0xa6fa,0xa6fa,0xa6fa,0xa6fa,0xa6fa,0xa6fa,0xa6fa,0xa6fa,0xa6fa,0xa6fa,0xa6fa,0xa6fa,0xa6fa,0x19e8,0x19e8,0x0000,0x0000,0x0000,0x0000,0x0000,0x0000,0x0000,0x0000,0x0000,0x0000,0x0000,0x0000,0x0000,0x0000,0x0000,
0x0000,0x0000,0x0000,0x0000,0x0000,0x0000,0x0000,0x0000,0x0000,0x0000,0x0000,0x0000,0x0000,0x0000,0x0000,0x19e8,0x19e8,0xa6fa,0xa6fa,0xa6fa,0xa6fa,0xa6fa,0xa6fa,0xa6fa,0xa6fa,0xa6fa,0xa6fa,0xa6fa,0xa6fa,0xa6fa,0xa6fa,0xa6fa,
0xa6fa,0xa6fa,0xa6fa,0xa6fa,0xa6fa,0xa6fa,0xa6fa,0xa6fa,0xa6fa,0xa6fa,0xa6fa,0xa6fa,0xa6fa,0xa6fa,0xa6fa,0x19e8,0x19e8,0x0000,0x0000,0x0000,0x0000,0x0000,0x0000,0x0000,0x0000,0x0000,0x0000,0x0000,0x0000,0x0000,0x0000,0x0000,
0x0000,0x0000,0x0000,0x0000,0x0000,0x0000,0x0000,0x0000,0x0000,0x0000,0x0000,0x0000,0x0000,0x0000,0x0000,0x19e8,0x19e8,0xa6fa,0xa6fa,0xa6fa,0xa6fa,0xa6fa,0xa6fa,0xa6fa,0xa6fa,0xa6fa,0xa6fa,0xa6fa,0xa6fa,0xa6fa,0xa6fa,0xa6fa,
0xa6fa,0xa6fa,0xa6fa,0xa6fa,0xa6fa,0xa6fa,0xa6fa,0xa6fa,0xa6fa,0xa6fa,0xa6fa,0xa6fa,0xa6fa,0xa6fa,0xa6fa,0x19e8,0x19e8,0x0000,0x0000,0x0000,0x0000,0x0000,0x0000,0x0000,0x0000,0x0000,0x0000,0x0000,0x0000,0x0000,0x0000,0x0000,
0x0000,0x0000,0x0000,0x0000,0x0000,0x0000,0x0000,0x0000,0x0000,0x0000,0x0000,0x0000,0x0000,0x0000,0x0000,0x19e8,0x19e8,0xa6fa,0xa6fa,0xa6fa,0xa6fa,0x19e8,0x19e8,0x19e8,0x19e8,0x19e8,0x19e8,0x19e8,0x19e8,0x19e8,0x19e8,0x19e8,
0x19e8,0x19e8,0x19e8,0x19e8,0x19e8,0x19e8,0x19e8,0x19e8,0x19e8,0x19e8,0x19e8,0xa6fa,0xa6fa,0xa6fa,0xa6fa,0x19e8,0x19e8,0x0000,0x0000,0x0000,0x0000,0x0000,0x0000,0x0000,0x0000,0x0000,0x0000,0x0000,0x0000,0x0000,0x0000,0x0000,
0x0000,0x0000,0x0000,0x0000,0x0000,0x0000,0x0000,0x0000,0x0000,0x0000,0x0000,0x0000,0x0000,0x0000,0x0000,0x19e8,0x19e8,0xa6fa,0xa6fa,0xa6fa,0xa6fa,0x19e8,0x19e8,0x19e8,0x19e8,0x19e8,0x19e8,0x19e8,0x19e8,0x19e8,0x19e8,0x19e8,
0x19e8,0x19e8,0x19e8,0x19e8,0x19e8,0x19e8,0x19e8,0x19e8,0x19e8,0x19e8,0x19e8,0xa6fa,0xa6fa,0xa6fa,0xa6fa,0x19e8,0x19e8,0x0000,0x0000,0x0000,0x0000,0x0000,0x0000,0x0000,0x0000,0x0000,0x0000,0x0000,0x0000,0x0000,0x0000,0x0000,
0x0000,0x0000,0x0000,0x0000,0x0000,0x0000,0x0000,0x0000,0x0000,0x0000,0x0000,0x0000,0x0000,0x0000,0x0000,0x19e8,0x19e8,0xa6fa,0xa6fa,0xa6fa,0xa6fa,0x19e8,0x19e8,0x19e8,0x19e8,0x19e8,0x19e8,0x19e8,0x19e8,0x19e8,0x19e8,0x19e8,
0x19e8,0x19e8,0x19e8,0x19e8,0x19e8,0x19e8,0x19e8,0x19e8,0x19e8,0x19e8,0x19e8,0xa6fa,0xa6fa,0xa6fa,0xa6fa,0x19e8,0x19e8,0x0000,0x0000,0x0000,0x0000,0x0000,0x0000,0x0000,0x0000,0x0000,0x0000,0x0000,0x0000,0x0000,0x0000,0x0000,
0x0000,0x0000,0x0000,0x0000,0x0000,0x0000,0x0000,0x0000,0x0000,0x0000,0x0000,0x0000,0x0000,0x0000,0x0000,0x19e8,0x19e8,0xa6fa,0xa6fa,0xa6fa,0xa6fa,0x19e8,0x19e8,0x19e8,0xefdb,0xefdb,0xefdb,0xefdb,0x19e8,0x19e8,0x19e8,0x19e8,
0x19e8,0x19e8,0x19e8,0xefdb,0xefdb,0xefdb,0xefdb,0x19e8,0x19e8,0x19e8,0x19e8,0xa6fa,0xa6fa,0xa6fa,0xa6fa,0x19e8,0x19e8,0x0000,0x0000,0x0000,0x0000,0x0000,0x0000,0x0000,0x0000,0x0000,0x0000,0x0000,0x0000,0x0000,0x0000,0x0000,
0x0000,0x0000,0x0000,0x0000,0x0000,0x0000,0x0000,0x0000,0x0000,0x0000,0x0000,0x0000,0x0000,0x0000,0x0000,0x19e8,0x19e8,0xa6fa,0xa6fa,0xa6fa,0xa6fa,0x19e8,0x19e8,0x19e8,0xefdb,0xefdb,0xefdb,0xefdb,0x19e8,0x19e8,0x19e8,0x19e8,
0x19e8,0x19e8,0x19e8,0xefdb,0xefdb,0xefdb,0xefdb,0x19e8,0x19e8,0x19e8,0x19e8,0xa6fa,0xa6fa,0xa6fa,0xa6fa,0x19e8,0x19e8,0x0000,0x0000,0x0000,0x0000,0x0000,0x0000,0x0000,0x0000,0x0000,0x0000,0x0000,0x0000,0x0000,0x0000,0x0000,
0x0000,0x0000,0x0000,0x0000,0x0000,0x0000,0x0000,0x0000,0x0000,0x0000,0x0000,0x0000,0x0000,0x0000,0x0000,0x19e8,0x19e8,0xa6fa,0xa6fa,0xa6fa,0xa6fa,0x19e8,0x19e8,0x19e8,0xefdb,0xefdb,0xefdb,0xefdb,0x19e8,0x19e8,0x19e8,0x19e8,
0x19e8,0x19e8,0x19e8,0xefdb,0xefdb,0xefdb,0xefdb,0x19e8,0x19e8,0x19e8,0x19e8,0xa6fa,0xa6fa,0xa6fa,0xa6fa,0x19e8,0x19e8,0x0000,0x0000,0x0000,0x0000,0x0000,0x0000,0x0000,0x0000,0x0000,0x0000,0x0000,0x0000,0x0000,0x0000,0x0000,
0x0000,0x0000,0x0000,0x0000,0x0000,0x0000,0x0000,0x0000,0x0000,0x0000,0x0000,0x0000,0x0000,0x0000,0x0000,0x19e8,0x19e8,0xa6fa,0xa6fa,0xa6fa,0xa6fa,0x19e8,0x19e8,0x19e8,0xefdb,0xefdb,0xefdb,0xefdb,0x19e8,0x19e8,0x19e8,0x19e8,
0x19e8,0x19e8,0x19e8,0xefdb,0xefdb,0xefdb,0xefdb,0x19e8,0x19e8,0x19e8,0x19e8,0xa6fa,0xa6fa,0xa6fa,0xa6fa,0x19e8,0x19e8,0x0000,0x0000,0x0000,0x0000,0x0000,0x0000,0x0000,0x0000,0x0000,0x0000,0x0000,0x0000,0x0000,0x0000,0x0000,
0x0000,0x0000,0x0000,0x0000,0x0000,0x0000,0x0000,0x0000,0x0000,0x0000,0x0000,0x0000,0x0000,0x0000,0x0000,0x19e8,0x19e8,0xa6fa,0xa6fa,0xa6fa,0xa6fa,0x19e8,0x19e8,0x19e8,0xefdb,0xefdb,0xefdb,0xefdb,0x19e8,0x19e8,0x19e8,0x19e8,
0x19e8,0x19e8,0x19e8,0xefdb,0xefdb,0xefdb,0xefdb,0x19e8,0x19e8,0x19e8,0x19e8,0xa6fa,0xa6fa,0xa6fa,0xa6fa,0x19e8,0x19e8,0x0000,0x0000,0x0000,0x0000,0x0000,0x0000,0x0000,0x0000,0x0000,0x0000,0x0000,0x0000,0x0000,0x0000,0x0000,
0x0000,0x0000,0x0000,0x0000,0x0000,0x0000,0x0000,0x0000,0x0000,0x0000,0x0000,0x0000,0x0000,0x0000,0x0000,0x19e8,0x19e8,0xa6fa,0xa6fa,0xa6fa,0xa6fa,0x19e8,0x19e8,0x19e8,0xefdb,0xefdb,0xefdb,0xefdb,0x19e8,0x19e8,0x19e8,0x19e8,
0x19e8,0x19e8,0x19e8,0xefdb,0xefdb,0xefdb,0xefdb,0x19e8,0x19e8,0x19e8,0x19e8,0xa6fa,0xa6fa,0xa6fa,0xa6fa,0x19e8,0x19e8,0x0000,0x0000,0x0000,0x0000,0x0000,0x0000,0x0000,0x0000,0x0000,0x0000,0x0000,0x0000,0x0000,0x0000,0x0000,
0x0000,0x0000,0x0000,0x0000,0x0000,0x0000,0x0000,0x0000,0x0000,0x0000,0x0000,0x0000,0x0000,0x0000,0x0000,0x19e8,0x19e8,0xa6fa,0xa6fa,0xa6fa,0xa6fa,0x19e8,0x19e8,0x19e8,0xefdb,0xefdb,0xefdb,0xefdb,0x19e8,0x19e8,0x19e8,0x19e8,
0x19e8,0x19e8,0x19e8,0xefdb,0xefdb,0xefdb,0xefdb,0x19e8,0x19e8,0x19e8,0x19e8,0xa6fa,0xa6fa,0xa6fa,0xa6fa,0x19e8,0x19e8,0x0000,0x0000,0x0000,0x0000,0x0000,0x0000,0x0000,0x0000,0x0000,0x0000,0x0000,0x0000,0x0000,0x0000,0x0000,
0x0000,0x0000,0x0000,0x0000,0x0000,0x0000,0x0000,0x0000,0x0000,0x0000,0x0000,0x0000,0x0000,0x0000,0x0000,0x19e8,0x19e8,0xa6fa,0xa6fa,0xa6fa,0xa6fa,0x19e8,0x19e8,0x19e8,0x19e8,0x19e8,0x19e8,0x19e8,0x19e8,0x19e8,0x19e8,0x19e8,
0x19e8,0x19e8,0x19e8,0x19e8,0x19e8,0x19e8,0x19e8,0x19e8,0x19e8,0x19e8,0x19e8,0xa6fa,0xa6fa,0xa6fa,0xa6fa,0x19e8,0x19e8,0x0000,0x0000,0x0000,0x0000,0x0000,0x0000,0x0000,0x0000,0x0000,0x0000,0x0000,0x0000,0x0000,0x0000,0x0000,
0x0000,0x0000,0x0000,0x0000,0x0000,0x0000,0x0000,0x0000,0x0000,0x0000,0x0000,0x0000,0x0000,0x0000,0x0000,0x19e8,0x19e8,0xa6fa,0xa6fa,0xa6fa,0xa6fa,0x19e8,0x19e8,0x19e8,0x19e8,0x19e8,0x19e8,0x19e8,0x19e8,0x19e8,0x19e8,0x19e8,
0x19e8,0x19e8,0x19e8,0x19e8,0x19e8,0x19e8,0x19e8,0x19e8,0x19e8,0x19e8,0x19e8,0xa6fa,0xa6fa,0xa6fa,0xa6fa,0x19e8,0x19e8,0x0000,0x0000,0x0000,0x0000,0x0000,0x0000,0x0000,0x0000,0x0000,0x0000,0x0000,0x0000,0x0000,0x0000,0x0000,
0x0000,0x0000,0x0000,0x0000,0x0000,0x0000,0x0000,0x0000,0x0000,0x0000,0x0000,0x0000,0x0000,0x0000,0x0000,0x19e8,0x19e8,0xa6fa,0xa6fa,0xa6fa,0xa6fa,0x19e8,0x19e8,0x19e8,0x19e8,0x19e8,0x19e8,0x19e8,0x19e8,0x19e8,0x19e8,0x19e8,
0x19e8,0x19e8,0x19e8,0x19e8,0x19e8,0x19e8,0x19e8,0x19e8,0x19e8,0x19e8,0x19e8,0xa6fa,0xa6fa,0xa6fa,0xa6fa,0x19e8,0x19e8,0x0000,0x0000,0x0000,0x0000,0x0000,0x0000,0x0000,0x0000,0x0000,0x0000,0x0000,0x0000,0x0000,0x0000,0x0000,
0x0000,0x0000,0x0000,0x0000,0x0000,0x0000,0x0000,0x0000,0x0000,0x0000,0x0000,0x0000,0x0000,0x0000,0x0000,0x19e8,0x19e8,0xa6fa,0xa6fa,0xa6fa,0xa6fa,0x19e8,0x19e8,0x19e8,0x19e8,0x19e8,0x19e8,0x19e8,0x19e8,0x19e8,0x19e8,0x19e8,
0x19e8,0x19e8,0x19e8,0x19e8,0x19e8,0x19e8,0x19e8,0x19e8,0x19e8,0x19e8,0x19e8,0xa6fa,0xa6fa,0xa6fa,0xa6fa,0x19e8,0x19e8,0x0000,0x0000,0x0000,0x0000,0x0000,0x0000,0x0000,0x0000,0x0000,0x0000,0x0000,0x0000,0x0000,0x0000,0x0000,
0x0000,0x0000,0x0000,0x0000,0x0000,0x0000,0x0000,0x0000,0x0000,0x0000,0x0000,0x0000,0x0000,0x0000,0x0000,0x19e8,0x19e8,0xa6fa,0xa6fa,0xa6fa,0xa6fa,0xa6fa,0xa6fa,0xa6fa,0xa6fa,0xa6fa,0xa6fa,0xa6fa,0xa6fa,0xa6fa,0xa6fa,0xa6fa,
0xa6fa,0xa6fa,0xa6fa,0xa6fa,0xa6fa,0xa6fa,0xa6fa,0xa6fa,0xa6fa,0xa6fa,0xa6fa,0xa6fa,0xa6fa,0xa6fa,0xa6fa,0x19e8,0x19e8,0x0000,0x0000,0x0000,0x0000,0x0000,0x0000,0x0000,0x0000,0x0000,0x0000,0x0000,0x0000,0x0000,0x0000,0x0000,
0x0000,0x0000,0x0000,0x0000,0x0000,0x0000,0x0000,0x0000,0x0000,0x0000,0x0000,0x0000,0x0000,0x0000,0x0000,0x19e8,0x19e8,0xa6fa,0xa6fa,0xa6fa,0xa6fa,0xa6fa,0xa6fa,0xa6fa,0xa6fa,0xa6fa,0xa6fa,0x19e8,0x19e8,0x19e8,0x19e8,0x19e8,
0x19e8,0x19e8,0x19e8,0x19e8,0x19e8,0xa6fa,0xa6fa,0xa6fa,0xa6fa,0xa6fa,0xa6fa,0xa6fa,0xa6fa,0xa6fa,0xa6fa,0x19e8,0x19e8,0x0000,0x0000,0x0000,0x0000,0x0000,0x0000,0x0000,0x0000,0x0000,0x0000,0x0000,0x0000,0x0000,0x0000,0x0000,
0x0000,0x0000,0x0000,0x0000,0x0000,0x0000,0x0000,0x0000,0x0000,0x0000,0x0000,0x0000,0x0000,0x0000,0x0000,0x19e8,0x19e8,0xa6fa,0xa6fa,0xa6fa,0xa6fa,0xa6fa,0xa6fa,0xa6fa,0xa6fa,0xa6fa,0xa6fa,0x19e8,0x19e8,0x19e8,0x19e8,0x19e8,
0x19e8,0x19e8,0x19e8,0x19e8,0x19e8,0xa6fa,0xa6fa,0xa6fa,0xa6fa,0xa6fa,0xa6fa,0xa6fa,0xa6fa,0xa6fa,0xa6fa,0x19e8,0x19e8,0x0000,0x0000,0x0000,0x0000,0x0000,0x0000,0x0000,0x0000,0x0000,0x0000,0x0000,0x0000,0x0000,0x0000,0x0000,
0x0000,0x0000,0x0000,0x0000,0x0000,0x0000,0x0000,0x0000,0x0000,0x0000,0x0000,0x0000,0x0000,0x0000,0x0000,0x19e8,0x19e8,0xa6fa,0xa6fa,0xa6fa,0xa6fa,0xa6fa,0xa6fa,0xa6fa,0xa6fa,0xa6fa,0xa6fa,0xa6fa,0xa6fa,0xa6fa,0xa6fa,0xa6fa,
0xa6fa,0xa6fa,0xa6fa,0xa6fa,0xa6fa,0xa6fa,0xa6fa,0xa6fa,0xa6fa,0xa6fa,0xa6fa,0xa6fa,0xa6fa,0xa6fa,0xa6fa,0x19e8,0x19e8,0x0000,0x0000,0x0000,0x0000,0x0000,0x0000,0x0000,0x0000,0x0000,0x0000,0x0000,0x0000,0x0000,0x0000,0x0000,
0x0000,0x0000,0x0000,0x0000,0x0000,0x0000,0x0000,0x0000,0x0000,0x0000,0x0000,0x0000,0x0000,0x0000,0x0000,0x19e8,0x19e8,0xa6fa,0xa6fa,0xa6fa,0xa6fa,0xa6fa,0xa6fa,0xa6fa,0xa6fa,0xa6fa,0xa6fa,0xa6fa,0xa6fa,0xa6fa,0xa6fa,0xa6fa,
0xa6fa,0xa6fa,0xa6fa,0xa6fa,0xa6fa,0xa6fa,0xa6fa,0xa6fa,0xa6fa,0xa6fa,0xa6fa,0xa6fa,0xa6fa,0xa6fa,0xa6fa,0x19e8,0x19e8,0x0000,0x0000,0x0000,0x0000,0x0000,0x0000,0x0000,0x0000,0x0000,0x0000,0x0000,0x0000,0x0000,0x0000,0x0000,
0x0000,0x0000,0x0000,0x0000,0x0000,0x0000,0x0000,0x0000,0x0000,0x0000,0x0000,0x0000,0x0000,0x0000,0x0000,0x19e8,0x19e8,0x19e8,0x19e8,0x19e8,0x19e8,0x19e8,0x19e8,0x19e8,0x19e8,0x19e8,0x19e8,0x19e8,0x19e8,0x19e8,0x19e8,0x19e8,
0x19e8,0x19e8,0x19e8,0x19e8,0x19e8,0x19e8,0x19e8,0x19e8,0x19e8,0x19e8,0x19e8,0x19e8,0x19e8,0x19e8,0x19e8,0x19e8,0x19e8,0x0000,0x0000,0x0000,0x0000,0x0000,0x0000,0x0000,0x0000,0x0000,0x0000,0x0000,0x0000,0x0000,0x0000,0x0000,
0x0000,0x0000,0x0000,0x0000,0x0000,0x0000,0x0000,0x0000,0x0000,0x0000,0x0000,0x0000,0x0000,0x0000,0x0000,0x19e8,0x19e8,0x19e8,0x19e8,0x19e8,0x19e8,0x19e8,0x19e8,0x19e8,0x19e8,0x19e8,0x19e8,0x19e8,0x19e8,0x19e8,0x19e8,0x19e8,
0x19e8,0x19e8,0x19e8,0x19e8,0x19e8,0x19e8,0x19e8,0x19e8,0x19e8,0x19e8,0x19e8,0x19e8,0x19e8,0x19e8,0x19e8,0x19e8,0x19e8,0x0000,0x0000,0x0000,0x0000,0x0000,0x0000,0x0000,0x0000,0x0000,0x0000,0x0000,0x0000,0x0000,0x0000,0x0000,
0x0000,0x0000,0x0000,0x0000,0x0000,0x0000,0x0000,0x0000,0x0000,0x0000,0x0000,0x0000,0x0000,0x0000,0x0000,0x0000,0x0000,0x0000,0x0000,0x0000,0x0000,0x19e8,0x19e8,0x19e8,0x19e8,0x19e8,0x19e8,0x19e8,0x19e8,0x19e8,0x19e8,0x19e8,
0x19e8,0x19e8,0x19e8,0x19e8,0x19e8,0x19e8,0x19e8,0x19e8,0x19e8,0x19e8,0x19e8,0x0000,0x0000,0x0000,0x0000,0x0000,0x0000,0x0000,0x0000,0x0000,0x0000,0x0000,0x0000,0x0000,0x0000,0x0000,0x0000,0x0000,0x0000,0x0000,0x0000,0x0000,
0x0000,0x0000,0x0000,0x0000,0x0000,0x0000,0x0000,0x0000,0x0000,0x0000,0x0000,0x0000,0x0000,0x0000,0x0000,0x0000,0x0000,0x0000,0x0000,0x0000,0x0000,0x19e8,0x19e8,0x19e8,0x19e8,0x19e8,0x19e8,0x19e8,0x19e8,0x19e8,0x19e8,0x19e8,
0x19e8,0x19e8,0x19e8,0x19e8,0x19e8,0x19e8,0x19e8,0x19e8,0x19e8,0x19e8,0x19e8,0x0000,0x0000,0x0000,0x0000,0x0000,0x0000,0x0000,0x0000,0x0000,0x0000,0x0000,0x0000,0x0000,0x0000,0x0000,0x0000,0x0000,0x0000,0x0000,0x0000,0x0000,
0x0000,0x0000,0x0000,0x0000,0x0000,0x0000,0x0000,0x0000,0x0000,0x0000,0x0000,0x0000,0x0000,0x0000,0x0000,0x0000,0x0000,0x0000,0x0000,0x0000,0x0000,0x19e8,0x19e8,0xa6fa,0xa6fa,0xa6fa,0xa6fa,0xa6fa,0xa6fa,0xa6fa,0xa6fa,0xa6fa,
0xa6fa,0xa6fa,0xa6fa,0xa6fa,0xa6fa,0xa6fa,0xa6fa,0xa6fa,0xa6fa,0x19e8,0x19e8,0x0000,0x0000,0x0000,0x0000,0x0000,0x0000,0x0000,0x0000,0x0000,0x0000,0x0000,0x0000,0x0000,0x0000,0x0000,0x0000,0x0000,0x0000,0x0000,0x0000,0x0000,
0x0000,0x0000,0x0000,0x0000,0x0000,0x0000,0x0000,0x0000,0x0000,0xa6fa,0xa6fa,0xa6fa,0xa6fa,0xa6fa,0x0000,0x0000,0x0000,0x0000,0x0000,0x0000,0x0000,0x19e8,0x19e8,0xa6fa,0xa6fa,0xa6fa,0xa6fa,0xa6fa,0xa6fa,0xa6fa,0xa6fa,0xa6fa,
0xa6fa,0xa6fa,0xa6fa,0xa6fa,0xa6fa,0xa6fa,0xa6fa,0xa6fa,0xa6fa,0x19e8,0x19e8,0x0000,0x0000,0x0000,0x0000,0x0000,0x0000,0x0000,0xa6fa,0xa6fa,0xa6fa,0xa6fa,0xa6fa,0x0000,0x0000,0x0000,0x0000,0x0000,0x0000,0x0000,0x0000,0x0000,
0x0000,0x0000,0x0000,0x0000,0x0000,0x0000,0x0000,0x0000,0x0000,0xa6fa,0xa6fa,0xa6fa,0xa6fa,0xa6fa,0x0000,0x0000,0x0000,0x0000,0x0000,0x0000,0x0000,0x19e8,0x19e8,0xa6fa,0xa6fa,0xa6fa,0xa6fa,0xa6fa,0xa6fa,0xa6fa,0xa6fa,0xa6fa,
0xa6fa,0xa6fa,0xa6fa,0xa6fa,0xa6fa,0xa6fa,0xa6fa,0xa6fa,0xa6fa,0x19e8,0x19e8,0x0000,0x0000,0x0000,0x0000,0x0000,0x0000,0x0000,0xa6fa,0xa6fa,0xa6fa,0xa6fa,0xa6fa,0x0000,0x0000,0x0000,0x0000,0x0000,0x0000,0x0000,0x0000,0x0000,
0x0000,0x0000,0x0000,0x0000,0x0000,0x0000,0x0000,0x0000,0x0000,0xa6fa,0xa6fa,0xa6fa,0xa6fa,0xa6fa,0x0000,0x0000,0x0000,0x0000,0x0000,0x0000,0x0000,0x19e8,0x19e8,0xa6fa,0xa6fa,0xa6fa,0xa6fa,0xa6fa,0xa6fa,0xa6fa,0xa6fa,0xa6fa,
0xa6fa,0xa6fa,0xa6fa,0xa6fa,0xa6fa,0xa6fa,0xa6fa,0xa6fa,0xa6fa,0x19e8,0x19e8,0x0000,0x0000,0x0000,0x0000,0x0000,0x0000,0x0000,0xa6fa,0xa6fa,0xa6fa,0xa6fa,0xa6fa,0x0000,0x0000,0x0000,0x0000,0x0000,0x0000,0x0000,0x0000,0x0000,
0x0000,0x0000,0x0000,0x0000,0x0000,0x0000,0x0000,0x0000,0x0000,0xa6fa,0xa6fa,0xa6fa,0xa6fa,0xa6fa,0x0000,0x0000,0x0000,0x0000,0x0000,0x0000,0x0000,0x19e8,0x19e8,0xa6fa,0xa6fa,0xa6fa,0xa6fa,0xa6fa,0xa6fa,0xa6fa,0xa6fa,0xa6fa,
0xa6fa,0xa6fa,0xa6fa,0xa6fa,0xa6fa,0xa6fa,0xa6fa,0xa6fa,0xa6fa,0x19e8,0x19e8,0x0000,0x0000,0x0000,0x0000,0x0000,0x0000,0x0000,0xa6fa,0xa6fa,0xa6fa,0xa6fa,0xa6fa,0x0000,0x0000,0x0000,0x0000,0x0000,0x0000,0x0000,0x0000,0x0000,
0x0000,0x0000,0x0000,0x0000,0x0000,0x0000,0x0000,0x0000,0x0000,0xa6fa,0xa6fa,0xa6fa,0xa6fa,0xa6fa,0x0000,0x0000,0x0000,0x0000,0x0000,0x0000,0x0000,0x19e8,0x19e8,0xa6fa,0xa6fa,0xa6fa,0xa6fa,0xa6fa,0xa6fa,0xa6fa,0xa6fa,0xa6fa,
0xa6fa,0xa6fa,0xa6fa,0xa6fa,0xa6fa,0xa6fa,0xa6fa,0xa6fa,0xa6fa,0x19e8,0x19e8,0x0000,0x0000,0x0000,0x0000,0x0000,0x0000,0x0000,0xa6fa,0xa6fa,0xa6fa,0xa6fa,0xa6fa,0x0000,0x0000,0x0000,0x0000,0x0000,0x0000,0x0000,0x0000,0x0000,
0x0000,0x0000,0x0000,0x0000,0x0000,0x0000,0x0000,0x0000,0x0000,0xa6fa,0xa6fa,0xa6fa,0xa6fa,0xa6fa,0x0000,0x0000,0x0000,0x0000,0x0000,0x0000,0x0000,0x19e8,0x19e8,0xa6fa,0xa6fa,0xa6fa,0xa6fa,0xa6fa,0xa6fa,0xa6fa,0xa6fa,0xa6fa,
0xa6fa,0xa6fa,0xa6fa,0xa6fa,0xa6fa,0xa6fa,0xa6fa,0xa6fa,0xa6fa,0x19e8,0x19e8,0x0000,0x0000,0x0000,0x0000,0x0000,0x0000,0x0000,0xa6fa,0xa6fa,0xa6fa,0xa6fa,0xa6fa,0x0000,0x0000,0x0000,0x0000,0x0000,0x0000,0x0000,0x0000,0x0000,
0x0000,0x0000,0x0000,0x0000,0x0000,0x0000,0x0000,0x0000,0x0000,0xa6fa,0xa6fa,0xa6fa,0xa6fa,0xa6fa,0x0000,0x0000,0x0000,0x0000,0x0000,0x0000,0x0000,0x19e8,0x19e8,0xa6fa,0xa6fa,0xa6fa,0xa6fa,0xa6fa,0xa6fa,0xa6fa,0xa6fa,0xa6fa,
0xa6fa,0xa6fa,0xa6fa,0xa6fa,0xa6fa,0xa6fa,0xa6fa,0xa6fa,0xa6fa,0x19e8,0x19e8,0x0000,0x0000,0x0000,0x0000,0x0000,0x0000,0x0000,0xa6fa,0xa6fa,0xa6fa,0xa6fa,0xa6fa,0x0000,0x0000,0x0000,0x0000,0x0000,0x0000,0x0000,0x0000,0x0000,
0x0000,0x0000,0x0000,0x0000,0x0000,0x0000,0x0000,0x0000,0x0000,0xa6fa,0xa6fa,0xa6fa,0xa6fa,0xa6fa,0x0000,0x0000,0x0000,0x0000,0x0000,0x0000,0x0000,0x19e8,0x19e8,0x19e8,0x19e8,0x19e8,0x19e8,0x19e8,0x19e8,0x19e8,0x19e8,0x19e8,
0x19e8,0x19e8,0x19e8,0x19e8,0x19e8,0x19e8,0x19e8,0x19e8,0x19e8,0x19e8,0x19e8,0x0000,0x0000,0x0000,0x0000,0x0000,0x0000,0x0000,0xa6fa,0xa6fa,0xa6fa,0xa6fa,0xa6fa,0x0000,0x0000,0x0000,0x0000,0x0000,0x0000,0x0000,0x0000,0x0000,
0x0000,0x0000,0x0000,0x0000,0x0000,0x0000,0x0000,0x0000,0x0000,0xa6fa,0xa6fa,0xa6fa,0xa6fa,0xa6fa,0x0000,0x0000,0x0000,0x0000,0x0000,0x0000,0x0000,0x19e8,0x19e8,0x19e8,0x19e8,0x19e8,0x19e8,0x19e8,0x19e8,0x19e8,0x19e8,0x19e8,
0x19e8,0x19e8,0x19e8,0x19e8,0x19e8,0x19e8,0x19e8,0x19e8,0x19e8,0x19e8,0x19e8,0x0000,0x0000,0x0000,0x0000,0x0000,0x0000,0x0000,0xa6fa,0xa6fa,0xa6fa,0xa6fa,0xa6fa,0x0000,0x0000,0x0000,0x0000,0x0000,0x0000,0x0000,0x0000,0x0000,
0x0000,0x0000,0x0000,0x0000,0x0000,0x0000,0x0000,0x0000,0x0000,0x0000,0x0000,0x0000,0x0000,0x0000,0x0000,0x0000,0x0000,0x0000,0x0000,0x0000,0x0000,0x0000,0x0000,0x0000,0x0000,0x0000,0x0000,0x0000,0x0000,0x0000,0x0000,0x0000,
0x0000,0x0000,0x0000,0x0000,0x0000,0x0000,0x0000,0x0000,0x0000,0x0000,0x0000,0x0000,0x0000,0x0000,0x0000,0x0000,0x0000,0x0000,0x0000,0x0000,0x0000,0x0000,0x0000,0x0000,0x0000,0x0000,0x0000,0x0000,0x0000,0x0000,0x0000,0x0000,
0x0000,0x0000,0x0000,0x0000,0x0000,0x0000,0x0000,0x0000,0x0000,0x0000,0x0000,0x0000,0x0000,0x0000,0x0000,0x0000,0x0000,0x0000,0x0000,0x0000,0x0000,0x0000,0x0000,0x0000,0x0000,0x0000,0xa6fa,0xa6fa,0xa6fa,0xa6fa,0x0000,0x0000,
0x0000,0x0000,0xa6fa,0xa6fa,0xa6fa,0xa6fa,0x0000,0x0000,0x0000,0x0000,0x0000,0x0000,0x0000,0x0000,0x0000,0x0000,0x0000,0x0000,0x0000,0x0000,0x0000,0x0000,0x0000,0x0000,0x0000,0x0000,0x0000,0x0000,0x0000,0x0000,0x0000,0x0000,
0x0000,0x0000,0x0000,0x0000,0x0000,0x0000,0x0000,0x0000,0x0000,0x0000,0x0000,0x0000,0x0000,0x0000,0x0000,0x0000,0x0000,0x0000,0x0000,0x0000,0x0000,0x0000,0x0000,0x0000,0x0000,0x0000,0xa6fa,0xa6fa,0xa6fa,0xa6fa,0x0000,0x0000,
0x0000,0x0000,0xa6fa,0xa6fa,0xa6fa,0xa6fa,0x0000,0x0000,0x0000,0x0000,0x0000,0x0000,0x0000,0x0000,0x0000,0x0000,0x0000,0x0000,0x0000,0x0000,0x0000,0x0000,0x0000,0x0000,0x0000,0x0000,0x0000,0x0000,0x0000,0x0000,0x0000,0x0000,
0x0000,0x0000,0x0000,0x0000,0x0000,0x0000,0x0000,0x0000,0x0000,0x0000,0x0000,0x0000,0x0000,0x0000,0x0000,0x0000,0x0000,0x0000,0x0000,0x0000,0x0000,0x0000,0x0000,0x0000,0x0000,0x0000,0xa6fa,0xa6fa,0xa6fa,0xa6fa,0x0000,0x0000,
0x0000,0x0000,0xa6fa,0xa6fa,0xa6fa,0xa6fa,0x0000,0x0000,0x0000,0x0000,0x0000,0x0000,0x0000,0x0000,0x0000,0x0000,0x0000,0x0000,0x0000,0x0000,0x0000,0x0000,0x0000,0x0000,0x0000,0x0000,0x0000,0x0000,0x0000,0x0000,0x0000,0x0000,
0x0000,0x0000,0x0000,0x0000,0x0000,0x0000,0x0000,0x0000,0x0000,0x0000,0x0000,0x0000,0x0000,0x0000,0x0000,0x0000,0x0000,0x0000,0x0000,0x0000,0x0000,0x0000,0x0000,0x0000,0x0000,0x0000,0xa6fa,0xa6fa,0xa6fa,0xa6fa,0x0000,0x0000,
0x0000,0x0000,0xa6fa,0xa6fa,0xa6fa,0xa6fa,0x0000,0x0000,0x0000,0x0000,0x0000,0x0000,0x0000,0x0000,0x0000,0x0000,0x0000,0x0000,0x0000,0x0000,0x0000,0x0000,0x0000,0x0000,0x0000,0x0000,0x0000,0x0000,0x0000,0x0000,0x0000,0x0000,
0x0000,0x0000,0x0000,0x0000,0x0000,0x0000,0x0000,0x0000,0x0000,0x0000,0x0000,0x0000,0x0000,0x0000,0x0000,0x0000,0x0000,0x0000,0x0000,0x0000,0x0000,0x0000,0x0000,0x0000,0x0000,0x0000,0x0000,0x0000,0x0000,0x0000,0x0000,0x0000,
0x0000,0x0000,0x0000,0x0000,0x0000,0x0000,0x0000,0x0000,0x0000,0x0000,0x0000,0x0000,0x0000,0x0000,0x0000,0x0000,0x0000,0x0000,0x0000,0x0000,0x0000,0x0000,0x0000,0x0000,0x0000,0x0000,0x0000,0x0000,0x0000,0x0000,0x0000,0x0000,
0x0000,0x0000,0x0000,0x0000,0x0000,0x0000,0x0000,0x0000,0x0000,0x0000,0x0000,0x0000,0x0000,0x0000,0x0000,0x0000,0x0000,0x0000,0x0000,0x0000,0x0000,0x0000,0x0000,0x0000,0x0000,0x0000,0x0000,0x0000,0x0000,0x0000,0x0000,0x0000,
0x0000,0x0000,0x0000,0x0000,0x0000,0x0000,0x0000,0x0000,0x0000,0x0000,0x0000,0x0000,0x0000,0x0000,0x0000,0x0000,0x0000,0x0000,0x0000,0x0000,0x0000,0x0000,0x0000,0x0000,0x0000,0x0000,0x0000,0x0000,0x0000,0x0000,0x0000,0x0000,
0x0000,0x0000,0x0000,0x0000,0x0000,0x0000,0x0000,0x0000,0x0000,0x0000,0x0000,0x0000,0x0000,0x0000,0x0000,0x0000,0x0000,0x0000,0x0000,0x0000,0x0000,0x0000,0x0000,0x0000,0x0000,0x0000,0x0000,0x0000,0x0000,0x0000,0x0000,0x0000,
0x0000,0x0000,0x0000,0x0000,0x0000,0x0000,0x0000,0x0000,0x0000,0x0000,0x0000,0x0000,0x0000,0x0000,0x0000,0x0000,0x0000,0x0000,0x0000,0x0000,0x0000,0x0000,0x0000,0x0000,0x0000,0x0000,0x0000,0x0000,0x0000,0x0000,0x0000,0x0000,
0x0000,0x0000,0x0000,0x0000,0x0000,0x0000,0x0000,0x0000,0x0000,0x0000,0x0000,0x0000,0x0000,0x0000,0x0000,0x0000,0x0000,0x0000,0x0000,0x0000,0x0000,0x0000,0x0000,0x0000,0x0000,0x0000,0x0000,0x0000,0x0000,0x0000,0x0000,0x0000,
0x0000,0x0000,0x0000,0x0000,0x0000,0x0000,0x0000,0x0000,0x0000,0x0000,0x0000,0x0000,0x0000,0x0000,0x0000,0x0000,0x0000,0x0000,0x0000,0x0000,0x0000,0x0000,0x0000,0x0000,0x0000,0x0000,0x0000,0x0000,0x0000,0x0000,0x0000,0x0000,
0x0000,0x0000,0x0000,0x0000,0x0000,0x0000,0x0000,0x0000,0x0000,0x0000,0x0000,0x0000,0x0000,0x0000,0x0000,0x0000,0x0000,0x0000,0x0000,0x0000,0x0000,0x0000,0x0000,0x0000,0x0000,0x0000,0x0000,0x0000,0x0000,0x0000,0x0000,0x0000,
0x0000,0x0000,0x0000,0x0000,0x0000,0x0000,0x0000,0x0000,0x0000,0x0000,0x0000,0x0000,0x0000,0x0000,0x0000,0x0000,0x0000,0x0000,0x0000,0x0000,0x0000,0x0000,0x0000,0x0000,0x0000,0x0000,0x0000,0x0000,0x0000,0x0000,0x0000,0x0000,
0x0000,0x0000,0x0000,0x0000,0x0000,0x0000,0x0000,0x0000,0x0000,0x0000,0x0000,0x0000,0x0000,0x0000,0x0000,0x0000,0x0000,0x0000,0x0000,0x0000,0x0000,0x0000,0x0000,0x0000,0x0000,0x0000,0x0000,0x0000,0x0000,0x0000,0x0000,0x0000,
0x0000,0x0000,0x0000,0x0000,0x0000,0x0000,0x0000,0x0000,0x0000,0x0000,0x0000,0x0000,0x0000,0x0000,0x0000,0x0000,0x0000,0x0000,0x0000,0x0000,0x0000,0x0000,0x0000,0x0000,0x0000,0x0000,0x0000,0x0000,0x0000,0x0000,0x0000,0x0000,
0x0000,0x0000,0x0000,0x0000,0x0000,0x0000,0x0000,0x0000,0x0000,0x0000,0x0000,0x0000,0x0000,0x0000,0x0000,0x0000,0x0000,0x0000,0x0000,0x0000,0x0000,0x0000,0x0000,0x0000,0x0000,0x0000,0x0000,0x0000,0x0000,0x0000,0x0000,0x0000,
0x0000,0x0000,0x0000,0x0000,0x0000,0x0000,0x0000,0x0000,0x0000,0x0000,0x0000,0x0000,0x0000,0x0000,0x0000,0x0000,0x0000,0x0000,0x0000,0x0000,0x0000,0x0000,0x0000,0x0000,0x0000,0x0000,0x0000,0x0000,0x0000,0x0000,0x0000,0x0000,
};
static const uint16_t frame_21[4096] = {
0x0000,0x0000,0x0000,0x0000,0x0000,0x0000,0x0000,0x0000,0x0000,0x0000,0x0000,0x0000,0x0000,0x0000,0x0000,0x0000,0x0000,0x0000,0x0000,0x0000,0x0000,0x0000,0x0000,0x0000,0x0000,0x0000,0x0000,0x0000,0x0000,0x0000,0x0000,0x0000,
0x0000,0x0000,0x0000,0x0000,0x0000,0x0000,0x0000,0x0000,0x0000,0x0000,0x0000,0x0000,0x0000,0x0000,0x0000,0x0000,0x0000,0x0000,0x0000,0x0000,0x0000,0x0000,0x0000,0x0000,0x0000,0x0000,0x0000,0x0000,0x0000,0x0000,0x0000,0x0000,
0x0000,0x0000,0x0000,0x0000,0x0000,0x0000,0x0000,0x0000,0x0000,0x0000,0x0000,0x0000,0x0000,0x0000,0x0000,0x0000,0x0000,0x0000,0x0000,0x0000,0x0000,0x0000,0x0000,0x0000,0x0000,0x0000,0x0000,0x0000,0x0000,0x0000,0x0000,0x0000,
0x0000,0x0000,0x0000,0x0000,0x0000,0x0000,0x0000,0x0000,0x0000,0x0000,0x0000,0x0000,0x0000,0x0000,0x0000,0x0000,0x0000,0x0000,0x0000,0x0000,0x0000,0x0000,0x0000,0x0000,0x0000,0x0000,0x0000,0x0000,0x0000,0x0000,0x0000,0x0000,
0x0000,0x0000,0x0000,0x0000,0x0000,0x0000,0x0000,0x0000,0x0000,0x0000,0x0000,0x0000,0x0000,0x0000,0x0000,0x0000,0x0000,0x0000,0x0000,0x0000,0x0000,0x0000,0x0000,0x0000,0x0000,0x0000,0x0000,0x0000,0x0000,0x0000,0x0000,0x0000,
0x0000,0x0000,0x0000,0x0000,0x0000,0x0000,0x0000,0x0000,0x0000,0x0000,0x0000,0x0000,0x0000,0x0000,0x0000,0x0000,0x0000,0x0000,0x0000,0x0000,0x0000,0x0000,0x0000,0x0000,0x0000,0x0000,0x0000,0x0000,0x0000,0x0000,0x0000,0x0000,
0x0000,0x0000,0x0000,0x0000,0x0000,0x0000,0x0000,0x0000,0x0000,0x0000,0x0000,0x0000,0x19e8,0x19e8,0x19e8,0x0000,0x0000,0x0000,0x0000,0x0000,0x0000,0x0000,0x0000,0x0000,0x19e8,0x19e8,0x19e8,0x0000,0x0000,0x0000,0x0000,0x0000,
0x0000,0x0000,0x0000,0x0000,0x19e8,0x19e8,0x19e8,0x0000,0x0000,0x0000,0x0000,0x0000,0x0000,0x0000,0x0000,0x0000,0xfeb2,0xfeb2,0xfeb2,0x0000,0x0000,0x0000,0x0000,0x0000,0x0000,0x0000,0x0000,0x0000,0x0000,0x0000,0x0000,0x0000,
0x0000,0x0000,0x0000,0x0000,0x0000,0x0000,0x0000,0x0000,0x0000,0x0000,0x0000,0x0000,0x19e8,0x19e8,0x19e8,0x0000,0x0000,0x0000,0x0000,0x0000,0x0000,0x0000,0x0000,0x0000,0x19e8,0x19e8,0x19e8,0x0000,0x0000,0x0000,0x0000,0x0000,
0x0000,0x0000,0x0000,0x0000,0x19e8,0x19e8,0x19e8,0x0000,0x0000,0x0000,0x0000,0x0000,0x0000,0x0000,0x0000,0x0000,0xfeb2,0xfeb2,0xfeb2,0x0000,0x0000,0x0000,0x0000,0x0000,0x0000,0x0000,0x0000,0x0000,0x0000,0x0000,0x0000,0x0000,
0x0000,0x0000,0x0000,0x0000,0x0000,0x0000,0x0000,0x0000,0x0000,0x0000,0x0000,0x0000,0x19e8,0x19e8,0x19e8,0x0000,0x0000,0x0000,0x0000,0x0000,0x0000,0x0000,0x0000,0x0000,0x19e8,0x19e8,0x19e8,0x0000,0x0000,0x0000,0x0000,0x0000,
0x0000,0x0000,0x0000,0x0000,0x19e8,0x19e8,0x19e8,0x0000,0x0000,0x0000,0x0000,0x0000,0x0000,0x0000,0x0000,0x0000,0xfeb2,0xfeb2,0xfeb2,0x0000,0x0000,0x0000,0x0000,0x0000,0x0000,0x0000,0x0000,0x0000,0x0000,0x0000,0x0000,0x0000,
0x0000,0x0000,0x0000,0x0000,0x0000,0x0000,0x0000,0x0000,0x0000,0x0000,0x0000,0x0000,0x0000,0x0000,0x0000,0x0000,0x0000,0x0000,0x0000,0x0000,0x0000,0x0000,0x0000,0x0000,0x0000,0x0000,0x0000,0x0000,0x0000,0x0000,0x0000,0x0000,
0x0000,0x0000,0x0000,0x0000,0x0000,0x0000,0x0000,0x0000,0x0000,0x0000,0x0000,0x0000,0x0000,0x0000,0x0000,0x0000,0x0000,0x0000,0x0000,0x0000,0x0000,0x0000,0x0000,0x0000,0x0000,0x0000,0x0000,0x0000,0x0000,0x0000,0x0000,0x0000,
0x0000,0x0000,0x0000,0x0000,0x0000,0x0000,0x0000,0x0000,0x0000,0x0000,0x0000,0x0000,0x0000,0x0000,0x0000,0x0000,0x0000,0x0000,0x0000,0x0000,0x0000,0x0000,0x0000,0x0000,0x0000,0x0000,0x0000,0xfeb2,0xfeb2,0xfeb2,0xfeb2,0xfeb2,
0xfeb2,0xfeb2,0xfeb2,0xfeb2,0xfeb2,0x0000,0x0000,0x0000,0x0000,0x0000,0x0000,0x0000,0x0000,0x0000,0x0000,0x0000,0x0000,0x0000,0x0000,0x0000,0x0000,0x0000,0x0000,0x0000,0x0000,0x0000,0x0000,0x0000,0x0000,0x0000,0x0000,0x0000,
0x0000,0x0000,0x0000,0x0000,0x0000,0x0000,0x0000,0x0000,0x0000,0x0000,0x0000,0x0000,0x0000,0x0000,0x0000,0x0000,0x0000,0x0000,0x0000,0x0000,0x0000,0x0000,0x0000,0x0000,0x0000,0x0000,0x0000,0xfeb2,0xfeb2,0xfeb2,0xfeb2,0xfeb2,
0xfeb2,0xfeb2,0xfeb2,0xfeb2,0xfeb2,0x0000,0x0000,0x0000,0x0000,0x0000,0x0000,0x0000,0x0000,0x0000,0x0000,0x0000,0x0000,0x0000,0x0000,0x0000,0x0000,0x0000,0x0000,0x0000,0x0000,0x0000,0x0000,0x0000,0x0000,0x0000,0x0000,0x0000,
0x0000,0x0000,0x0000,0x0000,0x0000,0x0000,0x0000,0x0000,0x0000,0x0000,0x0000,0x0000,0x0000,0x0000,0x0000,0x0000,0x0000,0x0000,0x0000,0x0000,0x0000,0x0000,0x0000,0x0000,0x0000,0x0000,0x0000,0xfeb2,0xfeb2,0xfeb2,0xfeb2,0xfeb2,
0xfeb2,0xfeb2,0xfeb2,0xfeb2,0xfeb2,0x0000,0x0000,0x0000,0x0000,0x0000,0x0000,0x0000,0x0000,0x0000,0x0000,0x0000,0x0000,0x0000,0x0000,0x0000,0x0000,0x0000,0x0000,0x0000,0x0000,0x0000,0x0000,0x0000,0x0000,0x0000,0x0000,0x0000,
0x0000,0x0000,0x0000,0x0000,0x0000,0x0000,0x0000,0x0000,0x0000,0x0000,0x0000,0x0000,0x0000,0x0000,0x0000,0x0000,0x0000,0x0000,0x0000,0x0000,0x0000,0x0000,0x0000,0x0000,0x0000,0x0000,0x0000,0xfeb2,0xfeb2,0xfeb2,0xa6fa,0xa6fa,
0xa6fa,0xa6fa,0xfeb2,0xfeb2,0xfeb2,0x0000,0x0000,0x0000,0x0000,0x0000,0x0000,0x0000,0x0000,0x0000,0x0000,0x0000,0x0000,0x0000,0x0000,0x0000,0x0000,0x0000,0x0000,0x0000,0x0000,0x0000,0x0000,0x0000,0x0000,0x0000,0x0000,0x0000,
0x0000,0x0000,0x0000,0x0000,0x0000,0x0000,0x0000,0x0000,0x0000,0x0000,0x0000,0x0000,0x0000,0x0000,0x0000,0x0000,0x0000,0x0000,0x0000,0x0000,0x0000,0x0000,0x0000,0x0000,0x0000,0x0000,0x0000,0x0000,0x0000,0x0000,0xa6fa,0xa6fa,
0xa6fa,0xa6fa,0x0000,0x0000,0x0000,0x0000,0x0000,0x0000,0x0000,0x0000,0x0000,0x0000,0x0000,0x0000,0x0000,0x0000,0x0000,0x0000,0x0000,0x0000,0x0000,0x0000,0x0000,0x0000,0x0000,0x0000,0x0000,0x0000,0x0000,0x0000,0x0000,0x0000,
0x0000,0x0000,0x0000,0x0000,0x0000,0x0000,0x0000,0x0000,0x0000,0x0000,0x0000,0x0000,0x0000,0x0000,0x0000,0x0000,0x0000,0x0000,0x0000,0x0000,0x0000,0x0000,0x0000,0x0000,0x0000,0x0000,0x0000,0x0000,0x0000,0x0000,0xa6fa,0xa6fa,
0xa6fa,0xa6fa,0x0000,0x0000,0x0000,0x0000,0x0000,0x0000,0x0000,0x0000,0x0000,0x0000,0x0000,0x0000,0x0000,0x0000,0x0000,0x0000,0x0000,0x0000,0x0000,0x0000,0x0000,0x0000,0x0000,0x0000,0x0000,0x0000,0x0000,0x0000,0x0000,0x0000,
0x0000,0x0000,0x0000,0x0000,0x0000,0x0000,0x0000,0x0000,0x0000,0x0000,0x0000,0x0000,0x0000,0x0000,0x0000,0x0000,0x0000,0x0000,0x0000,0x0000,0x0000,0x0000,0x0000,0x0000,0x0000,0x0000,0x0000,0x0000,0x0000,0x0000,0xa6fa,0xa6fa,
0xa6fa,0xa6fa,0x0000,0x0000,0x0000,0x0000,0x0000,0x0000,0x0000,0x0000,0x0000,0x0000,0x0000,0x0000,0x0000,0x0000,0x0000,0x0000,0x0000,0x0000,0x0000,0x0000,0x0000,0x0000,0x0000,0x0000,0x0000,0x0000,0x0000,0x0000,0x0000,0x0000,
0x0000,0x0000,0x0000,0x0000,0x0000,0x0000,0x0000,0x0000,0x0000,0x0000,0x0000,0x0000,0x0000,0x0000,0x0000,0x19e8,0x19e8,0x19e8,0x19e8,0x19e8,0x19e8,0x19e8,0x19e8,0x19e8,0x19e8,0x19e8,0x19e8,0x19e8,0x19e8,0x19e8,0x19e8,0x19e8,
0x19e8,0x19e8,0x19e8,0x19e8,0x19e8,0x19e8,0x19e8,0x19e8,0x19e8,0x19e8,0x19e8,0x19e8,0x19e8,0x19e8,0x19e8,0x19e8,0x19e8,0x0000,0x0000,0x0000,0x0000,0x0000,0x0000,0x0000,0x0000,0x0000,0x0000,0x0000,0x0000,0x0000,0x0000,0x0000,
0x0000,0x0000,0x0000,0x0000,0x0000,0x0000,0x0000,0x0000,0x0000,0x0000,0x0000,0x0000,0x0000,0x0000,0x0000,0x19e8,0x19e8,0x19e8,0x19e8,0x19e8,0x19e8,0x19e8,0x19e8,0x19e8,0x19e8,0x19e8,0x19e8,0x19e8,0x19e8,0x19e8,0x19e8,0x19e8,
0x19e8,0x19e8,0x19e8,0x19e8,0x19e8,0x19e8,0x19e8,0x19e8,0x19e8,0x19e8,0x19e8,0x19e8,0x19e8,0x19e8,0x19e8,0x19e8,0x19e8,0x0000,0x0000,0x0000,0x0000,0x0000,0x0000,0x0000,0x0000,0x0000,0x0000,0x0000,0x0000,0x0000,0x0000,0x0000,
0x0000,0x0000,0x0000,0x0000,0x0000,0x0000,0x0000,0x0000,0x0000,0x0000,0x0000,0x0000,0x0000,0x0000,0x0000,0x19e8,0x19e8,0xa6fa,0xa6fa,0xa6fa,0xa6fa,0xa6fa,0xa6fa,0xa6fa,0xa6fa,0xa6fa,0xa6fa,0xa6fa,0xa6fa,0xa6fa,0xa6fa,0xa6fa,
0xa6fa,0xa6fa,0xa6fa,0xa6fa,0xa6fa,0xa6fa,0xa6fa,0xa6fa,0xa6fa,0xa6fa,0xa6fa,0xa6fa,0xa6fa,0xa6fa,0xa6fa,0x19e8,0x19e8,0x0000,0x0000,0x0000,0x0000,0x0000,0x0000,0x0000,0x0000,0x0000,0x0000,0x0000,0x0000,0x0000,0x0000,0x0000,
0x0000,0x0000,0x0000,0x0000,0x0000,0x0000,0x0000,0x0000,0x0000,0x0000,0x0000,0x0000,0x0000,0x0000,0x0000,0x19e8,0x19e8,0xa6fa,0xa6fa,0xa6fa,0xa6fa,0xa6fa,0xa6fa,0xa6fa,0xa6fa,0xa6fa,0xa6fa,0xa6fa,0xa6fa,0xa6fa,0xa6fa,0xa6fa,
0xa6fa,0xa6fa,0xa6fa,0xa6fa,0xa6fa,0xa6fa,0xa6fa,0xa6fa,0xa6fa,0xa6fa,0xa6fa,0xa6fa,0xa6fa,0xa6fa,0xa6fa,0x19e8,0x19e8,0x0000,0x0000,0x0000,0x0000,0x0000,0x0000,0x0000,0x0000,0x0000,0x0000,0x0000,0x0000,0x0000,0x0000,0x0000,
0x0000,0x0000,0x0000,0x0000,0x0000,0x0000,0x0000,0x0000,0x0000,0x0000,0x0000,0x0000,0x0000,0x0000,0x0000,0x19e8,0x19e8,0xa6fa,0xa6fa,0xa6fa,0xa6fa,0xa6fa,0xa6fa,0xa6fa,0xa6fa,0xa6fa,0xa6fa,0xa6fa,0xa6fa,0xa6fa,0xa6fa,0xa6fa,
0xa6fa,0xa6fa,0xa6fa,0xa6fa,0xa6fa,0xa6fa,0xa6fa,0xa6fa,0xa6fa,0xa6fa,0xa6fa,0xa6fa,0xa6fa,0xa6fa,0xa6fa,0x19e8,0x19e8,0x0000,0x0000,0x0000,0x0000,0x0000,0x0000,0x0000,0x0000,0x0000,0x0000,0x0000,0x0000,0x0000,0x0000,0x0000,
0x0000,0x0000,0x0000,0x0000,0x0000,0x0000,0x0000,0x0000,0x0000,0x0000,0x0000,0x0000,0x0000,0x0000,0x0000,0x19e8,0x19e8,0xa6fa,0xa6fa,0xa6fa,0xa6fa,0xa6fa,0xa6fa,0xa6fa,0xa6fa,0xa6fa,0xa6fa,0xa6fa,0xa6fa,0xa6fa,0xa6fa,0xa6fa,
0xa6fa,0xa6fa,0xa6fa,0xa6fa,0xa6fa,0xa6fa,0xa6fa,0xa6fa,0xa6fa,0xa6fa,0xa6fa,0xa6fa,0xa6fa,0xa6fa,0xa6fa,0x19e8,0x19e8,0x0000,0x0000,0x0000,0x0000,0x0000,0x0000,0x0000,0x0000,0x0000,0x0000,0x0000,0x0000,0x0000,0x0000,0x0000,
0x0000,0x0000,0x0000,0x0000,0x0000,0x0000,0x0000,0x0000,0x0000,0x0000,0x0000,0x0000,0x0000,0x0000,0x0000,0x19e8,0x19e8,0xa6fa,0xa6fa,0xa6fa,0xa6fa,0x19e8,0x19e8,0x19e8,0x19e8,0x19e8,0x19e8,0x19e8,0x19e8,0x19e8,0x19e8,0x19e8,
0x19e8,0x19e8,0x19e8,0x19e8,0x19e8,0x19e8,0x19e8,0x19e8,0x19e8,0x19e8,0x19e8,0xa6fa,0xa6fa,0xa6fa,0xa6fa,0x19e8,0x19e8,0x0000,0x0000,0x0000,0x0000,0x0000,0x0000,0x0000,0x0000,0x0000,0x0000,0x0000,0x0000,0x0000,0x0000,0x0000,
0x0000,0x0000,0x0000,0x0000,0x0000,0x0000,0x0000,0x0000,0x0000,0x0000,0x0000,0x0000,0x0000,0x0000,0x0000,0x19e8,0x19e8,0xa6fa,0xa6fa,0xa6fa,0xa6fa,0x19e8,0x19e8,0x19e8,0x19e8,0x19e8,0x19e8,0x19e8,0x19e8,0x19e8,0x19e8,0x19e8,
0x19e8,0x19e8,0x19e8,0x19e8,0x19e8,0x19e8,0x19e8,0x19e8,0x19e8,0x19e8,0x19e8,0xa6fa,0xa6fa,0xa6fa,0xa6fa,0x19e8,0x19e8,0x0000,0x0000,0x0000,0x0000,0x0000,0x0000,0x0000,0x0000,0x0000,0x0000,0x0000,0x0000,0x0000,0x0000,0x0000,
0x0000,0x0000,0x0000,0x0000,0x0000,0x0000,0x0000,0x0000,0x0000,0x0000,0x0000,0x0000,0x0000,0x0000,0x0000,0x19e8,0x19e8,0xa6fa,0xa6fa,0xa6fa,0xa6fa,0x19e8,0x19e8,0x19e8,0x19e8,0x19e8,0x19e8,0x19e8,0x19e8,0x19e8,0x19e8,0x19e8,
0x19e8,0x19e8,0x19e8,0x19e8,0x19e8,0x19e8,0x19e8,0x19e8,0x19e8,0x19e8,0x19e8,0xa6fa,0xa6fa,0xa6fa,0xa6fa,0x19e8,0x19e8,0x0000,0x0000,0x0000,0x0000,0x0000,0x0000,0x0000,0x0000,0x0000,0x0000,0x0000,0x0000,0x0000,0x0000,0x0000,
0x0000,0x0000,0x0000,0x0000,0x0000,0x0000,0x0000,0x0000,0x0000,0x0000,0x0000,0x0000,0x0000,0x0000,0x0000,0x19e8,0x19e8,0xa6fa,0xa6fa,0xa6fa,0xa6fa,0x19e8,0x19e8,0x19e8,0xefdb,0xefdb,0xefdb,0xefdb,0x19e8,0x19e8,0x19e8,0x19e8,
0x19e8,0x19e8,0x19e8,0xefdb,0xefdb,0xefdb,0xefdb,0x19e8,0x19e8,0x19e8,0x19e8,0xa6fa,0xa6fa,0xa6fa,0xa6fa,0x19e8,0x19e8,0x0000,0x0000,0x0000,0x0000,0x0000,0x0000,0x0000,0x0000,0x0000,0x0000,0x0000,0x0000,0x0000,0x0000,0x0000,
0x0000,0x0000,0x0000,0x0000,0x0000,0x0000,0x0000,0x0000,0x0000,0x0000,0x0000,0x0000,0x0000,0x0000,0x0000,0x19e8,0x19e8,0xa6fa,0xa6fa,0xa6fa,0xa6fa,0x19e8,0x19e8,0x19e8,0xefdb,0xefdb,0xefdb,0xefdb,0x19e8,0x19e8,0x19e8,0x19e8,
0x19e8,0x19e8,0x19e8,0xefdb,0xefdb,0xefdb,0xefdb,0x19e8,0x19e8,0x19e8,0x19e8,0xa6fa,0xa6fa,0xa6fa,0xa6fa,0x19e8,0x19e8,0x0000,0x0000,0x0000,0x0000,0x0000,0x0000,0x0000,0x0000,0x0000,0x0000,0x0000,0x0000,0x0000,0x0000,0x0000,
0x0000,0x0000,0x0000,0x0000,0x0000,0x0000,0x0000,0x0000,0x0000,0x0000,0x0000,0x0000,0x0000,0x0000,0x0000,0x19e8,0x19e8,0xa6fa,0xa6fa,0xa6fa,0xa6fa,0x19e8,0x19e8,0x19e8,0xefdb,0xefdb,0xefdb,0xefdb,0x19e8,0x19e8,0x19e8,0x19e8,
0x19e8,0x19e8,0x19e8,0xefdb,0xefdb,0xefdb,0xefdb,0x19e8,0x19e8,0x19e8,0x19e8,0xa6fa,0xa6fa,0xa6fa,0xa6fa,0x19e8,0x19e8,0x0000,0x0000,0x0000,0x0000,0x0000,0x0000,0x0000,0x0000,0x0000,0x0000,0x0000,0x0000,0x0000,0x0000,0x0000,
0x0000,0x0000,0x0000,0x0000,0x0000,0x0000,0x0000,0x0000,0x0000,0x0000,0x0000,0x0000,0x0000,0x0000,0x0000,0x19e8,0x19e8,0xa6fa,0xa6fa,0xa6fa,0xa6fa,0x19e8,0x19e8,0x19e8,0xefdb,0xefdb,0xefdb,0xefdb,0x19e8,0x19e8,0x19e8,0x19e8,
0x19e8,0x19e8,0x19e8,0xefdb,0xefdb,0xefdb,0xefdb,0x19e8,0x19e8,0x19e8,0x19e8,0xa6fa,0xa6fa,0xa6fa,0xa6fa,0x19e8,0x19e8,0x0000,0x0000,0x0000,0x0000,0x0000,0x0000,0x0000,0x0000,0x0000,0x0000,0x0000,0x0000,0x0000,0x0000,0x0000,
0x0000,0x0000,0x0000,0x0000,0x0000,0x0000,0x0000,0x0000,0x0000,0x0000,0x0000,0x0000,0x0000,0x0000,0x0000,0x19e8,0x19e8,0xa6fa,0xa6fa,0xa6fa,0xa6fa,0x19e8,0x19e8,0x19e8,0xefdb,0xefdb,0xefdb,0xefdb,0x19e8,0x19e8,0x19e8,0x19e8,
0x19e8,0x19e8,0x19e8,0xefdb,0xefdb,0xefdb,0xefdb,0x19e8,0x19e8,0x19e8,0x19e8,0xa6fa,0xa6fa,0xa6fa,0xa6fa,0x19e8,0x19e8,0x0000,0x0000,0x0000,0x0000,0x0000,0x0000,0x0000,0x0000,0x0000,0x0000,0x0000,0x0000,0x0000,0x0000,0x0000,
0x0000,0x0000,0x0000,0x0000,0x0000,0x0000,0x0000,0x0000,0x0000,0x0000,0x0000,0x0000,0x0000,0x0000,0x0000,0x19e8,0x19e8,0xa6fa,0xa6fa,0xa6fa,0xa6fa,0x19e8,0x19e8,0x19e8,0xefdb,0xefdb,0xefdb,0xefdb,0x19e8,0x19e8,0x19e8,0x19e8,
0x19e8,0x19e8,0x19e8,0xefdb,0xefdb,0xefdb,0xefdb,0x19e8,0x19e8,0x19e8,0x19e8,0xa6fa,0xa6fa,0xa6fa,0xa6fa,0x19e8,0x19e8,0x0000,0x0000,0x0000,0x0000,0x0000,0x0000,0x0000,0x0000,0x0000,0x0000,0x0000,0x0000,0x0000,0x0000,0x0000,
0x0000,0x0000,0x0000,0x0000,0x0000,0x0000,0x0000,0x0000,0x0000,0x0000,0x0000,0x0000,0x0000,0x0000,0x0000,0x19e8,0x19e8,0xa6fa,0xa6fa,0xa6fa,0xa6fa,0x19e8,0x19e8,0x19e8,0xefdb,0xefdb,0xefdb,0xefdb,0x19e8,0x19e8,0x19e8,0x19e8,
0x19e8,0x19e8,0x19e8,0xefdb,0xefdb,0xefdb,0xefdb,0x19e8,0x19e8,0x19e8,0x19e8,0xa6fa,0xa6fa,0xa6fa,0xa6fa,0x19e8,0x19e8,0x0000,0x0000,0x0000,0x0000,0x0000,0x0000,0x0000,0x0000,0x0000,0x0000,0x0000,0x0000,0x0000,0x0000,0x0000,
0x0000,0x0000,0x0000,0x0000,0x0000,0x0000,0x0000,0x0000,0x0000,0x0000,0x0000,0x0000,0x0000,0x0000,0x0000,0x19e8,0x19e8,0xa6fa,0xa6fa,0xa6fa,0xa6fa,0x19e8,0x19e8,0x19e8,0x19e8,0x19e8,0x19e8,0x19e8,0x19e8,0x19e8,0x19e8,0x19e8,
0x19e8,0x19e8,0x19e8,0x19e8,0x19e8,0x19e8,0x19e8,0x19e8,0x19e8,0x19e8,0x19e8,0xa6fa,0xa6fa,0xa6fa,0xa6fa,0x19e8,0x19e8,0x0000,0x0000,0x0000,0x0000,0x0000,0x0000,0x0000,0x0000,0x0000,0x0000,0x0000,0x0000,0x0000,0x0000,0x0000,
0x0000,0x0000,0x0000,0x0000,0x0000,0x0000,0x0000,0x0000,0x0000,0x0000,0x0000,0x0000,0x0000,0x0000,0x0000,0x19e8,0x19e8,0xa6fa,0xa6fa,0xa6fa,0xa6fa,0x19e8,0x19e8,0x19e8,0x19e8,0x19e8,0x19e8,0x19e8,0x19e8,0x19e8,0x19e8,0x19e8,
0x19e8,0x19e8,0x19e8,0x19e8,0x19e8,0x19e8,0x19e8,0x19e8,0x19e8,0x19e8,0x19e8,0xa6fa,0xa6fa,0xa6fa,0xa6fa,0x19e8,0x19e8,0x0000,0x0000,0x0000,0x0000,0x0000,0x0000,0x0000,0x0000,0x0000,0x0000,0x0000,0x0000,0x0000,0x0000,0x0000,
0x0000,0x0000,0x0000,0x0000,0x0000,0x0000,0x0000,0x0000,0x0000,0x0000,0x0000,0x0000,0x0000,0x0000,0x0000,0x19e8,0x19e8,0xa6fa,0xa6fa,0xa6fa,0xa6fa,0x19e8,0x19e8,0x19e8,0x19e8,0x19e8,0x19e8,0x19e8,0x19e8,0x19e8,0x19e8,0x19e8,
0x19e8,0x19e8,0x19e8,0x19e8,0x19e8,0x19e8,0x19e8,0x19e8,0x19e8,0x19e8,0x19e8,0xa6fa,0xa6fa,0xa6fa,0xa6fa,0x19e8,0x19e8,0x0000,0x0000,0x0000,0x0000,0x0000,0x0000,0x0000,0x0000,0x0000,0x0000,0x0000,0x0000,0x0000,0x0000,0x0000,
0x0000,0x0000,0x0000,0x0000,0x0000,0x0000,0x0000,0x0000,0x0000,0x0000,0x0000,0x0000,0x0000,0x0000,0x0000,0x19e8,0x19e8,0xa6fa,0xa6fa,0xa6fa,0xa6fa,0x19e8,0x19e8,0x19e8,0x19e8,0x19e8,0x19e8,0x19e8,0x19e8,0x19e8,0x19e8,0x19e8,
0x19e8,0x19e8,0x19e8,0x19e8,0x19e8,0x19e8,0x19e8,0x19e8,0x19e8,0x19e8,0x19e8,0xa6fa,0xa6fa,0xa6fa,0xa6fa,0x19e8,0x19e8,0x0000,0x0000,0x0000,0x0000,0x0000,0x0000,0x0000,0x0000,0x0000,0x0000,0x0000,0x0000,0x0000,0x0000,0x0000,
0x0000,0x0000,0x0000,0x0000,0x0000,0x0000,0x0000,0x0000,0x0000,0x0000,0x0000,0x0000,0x0000,0x0000,0x0000,0x19e8,0x19e8,0xa6fa,0xa6fa,0xa6fa,0xa6fa,0xa6fa,0xa6fa,0xa6fa,0xa6fa,0xa6fa,0xa6fa,0xa6fa,0xa6fa,0xa6fa,0xa6fa,0xa6fa,
0xa6fa,0xa6fa,0xa6fa,0xa6fa,0xa6fa,0xa6fa,0xa6fa,0xa6fa,0xa6fa,0xa6fa,0xa6fa,0xa6fa,0xa6fa,0xa6fa,0xa6fa,0x19e8,0x19e8,0x0000,0x0000,0x0000,0x0000,0x0000,0x0000,0x0000,0x0000,0x0000,0x0000,0x0000,0x0000,0x0000,0x0000,0x0000,
0x0000,0x0000,0x0000,0x0000,0x0000,0x0000,0x0000,0x0000,0x0000,0x0000,0x0000,0x0000,0x0000,0x0000,0x0000,0x19e8,0x19e8,0xa6fa,0xa6fa,0xa6fa,0xa6fa,0xa6fa,0xa6fa,0xa6fa,0xa6fa,0xa6fa,0xa6fa,0x19e8,0x19e8,0x19e8,0x19e8,0x19e8,
0x19e8,0x19e8,0x19e8,0x19e8,0x19e8,0xa6fa,0xa6fa,0xa6fa,0xa6fa,0xa6fa,0xa6fa,0xa6fa,0xa6fa,0xa6fa,0xa6fa,0x19e8,0x19e8,0x0000,0x0000,0x0000,0x0000,0x0000,0x0000,0x0000,0x0000,0x0000,0x0000,0x0000,0x0000,0x0000,0x0000,0x0000,
0x0000,0x0000,0x0000,0x0000,0x0000,0x0000,0x0000,0x0000,0x0000,0x0000,0x0000,0x0000,0x0000,0x0000,0x0000,0x19e8,0x19e8,0xa6fa,0xa6fa,0xa6fa,0xa6fa,0xa6fa,0xa6fa,0xa6fa,0xa6fa,0xa6fa,0xa6fa,0x19e8,0x19e8,0x19e8,0x19e8,0x19e8,
0x19e8,0x19e8,0x19e8,0x19e8,0x19e8,0xa6fa,0xa6fa,0xa6fa,0xa6fa,0xa6fa,0xa6fa,0xa6fa,0xa6fa,0xa6fa,0xa6fa,0x19e8,0x19e8,0x0000,0x0000,0x0000,0x0000,0x0000,0x0000,0x0000,0x0000,0x0000,0x0000,0x0000,0x0000,0x0000,0x0000,0x0000,
0x0000,0x0000,0x0000,0x0000,0x0000,0x0000,0x0000,0x0000,0x0000,0x0000,0x0000,0x0000,0x0000,0x0000,0x0000,0x19e8,0x19e8,0xa6fa,0xa6fa,0xa6fa,0xa6fa,0xa6fa,0xa6fa,0xa6fa,0xa6fa,0xa6fa,0xa6fa,0xa6fa,0xa6fa,0xa6fa,0xa6fa,0xa6fa,
0xa6fa,0xa6fa,0xa6fa,0xa6fa,0xa6fa,0xa6fa,0xa6fa,0xa6fa,0xa6fa,0xa6fa,0xa6fa,0xa6fa,0xa6fa,0xa6fa,0xa6fa,0x19e8,0x19e8,0x0000,0x0000,0x0000,0x0000,0x0000,0x0000,0x0000,0x0000,0x0000,0x0000,0x0000,0x0000,0x0000,0x0000,0x0000,
0x0000,0x0000,0x0000,0x0000,0x0000,0x0000,0x0000,0x0000,0x0000,0x0000,0x0000,0x0000,0x0000,0x0000,0x0000,0x19e8,0x19e8,0xa6fa,0xa6fa,0xa6fa,0xa6fa,0xa6fa,0xa6fa,0xa6fa,0xa6fa,0xa6fa,0xa6fa,0xa6fa,0xa6fa,0xa6fa,0xa6fa,0xa6fa,
0xa6fa,0xa6fa,0xa6fa,0xa6fa,0xa6fa,0xa6fa,0xa6fa,0xa6fa,0xa6fa,0xa6fa,0xa6fa,0xa6fa,0xa6fa,0xa6fa,0xa6fa,0x19e8,0x19e8,0x0000,0x0000,0x0000,0x0000,0x0000,0x0000,0x0000,0x0000,0x0000,0x0000,0x0000,0x0000,0x0000,0x0000,0x0000,
0x0000,0x0000,0x0000,0x0000,0x0000,0x0000,0x0000,0x0000,0x0000,0x0000,0x0000,0x0000,0x0000,0x0000,0x0000,0x19e8,0x19e8,0x19e8,0x19e8,0x19e8,0x19e8,0x19e8,0x19e8,0x19e8,0x19e8,0x19e8,0x19e8,0x19e8,0x19e8,0x19e8,0x19e8,0x19e8,
0x19e8,0x19e8,0x19e8,0x19e8,0x19e8,0x19e8,0x19e8,0x19e8,0x19e8,0x19e8,0x19e8,0x19e8,0x19e8,0x19e8,0x19e8,0x19e8,0x19e8,0x0000,0x0000,0x0000,0x0000,0x0000,0x0000,0x0000,0x0000,0x0000,0x0000,0x0000,0x0000,0x0000,0x0000,0x0000,
0x0000,0x0000,0x0000,0x0000,0x0000,0x0000,0x0000,0x0000,0x0000,0x0000,0x0000,0x0000,0x0000,0x0000,0x0000,0x19e8,0x19e8,0x19e8,0x19e8,0x19e8,0x19e8,0x19e8,0x19e8,0x19e8,0x19e8,0x19e8,0x19e8,0x19e8,0x19e8,0x19e8,0x19e8,0x19e8,
0x19e8,0x19e8,0x19e8,0x19e8,0x19e8,0x19e8,0x19e8,0x19e8,0x19e8,0x19e8,0x19e8,0x19e8,0x19e8,0x19e8,0x19e8,0x19e8,0x19e8,0x0000,0x0000,0x0000,0x0000,0x0000,0x0000,0x0000,0x0000,0x0000,0x0000,0x0000,0x0000,0x0000,0x0000,0x0000,
0x0000,0x0000,0x0000,0x0000,0x0000,0x0000,0x0000,0x0000,0x0000,0x0000,0x0000,0x0000,0x0000,0x0000,0x0000,0x0000,0x0000,0x0000,0x0000,0x0000,0x0000,0x19e8,0x19e8,0x19e8,0x19e8,0x19e8,0x19e8,0x19e8,0x19e8,0x19e8,0x19e8,0x19e8,
0x19e8,0x19e8,0x19e8,0x19e8,0x19e8,0x19e8,0x19e8,0x19e8,0x19e8,0x19e8,0x19e8,0x0000,0x0000,0x0000,0x0000,0x0000,0x0000,0x0000,0x0000,0x0000,0x0000,0x0000,0x0000,0x0000,0x0000,0x0000,0x0000,0x0000,0x0000,0x0000,0x0000,0x0000,
0x0000,0x0000,0x0000,0x0000,0x0000,0x0000,0x0000,0x0000,0x0000,0x0000,0x0000,0x0000,0x0000,0x0000,0x0000,0x0000,0x0000,0x0000,0x0000,0x0000,0x0000,0x19e8,0x19e8,0x19e8,0x19e8,0x19e8,0x19e8,0x19e8,0x19e8,0x19e8,0x19e8,0x19e8,
0x19e8,0x19e8,0x19e8,0x19e8,0x19e8,0x19e8,0x19e8,0x19e8,0x19e8,0x19e8,0x19e8,0x0000,0x0000,0x0000,0x0000,0x0000,0x0000,0x0000,0x0000,0x0000,0x0000,0x0000,0x0000,0x0000,0x0000,0x0000,0x0000,0x0000,0x0000,0x0000,0x0000,0x0000,
0x0000,0x0000,0x0000,0x0000,0x0000,0x0000,0x0000,0x0000,0x0000,0x0000,0x0000,0x0000,0x0000,0x0000,0x0000,0x0000,0x0000,0x0000,0x0000,0x0000,0x0000,0x19e8,0x19e8,0xa6fa,0xa6fa,0xa6fa,0xa6fa,0xa6fa,0xa6fa,0xa6fa,0xa6fa,0xa6fa,
0xa6fa,0xa6fa,0xa6fa,0xa6fa,0xa6fa,0xa6fa,0xa6fa,0xa6fa,0xa6fa,0x19e8,0x19e8,0x0000,0x0000,0x0000,0x0000,0x0000,0x0000,0x0000,0x0000,0x0000,0x0000,0x0000,0x0000,0x0000,0x0000,0x0000,0x0000,0x0000,0x0000,0x0000,0x0000,0x0000,
0x0000,0x0000,0x0000,0x0000,0x0000,0x0000,0x0000,0x0000,0x0000,0xa6fa,0xa6fa,0xa6fa,0xa6fa,0xa6fa,0x0000,0x0000,0x0000,0x0000,0x0000,0x0000,0x0000,0x19e8,0x19e8,0xa6fa,0xa6fa,0xa6fa,0xa6fa,0xa6fa,0xa6fa,0xa6fa,0xa6fa,0xa6fa,
0xa6fa,0xa6fa,0xa6fa,0xa6fa,0xa6fa,0xa6fa,0xa6fa,0xa6fa,0xa6fa,0x19e8,0x19e8,0x0000,0x0000,0x0000,0x0000,0x0000,0x0000,0x0000,0xa6fa,0xa6fa,0xa6fa,0xa6fa,0xa6fa,0x0000,0x0000,0x0000,0x0000,0x0000,0x0000,0x0000,0x0000,0x0000,
0x0000,0x0000,0x0000,0x0000,0x0000,0x0000,0x0000,0x0000,0x0000,0xa6fa,0xa6fa,0xa6fa,0xa6fa,0xa6fa,0x0000,0x0000,0x0000,0x0000,0x0000,0x0000,0x0000,0x19e8,0x19e8,0xa6fa,0xa6fa,0xa6fa,0xa6fa,0xa6fa,0xa6fa,0xa6fa,0xa6fa,0xa6fa,
0xa6fa,0xa6fa,0xa6fa,0xa6fa,0xa6fa,0xa6fa,0xa6fa,0xa6fa,0xa6fa,0x19e8,0x19e8,0x0000,0x0000,0x0000,0x0000,0x0000,0x0000,0x0000,0xa6fa,0xa6fa,0xa6fa,0xa6fa,0xa6fa,0x0000,0x0000,0x0000,0x0000,0x0000,0x0000,0x0000,0x0000,0x0000,
0x0000,0x0000,0x0000,0x0000,0x0000,0x0000,0x0000,0x0000,0x0000,0xa6fa,0xa6fa,0xa6fa,0xa6fa,0xa6fa,0x0000,0x0000,0x0000,0x0000,0x0000,0x0000,0x0000,0x19e8,0x19e8,0xa6fa,0xa6fa,0xa6fa,0xa6fa,0xa6fa,0xa6fa,0xa6fa,0xa6fa,0xa6fa,
0xa6fa,0xa6fa,0xa6fa,0xa6fa,0xa6fa,0xa6fa,0xa6fa,0xa6fa,0xa6fa,0x19e8,0x19e8,0x0000,0x0000,0x0000,0x0000,0x0000,0x0000,0x0000,0xa6fa,0xa6fa,0xa6fa,0xa6fa,0xa6fa,0x0000,0x0000,0x0000,0x0000,0x0000,0x0000,0x0000,0x0000,0x0000,
0x0000,0x0000,0x0000,0x0000,0x0000,0x0000,0x0000,0x0000,0x0000,0xa6fa,0xa6fa,0xa6fa,0xa6fa,0xa6fa,0x0000,0x0000,0x0000,0x0000,0x0000,0x0000,0x0000,0x19e8,0x19e8,0xa6fa,0xa6fa,0xa6fa,0xa6fa,0xa6fa,0xa6fa,0xa6fa,0xa6fa,0xa6fa,
0xa6fa,0xa6fa,0xa6fa,0xa6fa,0xa6fa,0xa6fa,0xa6fa,0xa6fa,0xa6fa,0x19e8,0x19e8,0x0000,0x0000,0x0000,0x0000,0x0000,0x0000,0x0000,0xa6fa,0xa6fa,0xa6fa,0xa6fa,0xa6fa,0x0000,0x0000,0x0000,0x0000,0x0000,0x0000,0x0000,0x0000,0x0000,
0x0000,0x0000,0x0000,0x0000,0x0000,0x0000,0x0000,0x0000,0x0000,0xa6fa,0xa6fa,0xa6fa,0xa6fa,0xa6fa,0x0000,0x0000,0x0000,0x0000,0x0000,0x0000,0x0000,0x19e8,0x19e8,0xa6fa,0xa6fa,0xa6fa,0xa6fa,0xa6fa,0xa6fa,0xa6fa,0xa6fa,0xa6fa,
0xa6fa,0xa6fa,0xa6fa,0xa6fa,0xa6fa,0xa6fa,0xa6fa,0xa6fa,0xa6fa,0x19e8,0x19e8,0x0000,0x0000,0x0000,0x0000,0x0000,0x0000,0x0000,0xa6fa,0xa6fa,0xa6fa,0xa6fa,0xa6fa,0x0000,0x0000,0x0000,0x0000,0x0000,0x0000,0x0000,0x0000,0x0000,
0x0000,0x0000,0x0000,0x0000,0x0000,0x0000,0x0000,0x0000,0x0000,0xa6fa,0xa6fa,0xa6fa,0xa6fa,0xa6fa,0x0000,0x0000,0x0000,0x0000,0x0000,0x0000,0x0000,0x19e8,0x19e8,0xa6fa,0xa6fa,0xa6fa,0xa6fa,0xa6fa,0xa6fa,0xa6fa,0xa6fa,0xa6fa,
0xa6fa,0xa6fa,0xa6fa,0xa6fa,0xa6fa,0xa6fa,0xa6fa,0xa6fa,0xa6fa,0x19e8,0x19e8,0x0000,0x0000,0x0000,0x0000,0x0000,0x0000,0x0000,0xa6fa,0xa6fa,0xa6fa,0xa6fa,0xa6fa,0x0000,0x0000,0x0000,0x0000,0x0000,0x0000,0x0000,0x0000,0x0000,
0x0000,0x0000,0x0000,0x0000,0x0000,0x0000,0x0000,0x0000,0x0000,0xa6fa,0xa6fa,0xa6fa,0xa6fa,0xa6fa,0x0000,0x0000,0x0000,0x0000,0x0000,0x0000,0x0000,0x19e8,0x19e8,0xa6fa,0xa6fa,0xa6fa,0xa6fa,0xa6fa,0xa6fa,0xa6fa,0xa6fa,0xa6fa,
0xa6fa,0xa6fa,0xa6fa,0xa6fa,0xa6fa,0xa6fa,0xa6fa,0xa6fa,0xa6fa,0x19e8,0x19e8,0x0000,0x0000,0x0000,0x0000,0x0000,0x0000,0x0000,0xa6fa,0xa6fa,0xa6fa,0xa6fa,0xa6fa,0x0000,0x0000,0x0000,0x0000,0x0000,0x0000,0x0000,0x0000,0x0000,
0x0000,0x0000,0x0000,0x0000,0x0000,0x0000,0x0000,0x0000,0x0000,0xa6fa,0xa6fa,0xa6fa,0xa6fa,0xa6fa,0x0000,0x0000,0x0000,0x0000,0x0000,0x0000,0x0000,0x19e8,0x19e8,0x19e8,0x19e8,0x19e8,0x19e8,0x19e8,0x19e8,0x19e8,0x19e8,0x19e8,
0x19e8,0x19e8,0x19e8,0x19e8,0x19e8,0x19e8,0x19e8,0x19e8,0x19e8,0x19e8,0x19e8,0x0000,0x0000,0x0000,0x0000,0x0000,0x0000,0x0000,0xa6fa,0xa6fa,0xa6fa,0xa6fa,0xa6fa,0x0000,0x0000,0x0000,0x0000,0x0000,0x0000,0x0000,0x0000,0x0000,
0x0000,0x0000,0x0000,0x0000,0x0000,0x0000,0x0000,0x0000,0x0000,0xa6fa,0xa6fa,0xa6fa,0xa6fa,0xa6fa,0x0000,0x0000,0x0000,0x0000,0x0000,0x0000,0x0000,0x19e8,0x19e8,0x19e8,0x19e8,0x19e8,0x19e8,0x19e8,0x19e8,0x19e8,0x19e8,0x19e8,
0x19e8,0x19e8,0x19e8,0x19e8,0x19e8,0x19e8,0x19e8,0x19e8,0x19e8,0x19e8,0x19e8,0x0000,0x0000,0x0000,0x0000,0x0000,0x0000,0x0000,0xa6fa,0xa6fa,0xa6fa,0xa6fa,0xa6fa,0x0000,0x0000,0x0000,0x0000,0x0000,0x0000,0x0000,0x0000,0x0000,
0x0000,0x0000,0x0000,0x0000,0x0000,0x0000,0x0000,0x0000,0x0000,0x0000,0x0000,0x0000,0x0000,0x0000,0x0000,0x0000,0x0000,0x0000,0x0000,0x0000,0x0000,0x0000,0x0000,0x0000,0x0000,0x0000,0x0000,0x0000,0x0000,0x0000,0x0000,0x0000,
0x0000,0x0000,0x0000,0x0000,0x0000,0x0000,0x0000,0x0000,0x0000,0x0000,0x0000,0x0000,0x0000,0x0000,0x0000,0x0000,0x0000,0x0000,0x0000,0x0000,0x0000,0x0000,0x0000,0x0000,0x0000,0x0000,0x0000,0x0000,0x0000,0x0000,0x0000,0x0000,
0x0000,0x0000,0x0000,0x0000,0x0000,0x0000,0x0000,0x0000,0x0000,0x0000,0x0000,0x0000,0x0000,0x0000,0x0000,0x0000,0x0000,0x0000,0x0000,0x0000,0x0000,0x0000,0x0000,0x0000,0x0000,0x0000,0xa6fa,0xa6fa,0xa6fa,0xa6fa,0x0000,0x0000,
0x0000,0x0000,0xa6fa,0xa6fa,0xa6fa,0xa6fa,0x0000,0x0000,0x0000,0x0000,0x0000,0x0000,0x0000,0x0000,0x0000,0x0000,0x0000,0x0000,0x0000,0x0000,0x0000,0x0000,0x0000,0x0000,0x0000,0x0000,0x0000,0x0000,0x0000,0x0000,0x0000,0x0000,
0x0000,0x0000,0x0000,0x0000,0x0000,0x0000,0x0000,0x0000,0x0000,0x0000,0x0000,0x0000,0x0000,0x0000,0x0000,0x0000,0x0000,0x0000,0x0000,0x0000,0x0000,0x0000,0x0000,0x0000,0x0000,0x0000,0xa6fa,0xa6fa,0xa6fa,0xa6fa,0x0000,0x0000,
0x0000,0x0000,0xa6fa,0xa6fa,0xa6fa,0xa6fa,0x0000,0x0000,0x0000,0x0000,0x0000,0x0000,0x0000,0x0000,0x0000,0x0000,0x0000,0x0000,0x0000,0x0000,0x0000,0x0000,0x0000,0x0000,0x0000,0x0000,0x0000,0x0000,0x0000,0x0000,0x0000,0x0000,
0x0000,0x0000,0x0000,0x0000,0x0000,0x0000,0x0000,0x0000,0x0000,0x0000,0x0000,0x0000,0x0000,0x0000,0x0000,0x0000,0x0000,0x0000,0x0000,0x0000,0x0000,0x0000,0x0000,0x0000,0x0000,0x0000,0xa6fa,0xa6fa,0xa6fa,0xa6fa,0x0000,0x0000,
0x0000,0x0000,0xa6fa,0xa6fa,0xa6fa,0xa6fa,0x0000,0x0000,0x0000,0x0000,0x0000,0x0000,0x0000,0x0000,0x0000,0x0000,0x0000,0x0000,0x0000,0x0000,0x0000,0x0000,0x0000,0x0000,0x0000,0x0000,0x0000,0x0000,0x0000,0x0000,0x0000,0x0000,
0x0000,0x0000,0x0000,0x0000,0x0000,0x0000,0x0000,0x0000,0x0000,0x0000,0x0000,0x0000,0x0000,0x0000,0x0000,0x0000,0x0000,0x0000,0x0000,0x0000,0x0000,0x0000,0x0000,0x0000,0x0000,0x0000,0xa6fa,0xa6fa,0xa6fa,0xa6fa,0x0000,0x0000,
0x0000,0x0000,0xa6fa,0xa6fa,0xa6fa,0xa6fa,0x0000,0x0000,0x0000,0x0000,0x0000,0x0000,0x0000,0x0000,0x0000,0x0000,0x0000,0x0000,0x0000,0x0000,0x0000,0x0000,0x0000,0x0000,0x0000,0x0000,0x0000,0x0000,0x0000,0x0000,0x0000,0x0000,
0x0000,0x0000,0x0000,0x0000,0x0000,0x0000,0x0000,0x0000,0x0000,0x0000,0x0000,0x0000,0x0000,0x0000,0x0000,0x0000,0x0000,0x0000,0x0000,0x0000,0x0000,0x0000,0x0000,0x0000,0x0000,0x0000,0x0000,0x0000,0x0000,0x0000,0x0000,0x0000,
0x0000,0x0000,0x0000,0x0000,0x0000,0x0000,0x0000,0x0000,0x0000,0x0000,0x0000,0x0000,0x0000,0x0000,0x0000,0x0000,0x0000,0x0000,0x0000,0x0000,0x0000,0x0000,0x0000,0x0000,0x0000,0x0000,0x0000,0x0000,0x0000,0x0000,0x0000,0x0000,
0x0000,0x0000,0x0000,0x0000,0x0000,0x0000,0x0000,0x0000,0x0000,0x0000,0x0000,0x0000,0x0000,0x0000,0x0000,0x0000,0x0000,0x0000,0x0000,0x0000,0x0000,0x0000,0x0000,0x0000,0x0000,0x0000,0x0000,0x0000,0x0000,0x0000,0x0000,0x0000,
0x0000,0x0000,0x0000,0x0000,0x0000,0x0000,0x0000,0x0000,0x0000,0x0000,0x0000,0x0000,0x0000,0x0000,0x0000,0x0000,0x0000,0x0000,0x0000,0x0000,0x0000,0x0000,0x0000,0x0000,0x0000,0x0000,0x0000,0x0000,0x0000,0x0000,0x0000,0x0000,
0x0000,0x0000,0x0000,0x0000,0x0000,0x0000,0x0000,0x0000,0x0000,0x0000,0x0000,0x0000,0x0000,0x0000,0x0000,0x0000,0x0000,0x0000,0x0000,0x0000,0x0000,0x0000,0x0000,0x0000,0x0000,0x0000,0x0000,0x0000,0x0000,0x0000,0x0000,0x0000,
0x0000,0x0000,0x0000,0x0000,0x0000,0x0000,0x0000,0x0000,0x0000,0x0000,0x0000,0x0000,0x0000,0x0000,0x0000,0x0000,0x0000,0x0000,0x0000,0x0000,0x0000,0x0000,0x0000,0x0000,0x0000,0x0000,0x0000,0x0000,0x0000,0x0000,0x0000,0x0000,
0x0000,0x0000,0x0000,0x0000,0x0000,0x0000,0x0000,0x0000,0x0000,0x0000,0x0000,0x0000,0x0000,0x0000,0x0000,0x0000,0x0000,0x0000,0x0000,0x0000,0x0000,0x0000,0x0000,0x0000,0x0000,0x0000,0x0000,0x0000,0x0000,0x0000,0x0000,0x0000,
0x0000,0x0000,0x0000,0x0000,0x0000,0x0000,0x0000,0x0000,0x0000,0x0000,0x0000,0x0000,0x0000,0x0000,0x0000,0x0000,0x0000,0x0000,0x0000,0x0000,0x0000,0x0000,0x0000,0x0000,0x0000,0x0000,0x0000,0x0000,0x0000,0x0000,0x0000,0x0000,
0x0000,0x0000,0x0000,0x0000,0x0000,0x0000,0x0000,0x0000,0x0000,0x0000,0x0000,0x0000,0x0000,0x0000,0x0000,0x0000,0x0000,0x0000,0x0000,0x0000,0x0000,0x0000,0x0000,0x0000,0x0000,0x0000,0x0000,0x0000,0x0000,0x0000,0x0000,0x0000,
0x0000,0x0000,0x0000,0x0000,0x0000,0x0000,0x0000,0x0000,0x0000,0x0000,0x0000,0x0000,0x0000,0x0000,0x0000,0x0000,0x0000,0x0000,0x0000,0x0000,0x0000,0x0000,0x0000,0x0000,0x0000,0x0000,0x0000,0x0000,0x0000,0x0000,0x0000,0x0000,
0x0000,0x0000,0x0000,0x0000,0x0000,0x0000,0x0000,0x0000,0x0000,0x0000,0x0000,0x0000,0x0000,0x0000,0x0000,0x0000,0x0000,0x0000,0x0000,0x0000,0x0000,0x0000,0x0000,0x0000,0x0000,0x0000,0x0000,0x0000,0x0000,0x0000,0x0000,0x0000,
0x0000,0x0000,0x0000,0x0000,0x0000,0x0000,0x0000,0x0000,0x0000,0x0000,0x0000,0x0000,0x0000,0x0000,0x0000,0x0000,0x0000,0x0000,0x0000,0x0000,0x0000,0x0000,0x0000,0x0000,0x0000,0x0000,0x0000,0x0000,0x0000,0x0000,0x0000,0x0000,
};
static const uint16_t frame_22[4096] = {
0x0000,0x0000,0x0000,0x0000,0x0000,0x0000,0x0000,0x0000,0x0000,0x0000,0x0000,0x0000,0x0000,0x0000,0x0000,0x0000,0x0000,0x0000,0x0000,0x0000,0x0000,0x0000,0x0000,0x0000,0x0000,0x0000,0x0000,0x0000,0x0000,0x0000,0x0000,0x0000,
0x0000,0x0000,0x0000,0x0000,0x0000,0x0000,0x0000,0x0000,0x0000,0x0000,0x0000,0x0000,0x0000,0x0000,0x0000,0x0000,0x0000,0x0000,0x0000,0x0000,0x0000,0x0000,0x0000,0x0000,0x0000,0x0000,0x0000,0x0000,0x0000,0x0000,0x0000,0x0000,
0x0000,0x0000,0x0000,0x0000,0x0000,0x0000,0x0000,0x0000,0x0000,0x0000,0x0000,0x0000,0x0000,0x0000,0x0000,0x0000,0x0000,0x0000,0x0000,0x0000,0x0000,0x0000,0x0000,0x0000,0x0000,0x0000,0x0000,0x0000,0x0000,0x0000,0x0000,0x0000,
0x0000,0x0000,0x0000,0x0000,0x0000,0x0000,0x0000,0x0000,0x0000,0x0000,0x0000,0x0000,0x0000,0x0000,0x0000,0x0000,0x0000,0x0000,0x0000,0x0000,0x0000,0x0000,0x0000,0x0000,0x0000,0x0000,0x0000,0x0000,0x0000,0x0000,0x0000,0x0000,
0x0000,0x0000,0x0000,0x0000,0x0000,0x0000,0x0000,0x0000,0x0000,0x0000,0x0000,0x0000,0x0000,0x0000,0x0000,0x0000,0x0000,0x0000,0x0000,0x0000,0x0000,0x0000,0x0000,0x0000,0x0000,0x0000,0x0000,0x0000,0x0000,0x0000,0x0000,0x0000,
0x0000,0x0000,0x0000,0x0000,0x0000,0x0000,0x0000,0x0000,0x0000,0x0000,0x0000,0x0000,0x0000,0x0000,0x0000,0x0000,0x0000,0x0000,0x0000,0x0000,0x0000,0x0000,0x0000,0x0000,0x0000,0x0000,0x0000,0x0000,0x0000,0x0000,0x0000,0x0000,
0x0000,0x0000,0x0000,0x0000,0x0000,0x0000,0x0000,0x0000,0x0000,0x0000,0x0000,0x0000,0xfeb2,0xfeb2,0xfeb2,0x0000,0x0000,0x0000,0x0000,0x0000,0x0000,0x0000,0x0000,0x0000,0x19e8,0x19e8,0x19e8,0x0000,0x0000,0x0000,0x0000,0x0000,
0x0000,0x0000,0x0000,0x0000,0x19e8,0x19e8,0x19e8,0x0000,0x0000,0x0000,0x0000,0x0000,0x0000,0x0000,0x0000,0x0000,0x19e8,0x19e8,0x19e8,0x0000,0x0000,0x0000,0x0000,0x0000,0x0000,0x0000,0x0000,0x0000,0x0000,0x0000,0x0000,0x0000,
0x0000,0x0000,0x0000,0x0000,0x0000,0x0000,0x0000,0x0000,0x0000,0x0000,0x0000,0x0000,0xfeb2,0xfeb2,0xfeb2,0x0000,0x0000,0x0000,0x0000,0x0000,0x0000,0x0000,0x0000,0x0000,0x19e8,0x19e8,0x19e8,0x0000,0x0000,0x0000,0x0000,0x0000,
0x0000,0x0000,0x0000,0x0000,0x19e8,0x19e8,0x19e8,0x0000,0x0000,0x0000,0x0000,0x0000,0x0000,0x0000,0x0000,0x0000,0x19e8,0x19e8,0x19e8,0x0000,0x0000,0x0000,0x0000,0x0000,0x0000,0x0000,0x0000,0x0000,0x0000,0x0000,0x0000,0x0000,
0x0000,0x0000,0x0000,0x0000,0x0000,0x0000,0x0000,0x0000,0x0000,0x0000,0x0000,0x0000,0xfeb2,0xfeb2,0xfeb2,0x0000,0x0000,0x0000,0x0000,0x0000,0x0000,0x0000,0x0000,0x0000,0x19e8,0x19e8,0x19e8,0x0000,0x0000,0x0000,0x0000,0x0000,
0x0000,0x0000,0x0000,0x0000,0x19e8,0x19e8,0x19e8,0x0000,0x0000,0x0000,0x0000,0x0000,0x0000,0x0000,0x0000,0x0000,0x19e8,0x19e8,0x19e8,0x0000,0x0000,0x0000,0x0000,0x0000,0x0000,0x0000,0x0000,0x0000,0x0000,0x0000,0x0000,0x0000,
0x0000,0x0000,0x0000,0x0000,0x0000,0x0000,0x0000,0x0000,0x0000,0x0000,0x0000,0x0000,0x0000,0x0000,0x0000,0x0000,0x0000,0x0000,0x0000,0x0000,0x0000,0x0000,0x0000,0x0000,0x0000,0x0000,0x0000,0x0000,0x0000,0x0000,0x0000,0x0000,
0x0000,0x0000,0x0000,0x0000,0x0000,0x0000,0x0000,0x0000,0x0000,0x0000,0x0000,0x0000,0x0000,0x0000,0x0000,0x0000,0x0000,0x0000,0x0000,0x0000,0x0000,0x0000,0x0000,0x0000,0x0000,0x0000,0x0000,0x0000,0x0000,0x0000,0x0000,0x0000,
0x0000,0x0000,0x0000,0x0000,0x0000,0x0000,0x0000,0x0000,0x0000,0x0000,0x0000,0x0000,0x0000,0x0000,0x0000,0x0000,0x0000,0x0000,0x0000,0x0000,0x0000,0x0000,0x0000,0x0000,0x0000,0x0000,0x0000,0x0000,0x0000,0x0000,0x0000,0x0000,
0x0000,0x0000,0x0000,0x0000,0x0000,0x0000,0x0000,0x0000,0x0000,0x0000,0x0000,0x0000,0x0000,0x0000,0x0000,0x0000,0x0000,0x0000,0x0000,0x0000,0x0000,0x0000,0x0000,0x0000,0x0000,0x0000,0x0000,0x0000,0x0000,0x0000,0x0000,0x0000,
0x0000,0x0000,0x0000,0x0000,0x0000,0x0000,0x0000,0x0000,0x0000,0x0000,0x0000,0x0000,0x0000,0x0000,0x0000,0x0000,0x0000,0x0000,0x0000,0x0000,0x0000,0x0000,0x0000,0x0000,0x0000,0x0000,0x0000,0xfeb2,0xfeb2,0xfeb2,0xfeb2,0xfeb2,
0xfeb2,0xfeb2,0xfeb2,0xfeb2,0xfeb2,0x0000,0x0000,0x0000,0x0000,0x0000,0x0000,0x0000,0x0000,0x0000,0x0000,0x0000,0x0000,0x0000,0x0000,0x0000,0x0000,0x0000,0x0000,0x0000,0x0000,0x0000,0x0000,0x0000,0x0000,0x0000,0x0000,0x0000,
0x0000,0x0000,0x0000,0x0000,0x0000,0x0000,0x0000,0x0000,0x0000,0x0000,0x0000,0x0000,0x0000,0x0000,0x0000,0x0000,0x0000,0x0000,0x0000,0x0000,0x0000,0x0000,0x0000,0x0000,0x0000,0x0000,0x0000,0xfeb2,0xfeb2,0xfeb2,0xfeb2,0xfeb2,
0xfeb2,0xfeb2,0xfeb2,0xfeb2,0xfeb2,0x0000,0x0000,0x0000,0x0000,0x0000,0x0000,0x0000,0x0000,0x0000,0x0000,0x0000,0x0000,0x0000,0x0000,0x0000,0x0000,0x0000,0x0000,0x0000,0x0000,0x0000,0x0000,0x0000,0x0000,0x0000,0x0000,0x0000,
0x0000,0x0000,0x0000,0x0000,0x0000,0x0000,0x0000,0x0000,0x0000,0x0000,0x0000,0x0000,0x0000,0x0000,0x0000,0x0000,0x0000,0x0000,0x0000,0x0000,0x0000,0x0000,0x0000,0x0000,0x0000,0x0000,0x0000,0xfeb2,0xfeb2,0xfeb2,0xfeb2,0xfeb2,
0xfeb2,0xfeb2,0xfeb2,0xfeb2,0xfeb2,0x0000,0x0000,0x0000,0x0000,0x0000,0x0000,0x0000,0x0000,0x0000,0x0000,0x0000,0x0000,0x0000,0x0000,0x0000,0x0000,0x0000,0x0000,0x0000,0x0000,0x0000,0x0000,0x0000,0x0000,0x0000,0x0000,0x0000,
0x0000,0x0000,0x0000,0x0000,0x0000,0x0000,0x0000,0x0000,0x0000,0x0000,0x0000,0x0000,0x0000,0x0000,0x0000,0x0000,0x0000,0x0000,0x0000,0x0000,0x0000,0x0000,0x0000,0x0000,0x0000,0x0000,0x0000,0xfeb2,0xfeb2,0xfeb2,0xa6fa,0xa6fa,
0xa6fa,0xa6fa,0xfeb2,0xfeb2,0xfeb2,0x0000,0x0000,0x0000,0x0000,0x0000,0x0000,0x0000,0x0000,0x0000,0x0000,0x0000,0x0000,0x0000,0x0000,0x0000,0x0000,0x0000,0x0000,0x0000,0x0000,0x0000,0x0000,0x0000,0x0000,0x0000,0x0000,0x0000,
0x0000,0x0000,0x0000,0x0000,0x0000,0x0000,0x0000,0x0000,0x0000,0x0000,0x0000,0x0000,0x0000,0x0000,0x0000,0x0000,0x0000,0x0000,0x0000,0x0000,0x0000,0x0000,0x0000,0x0000,0x0000,0x0000,0x0000,0x0000,0x0000,0x0000,0xa6fa,0xa6fa,
0xa6fa,0xa6fa,0x0000,0x0000,0x0000,0x0000,0x0000,0x0000,0x0000,0x0000,0x0000,0x0000,0x0000,0x0000,0x0000,0x0000,0x0000,0x0000,0x0000,0x0000,0x0000,0x0000,0x0000,0x0000,0x0000,0x0000,0x0000,0x0000,0x0000,0x0000,0x0000,0x0000,
0x0000,0x0000,0x0000,0x0000,0x0000,0x0000,0x0000,0x0000,0x0000,0x0000,0x0000,0x0000,0x0000,0x0000,0x0000,0x0000,0x0000,0x0000,0x0000,0x0000,0x0000,0x0000,0x0000,0x0000,0x0000,0x0000,0x0000,0x0000,0x0000,0x0000,0xa6fa,0xa6fa,
0xa6fa,0xa6fa,0x0000,0x0000,0x0000,0x0000,0x0000,0x0000,0x0000,0x0000,0x0000,0x0000,0x0000,0x0000,0x0000,0x0000,0x0000,0x0000,0x0000,0x0000,0x0000,0x0000,0x0000,0x0000,0x0000,0x0000,0x0000,0x0000,0x0000,0x0000,0x0000,0x0000,
0x0000,0x0000,0x0000,0x0000,0x0000,0x0000,0x0000,0x0000,0x0000,0x0000,0x0000,0x0000,0x0000,0x0000,0x0000,0x0000,0x0000,0x0000,0x0000,0x0000,0x0000,0x0000,0x0000,0x0000,0x0000,0x0000,0x0000,0x0000,0x0000,0x0000,0xa6fa,0xa6fa,
0xa6fa,0xa6fa,0x0000,0x0000,0x0000,0x0000,0x0000,0x0000,0x0000,0x0000,0x0000,0x0000,0x0000,0x0000,0x0000,0x0000,0x0000,0x0000,0x0000,0x0000,0x0000,0x0000,0x0000,0x0000,0x0000,0x0000,0x0000,0x0000,0x0000,0x0000,0x0000,0x0000,
0x0000,0x0000,0x0000,0x0000,0x0000,0x0000,0x0000,0x0000,0x0000,0x0000,0x0000,0x0000,0x0000,0x0000,0x0000,0x19e8,0x19e8,0x19e8,0x19e8,0x19e8,0x19e8,0x19e8,0x19e8,0x19e8,0x19e8,0x19e8,0x19e8,0x19e8,0x19e8,0x19e8,0x19e8,0x19e8,
0x19e8,0x19e8,0x19e8,0x19e8,0x19e8,0x19e8,0x19e8,0x19e8,0x19e8,0x19e8,0x19e8,0x19e8,0x19e8,0x19e8,0x19e8,0x19e8,0x19e8,0x0000,0x0000,0x0000,0x0000,0x0000,0x0000,0x0000,0x0000,0x0000,0x0000,0x0000,0x0000,0x0000,0x0000,0x0000,
0x0000,0x0000,0x0000,0x0000,0x0000,0x0000,0x0000,0x0000,0x0000,0x0000,0x0000,0x0000,0x0000,0x0000,0x0000,0x19e8,0x19e8,0x19e8,0x19e8,0x19e8,0x19e8,0x19e8,0x19e8,0x19e8,0x19e8,0x19e8,0x19e8,0x19e8,0x19e8,0x19e8,0x19e8,0x19e8,
0x19e8,0x19e8,0x19e8,0x19e8,0x19e8,0x19e8,0x19e8,0x19e8,0x19e8,0x19e8,0x19e8,0x19e8,0x19e8,0x19e8,0x19e8,0x19e8,0x19e8,0x0000,0x0000,0x0000,0x0000,0x0000,0x0000,0x0000,0x0000,0x0000,0x0000,0x0000,0x0000,0x0000,0x0000,0x0000,
0x0000,0x0000,0x0000,0x0000,0x0000,0x0000,0x0000,0x0000,0x0000,0x0000,0x0000,0x0000,0x0000,0x0000,0x0000,0x19e8,0x19e8,0xa6fa,0xa6fa,0xa6fa,0xa6fa,0xa6fa,0xa6fa,0xa6fa,0xa6fa,0xa6fa,0xa6fa,0xa6fa,0xa6fa,0xa6fa,0xa6fa,0xa6fa,
0xa6fa,0xa6fa,0xa6fa,0xa6fa,0xa6fa,0xa6fa,0xa6fa,0xa6fa,0xa6fa,0xa6fa,0xa6fa,0xa6fa,0xa6fa,0xa6fa,0xa6fa,0x19e8,0x19e8,0x0000,0x0000,0x0000,0x0000,0x0000,0x0000,0x0000,0x0000,0x0000,0x0000,0x0000,0x0000,0x0000,0x0000,0x0000,
0x0000,0x0000,0x0000,0x0000,0x0000,0x0000,0x0000,0x0000,0x0000,0x0000,0x0000,0x0000,0x0000,0x0000,0x0000,0x19e8,0x19e8,0xa6fa,0xa6fa,0xa6fa,0xa6fa,0xa6fa,0xa6fa,0xa6fa,0xa6fa,0xa6fa,0xa6fa,0xa6fa,0xa6fa,0xa6fa,0xa6fa,0xa6fa,
0xa6fa,0xa6fa,0xa6fa,0xa6fa,0xa6fa,0xa6fa,0xa6fa,0xa6fa,0xa6fa,0xa6fa,0xa6fa,0xa6fa,0xa6fa,0xa6fa,0xa6fa,0x19e8,0x19e8,0x0000,0x0000,0x0000,0x0000,0x0000,0x0000,0x0000,0x0000,0x0000,0x0000,0x0000,0x0000,0x0000,0x0000,0x0000,
0x0000,0x0000,0x0000,0x0000,0x0000,0x0000,0x0000,0x0000,0x0000,0x0000,0x0000,0x0000,0x0000,0x0000,0x0000,0x19e8,0x19e8,0xa6fa,0xa6fa,0xa6fa,0xa6fa,0xa6fa,0xa6fa,0xa6fa,0xa6fa,0xa6fa,0xa6fa,0xa6fa,0xa6fa,0xa6fa,0xa6fa,0xa6fa,
0xa6fa,0xa6fa,0xa6fa,0xa6fa,0xa6fa,0xa6fa,0xa6fa,0xa6fa,0xa6fa,0xa6fa,0xa6fa,0xa6fa,0xa6fa,0xa6fa,0xa6fa,0x19e8,0x19e8,0x0000,0x0000,0x0000,0x0000,0x0000,0x0000,0x0000,0x0000,0x0000,0x0000,0x0000,0x0000,0x0000,0x0000,0x0000,
0x0000,0x0000,0x0000,0x0000,0x0000,0x0000,0x0000,0x0000,0x0000,0x0000,0x0000,0x0000,0x0000,0x0000,0x0000,0x19e8,0x19e8,0xa6fa,0xa6fa,0xa6fa,0xa6fa,0xa6fa,0xa6fa,0xa6fa,0xa6fa,0xa6fa,0xa6fa,0xa6fa,0xa6fa,0xa6fa,0xa6fa,0xa6fa,
0xa6fa,0xa6fa,0xa6fa,0xa6fa,0xa6fa,0xa6fa,0xa6fa,0xa6fa,0xa6fa,0xa6fa,0xa6fa,0xa6fa,0xa6fa,0xa6fa,0xa6fa,0x19e8,0x19e8,0x0000,0x0000,0x0000,0x0000,0x0000,0x0000,0x0000,0x0000,0x0000,0x0000,0x0000,0x0000,0x0000,0x0000,0x0000,
0x0000,0x0000,0x0000,0x0000,0x0000,0x0000,0x0000,0x0000,0x0000,0x0000,0x0000,0x0000,0x0000,0x0000,0x0000,0x19e8,0x19e8,0xa6fa,0xa6fa,0xa6fa,0xa6fa,0x19e8,0x19e8,0x19e8,0x19e8,0x19e8,0x19e8,0x19e8,0x19e8,0x19e8,0x19e8,0x19e8,
0x19e8,0x19e8,0x19e8,0x19e8,0x19e8,0x19e8,0x19e8,0x19e8,0x19e8,0x19e8,0x19e8,0xa6fa,0xa6fa,0xa6fa,0xa6fa,0x19e8,0x19e8,0x0000,0x0000,0x0000,0x0000,0x0000,0x0000,0x0000,0x0000,0x0000,0x0000,0x0000,0x0000,0x0000,0x0000,0x0000,
0x0000,0x0000,0x0000,0x0000,0x0000,0x0000,0x0000,0x0000,0x0000,0x0000,0x0000,0x0000,0x0000,0x0000,0x0000,0x19e8,0x19e8,0xa6fa,0xa6fa,0xa6fa,0xa6fa,0x19e8,0x19e8,0x19e8,0x19e8,0x19e8,0x19e8,0x19e8,0x19e8,0x19e8,0x19e8,0x19e8,
0x19e8,0x19e8,0x19e8,0x19e8,0x19e8,0x19e8,0x19e8,0x19e8,0x19e8,0x19e8,0x19e8,0xa6fa,0xa6fa,0xa6fa,0xa6fa,0x19e8,0x19e8,0x0000,0x0000,0x0000,0x0000,0x0000,0x0000,0x0000,0x0000,0x0000,0x0000,0x0000,0x0000,0x0000,0x0000,0x0000,
0x0000,0x0000,0x0000,0x0000,0x0000,0x0000,0x0000,0x0000,0x0000,0x0000,0x0000,0x0000,0x0000,0x0000,0x0000,0x19e8,0x19e8,0xa6fa,0xa6fa,0xa6fa,0xa6fa,0x19e8,0x19e8,0x19e8,0x19e8,0x19e8,0x19e8,0x19e8,0x19e8,0x19e8,0x19e8,0x19e8,
0x19e8,0x19e8,0x19e8,0x19e8,0x19e8,0x19e8,0x19e8,0x19e8,0x19e8,0x19e8,0x19e8,0xa6fa,0xa6fa,0xa6fa,0xa6fa,0x19e8,0x19e8,0x0000,0x0000,0x0000,0x0000,0x0000,0x0000,0x0000,0x0000,0x0000,0x0000,0x0000,0x0000,0x0000,0x0000,0x0000,
0x0000,0x0000,0x0000,0x0000,0x0000,0x0000,0x0000,0x0000,0x0000,0x0000,0x0000,0x0000,0x0000,0x0000,0x0000,0x19e8,0x19e8,0xa6fa,0xa6fa,0xa6fa,0xa6fa,0x19e8,0x19e8,0x19e8,0xefdb,0xefdb,0xefdb,0xefdb,0x19e8,0x19e8,0x19e8,0x19e8,
0x19e8,0x19e8,0x19e8,0xefdb,0xefdb,0xefdb,0xefdb,0x19e8,0x19e8,0x19e8,0x19e8,0xa6fa,0xa6fa,0xa6fa,0xa6fa,0x19e8,0x19e8,0x0000,0x0000,0x0000,0x0000,0x0000,0x0000,0x0000,0x0000,0x0000,0x0000,0x0000,0x0000,0x0000,0x0000,0x0000,
0x0000,0x0000,0x0000,0x0000,0x0000,0x0000,0x0000,0x0000,0x0000,0x0000,0x0000,0x0000,0x0000,0x0000,0x0000,0x19e8,0x19e8,0xa6fa,0xa6fa,0xa6fa,0xa6fa,0x19e8,0x19e8,0x19e8,0xefdb,0xefdb,0xefdb,0xefdb,0x19e8,0x19e8,0x19e8,0x19e8,
0x19e8,0x19e8,0x19e8,0xefdb,0xefdb,0xefdb,0xefdb,0x19e8,0x19e8,0x19e8,0x19e8,0xa6fa,0xa6fa,0xa6fa,0xa6fa,0x19e8,0x19e8,0x0000,0x0000,0x0000,0x0000,0x0000,0x0000,0x0000,0x0000,0x0000,0x0000,0x0000,0x0000,0x0000,0x0000,0x0000,
0x0000,0x0000,0x0000,0x0000,0x0000,0x0000,0x0000,0x0000,0x0000,0x0000,0x0000,0x0000,0x0000,0x0000,0x0000,0x19e8,0x19e8,0xa6fa,0xa6fa,0xa6fa,0xa6fa,0x19e8,0x19e8,0x19e8,0xefdb,0xefdb,0xefdb,0xefdb,0x19e8,0x19e8,0x19e8,0x19e8,
0x19e8,0x19e8,0x19e8,0xefdb,0xefdb,0xefdb,0xefdb,0x19e8,0x19e8,0x19e8,0x19e8,0xa6fa,0xa6fa,0xa6fa,0xa6fa,0x19e8,0x19e8,0x0000,0x0000,0x0000,0x0000,0x0000,0x0000,0x0000,0x0000,0x0000,0x0000,0x0000,0x0000,0x0000,0x0000,0x0000,
0x0000,0x0000,0x0000,0x0000,0x0000,0x0000,0x0000,0x0000,0x0000,0x0000,0x0000,0x0000,0x0000,0x0000,0x0000,0x19e8,0x19e8,0xa6fa,0xa6fa,0xa6fa,0xa6fa,0x19e8,0x19e8,0x19e8,0xefdb,0xefdb,0xefdb,0xefdb,0x19e8,0x19e8,0x19e8,0x19e8,
0x19e8,0x19e8,0x19e8,0xefdb,0xefdb,0xefdb,0xefdb,0x19e8,0x19e8,0x19e8,0x19e8,0xa6fa,0xa6fa,0xa6fa,0xa6fa,0x19e8,0x19e8,0x0000,0x0000,0x0000,0x0000,0x0000,0x0000,0x0000,0x0000,0x0000,0x0000,0x0000,0x0000,0x0000,0x0000,0x0000,
0x0000,0x0000,0x0000,0x0000,0x0000,0x0000,0x0000,0x0000,0x0000,0x0000,0x0000,0x0000,0x0000,0x0000,0x0000,0x19e8,0x19e8,0xa6fa,0xa6fa,0xa6fa,0xa6fa,0x19e8,0x19e8,0x19e8,0xefdb,0xefdb,0xefdb,0xefdb,0x19e8,0x19e8,0x19e8,0x19e8,
0x19e8,0x19e8,0x19e8,0xefdb,0xefdb,0xefdb,0xefdb,0x19e8,0x19e8,0x19e8,0x19e8,0xa6fa,0xa6fa,0xa6fa,0xa6fa,0x19e8,0x19e8,0x0000,0x0000,0x0000,0x0000,0x0000,0x0000,0x0000,0x0000,0x0000,0x0000,0x0000,0x0000,0x0000,0x0000,0x0000,
0x0000,0x0000,0x0000,0x0000,0x0000,0x0000,0x0000,0x0000,0x0000,0x0000,0x0000,0x0000,0x0000,0x0000,0x0000,0x19e8,0x19e8,0xa6fa,0xa6fa,0xa6fa,0xa6fa,0x19e8,0x19e8,0x19e8,0xefdb,0xefdb,0xefdb,0xefdb,0x19e8,0x19e8,0x19e8,0x19e8,
0x19e8,0x19e8,0x19e8,0xefdb,0xefdb,0xefdb,0xefdb,0x19e8,0x19e8,0x19e8,0x19e8,0xa6fa,0xa6fa,0xa6fa,0xa6fa,0x19e8,0x19e8,0x0000,0x0000,0x0000,0x0000,0x0000,0x0000,0x0000,0x0000,0x0000,0x0000,0x0000,0x0000,0x0000,0x0000,0x0000,
0x0000,0x0000,0x0000,0x0000,0x0000,0x0000,0x0000,0x0000,0x0000,0x0000,0x0000,0x0000,0x0000,0x0000,0x0000,0x19e8,0x19e8,0xa6fa,0xa6fa,0xa6fa,0xa6fa,0x19e8,0x19e8,0x19e8,0xefdb,0xefdb,0xefdb,0xefdb,0x19e8,0x19e8,0x19e8,0x19e8,
0x19e8,0x19e8,0x19e8,0xefdb,0xefdb,0xefdb,0xefdb,0x19e8,0x19e8,0x19e8,0x19e8,0xa6fa,0xa6fa,0xa6fa,0xa6fa,0x19e8,0x19e8,0x0000,0x0000,0x0000,0x0000,0x0000,0x0000,0x0000,0x0000,0x0000,0x0000,0x0000,0x0000,0x0000,0x0000,0x0000,
0x0000,0x0000,0x0000,0x0000,0x0000,0x0000,0x0000,0x0000,0x0000,0x0000,0x0000,0x0000,0x0000,0x0000,0x0000,0x19e8,0x19e8,0xa6fa,0xa6fa,0xa6fa,0xa6fa,0x19e8,0x19e8,0x19e8,0x19e8,0x19e8,0x19e8,0x19e8,0x19e8,0x19e8,0x19e8,0x19e8,
0x19e8,0x19e8,0x19e8,0x19e8,0x19e8,0x19e8,0x19e8,0x19e8,0x19e8,0x19e8,0x19e8,0xa6fa,0xa6fa,0xa6fa,0xa6fa,0x19e8,0x19e8,0x0000,0x0000,0x0000,0x0000,0x0000,0x0000,0x0000,0x0000,0x0000,0x0000,0x0000,0x0000,0x0000,0x0000,0x0000,
0x0000,0x0000,0x0000,0x0000,0x0000,0x0000,0x0000,0x0000,0x0000,0x0000,0x0000,0x0000,0x0000,0x0000,0x0000,0x19e8,0x19e8,0xa6fa,0xa6fa,0xa6fa,0xa6fa,0x19e8,0x19e8,0x19e8,0x19e8,0x19e8,0x19e8,0x19e8,0x19e8,0x19e8,0x19e8,0x19e8,
0x19e8,0x19e8,0x19e8,0x19e8,0x19e8,0x19e8,0x19e8,0x19e8,0x19e8,0x19e8,0x19e8,0xa6fa,0xa6fa,0xa6fa,0xa6fa,0x19e8,0x19e8,0x0000,0x0000,0x0000,0x0000,0x0000,0x0000,0x0000,0x0000,0x0000,0x0000,0x0000,0x0000,0x0000,0x0000,0x0000,
0x0000,0x0000,0x0000,0x0000,0x0000,0x0000,0x0000,0x0000,0x0000,0x0000,0x0000,0x0000,0x0000,0x0000,0x0000,0x19e8,0x19e8,0xa6fa,0xa6fa,0xa6fa,0xa6fa,0x19e8,0x19e8,0x19e8,0x19e8,0x19e8,0x19e8,0x19e8,0x19e8,0x19e8,0x19e8,0x19e8,
0x19e8,0x19e8,0x19e8,0x19e8,0x19e8,0x19e8,0x19e8,0x19e8,0x19e8,0x19e8,0x19e8,0xa6fa,0xa6fa,0xa6fa,0xa6fa,0x19e8,0x19e8,0x0000,0x0000,0x0000,0x0000,0x0000,0x0000,0x0000,0x0000,0x0000,0x0000,0x0000,0x0000,0x0000,0x0000,0x0000,
0x0000,0x0000,0x0000,0x0000,0x0000,0x0000,0x0000,0x0000,0x0000,0x0000,0x0000,0x0000,0x0000,0x0000,0x0000,0x19e8,0x19e8,0xa6fa,0xa6fa,0xa6fa,0xa6fa,0x19e8,0x19e8,0x19e8,0x19e8,0x19e8,0x19e8,0x19e8,0x19e8,0x19e8,0x19e8,0x19e8,
0x19e8,0x19e8,0x19e8,0x19e8,0x19e8,0x19e8,0x19e8,0x19e8,0x19e8,0x19e8,0x19e8,0xa6fa,0xa6fa,0xa6fa,0xa6fa,0x19e8,0x19e8,0x0000,0x0000,0x0000,0x0000,0x0000,0x0000,0x0000,0x0000,0x0000,0x0000,0x0000,0x0000,0x0000,0x0000,0x0000,
0x0000,0x0000,0x0000,0x0000,0x0000,0x0000,0x0000,0x0000,0x0000,0x0000,0x0000,0x0000,0x0000,0x0000,0x0000,0x19e8,0x19e8,0xa6fa,0xa6fa,0xa6fa,0xa6fa,0xa6fa,0xa6fa,0xa6fa,0xa6fa,0xa6fa,0xa6fa,0xa6fa,0xa6fa,0xa6fa,0xa6fa,0xa6fa,
0xa6fa,0xa6fa,0xa6fa,0xa6fa,0xa6fa,0xa6fa,0xa6fa,0xa6fa,0xa6fa,0xa6fa,0xa6fa,0xa6fa,0xa6fa,0xa6fa,0xa6fa,0x19e8,0x19e8,0x0000,0x0000,0x0000,0x0000,0x0000,0x0000,0x0000,0x0000,0x0000,0x0000,0x0000,0x0000,0x0000,0x0000,0x0000,
0x0000,0x0000,0x0000,0x0000,0x0000,0x0000,0x0000,0x0000,0x0000,0x0000,0x0000,0x0000,0x0000,0x0000,0x0000,0x19e8,0x19e8,0xa6fa,0xa6fa,0xa6fa,0xa6fa,0xa6fa,0xa6fa,0xa6fa,0xa6fa,0xa6fa,0xa6fa,0x19e8,0x19e8,0x19e8,0x19e8,0x19e8,
0x19e8,0x19e8,0x19e8,0x19e8,0x19e8,0xa6fa,0xa6fa,0xa6fa,0xa6fa,0xa6fa,0xa6fa,0xa6fa,0xa6fa,0xa6fa,0xa6fa,0x19e8,0x19e8,0x0000,0x0000,0x0000,0x0000,0x0000,0x0000,0x0000,0x0000,0x0000,0x0000,0x0000,0x0000,0x0000,0x0000,0x0000,
0x0000,0x0000,0x0000,0x0000,0x0000,0x0000,0x0000,0x0000,0x0000,0x0000,0x0000,0x0000,0x0000,0x0000,0x0000,0x19e8,0x19e8,0xa6fa,0xa6fa,0xa6fa,0xa6fa,0xa6fa,0xa6fa,0xa6fa,0xa6fa,0xa6fa,0xa6fa,0x19e8,0x19e8,0x19e8,0x19e8,0x19e8,
0x19e8,0x19e8,0x19e8,0x19e8,0x19e8,0xa6fa,0xa6fa,0xa6fa,0xa6fa,0xa6fa,0xa6fa,0xa6fa,0xa6fa,0xa6fa,0xa6fa,0x19e8,0x19e8,0x0000,0x0000,0x0000,0x0000,0x0000,0x0000,0x0000,0x0000,0x0000,0x0000,0x0000,0x0000,0x0000,0x0000,0x0000,
0x0000,0x0000,0x0000,0x0000,0x0000,0x0000,0x0000,0x0000,0x0000,0x0000,0x0000,0x0000,0x0000,0x0000,0x0000,0x19e8,0x19e8,0xa6fa,0xa6fa,0xa6fa,0xa6fa,0xa6fa,0xa6fa,0xa6fa,0xa6fa,0xa6fa,0xa6fa,0xa6fa,0xa6fa,0xa6fa,0xa6fa,0xa6fa,
0xa6fa,0xa6fa,0xa6fa,0xa6fa,0xa6fa,0xa6fa,0xa6fa,0xa6fa,0xa6fa,0xa6fa,0xa6fa,0xa6fa,0xa6fa,0xa6fa,0xa6fa,0x19e8,0x19e8,0x0000,0x0000,0x0000,0x0000,0x0000,0x0000,0x0000,0x0000,0x0000,0x0000,0x0000,0x0000,0x0000,0x0000,0x0000,
0x0000,0x0000,0x0000,0x0000,0x0000,0x0000,0x0000,0x0000,0x0000,0x0000,0x0000,0x0000,0x0000,0x0000,0x0000,0x19e8,0x19e8,0xa6fa,0xa6fa,0xa6fa,0xa6fa,0xa6fa,0xa6fa,0xa6fa,0xa6fa,0xa6fa,0xa6fa,0xa6fa,0xa6fa,0xa6fa,0xa6fa,0xa6fa,
0xa6fa,0xa6fa,0xa6fa,0xa6fa,0xa6fa,0xa6fa,0xa6fa,0xa6fa,0xa6fa,0xa6fa,0xa6fa,0xa6fa,0xa6fa,0xa6fa,0xa6fa,0x19e8,0x19e8,0x0000,0x0000,0x0000,0x0000,0x0000,0x0000,0x0000,0x0000,0x0000,0x0000,0x0000,0x0000,0x0000,0x0000,0x0000,
0x0000,0x0000,0x0000,0x0000,0x0000,0x0000,0x0000,0x0000,0x0000,0x0000,0x0000,0x0000,0x0000,0x0000,0x0000,0x19e8,0x19e8,0x19e8,0x19e8,0x19e8,0x19e8,0x19e8,0x19e8,0x19e8,0x19e8,0x19e8,0x19e8,0x19e8,0x19e8,0x19e8,0x19e8,0x19e8,
0x19e8,0x19e8,0x19e8,0x19e8,0x19e8,0x19e8,0x19e8,0x19e8,0x19e8,0x19e8,0x19e8,0x19e8,0x19e8,0x19e8,0x19e8,0x19e8,0x19e8,0x0000,0x0000,0x0000,0x0000,0x0000,0x0000,0x0000,0x0000,0x0000,0x0000,0x0000,0x0000,0x0000,0x0000,0x0000,
0x0000,0x0000,0x0000,0x0000,0x0000,0x0000,0x0000,0x0000,0x0000,0x0000,0x0000,0x0000,0x0000,0x0000,0x0000,0x19e8,0x19e8,0x19e8,0x19e8,0x19e8,0x19e8,0x19e8,0x19e8,0x19e8,0x19e8,0x19e8,0x19e8,0x19e8,0x19e8,0x19e8,0x19e8,0x19e8,
0x19e8,0x19e8,0x19e8,0x19e8,0x19e8,0x19e8,0x19e8,0x19e8,0x19e8,0x19e8,0x19e8,0x19e8,0x19e8,0x19e8,0x19e8,0x19e8,0x19e8,0x0000,0x0000,0x0000,0x0000,0x0000,0x0000,0x0000,0x0000,0x0000,0x0000,0x0000,0x0000,0x0000,0x0000,0x0000,
0x0000,0x0000,0x0000,0x0000,0x0000,0x0000,0x0000,0x0000,0x0000,0x0000,0x0000,0x0000,0x0000,0x0000,0x0000,0x0000,0x0000,0x0000,0x0000,0x0000,0x0000,0x19e8,0x19e8,0x19e8,0x19e8,0x19e8,0x19e8,0x19e8,0x19e8,0x19e8,0x19e8,0x19e8,
0x19e8,0x19e8,0x19e8,0x19e8,0x19e8,0x19e8,0x19e8,0x19e8,0x19e8,0x19e8,0x19e8,0x0000,0x0000,0x0000,0x0000,0x0000,0x0000,0x0000,0x0000,0x0000,0x0000,0x0000,0x0000,0x0000,0x0000,0x0000,0x0000,0x0000,0x0000,0x0000,0x0000,0x0000,
0x0000,0x0000,0x0000,0x0000,0x0000,0x0000,0x0000,0x0000,0x0000,0x0000,0x0000,0x0000,0x0000,0x0000,0x0000,0x0000,0x0000,0x0000,0x0000,0x0000,0x0000,0x19e8,0x19e8,0x19e8,0x19e8,0x19e8,0x19e8,0x19e8,0x19e8,0x19e8,0x19e8,0x19e8,
0x19e8,0x19e8,0x19e8,0x19e8,0x19e8,0x19e8,0x19e8,0x19e8,0x19e8,0x19e8,0x19e8,0x0000,0x0000,0x0000,0x0000,0x0000,0x0000,0x0000,0x0000,0x0000,0x0000,0x0000,0x0000,0x0000,0x0000,0x0000,0x0000,0x0000,0x0000,0x0000,0x0000,0x0000,
0x0000,0x0000,0x0000,0x0000,0x0000,0x0000,0x0000,0x0000,0x0000,0x0000,0x0000,0x0000,0x0000,0x0000,0x0000,0x0000,0x0000,0x0000,0x0000,0x0000,0x0000,0x19e8,0x19e8,0xa6fa,0xa6fa,0xa6fa,0xa6fa,0xa6fa,0xa6fa,0xa6fa,0xa6fa,0xa6fa,
0xa6fa,0xa6fa,0xa6fa,0xa6fa,0xa6fa,0xa6fa,0xa6fa,0xa6fa,0xa6fa,0x19e8,0x19e8,0x0000,0x0000,0x0000,0x0000,0x0000,0x0000,0x0000,0x0000,0x0000,0x0000,0x0000,0x0000,0x0000,0x0000,0x0000,0x0000,0x0000,0x0000,0x0000,0x0000,0x0000,
0x0000,0x0000,0x0000,0x0000,0x0000,0x0000,0x0000,0x0000,0x0000,0xa6fa,0xa6fa,0xa6fa,0xa6fa,0xa6fa,0x0000,0x0000,0x0000,0x0000,0x0000,0x0000,0x0000,0x19e8,0x19e8,0xa6fa,0xa6fa,0xa6fa,0xa6fa,0xa6fa,0xa6fa,0xa6fa,0xa6fa,0xa6fa,
0xa6fa,0xa6fa,0xa6fa,0xa6fa,0xa6fa,0xa6fa,0xa6fa,0xa6fa,0xa6fa,0x19e8,0x19e8,0x0000,0x0000,0x0000,0x0000,0x0000,0x0000,0x0000,0xa6fa,0xa6fa,0xa6fa,0xa6fa,0xa6fa,0x0000,0x0000,0x0000,0x0000,0x0000,0x0000,0x0000,0x0000,0x0000,
0x0000,0x0000,0x0000,0x0000,0x0000,0x0000,0x0000,0x0000,0x0000,0xa6fa,0xa6fa,0xa6fa,0xa6fa,0xa6fa,0x0000,0x0000,0x0000,0x0000,0x0000,0x0000,0x0000,0x19e8,0x19e8,0xa6fa,0xa6fa,0xa6fa,0xa6fa,0xa6fa,0xa6fa,0xa6fa,0xa6fa,0xa6fa,
0xa6fa,0xa6fa,0xa6fa,0xa6fa,0xa6fa,0xa6fa,0xa6fa,0xa6fa,0xa6fa,0x19e8,0x19e8,0x0000,0x0000,0x0000,0x0000,0x0000,0x0000,0x0000,0xa6fa,0xa6fa,0xa6fa,0xa6fa,0xa6fa,0x0000,0x0000,0x0000,0x0000,0x0000,0x0000,0x0000,0x0000,0x0000,
0x0000,0x0000,0x0000,0x0000,0x0000,0x0000,0x0000,0x0000,0x0000,0xa6fa,0xa6fa,0xa6fa,0xa6fa,0xa6fa,0x0000,0x0000,0x0000,0x0000,0x0000,0x0000,0x0000,0x19e8,0x19e8,0xa6fa,0xa6fa,0xa6fa,0xa6fa,0xa6fa,0xa6fa,0xa6fa,0xa6fa,0xa6fa,
0xa6fa,0xa6fa,0xa6fa,0xa6fa,0xa6fa,0xa6fa,0xa6fa,0xa6fa,0xa6fa,0x19e8,0x19e8,0x0000,0x0000,0x0000,0x0000,0x0000,0x0000,0x0000,0xa6fa,0xa6fa,0xa6fa,0xa6fa,0xa6fa,0x0000,0x0000,0x0000,0x0000,0x0000,0x0000,0x0000,0x0000,0x0000,
0x0000,0x0000,0x0000,0x0000,0x0000,0x0000,0x0000,0x0000,0x0000,0xa6fa,0xa6fa,0xa6fa,0xa6fa,0xa6fa,0x0000,0x0000,0x0000,0x0000,0x0000,0x0000,0x0000,0x19e8,0x19e8,0xa6fa,0xa6fa,0xa6fa,0xa6fa,0xa6fa,0xa6fa,0xa6fa,0xa6fa,0xa6fa,
0xa6fa,0xa6fa,0xa6fa,0xa6fa,0xa6fa,0xa6fa,0xa6fa,0xa6fa,0xa6fa,0x19e8,0x19e8,0x0000,0x0000,0x0000,0x0000,0x0000,0x0000,0x0000,0xa6fa,0xa6fa,0xa6fa,0xa6fa,0xa6fa,0x0000,0x0000,0x0000,0x0000,0x0000,0x0000,0x0000,0x0000,0x0000,
0x0000,0x0000,0x0000,0x0000,0x0000,0x0000,0x0000,0x0000,0x0000,0xa6fa,0xa6fa,0xa6fa,0xa6fa,0xa6fa,0x0000,0x0000,0x0000,0x0000,0x0000,0x0000,0x0000,0x19e8,0x19e8,0xa6fa,0xa6fa,0xa6fa,0xa6fa,0xa6fa,0xa6fa,0xa6fa,0xa6fa,0xa6fa,
0xa6fa,0xa6fa,0xa6fa,0xa6fa,0xa6fa,0xa6fa,0xa6fa,0xa6fa,0xa6fa,0x19e8,0x19e8,0x0000,0x0000,0x0000,0x0000,0x0000,0x0000,0x0000,0xa6fa,0xa6fa,0xa6fa,0xa6fa,0xa6fa,0x0000,0x0000,0x0000,0x0000,0x0000,0x0000,0x0000,0x0000,0x0000,
0x0000,0x0000,0x0000,0x0000,0x0000,0x0000,0x0000,0x0000,0x0000,0xa6fa,0xa6fa,0xa6fa,0xa6fa,0xa6fa,0x0000,0x0000,0x0000,0x0000,0x0000,0x0000,0x0000,0x19e8,0x19e8,0xa6fa,0xa6fa,0xa6fa,0xa6fa,0xa6fa,0xa6fa,0xa6fa,0xa6fa,0xa6fa,
0xa6fa,0xa6fa,0xa6fa,0xa6fa,0xa6fa,0xa6fa,0xa6fa,0xa6fa,0xa6fa,0x19e8,0x19e8,0x0000,0x0000,0x0000,0x0000,0x0000,0x0000,0x0000,0xa6fa,0xa6fa,0xa6fa,0xa6fa,0xa6fa,0x0000,0x0000,0x0000,0x0000,0x0000,0x0000,0x0000,0x0000,0x0000,
0x0000,0x0000,0x0000,0x0000,0x0000,0x0000,0x0000,0x0000,0x0000,0xa6fa,0xa6fa,0xa6fa,0xa6fa,0xa6fa,0x0000,0x0000,0x0000,0x0000,0x0000,0x0000,0x0000,0x19e8,0x19e8,0xa6fa,0xa6fa,0xa6fa,0xa6fa,0xa6fa,0xa6fa,0xa6fa,0xa6fa,0xa6fa,
0xa6fa,0xa6fa,0xa6fa,0xa6fa,0xa6fa,0xa6fa,0xa6fa,0xa6fa,0xa6fa,0x19e8,0x19e8,0x0000,0x0000,0x0000,0x0000,0x0000,0x0000,0x0000,0xa6fa,0xa6fa,0xa6fa,0xa6fa,0xa6fa,0x0000,0x0000,0x0000,0x0000,0x0000,0x0000,0x0000,0x0000,0x0000,
0x0000,0x0000,0x0000,0x0000,0x0000,0x0000,0x0000,0x0000,0x0000,0xa6fa,0xa6fa,0xa6fa,0xa6fa,0xa6fa,0x0000,0x0000,0x0000,0x0000,0x0000,0x0000,0x0000,0x19e8,0x19e8,0x19e8,0x19e8,0x19e8,0x19e8,0x19e8,0x19e8,0x19e8,0x19e8,0x19e8,
0x19e8,0x19e8,0x19e8,0x19e8,0x19e8,0x19e8,0x19e8,0x19e8,0x19e8,0x19e8,0x19e8,0x0000,0x0000,0x0000,0x0000,0x0000,0x0000,0x0000,0xa6fa,0xa6fa,0xa6fa,0xa6fa,0xa6fa,0x0000,0x0000,0x0000,0x0000,0x0000,0x0000,0x0000,0x0000,0x0000,
0x0000,0x0000,0x0000,0x0000,0x0000,0x0000,0x0000,0x0000,0x0000,0xa6fa,0xa6fa,0xa6fa,0xa6fa,0xa6fa,0x0000,0x0000,0x0000,0x0000,0x0000,0x0000,0x0000,0x19e8,0x19e8,0x19e8,0x19e8,0x19e8,0x19e8,0x19e8,0x19e8,0x19e8,0x19e8,0x19e8,
0x19e8,0x19e8,0x19e8,0x19e8,0x19e8,0x19e8,0x19e8,0x19e8,0x19e8,0x19e8,0x19e8,0x0000,0x0000,0x0000,0x0000,0x0000,0x0000,0x0000,0xa6fa,0xa6fa,0xa6fa,0xa6fa,0xa6fa,0x0000,0x0000,0x0000,0x0000,0x0000,0x0000,0x0000,0x0000,0x0000,
0x0000,0x0000,0x0000,0x0000,0x0000,0x0000,0x0000,0x0000,0x0000,0x0000,0x0000,0x0000,0x0000,0x0000,0x0000,0x0000,0x0000,0x0000,0x0000,0x0000,0x0000,0x0000,0x0000,0x0000,0x0000,0x0000,0x0000,0x0000,0x0000,0x0000,0x0000,0x0000,
0x0000,0x0000,0x0000,0x0000,0x0000,0x0000,0x0000,0x0000,0x0000,0x0000,0x0000,0x0000,0x0000,0x0000,0x0000,0x0000,0x0000,0x0000,0x0000,0x0000,0x0000,0x0000,0x0000,0x0000,0x0000,0x0000,0x0000,0x0000,0x0000,0x0000,0x0000,0x0000,
0x0000,0x0000,0x0000,0x0000,0x0000,0x0000,0x0000,0x0000,0x0000,0x0000,0x0000,0x0000,0x0000,0x0000,0x0000,0x0000,0x0000,0x0000,0x0000,0x0000,0x0000,0x0000,0x0000,0x0000,0x0000,0x0000,0xa6fa,0xa6fa,0xa6fa,0xa6fa,0x0000,0x0000,
0x0000,0x0000,0xa6fa,0xa6fa,0xa6fa,0xa6fa,0x0000,0x0000,0x0000,0x0000,0x0000,0x0000,0x0000,0x0000,0x0000,0x0000,0x0000,0x0000,0x0000,0x0000,0x0000,0x0000,0x0000,0x0000,0x0000,0x0000,0x0000,0x0000,0x0000,0x0000,0x0000,0x0000,
0x0000,0x0000,0x0000,0x0000,0x0000,0x0000,0x0000,0x0000,0x0000,0x0000,0x0000,0x0000,0x0000,0x0000,0x0000,0x0000,0x0000,0x0000,0x0000,0x0000,0x0000,0x0000,0x0000,0x0000,0x0000,0x0000,0xa6fa,0xa6fa,0xa6fa,0xa6fa,0x0000,0x0000,
0x0000,0x0000,0xa6fa,0xa6fa,0xa6fa,0xa6fa,0x0000,0x0000,0x0000,0x0000,0x0000,0x0000,0x0000,0x0000,0x0000,0x0000,0x0000,0x0000,0x0000,0x0000,0x0000,0x0000,0x0000,0x0000,0x0000,0x0000,0x0000,0x0000,0x0000,0x0000,0x0000,0x0000,
0x0000,0x0000,0x0000,0x0000,0x0000,0x0000,0x0000,0x0000,0x0000,0x0000,0x0000,0x0000,0x0000,0x0000,0x0000,0x0000,0x0000,0x0000,0x0000,0x0000,0x0000,0x0000,0x0000,0x0000,0x0000,0x0000,0xa6fa,0xa6fa,0xa6fa,0xa6fa,0x0000,0x0000,
0x0000,0x0000,0xa6fa,0xa6fa,0xa6fa,0xa6fa,0x0000,0x0000,0x0000,0x0000,0x0000,0x0000,0x0000,0x0000,0x0000,0x0000,0x0000,0x0000,0x0000,0x0000,0x0000,0x0000,0x0000,0x0000,0x0000,0x0000,0x0000,0x0000,0x0000,0x0000,0x0000,0x0000,
0x0000,0x0000,0x0000,0x0000,0x0000,0x0000,0x0000,0x0000,0x0000,0x0000,0x0000,0x0000,0x0000,0x0000,0x0000,0x0000,0x0000,0x0000,0x0000,0x0000,0x0000,0x0000,0x0000,0x0000,0x0000,0x0000,0xa6fa,0xa6fa,0xa6fa,0xa6fa,0x0000,0x0000,
0x0000,0x0000,0xa6fa,0xa6fa,0xa6fa,0xa6fa,0x0000,0x0000,0x0000,0x0000,0x0000,0x0000,0x0000,0x0000,0x0000,0x0000,0x0000,0x0000,0x0000,0x0000,0x0000,0x0000,0x0000,0x0000,0x0000,0x0000,0x0000,0x0000,0x0000,0x0000,0x0000,0x0000,
0x0000,0x0000,0x0000,0x0000,0x0000,0x0000,0x0000,0x0000,0x0000,0x0000,0x0000,0x0000,0x0000,0x0000,0x0000,0x0000,0x0000,0x0000,0x0000,0x0000,0x0000,0x0000,0x0000,0x0000,0x0000,0x0000,0x0000,0x0000,0x0000,0x0000,0x0000,0x0000,
0x0000,0x0000,0x0000,0x0000,0x0000,0x0000,0x0000,0x0000,0x0000,0x0000,0x0000,0x0000,0x0000,0x0000,0x0000,0x0000,0x0000,0x0000,0x0000,0x0000,0x0000,0x0000,0x0000,0x0000,0x0000,0x0000,0x0000,0x0000,0x0000,0x0000,0x0000,0x0000,
0x0000,0x0000,0x0000,0x0000,0x0000,0x0000,0x0000,0x0000,0x0000,0x0000,0x0000,0x0000,0x0000,0x0000,0x0000,0x0000,0x0000,0x0000,0x0000,0x0000,0x0000,0x0000,0x0000,0x0000,0x0000,0x0000,0x0000,0x0000,0x0000,0x0000,0x0000,0x0000,
0x0000,0x0000,0x0000,0x0000,0x0000,0x0000,0x0000,0x0000,0x0000,0x0000,0x0000,0x0000,0x0000,0x0000,0x0000,0x0000,0x0000,0x0000,0x0000,0x0000,0x0000,0x0000,0x0000,0x0000,0x0000,0x0000,0x0000,0x0000,0x0000,0x0000,0x0000,0x0000,
0x0000,0x0000,0x0000,0x0000,0x0000,0x0000,0x0000,0x0000,0x0000,0x0000,0x0000,0x0000,0x0000,0x0000,0x0000,0x0000,0x0000,0x0000,0x0000,0x0000,0x0000,0x0000,0x0000,0x0000,0x0000,0x0000,0x0000,0x0000,0x0000,0x0000,0x0000,0x0000,
0x0000,0x0000,0x0000,0x0000,0x0000,0x0000,0x0000,0x0000,0x0000,0x0000,0x0000,0x0000,0x0000,0x0000,0x0000,0x0000,0x0000,0x0000,0x0000,0x0000,0x0000,0x0000,0x0000,0x0000,0x0000,0x0000,0x0000,0x0000,0x0000,0x0000,0x0000,0x0000,
0x0000,0x0000,0x0000,0x0000,0x0000,0x0000,0x0000,0x0000,0x0000,0x0000,0x0000,0x0000,0x0000,0x0000,0x0000,0x0000,0x0000,0x0000,0x0000,0x0000,0x0000,0x0000,0x0000,0x0000,0x0000,0x0000,0x0000,0x0000,0x0000,0x0000,0x0000,0x0000,
0x0000,0x0000,0x0000,0x0000,0x0000,0x0000,0x0000,0x0000,0x0000,0x0000,0x0000,0x0000,0x0000,0x0000,0x0000,0x0000,0x0000,0x0000,0x0000,0x0000,0x0000,0x0000,0x0000,0x0000,0x0000,0x0000,0x0000,0x0000,0x0000,0x0000,0x0000,0x0000,
0x0000,0x0000,0x0000,0x0000,0x0000,0x0000,0x0000,0x0000,0x0000,0x0000,0x0000,0x0000,0x0000,0x0000,0x0000,0x0000,0x0000,0x0000,0x0000,0x0000,0x0000,0x0000,0x0000,0x0000,0x0000,0x0000,0x0000,0x0000,0x0000,0x0000,0x0000,0x0000,
0x0000,0x0000,0x0000,0x0000,0x0000,0x0000,0x0000,0x0000,0x0000,0x0000,0x0000,0x0000,0x0000,0x0000,0x0000,0x0000,0x0000,0x0000,0x0000,0x0000,0x0000,0x0000,0x0000,0x0000,0x0000,0x0000,0x0000,0x0000,0x0000,0x0000,0x0000,0x0000,
};
static const uint16_t frame_23[4096] = {
0x0000,0x0000,0x0000,0x0000,0x0000,0x0000,0x0000,0x0000,0x0000,0x0000,0x0000,0x0000,0x0000,0x0000,0x0000,0x0000,0x0000,0x0000,0x0000,0x0000,0x0000,0x0000,0x0000,0x0000,0x0000,0x0000,0x0000,0x0000,0x0000,0x0000,0x0000,0x0000,
0x0000,0x0000,0x0000,0x0000,0x0000,0x0000,0x0000,0x0000,0x0000,0x0000,0x0000,0x0000,0x0000,0x0000,0x0000,0x0000,0x0000,0x0000,0x0000,0x0000,0x0000,0x0000,0x0000,0x0000,0x0000,0x0000,0x0000,0x0000,0x0000,0x0000,0x0000,0x0000,
0x0000,0x0000,0x0000,0x0000,0x0000,0x0000,0x0000,0x0000,0x0000,0x0000,0x0000,0x0000,0x0000,0x0000,0x0000,0x0000,0x0000,0x0000,0x0000,0x0000,0x0000,0x0000,0x0000,0x0000,0x0000,0x0000,0x0000,0x0000,0x0000,0x0000,0x0000,0x0000,
0x0000,0x0000,0x0000,0x0000,0x0000,0x0000,0x0000,0x0000,0x0000,0x0000,0x0000,0x0000,0x0000,0x0000,0x0000,0x0000,0x0000,0x0000,0x0000,0x0000,0x0000,0x0000,0x0000,0x0000,0x0000,0x0000,0x0000,0x0000,0x0000,0x0000,0x0000,0x0000,
0x0000,0x0000,0x0000,0x0000,0x0000,0x0000,0x0000,0x0000,0x0000,0x0000,0x0000,0x0000,0x0000,0x0000,0x0000,0x0000,0x0000,0x0000,0x0000,0x0000,0x0000,0x0000,0x0000,0x0000,0x0000,0x0000,0x0000,0x0000,0x0000,0x0000,0x0000,0x0000,
0x0000,0x0000,0x0000,0x0000,0x0000,0x0000,0x0000,0x0000,0x0000,0x0000,0x0000,0x0000,0x0000,0x0000,0x0000,0x0000,0x0000,0x0000,0x0000,0x0000,0x0000,0x0000,0x0000,0x0000,0x0000,0x0000,0x0000,0x0000,0x0000,0x0000,0x0000,0x0000,
0x0000,0x0000,0x0000,0x0000,0x0000,0x0000,0x0000,0x0000,0x0000,0x0000,0x0000,0x0000,0x19e8,0x19e8,0x19e8,0x0000,0x0000,0x0000,0x0000,0x0000,0x0000,0x0000,0x0000,0x0000,0xfeb2,0xfeb2,0xfeb2,0x0000,0x0000,0x0000,0x0000,0x0000,
0x0000,0x0000,0x0000,0x0000,0x19e8,0x19e8,0x19e8,0x0000,0x0000,0x0000,0x0000,0x0000,0x0000,0x0000,0x0000,0x0000,0x19e8,0x19e8,0x19e8,0x0000,0x0000,0x0000,0x0000,0x0000,0x0000,0x0000,0x0000,0x0000,0x0000,0x0000,0x0000,0x0000,
0x0000,0x0000,0x0000,0x0000,0x0000,0x0000,0x0000,0x0000,0x0000,0x0000,0x0000,0x0000,0x19e8,0x19e8,0x19e8,0x0000,0x0000,0x0000,0x0000,0x0000,0x0000,0x0000,0x0000,0x0000,0xfeb2,0xfeb2,0xfeb2,0x0000,0x0000,0x0000,0x0000,0x0000,
0x0000,0x0000,0x0000,0x0000,0x19e8,0x19e8,0x19e8,0x0000,0x0000,0x0000,0x0000,0x0000,0x0000,0x0000,0x0000,0x0000,0x19e8,0x19e8,0x19e8,0x0000,0x0000,0x0000,0x0000,0x0000,0x0000,0x0000,0x0000,0x0000,0x0000,0x0000,0x0000,0x0000,
0x0000,0x0000,0x0000,0x0000,0x0000,0x0000,0x0000,0x0000,0x0000,0x0000,0x0000,0x0000,0x19e8,0x19e8,0x19e8,0x0000,0x0000,0x0000,0x0000,0x0000,0x0000,0x0000,0x0000,0x0000,0xfeb2,0xfeb2,0xfeb2,0x0000,0x0000,0x0000,0x0000,0x0000,
0x0000,0x0000,0x0000,0x0000,0x19e8,0x19e8,0x19e8,0x0000,0x0000,0x0000,0x0000,0x0000,0x0000,0x0000,0x0000,0x0000,0x19e8,0x19e8,0x19e8,0x0000,0x0000,0x0000,0x0000,0x0000,0x0000,0x0000,0x0000,0x0000,0x0000,0x0000,0x0000,0x0000,
0x0000,0x0000,0x0000,0x0000,0x0000,0x0000,0x0000,0x0000,0x0000,0x0000,0x0000,0x0000,0x0000,0x0000,0x0000,0x0000,0x0000,0x0000,0x0000,0x0000,0x0000,0x0000,0x0000,0x0000,0x0000,0x0000,0x0000,0x0000,0x0000,0x0000,0x0000,0x0000,
0x0000,0x0000,0x0000,0x0000,0x0000,0x0000,0x0000,0x0000,0x0000,0x0000,0x0000,0x0000,0x0000,0x0000,0x0000,0x0000,0x0000,0x0000,0x0000,0x0000,0x0000,0x0000,0x0000,0x0000,0x0000,0x0000,0x0000,0x0000,0x0000,0x0000,0x0000,0x0000,
0x0000,0x0000,0x0000,0x0000,0x0000,0x0000,0x0000,0x0000,0x0000,0x0000,0x0000,0x0000,0x0000,0x0000,0x0000,0x0000,0x0000,0x0000,0x0000,0x0000,0x0000,0x0000,0x0000,0x0000,0x0000,0x0000,0x0000,0x0000,0x0000,0x0000,0x0000,0x0000,
0x0000,0x0000,0x0000,0x0000,0x0000,0x0000,0x0000,0x0000,0x0000,0x0000,0x0000,0x0000,0x0000,0x0000,0x0000,0x0000,0x0000,0x0000,0x0000,0x0000,0x0000,0x0000,0x0000,0x0000,0x0000,0x0000,0x0000,0x0000,0x0000,0x0000,0x0000,0x0000,
0x0000,0x0000,0x0000,0x0000,0x0000,0x0000,0x0000,0x0000,0x0000,0x0000,0x0000,0x0000,0x0000,0x0000,0x0000,0x0000,0x0000,0x0000,0x0000,0x0000,0x0000,0x0000,0x0000,0x0000,0x0000,0x0000,0x0000,0xfeb2,0xfeb2,0xfeb2,0xfeb2,0xfeb2,
0xfeb2,0xfeb2,0xfeb2,0xfeb2,0xfeb2,0x0000,0x0000,0x0000,0x0000,0x0000,0x0000,0x0000,0x0000,0x0000,0x0000,0x0000,0x0000,0x0000,0x0000,0x0000,0x0000,0x0000,0x0000,0x0000,0x0000,0x0000,0x0000,0x0000,0x0000,0x0000,0x0000,0x0000,
0x0000,0x0000,0x0000,0x0000,0x0000,0x0000,0x0000,0x0000,0x0000,0x0000,0x0000,0x0000,0x0000,0x0000,0x0000,0x0000,0x0000,0x0000,0x0000,0x0000,0x0000,0x0000,0x0000,0x0000,0x0000,0x0000,0x0000,0xfeb2,0xfeb2,0xfeb2,0xfeb2,0xfeb2,
0xfeb2,0xfeb2,0xfeb2,0xfeb2,0xfeb2,0x0000,0x0000,0x0000,0x0000,0x0000,0x0000,0x0000,0x0000,0x0000,0x0000,0x0000,0x0000,0x0000,0x0000,0x0000,0x0000,0x0000,0x0000,0x0000,0x0000,0x0000,0x0000,0x0000,0x0000,0x0000,0x0000,0x0000,
0x0000,0x0000,0x0000,0x0000,0x0000,0x0000,0x0000,0x0000,0x0000,0x0000,0x0000,0x0000,0x0000,0x0000,0x0000,0x0000,0x0000,0x0000,0x0000,0x0000,0x0000,0x0000,0x0000,0x0000,0x0000,0x0000,0x0000,0xfeb2,0xfeb2,0xfeb2,0xfeb2,0xfeb2,
0xfeb2,0xfeb2,0xfeb2,0xfeb2,0xfeb2,0x0000,0x0000,0x0000,0x0000,0x0000,0x0000,0x0000,0x0000,0x0000,0x0000,0x0000,0x0000,0x0000,0x0000,0x0000,0x0000,0x0000,0x0000,0x0000,0x0000,0x0000,0x0000,0x0000,0x0000,0x0000,0x0000,0x0000,
0x0000,0x0000,0x0000,0x0000,0x0000,0x0000,0x0000,0x0000,0x0000,0x0000,0x0000,0x0000,0x0000,0x0000,0x0000,0x0000,0x0000,0x0000,0x0000,0x0000,0x0000,0x0000,0x0000,0x0000,0x0000,0x0000,0x0000,0xfeb2,0xfeb2,0xfeb2,0xa6fa,0xa6fa,
0xa6fa,0xa6fa,0xfeb2,0xfeb2,0xfeb2,0x0000,0x0000,0x0000,0x0000,0x0000,0x0000,0x0000,0x0000,0x0000,0x0000,0x0000,0x0000,0x0000,0x0000,0x0000,0x0000,0x0000,0x0000,0x0000,0x0000,0x0000,0x0000,0x0000,0x0000,0x0000,0x0000,0x0000,
0x0000,0x0000,0x0000,0x0000,0x0000,0x0000,0x0000,0x0000,0x0000,0x0000,0x0000,0x0000,0x0000,0x0000,0x0000,0x0000,0x0000,0x0000,0x0000,0x0000,0x0000,0x0000,0x0000,0x0000,0x0000,0x0000,0x0000,0x0000,0x0000,0x0000,0xa6fa,0xa6fa,
0xa6fa,0xa6fa,0x0000,0x0000,0x0000,0x0000,0x0000,0x0000,0x0000,0x0000,0x0000,0x0000,0x0000,0x0000,0x0000,0x0000,0x0000,0x0000,0x0000,0x0000,0x0000,0x0000,0x0000,0x0000,0x0000,0x0000,0x0000,0x0000,0x0000,0x0000,0x0000,0x0000,
0x0000,0x0000,0x0000,0x0000,0x0000,0x0000,0x0000,0x0000,0x0000,0x0000,0x0000,0x0000,0x0000,0x0000,0x0000,0x0000,0x0000,0x0000,0x0000,0x0000,0x0000,0x0000,0x0000,0x0000,0x0000,0x0000,0x0000,0x0000,0x0000,0x0000,0xa6fa,0xa6fa,
0xa6fa,0xa6fa,0x0000,0x0000,0x0000,0x0000,0x0000,0x0000,0x0000,0x0000,0x0000,0x0000,0x0000,0x0000,0x0000,0x0000,0x0000,0x0000,0x0000,0x0000,0x0000,0x0000,0x0000,0x0000,0x0000,0x0000,0x0000,0x0000,0x0000,0x0000,0x0000,0x0000,
0x0000,0x0000,0x0000,0x0000,0x0000,0x0000,0x0000,0x0000,0x0000,0x0000,0x0000,0x0000,0x0000,0x0000,0x0000,0x0000,0x0000,0x0000,0x0000,0x0000,0x0000,0x0000,0x0000,0x0000,0x0000,0x0000,0x0000,0x0000,0x0000,0x0000,0xa6fa,0xa6fa,
0xa6fa,0xa6fa,0x0000,0x0000,0x0000,0x0000,0x0000,0x0000,0x0000,0x0000,0x0000,0x0000,0x0000,0x0000,0x0000,0x0000,0x0000,0x0000,0x0000,0x0000,0x0000,0x0000,0x0000,0x0000,0x0000,0x0000,0x0000,0x0000,0x0000,0x0000,0x0000,0x0000,
0x0000,0x0000,0x0000,0x0000,0x0000,0x0000,0x0000,0x0000,0x0000,0x0000,0x0000,0x0000,0x0000,0x0000,0x0000,0x19e8,0x19e8,0x19e8,0x19e8,0x19e8,0x19e8,0x19e8,0x19e8,0x19e8,0x19e8,0x19e8,0x19e8,0x19e8,0x19e8,0x19e8,0x19e8,0x19e8,
0x19e8,0x19e8,0x19e8,0x19e8,0x19e8,0x19e8,0x19e8,0x19e8,0x19e8,0x19e8,0x19e8,0x19e8,0x19e8,0x19e8,0x19e8,0x19e8,0x19e8,0x0000,0x0000,0x0000,0x0000,0x0000,0x0000,0x0000,0x0000,0x0000,0x0000,0x0000,0x0000,0x0000,0x0000,0x0000,
0x0000,0x0000,0x0000,0x0000,0x0000,0x0000,0x0000,0x0000,0x0000,0x0000,0x0000,0x0000,0x0000,0x0000,0x0000,0x19e8,0x19e8,0x19e8,0x19e8,0x19e8,0x19e8,0x19e8,0x19e8,0x19e8,0x19e8,0x19e8,0x19e8,0x19e8,0x19e8,0x19e8,0x19e8,0x19e8,
0x19e8,0x19e8,0x19e8,0x19e8,0x19e8,0x19e8,0x19e8,0x19e8,0x19e8,0x19e8,0x19e8,0x19e8,0x19e8,0x19e8,0x19e8,0x19e8,0x19e8,0x0000,0x0000,0x0000,0x0000,0x0000,0x0000,0x0000,0x0000,0x0000,0x0000,0x0000,0x0000,0x0000,0x0000,0x0000,
0x0000,0x0000,0x0000,0x0000,0x0000,0x0000,0x0000,0x0000,0x0000,0x0000,0x0000,0x0000,0x0000,0x0000,0x0000,0x19e8,0x19e8,0xa6fa,0xa6fa,0xa6fa,0xa6fa,0xa6fa,0xa6fa,0xa6fa,0xa6fa,0xa6fa,0xa6fa,0xa6fa,0xa6fa,0xa6fa,0xa6fa,0xa6fa,
0xa6fa,0xa6fa,0xa6fa,0xa6fa,0xa6fa,0xa6fa,0xa6fa,0xa6fa,0xa6fa,0xa6fa,0xa6fa,0xa6fa,0xa6fa,0xa6fa,0xa6fa,0x19e8,0x19e8,0x0000,0x0000,0x0000,0x0000,0x0000,0x0000,0x0000,0x0000,0x0000,0x0000,0x0000,0x0000,0x0000,0x0000,0x0000,
0x0000,0x0000,0x0000,0x0000,0x0000,0x0000,0x0000,0x0000,0x0000,0x0000,0x0000,0x0000,0x0000,0x0000,0x0000,0x19e8,0x19e8,0xa6fa,0xa6fa,0xa6fa,0xa6fa,0xa6fa,0xa6fa,0xa6fa,0xa6fa,0xa6fa,0xa6fa,0xa6fa,0xa6fa,0xa6fa,0xa6fa,0xa6fa,
0xa6fa,0xa6fa,0xa6fa,0xa6fa,0xa6fa,0xa6fa,0xa6fa,0xa6fa,0xa6fa,0xa6fa,0xa6fa,0xa6fa,0xa6fa,0xa6fa,0xa6fa,0x19e8,0x19e8,0x0000,0x0000,0x0000,0x0000,0x0000,0x0000,0x0000,0x0000,0x0000,0x0000,0x0000,0x0000,0x0000,0x0000,0x0000,
0x0000,0x0000,0x0000,0x0000,0x0000,0x0000,0x0000,0x0000,0x0000,0x0000,0x0000,0x0000,0x0000,0x0000,0x0000,0x19e8,0x19e8,0xa6fa,0xa6fa,0xa6fa,0xa6fa,0xa6fa,0xa6fa,0xa6fa,0xa6fa,0xa6fa,0xa6fa,0xa6fa,0xa6fa,0xa6fa,0xa6fa,0xa6fa,
0xa6fa,0xa6fa,0xa6fa,0xa6fa,0xa6fa,0xa6fa,0xa6fa,0xa6fa,0xa6fa,0xa6fa,0xa6fa,0xa6fa,0xa6fa,0xa6fa,0xa6fa,0x19e8,0x19e8,0x0000,0x0000,0x0000,0x0000,0x0000,0x0000,0x0000,0x0000,0x0000,0x0000,0x0000,0x0000,0x0000,0x0000,0x0000,
0x0000,0x0000,0x0000,0x0000,0x0000,0x0000,0x0000,0x0000,0x0000,0x0000,0x0000,0x0000,0x0000,0x0000,0x0000,0x19e8,0x19e8,0xa6fa,0xa6fa,0xa6fa,0xa6fa,0xa6fa,0xa6fa,0xa6fa,0xa6fa,0xa6fa,0xa6fa,0xa6fa,0xa6fa,0xa6fa,0xa6fa,0xa6fa,
0xa6fa,0xa6fa,0xa6fa,0xa6fa,0xa6fa,0xa6fa,0xa6fa,0xa6fa,0xa6fa,0xa6fa,0xa6fa,0xa6fa,0xa6fa,0xa6fa,0xa6fa,0x19e8,0x19e8,0x0000,0x0000,0x0000,0x0000,0x0000,0x0000,0x0000,0x0000,0x0000,0x0000,0x0000,0x0000,0x0000,0x0000,0x0000,
0x0000,0x0000,0x0000,0x0000,0x0000,0x0000,0x0000,0x0000,0x0000,0x0000,0x0000,0x0000,0x0000,0x0000,0x0000,0x19e8,0x19e8,0xa6fa,0xa6fa,0xa6fa,0xa6fa,0x19e8,0x19e8,0x19e8,0x19e8,0x19e8,0x19e8,0x19e8,0x19e8,0x19e8,0x19e8,0x19e8,
0x19e8,0x19e8,0x19e8,0x19e8,0x19e8,0x19e8,0x19e8,0x19e8,0x19e8,0x19e8,0x19e8,0xa6fa,0xa6fa,0xa6fa,0xa6fa,0x19e8,0x19e8,0x0000,0x0000,0x0000,0x0000,0x0000,0x0000,0x0000,0x0000,0x0000,0x0000,0x0000,0x0000,0x0000,0x0000,0x0000,
0x0000,0x0000,0x0000,0x0000,0x0000,0x0000,0x0000,0x0000,0x0000,0x0000,0x0000,0x0000,0x0000,0x0000,0x0000,0x19e8,0x19e8,0xa6fa,0xa6fa,0xa6fa,0xa6fa,0x19e8,0x19e8,0x19e8,0x19e8,0x19e8,0x19e8,0x19e8,0x19e8,0x19e8,0x19e8,0x19e8,
0x19e8,0x19e8,0x19e8,0x19e8,0x19e8,0x19e8,0x19e8,0x19e8,0x19e8,0x19e8,0x19e8,0xa6fa,0xa6fa,0xa6fa,0xa6fa,0x19e8,0x19e8,0x0000,0x0000,0x0000,0x0000,0x0000,0x0000,0x0000,0x0000,0x0000,0x0000,0x0000,0x0000,0x0000,0x0000,0x0000,
0x0000,0x0000,0x0000,0x0000,0x0000,0x0000,0x0000,0x0000,0x0000,0x0000,0x0000,0x0000,0x0000,0x0000,0x0000,0x19e8,0x19e8,0xa6fa,0xa6fa,0xa6fa,0xa6fa,0x19e8,0x19e8,0x19e8,0x19e8,0x19e8,0x19e8,0x19e8,0x19e8,0x19e8,0x19e8,0x19e8,
0x19e8,0x19e8,0x19e8,0x19e8,0x19e8,0x19e8,0x19e8,0x19e8,0x19e8,0x19e8,0x19e8,0xa6fa,0xa6fa,0xa6fa,0xa6fa,0x19e8,0x19e8,0x0000,0x0000,0x0000,0x0000,0x0000,0x0000,0x0000,0x0000,0x0000,0x0000,0x0000,0x0000,0x0000,0x0000,0x0000,
0x0000,0x0000,0x0000,0x0000,0x0000,0x0000,0x0000,0x0000,0x0000,0x0000,0x0000,0x0000,0x0000,0x0000,0x0000,0x19e8,0x19e8,0xa6fa,0xa6fa,0xa6fa,0xa6fa,0x19e8,0x19e8,0x19e8,0xefdb,0xefdb,0xefdb,0xefdb,0x19e8,0x19e8,0x19e8,0x19e8,
0x19e8,0x19e8,0x19e8,0xefdb,0xefdb,0xefdb,0xefdb,0x19e8,0x19e8,0x19e8,0x19e8,0xa6fa,0xa6fa,0xa6fa,0xa6fa,0x19e8,0x19e8,0x0000,0x0000,0x0000,0x0000,0x0000,0x0000,0x0000,0x0000,0x0000,0x0000,0x0000,0x0000,0x0000,0x0000,0x0000,
0x0000,0x0000,0x0000,0x0000,0x0000,0x0000,0x0000,0x0000,0x0000,0x0000,0x0000,0x0000,0x0000,0x0000,0x0000,0x19e8,0x19e8,0xa6fa,0xa6fa,0xa6fa,0xa6fa,0x19e8,0x19e8,0x19e8,0xefdb,0xefdb,0xefdb,0xefdb,0x19e8,0x19e8,0x19e8,0x19e8,
0x19e8,0x19e8,0x19e8,0xefdb,0xefdb,0xefdb,0xefdb,0x19e8,0x19e8,0x19e8,0x19e8,0xa6fa,0xa6fa,0xa6fa,0xa6fa,0x19e8,0x19e8,0x0000,0x0000,0x0000,0x0000,0x0000,0x0000,0x0000,0x0000,0x0000,0x0000,0x0000,0x0000,0x0000,0x0000,0x0000,
0x0000,0x0000,0x0000,0x0000,0x0000,0x0000,0x0000,0x0000,0x0000,0x0000,0x0000,0x0000,0x0000,0x0000,0x0000,0x19e8,0x19e8,0xa6fa,0xa6fa,0xa6fa,0xa6fa,0x19e8,0x19e8,0x19e8,0xefdb,0xefdb,0xefdb,0xefdb,0x19e8,0x19e8,0x19e8,0x19e8,
0x19e8,0x19e8,0x19e8,0xefdb,0xefdb,0xefdb,0xefdb,0x19e8,0x19e8,0x19e8,0x19e8,0xa6fa,0xa6fa,0xa6fa,0xa6fa,0x19e8,0x19e8,0x0000,0x0000,0x0000,0x0000,0x0000,0x0000,0x0000,0x0000,0x0000,0x0000,0x0000,0x0000,0x0000,0x0000,0x0000,
0x0000,0x0000,0x0000,0x0000,0x0000,0x0000,0x0000,0x0000,0x0000,0x0000,0x0000,0x0000,0x0000,0x0000,0x0000,0x19e8,0x19e8,0xa6fa,0xa6fa,0xa6fa,0xa6fa,0x19e8,0x19e8,0x19e8,0xefdb,0xefdb,0xefdb,0xefdb,0x19e8,0x19e8,0x19e8,0x19e8,
0x19e8,0x19e8,0x19e8,0xefdb,0xefdb,0xefdb,0xefdb,0x19e8,0x19e8,0x19e8,0x19e8,0xa6fa,0xa6fa,0xa6fa,0xa6fa,0x19e8,0x19e8,0x0000,0x0000,0x0000,0x0000,0x0000,0x0000,0x0000,0x0000,0x0000,0x0000,0x0000,0x0000,0x0000,0x0000,0x0000,
0x0000,0x0000,0x0000,0x0000,0x0000,0x0000,0x0000,0x0000,0x0000,0x0000,0x0000,0x0000,0x0000,0x0000,0x0000,0x19e8,0x19e8,0xa6fa,0xa6fa,0xa6fa,0xa6fa,0x19e8,0x19e8,0x19e8,0xefdb,0xefdb,0xefdb,0xefdb,0x19e8,0x19e8,0x19e8,0x19e8,
0x19e8,0x19e8,0x19e8,0xefdb,0xefdb,0xefdb,0xefdb,0x19e8,0x19e8,0x19e8,0x19e8,0xa6fa,0xa6fa,0xa6fa,0xa6fa,0x19e8,0x19e8,0x0000,0x0000,0x0000,0x0000,0x0000,0x0000,0x0000,0x0000,0x0000,0x0000,0x0000,0x0000,0x0000,0x0000,0x0000,
0x0000,0x0000,0x0000,0x0000,0x0000,0x0000,0x0000,0x0000,0x0000,0x0000,0x0000,0x0000,0x0000,0x0000,0x0000,0x19e8,0x19e8,0xa6fa,0xa6fa,0xa6fa,0xa6fa,0x19e8,0x19e8,0x19e8,0xefdb,0xefdb,0xefdb,0xefdb,0x19e8,0x19e8,0x19e8,0x19e8,
0x19e8,0x19e8,0x19e8,0xefdb,0xefdb,0xefdb,0xefdb,0x19e8,0x19e8,0x19e8,0x19e8,0xa6fa,0xa6fa,0xa6fa,0xa6fa,0x19e8,0x19e8,0x0000,0x0000,0x0000,0x0000,0x0000,0x0000,0x0000,0x0000,0x0000,0x0000,0x0000,0x0000,0x0000,0x0000,0x0000,
0x0000,0x0000,0x0000,0x0000,0x0000,0x0000,0x0000,0x0000,0x0000,0x0000,0x0000,0x0000,0x0000,0x0000,0x0000,0x19e8,0x19e8,0xa6fa,0xa6fa,0xa6fa,0xa6fa,0x19e8,0x19e8,0x19e8,0xefdb,0xefdb,0xefdb,0xefdb,0x19e8,0x19e8,0x19e8,0x19e8,
0x19e8,0x19e8,0x19e8,0xefdb,0xefdb,0xefdb,0xefdb,0x19e8,0x19e8,0x19e8,0x19e8,0xa6fa,0xa6fa,0xa6fa,0xa6fa,0x19e8,0x19e8,0x0000,0x0000,0x0000,0x0000,0x0000,0x0000,0x0000,0x0000,0x0000,0x0000,0x0000,0x0000,0x0000,0x0000,0x0000,
0x0000,0x0000,0x0000,0x0000,0x0000,0x0000,0x0000,0x0000,0x0000,0x0000,0x0000,0x0000,0x0000,0x0000,0x0000,0x19e8,0x19e8,0xa6fa,0xa6fa,0xa6fa,0xa6fa,0x19e8,0x19e8,0x19e8,0x19e8,0x19e8,0x19e8,0x19e8,0x19e8,0x19e8,0x19e8,0x19e8,
0x19e8,0x19e8,0x19e8,0x19e8,0x19e8,0x19e8,0x19e8,0x19e8,0x19e8,0x19e8,0x19e8,0xa6fa,0xa6fa,0xa6fa,0xa6fa,0x19e8,0x19e8,0x0000,0x0000,0x0000,0x0000,0x0000,0x0000,0x0000,0x0000,0x0000,0x0000,0x0000,0x0000,0x0000,0x0000,0x0000,
0x0000,0x0000,0x0000,0x0000,0x0000,0x0000,0x0000,0x0000,0x0000,0x0000,0x0000,0x0000,0x0000,0x0000,0x0000,0x19e8,0x19e8,0xa6fa,0xa6fa,0xa6fa,0xa6fa,0x19e8,0x19e8,0x19e8,0x19e8,0x19e8,0x19e8,0x19e8,0x19e8,0x19e8,0x19e8,0x19e8,
0x19e8,0x19e8,0x19e8,0x19e8,0x19e8,0x19e8,0x19e8,0x19e8,0x19e8,0x19e8,0x19e8,0xa6fa,0xa6fa,0xa6fa,0xa6fa,0x19e8,0x19e8,0x0000,0x0000,0x0000,0x0000,0x0000,0x0000,0x0000,0x0000,0x0000,0x0000,0x0000,0x0000,0x0000,0x0000,0x0000,
0x0000,0x0000,0x0000,0x0000,0x0000,0x0000,0x0000,0x0000,0x0000,0x0000,0x0000,0x0000,0x0000,0x0000,0x0000,0x19e8,0x19e8,0xa6fa,0xa6fa,0xa6fa,0xa6fa,0x19e8,0x19e8,0x19e8,0x19e8,0x19e8,0x19e8,0x19e8,0x19e8,0x19e8,0x19e8,0x19e8,
0x19e8,0x19e8,0x19e8,0x19e8,0x19e8,0x19e8,0x19e8,0x19e8,0x19e8,0x19e8,0x19e8,0xa6fa,0xa6fa,0xa6fa,0xa6fa,0x19e8,0x19e8,0x0000,0x0000,0x0000,0x0000,0x0000,0x0000,0x0000,0x0000,0x0000,0x0000,0x0000,0x0000,0x0000,0x0000,0x0000,
0x0000,0x0000,0x0000,0x0000,0x0000,0x0000,0x0000,0x0000,0x0000,0x0000,0x0000,0x0000,0x0000,0x0000,0x0000,0x19e8,0x19e8,0xa6fa,0xa6fa,0xa6fa,0xa6fa,0x19e8,0x19e8,0x19e8,0x19e8,0x19e8,0x19e8,0x19e8,0x19e8,0x19e8,0x19e8,0x19e8,
0x19e8,0x19e8,0x19e8,0x19e8,0x19e8,0x19e8,0x19e8,0x19e8,0x19e8,0x19e8,0x19e8,0xa6fa,0xa6fa,0xa6fa,0xa6fa,0x19e8,0x19e8,0x0000,0x0000,0x0000,0x0000,0x0000,0x0000,0x0000,0x0000,0x0000,0x0000,0x0000,0x0000,0x0000,0x0000,0x0000,
0x0000,0x0000,0x0000,0x0000,0x0000,0x0000,0x0000,0x0000,0x0000,0x0000,0x0000,0x0000,0x0000,0x0000,0x0000,0x19e8,0x19e8,0xa6fa,0xa6fa,0xa6fa,0xa6fa,0xa6fa,0xa6fa,0xa6fa,0xa6fa,0xa6fa,0xa6fa,0xa6fa,0xa6fa,0xa6fa,0xa6fa,0xa6fa,
0xa6fa,0xa6fa,0xa6fa,0xa6fa,0xa6fa,0xa6fa,0xa6fa,0xa6fa,0xa6fa,0xa6fa,0xa6fa,0xa6fa,0xa6fa,0xa6fa,0xa6fa,0x19e8,0x19e8,0x0000,0x0000,0x0000,0x0000,0x0000,0x0000,0x0000,0x0000,0x0000,0x0000,0x0000,0x0000,0x0000,0x0000,0x0000,
0x0000,0x0000,0x0000,0x0000,0x0000,0x0000,0x0000,0x0000,0x0000,0x0000,0x0000,0x0000,0x0000,0x0000,0x0000,0x19e8,0x19e8,0xa6fa,0xa6fa,0xa6fa,0xa6fa,0xa6fa,0xa6fa,0xa6fa,0xa6fa,0xa6fa,0xa6fa,0x19e8,0x19e8,0x19e8,0x19e8,0x19e8,
0x19e8,0x19e8,0x19e8,0x19e8,0x19e8,0xa6fa,0xa6fa,0xa6fa,0xa6fa,0xa6fa,0xa6fa,0xa6fa,0xa6fa,0xa6fa,0xa6fa,0x19e8,0x19e8,0x0000,0x0000,0x0000,0x0000,0x0000,0x0000,0x0000,0x0000,0x0000,0x0000,0x0000,0x0000,0x0000,0x0000,0x0000,
0x0000,0x0000,0x0000,0x0000,0x0000,0x0000,0x0000,0x0000,0x0000,0x0000,0x0000,0x0000,0x0000,0x0000,0x0000,0x19e8,0x19e8,0xa6fa,0xa6fa,0xa6fa,0xa6fa,0xa6fa,0xa6fa,0xa6fa,0xa6fa,0xa6fa,0xa6fa,0x19e8,0x19e8,0x19e8,0x19e8,0x19e8,
0x19e8,0x19e8,0x19e8,0x19e8,0x19e8,0xa6fa,0xa6fa,0xa6fa,0xa6fa,0xa6fa,0xa6fa,0xa6fa,0xa6fa,0xa6fa,0xa6fa,0x19e8,0x19e8,0x0000,0x0000,0x0000,0x0000,0x0000,0x0000,0x0000,0x0000,0x0000,0x0000,0x0000,0x0000,0x0000,0x0000,0x0000,
0x0000,0x0000,0x0000,0x0000,0x0000,0x0000,0x0000,0x0000,0x0000,0x0000,0x0000,0x0000,0x0000,0x0000,0x0000,0x19e8,0x19e8,0xa6fa,0xa6fa,0xa6fa,0xa6fa,0xa6fa,0xa6fa,0xa6fa,0xa6fa,0xa6fa,0xa6fa,0xa6fa,0xa6fa,0xa6fa,0xa6fa,0xa6fa,
0xa6fa,0xa6fa,0xa6fa,0xa6fa,0xa6fa,0xa6fa,0xa6fa,0xa6fa,0xa6fa,0xa6fa,0xa6fa,0xa6fa,0xa6fa,0xa6fa,0xa6fa,0x19e8,0x19e8,0x0000,0x0000,0x0000,0x0000,0x0000,0x0000,0x0000,0x0000,0x0000,0x0000,0x0000,0x0000,0x0000,0x0000,0x0000,
0x0000,0x0000,0x0000,0x0000,0x0000,0x0000,0x0000,0x0000,0x0000,0x0000,0x0000,0x0000,0x0000,0x0000,0x0000,0x19e8,0x19e8,0xa6fa,0xa6fa,0xa6fa,0xa6fa,0xa6fa,0xa6fa,0xa6fa,0xa6fa,0xa6fa,0xa6fa,0xa6fa,0xa6fa,0xa6fa,0xa6fa,0xa6fa,
0xa6fa,0xa6fa,0xa6fa,0xa6fa,0xa6fa,0xa6fa,0xa6fa,0xa6fa,0xa6fa,0xa6fa,0xa6fa,0xa6fa,0xa6fa,0xa6fa,0xa6fa,0x19e8,0x19e8,0x0000,0x0000,0x0000,0x0000,0x0000,0x0000,0x0000,0x0000,0x0000,0x0000,0x0000,0x0000,0x0000,0x0000,0x0000,
0x0000,0x0000,0x0000,0x0000,0x0000,0x0000,0x0000,0x0000,0x0000,0x0000,0x0000,0x0000,0x0000,0x0000,0x0000,0x19e8,0x19e8,0x19e8,0x19e8,0x19e8,0x19e8,0x19e8,0x19e8,0x19e8,0x19e8,0x19e8,0x19e8,0x19e8,0x19e8,0x19e8,0x19e8,0x19e8,
0x19e8,0x19e8,0x19e8,0x19e8,0x19e8,0x19e8,0x19e8,0x19e8,0x19e8,0x19e8,0x19e8,0x19e8,0x19e8,0x19e8,0x19e8,0x19e8,0x19e8,0x0000,0x0000,0x0000,0x0000,0x0000,0x0000,0x0000,0x0000,0x0000,0x0000,0x0000,0x0000,0x0000,0x0000,0x0000,
0x0000,0x0000,0x0000,0x0000,0x0000,0x0000,0x0000,0x0000,0x0000,0x0000,0x0000,0x0000,0x0000,0x0000,0x0000,0x19e8,0x19e8,0x19e8,0x19e8,0x19e8,0x19e8,0x19e8,0x19e8,0x19e8,0x19e8,0x19e8,0x19e8,0x19e8,0x19e8,0x19e8,0x19e8,0x19e8,
0x19e8,0x19e8,0x19e8,0x19e8,0x19e8,0x19e8,0x19e8,0x19e8,0x19e8,0x19e8,0x19e8,0x19e8,0x19e8,0x19e8,0x19e8,0x19e8,0x19e8,0x0000,0x0000,0x0000,0x0000,0x0000,0x0000,0x0000,0x0000,0x0000,0x0000,0x0000,0x0000,0x0000,0x0000,0x0000,
0x0000,0x0000,0x0000,0x0000,0x0000,0x0000,0x0000,0x0000,0x0000,0x0000,0x0000,0x0000,0x0000,0x0000,0x0000,0x0000,0x0000,0x0000,0x0000,0x0000,0x0000,0x19e8,0x19e8,0x19e8,0x19e8,0x19e8,0x19e8,0x19e8,0x19e8,0x19e8,0x19e8,0x19e8,
0x19e8,0x19e8,0x19e8,0x19e8,0x19e8,0x19e8,0x19e8,0x19e8,0x19e8,0x19e8,0x19e8,0x0000,0x0000,0x0000,0x0000,0x0000,0x0000,0x0000,0x0000,0x0000,0x0000,0x0000,0x0000,0x0000,0x0000,0x0000,0x0000,0x0000,0x0000,0x0000,0x0000,0x0000,
0x0000,0x0000,0x0000,0x0000,0x0000,0x0000,0x0000,0x0000,0x0000,0x0000,0x0000,0x0000,0x0000,0x0000,0x0000,0x0000,0x0000,0x0000,0x0000,0x0000,0x0000,0x19e8,0x19e8,0x19e8,0x19e8,0x19e8,0x19e8,0x19e8,0x19e8,0x19e8,0x19e8,0x19e8,
0x19e8,0x19e8,0x19e8,0x19e8,0x19e8,0x19e8,0x19e8,0x19e8,0x19e8,0x19e8,0x19e8,0x0000,0x0000,0x0000,0x0000,0x0000,0x0000,0x0000,0x0000,0x0000,0x0000,0x0000,0x0000,0x0000,0x0000,0x0000,0x0000,0x0000,0x0000,0x0000,0x0000,0x0000,
0x0000,0x0000,0x0000,0x0000,0x0000,0x0000,0x0000,0x0000,0x0000,0x0000,0x0000,0x0000,0x0000,0x0000,0x0000,0x0000,0x0000,0x0000,0x0000,0x0000,0x0000,0x19e8,0x19e8,0xa6fa,0xa6fa,0xa6fa,0xa6fa,0xa6fa,0xa6fa,0xa6fa,0xa6fa,0xa6fa,
0xa6fa,0xa6fa,0xa6fa,0xa6fa,0xa6fa,0xa6fa,0xa6fa,0xa6fa,0xa6fa,0x19e8,0x19e8,0x0000,0x0000,0x0000,0x0000,0x0000,0x0000,0x0000,0x0000,0x0000,0x0000,0x0000,0x0000,0x0000,0x0000,0x0000,0x0000,0x0000,0x0000,0x0000,0x0000,0x0000,
0x0000,0x0000,0x0000,0x0000,0x0000,0x0000,0x0000,0x0000,0x0000,0xa6fa,0xa6fa,0xa6fa,0xa6fa,0xa6fa,0x0000,0x0000,0x0000,0x0000,0x0000,0x0000,0x0000,0x19e8,0x19e8,0xa6fa,0xa6fa,0xa6fa,0xa6fa,0xa6fa,0xa6fa,0xa6fa,0xa6fa,0xa6fa,
0xa6fa,0xa6fa,0xa6fa,0xa6fa,0xa6fa,0xa6fa,0xa6fa,0xa6fa,0xa6fa,0x19e8,0x19e8,0x0000,0x0000,0x0000,0x0000,0x0000,0x0000,0x0000,0xa6fa,0xa6fa,0xa6fa,0xa6fa,0xa6fa,0x0000,0x0000,0x0000,0x0000,0x0000,0x0000,0x0000,0x0000,0x0000,
0x0000,0x0000,0x0000,0x0000,0x0000,0x0000,0x0000,0x0000,0x0000,0xa6fa,0xa6fa,0xa6fa,0xa6fa,0xa6fa,0x0000,0x0000,0x0000,0x0000,0x0000,0x0000,0x0000,0x19e8,0x19e8,0xa6fa,0xa6fa,0xa6fa,0xa6fa,0xa6fa,0xa6fa,0xa6fa,0xa6fa,0xa6fa,
0xa6fa,0xa6fa,0xa6fa,0xa6fa,0xa6fa,0xa6fa,0xa6fa,0xa6fa,0xa6fa,0x19e8,0x19e8,0x0000,0x0000,0x0000,0x0000,0x0000,0x0000,0x0000,0xa6fa,0xa6fa,0xa6fa,0xa6fa,0xa6fa,0x0000,0x0000,0x0000,0x0000,0x0000,0x0000,0x0000,0x0000,0x0000,
0x0000,0x0000,0x0000,0x0000,0x0000,0x0000,0x0000,0x0000,0x0000,0xa6fa,0xa6fa,0xa6fa,0xa6fa,0xa6fa,0x0000,0x0000,0x0000,0x0000,0x0000,0x0000,0x0000,0x19e8,0x19e8,0xa6fa,0xa6fa,0xa6fa,0xa6fa,0xa6fa,0xa6fa,0xa6fa,0xa6fa,0xa6fa,
0xa6fa,0xa6fa,0xa6fa,0xa6fa,0xa6fa,0xa6fa,0xa6fa,0xa6fa,0xa6fa,0x19e8,0x19e8,0x0000,0x0000,0x0000,0x0000,0x0000,0x0000,0x0000,0xa6fa,0xa6fa,0xa6fa,0xa6fa,0xa6fa,0x0000,0x0000,0x0000,0x0000,0x0000,0x0000,0x0000,0x0000,0x0000,
0x0000,0x0000,0x0000,0x0000,0x0000,0x0000,0x0000,0x0000,0x0000,0xa6fa,0xa6fa,0xa6fa,0xa6fa,0xa6fa,0x0000,0x0000,0x0000,0x0000,0x0000,0x0000,0x0000,0x19e8,0x19e8,0xa6fa,0xa6fa,0xa6fa,0xa6fa,0xa6fa,0xa6fa,0xa6fa,0xa6fa,0xa6fa,
0xa6fa,0xa6fa,0xa6fa,0xa6fa,0xa6fa,0xa6fa,0xa6fa,0xa6fa,0xa6fa,0x19e8,0x19e8,0x0000,0x0000,0x0000,0x0000,0x0000,0x0000,0x0000,0xa6fa,0xa6fa,0xa6fa,0xa6fa,0xa6fa,0x0000,0x0000,0x0000,0x0000,0x0000,0x0000,0x0000,0x0000,0x0000,
0x0000,0x0000,0x0000,0x0000,0x0000,0x0000,0x0000,0x0000,0x0000,0xa6fa,0xa6fa,0xa6fa,0xa6fa,0xa6fa,0x0000,0x0000,0x0000,0x0000,0x0000,0x0000,0x0000,0x19e8,0x19e8,0xa6fa,0xa6fa,0xa6fa,0xa6fa,0xa6fa,0xa6fa,0xa6fa,0xa6fa,0xa6fa,
0xa6fa,0xa6fa,0xa6fa,0xa6fa,0xa6fa,0xa6fa,0xa6fa,0xa6fa,0xa6fa,0x19e8,0x19e8,0x0000,0x0000,0x0000,0x0000,0x0000,0x0000,0x0000,0xa6fa,0xa6fa,0xa6fa,0xa6fa,0xa6fa,0x0000,0x0000,0x0000,0x0000,0x0000,0x0000,0x0000,0x0000,0x0000,
0x0000,0x0000,0x0000,0x0000,0x0000,0x0000,0x0000,0x0000,0x0000,0xa6fa,0xa6fa,0xa6fa,0xa6fa,0xa6fa,0x0000,0x0000,0x0000,0x0000,0x0000,0x0000,0x0000,0x19e8,0x19e8,0xa6fa,0xa6fa,0xa6fa,0xa6fa,0xa6fa,0xa6fa,0xa6fa,0xa6fa,0xa6fa,
0xa6fa,0xa6fa,0xa6fa,0xa6fa,0xa6fa,0xa6fa,0xa6fa,0xa6fa,0xa6fa,0x19e8,0x19e8,0x0000,0x0000,0x0000,0x0000,0x0000,0x0000,0x0000,0xa6fa,0xa6fa,0xa6fa,0xa6fa,0xa6fa,0x0000,0x0000,0x0000,0x0000,0x0000,0x0000,0x0000,0x0000,0x0000,
0x0000,0x0000,0x0000,0x0000,0x0000,0x0000,0x0000,0x0000,0x0000,0xa6fa,0xa6fa,0xa6fa,0xa6fa,0xa6fa,0x0000,0x0000,0x0000,0x0000,0x0000,0x0000,0x0000,0x19e8,0x19e8,0xa6fa,0xa6fa,0xa6fa,0xa6fa,0xa6fa,0xa6fa,0xa6fa,0xa6fa,0xa6fa,
0xa6fa,0xa6fa,0xa6fa,0xa6fa,0xa6fa,0xa6fa,0xa6fa,0xa6fa,0xa6fa,0x19e8,0x19e8,0x0000,0x0000,0x0000,0x0000,0x0000,0x0000,0x0000,0xa6fa,0xa6fa,0xa6fa,0xa6fa,0xa6fa,0x0000,0x0000,0x0000,0x0000,0x0000,0x0000,0x0000,0x0000,0x0000,
0x0000,0x0000,0x0000,0x0000,0x0000,0x0000,0x0000,0x0000,0x0000,0xa6fa,0xa6fa,0xa6fa,0xa6fa,0xa6fa,0x0000,0x0000,0x0000,0x0000,0x0000,0x0000,0x0000,0x19e8,0x19e8,0x19e8,0x19e8,0x19e8,0x19e8,0x19e8,0x19e8,0x19e8,0x19e8,0x19e8,
0x19e8,0x19e8,0x19e8,0x19e8,0x19e8,0x19e8,0x19e8,0x19e8,0x19e8,0x19e8,0x19e8,0x0000,0x0000,0x0000,0x0000,0x0000,0x0000,0x0000,0xa6fa,0xa6fa,0xa6fa,0xa6fa,0xa6fa,0x0000,0x0000,0x0000,0x0000,0x0000,0x0000,0x0000,0x0000,0x0000,
0x0000,0x0000,0x0000,0x0000,0x0000,0x0000,0x0000,0x0000,0x0000,0xa6fa,0xa6fa,0xa6fa,0xa6fa,0xa6fa,0x0000,0x0000,0x0000,0x0000,0x0000,0x0000,0x0000,0x19e8,0x19e8,0x19e8,0x19e8,0x19e8,0x19e8,0x19e8,0x19e8,0x19e8,0x19e8,0x19e8,
0x19e8,0x19e8,0x19e8,0x19e8,0x19e8,0x19e8,0x19e8,0x19e8,0x19e8,0x19e8,0x19e8,0x0000,0x0000,0x0000,0x0000,0x0000,0x0000,0x0000,0xa6fa,0xa6fa,0xa6fa,0xa6fa,0xa6fa,0x0000,0x0000,0x0000,0x0000,0x0000,0x0000,0x0000,0x0000,0x0000,
0x0000,0x0000,0x0000,0x0000,0x0000,0x0000,0x0000,0x0000,0x0000,0x0000,0x0000,0x0000,0x0000,0x0000,0x0000,0x0000,0x0000,0x0000,0x0000,0x0000,0x0000,0x0000,0x0000,0x0000,0x0000,0x0000,0x0000,0x0000,0x0000,0x0000,0x0000,0x0000,
0x0000,0x0000,0x0000,0x0000,0x0000,0x0000,0x0000,0x0000,0x0000,0x0000,0x0000,0x0000,0x0000,0x0000,0x0000,0x0000,0x0000,0x0000,0x0000,0x0000,0x0000,0x0000,0x0000,0x0000,0x0000,0x0000,0x0000,0x0000,0x0000,0x0000,0x0000,0x0000,
0x0000,0x0000,0x0000,0x0000,0x0000,0x0000,0x0000,0x0000,0x0000,0x0000,0x0000,0x0000,0x0000,0x0000,0x0000,0x0000,0x0000,0x0000,0x0000,0x0000,0x0000,0x0000,0x0000,0x0000,0x0000,0x0000,0xa6fa,0xa6fa,0xa6fa,0xa6fa,0x0000,0x0000,
0x0000,0x0000,0xa6fa,0xa6fa,0xa6fa,0xa6fa,0x0000,0x0000,0x0000,0x0000,0x0000,0x0000,0x0000,0x0000,0x0000,0x0000,0x0000,0x0000,0x0000,0x0000,0x0000,0x0000,0x0000,0x0000,0x0000,0x0000,0x0000,0x0000,0x0000,0x0000,0x0000,0x0000,
0x0000,0x0000,0x0000,0x0000,0x0000,0x0000,0x0000,0x0000,0x0000,0x0000,0x0000,0x0000,0x0000,0x0000,0x0000,0x0000,0x0000,0x0000,0x0000,0x0000,0x0000,0x0000,0x0000,0x0000,0x0000,0x0000,0xa6fa,0xa6fa,0xa6fa,0xa6fa,0x0000,0x0000,
0x0000,0x0000,0xa6fa,0xa6fa,0xa6fa,0xa6fa,0x0000,0x0000,0x0000,0x0000,0x0000,0x0000,0x0000,0x0000,0x0000,0x0000,0x0000,0x0000,0x0000,0x0000,0x0000,0x0000,0x0000,0x0000,0x0000,0x0000,0x0000,0x0000,0x0000,0x0000,0x0000,0x0000,
0x0000,0x0000,0x0000,0x0000,0x0000,0x0000,0x0000,0x0000,0x0000,0x0000,0x0000,0x0000,0x0000,0x0000,0x0000,0x0000,0x0000,0x0000,0x0000,0x0000,0x0000,0x0000,0x0000,0x0000,0x0000,0x0000,0xa6fa,0xa6fa,0xa6fa,0xa6fa,0x0000,0x0000,
0x0000,0x0000,0xa6fa,0xa6fa,0xa6fa,0xa6fa,0x0000,0x0000,0x0000,0x0000,0x0000,0x0000,0x0000,0x0000,0x0000,0x0000,0x0000,0x0000,0x0000,0x0000,0x0000,0x0000,0x0000,0x0000,0x0000,0x0000,0x0000,0x0000,0x0000,0x0000,0x0000,0x0000,
0x0000,0x0000,0x0000,0x0000,0x0000,0x0000,0x0000,0x0000,0x0000,0x0000,0x0000,0x0000,0x0000,0x0000,0x0000,0x0000,0x0000,0x0000,0x0000,0x0000,0x0000,0x0000,0x0000,0x0000,0x0000,0x0000,0xa6fa,0xa6fa,0xa6fa,0xa6fa,0x0000,0x0000,
0x0000,0x0000,0xa6fa,0xa6fa,0xa6fa,0xa6fa,0x0000,0x0000,0x0000,0x0000,0x0000,0x0000,0x0000,0x0000,0x0000,0x0000,0x0000,0x0000,0x0000,0x0000,0x0000,0x0000,0x0000,0x0000,0x0000,0x0000,0x0000,0x0000,0x0000,0x0000,0x0000,0x0000,
0x0000,0x0000,0x0000,0x0000,0x0000,0x0000,0x0000,0x0000,0x0000,0x0000,0x0000,0x0000,0x0000,0x0000,0x0000,0x0000,0x0000,0x0000,0x0000,0x0000,0x0000,0x0000,0x0000,0x0000,0x0000,0x0000,0x0000,0x0000,0x0000,0x0000,0x0000,0x0000,
0x0000,0x0000,0x0000,0x0000,0x0000,0x0000,0x0000,0x0000,0x0000,0x0000,0x0000,0x0000,0x0000,0x0000,0x0000,0x0000,0x0000,0x0000,0x0000,0x0000,0x0000,0x0000,0x0000,0x0000,0x0000,0x0000,0x0000,0x0000,0x0000,0x0000,0x0000,0x0000,
0x0000,0x0000,0x0000,0x0000,0x0000,0x0000,0x0000,0x0000,0x0000,0x0000,0x0000,0x0000,0x0000,0x0000,0x0000,0x0000,0x0000,0x0000,0x0000,0x0000,0x0000,0x0000,0x0000,0x0000,0x0000,0x0000,0x0000,0x0000,0x0000,0x0000,0x0000,0x0000,
0x0000,0x0000,0x0000,0x0000,0x0000,0x0000,0x0000,0x0000,0x0000,0x0000,0x0000,0x0000,0x0000,0x0000,0x0000,0x0000,0x0000,0x0000,0x0000,0x0000,0x0000,0x0000,0x0000,0x0000,0x0000,0x0000,0x0000,0x0000,0x0000,0x0000,0x0000,0x0000,
0x0000,0x0000,0x0000,0x0000,0x0000,0x0000,0x0000,0x0000,0x0000,0x0000,0x0000,0x0000,0x0000,0x0000,0x0000,0x0000,0x0000,0x0000,0x0000,0x0000,0x0000,0x0000,0x0000,0x0000,0x0000,0x0000,0x0000,0x0000,0x0000,0x0000,0x0000,0x0000,
0x0000,0x0000,0x0000,0x0000,0x0000,0x0000,0x0000,0x0000,0x0000,0x0000,0x0000,0x0000,0x0000,0x0000,0x0000,0x0000,0x0000,0x0000,0x0000,0x0000,0x0000,0x0000,0x0000,0x0000,0x0000,0x0000,0x0000,0x0000,0x0000,0x0000,0x0000,0x0000,
0x0000,0x0000,0x0000,0x0000,0x0000,0x0000,0x0000,0x0000,0x0000,0x0000,0x0000,0x0000,0x0000,0x0000,0x0000,0x0000,0x0000,0x0000,0x0000,0x0000,0x0000,0x0000,0x0000,0x0000,0x0000,0x0000,0x0000,0x0000,0x0000,0x0000,0x0000,0x0000,
0x0000,0x0000,0x0000,0x0000,0x0000,0x0000,0x0000,0x0000,0x0000,0x0000,0x0000,0x0000,0x0000,0x0000,0x0000,0x0000,0x0000,0x0000,0x0000,0x0000,0x0000,0x0000,0x0000,0x0000,0x0000,0x0000,0x0000,0x0000,0x0000,0x0000,0x0000,0x0000,
0x0000,0x0000,0x0000,0x0000,0x0000,0x0000,0x0000,0x0000,0x0000,0x0000,0x0000,0x0000,0x0000,0x0000,0x0000,0x0000,0x0000,0x0000,0x0000,0x0000,0x0000,0x0000,0x0000,0x0000,0x0000,0x0000,0x0000,0x0000,0x0000,0x0000,0x0000,0x0000,
0x0000,0x0000,0x0000,0x0000,0x0000,0x0000,0x0000,0x0000,0x0000,0x0000,0x0000,0x0000,0x0000,0x0000,0x0000,0x0000,0x0000,0x0000,0x0000,0x0000,0x0000,0x0000,0x0000,0x0000,0x0000,0x0000,0x0000,0x0000,0x0000,0x0000,0x0000,0x0000,
};
static const uint16_t frame_24[4096] = {
0x0000,0x0000,0x0000,0x0000,0x0000,0x0000,0x0000,0x0000,0x0000,0x0000,0x0000,0x0000,0x0000,0x0000,0x0000,0x0000,0x0000,0x0000,0x0000,0x0000,0x0000,0x0000,0x0000,0x0000,0x0000,0x0000,0x0000,0x0000,0x0000,0x0000,0x0000,0x0000,
0x0000,0x0000,0x0000,0x0000,0x0000,0x0000,0x0000,0x0000,0x0000,0x0000,0x0000,0x0000,0x0000,0x0000,0x0000,0x0000,0x0000,0x0000,0x0000,0x0000,0x0000,0x0000,0x0000,0x0000,0x0000,0x0000,0x0000,0x0000,0x0000,0x0000,0x0000,0x0000,
0x0000,0x0000,0x0000,0x0000,0x0000,0x0000,0x0000,0x0000,0x0000,0x0000,0x0000,0x0000,0x0000,0x0000,0x0000,0x0000,0x0000,0x0000,0x0000,0x0000,0x0000,0x0000,0x0000,0x0000,0x0000,0x0000,0x0000,0x0000,0x0000,0x0000,0x0000,0x0000,
0x0000,0x0000,0x0000,0x0000,0x0000,0x0000,0x0000,0x0000,0x0000,0x0000,0x0000,0x0000,0x0000,0x0000,0x0000,0x0000,0x0000,0x0000,0x0000,0x0000,0x0000,0x0000,0x0000,0x0000,0x0000,0x0000,0x0000,0x0000,0x0000,0x0000,0x0000,0x0000,
0x0000,0x0000,0x0000,0x0000,0x0000,0x0000,0x0000,0x0000,0x0000,0x0000,0x0000,0x0000,0x0000,0x0000,0x0000,0x0000,0x0000,0x0000,0x0000,0x0000,0x0000,0x0000,0x0000,0x0000,0x0000,0x0000,0x0000,0x0000,0x0000,0x0000,0x0000,0x0000,
0x0000,0x0000,0x0000,0x0000,0x0000,0x0000,0x0000,0x0000,0x0000,0x0000,0x0000,0x0000,0x0000,0x0000,0x0000,0x0000,0x0000,0x0000,0x0000,0x0000,0x0000,0x0000,0x0000,0x0000,0x0000,0x0000,0x0000,0x0000,0x0000,0x0000,0x0000,0x0000,
0x0000,0x0000,0x0000,0x0000,0x0000,0x0000,0x0000,0x0000,0x0000,0x0000,0x0000,0x0000,0x0000,0x0000,0x0000,0x0000,0x0000,0x0000,0x0000,0x0000,0x0000,0x0000,0x0000,0x0000,0x0000,0x0000,0x0000,0x0000,0x0000,0x0000,0x0000,0x0000,
0x0000,0x0000,0x0000,0x0000,0x0000,0x0000,0x0000,0x0000,0x0000,0x0000,0x0000,0x0000,0x0000,0x0000,0x0000,0x0000,0x0000,0x0000,0x0000,0x0000,0x0000,0x0000,0x0000,0x0000,0x0000,0x0000,0x0000,0x0000,0x0000,0x0000,0x0000,0x0000,
0x0000,0x0000,0x0000,0x0000,0x0000,0x0000,0x0000,0x0000,0x0000,0x0000,0x0000,0x0000,0x0000,0x0000,0x0000,0x0000,0x0000,0x0000,0x0000,0x0000,0x0000,0x0000,0x0000,0x0000,0x0000,0x0000,0x0000,0x0000,0x0000,0x0000,0x0000,0x0000,
0x0000,0x0000,0x0000,0x0000,0x0000,0x0000,0x0000,0x0000,0x0000,0x0000,0x0000,0x0000,0x0000,0x0000,0x0000,0x0000,0x0000,0x0000,0x0000,0x0000,0x0000,0x0000,0x0000,0x0000,0x0000,0x0000,0x0000,0x0000,0x0000,0x0000,0x0000,0x0000,
0x0000,0x0000,0x0000,0x0000,0x0000,0x0000,0x0000,0x0000,0x0000,0x0000,0x0000,0x0000,0x0000,0x0000,0x0000,0x0000,0x0000,0x0000,0x0000,0x0000,0x0000,0x0000,0x0000,0x0000,0x0000,0x0000,0x0000,0x0000,0x0000,0x0000,0x0000,0x0000,
0x0000,0x0000,0x0000,0x0000,0x0000,0x0000,0x0000,0x0000,0x0000,0x0000,0x0000,0x0000,0x0000,0x0000,0x0000,0x0000,0x0000,0x0000,0x0000,0x0000,0x0000,0x0000,0x0000,0x0000,0x0000,0x0000,0x0000,0x0000,0x0000,0x0000,0x0000,0x0000,
0x0000,0x0000,0x0000,0x0000,0x0000,0x0000,0x0000,0x0000,0x0000,0x0000,0x0000,0x0000,0x0000,0x0000,0x0000,0x0000,0x0000,0x0000,0x0000,0x0000,0x0000,0x0000,0x0000,0x0000,0x0000,0x0000,0x0000,0xfeb2,0xfeb2,0xfeb2,0xfeb2,0xfeb2,
0xfeb2,0xfeb2,0xfeb2,0xfeb2,0xfeb2,0x0000,0x0000,0x0000,0x0000,0x0000,0x0000,0x0000,0x0000,0x0000,0x0000,0x0000,0x0000,0x0000,0x0000,0x0000,0x0000,0x0000,0x0000,0x0000,0x0000,0x0000,0x0000,0x0000,0x0000,0x0000,0x0000,0x0000,
0x0000,0x0000,0x0000,0x0000,0x0000,0x0000,0x0000,0x0000,0x0000,0x0000,0x0000,0x0000,0x0000,0x0000,0x0000,0x0000,0x0000,0x0000,0x0000,0x0000,0x0000,0x0000,0x0000,0x0000,0x0000,0x0000,0x0000,0xfeb2,0xfeb2,0xfeb2,0xfeb2,0xfeb2,
0xfeb2,0xfeb2,0xfeb2,0xfeb2,0xfeb2,0x0000,0x0000,0x0000,0x0000,0x0000,0x0000,0x0000,0x0000,0x0000,0x0000,0x0000,0x0000,0x0000,0x0000,0x0000,0x0000,0x0000,0x0000,0x0000,0x0000,0x0000,0x0000,0x0000,0x0000,0x0000,0x0000,0x0000,
0x0000,0x0000,0x0000,0x0000,0x0000,0x0000,0x0000,0x0000,0x0000,0x0000,0x0000,0x0000,0x0000,0x0000,0x0000,0x0000,0x0000,0x0000,0x0000,0x0000,0x0000,0x0000,0x0000,0x0000,0x0000,0x0000,0x0000,0xfeb2,0xfeb2,0xfeb2,0xfeb2,0xfeb2,
0xfeb2,0xfeb2,0xfeb2,0xfeb2,0xfeb2,0x0000,0x0000,0x0000,0x0000,0x0000,0x0000,0x0000,0x0000,0x0000,0x0000,0x0000,0x0000,0x0000,0x0000,0x0000,0x0000,0x0000,0x0000,0xfeb2,0xfeb2,0xfeb2,0x0000,0x0000,0x0000,0x0000,0x0000,0x0000,
0x0000,0x0000,0x0000,0x0000,0x0000,0x0000,0x0000,0x0000,0x0000,0x0000,0x0000,0x0000,0x0000,0x0000,0x0000,0x0000,0x0000,0x0000,0x0000,0x0000,0x0000,0x0000,0x0000,0x0000,0x0000,0x0000,0x0000,0xfeb2,0xfeb2,0xfeb2,0xa6fa,0xa6fa,
0xa6fa,0xa6fa,0xfeb2,0xfeb2,0xfeb2,0x0000,0x0000,0x0000,0x0000,0x0000,0x0000,0x0000,0x0000,0x0000,0x0000,0x0000,0x0000,0x0000,0x0000,0x0000,0x0000,0x0000,0x0000,0xfeb2,0xfeb2,0xfeb2,0x0000,0x0000,0x0000,0x0000,0x0000,0x0000,
0x0000,0x0000,0x0000,0x0000,0x0000,0x0000,0x0000,0x0000,0x0000,0x0000,0x0000,0x0000,0x0000,0x0000,0x0000,0x0000,0x0000,0x0000,0x0000,0x0000,0x0000,0x0000,0x0000,0x0000,0x0000,0x0000,0x0000,0x0000,0x0000,0x0000,0xa6fa,0xa6fa,
0xa6fa,0xa6fa,0x0000,0x0000,0x0000,0x0000,0x0000,0x0000,0x0000,0x0000,0x0000,0x0000,0x0000,0x0000,0x0000,0x0000,0x0000,0x0000,0x0000,0x0000,0x0000,0x0000,0x0000,0xfeb2,0xfeb2,0xfeb2,0x0000,0x0000,0x0000,0x0000,0x0000,0x0000,
0x0000,0x0000,0x0000,0x0000,0x0000,0x0000,0x0000,0x0000,0x0000,0x0000,0x0000,0x0000,0x0000,0x0000,0x0000,0x0000,0x0000,0x0000,0x0000,0x0000,0x0000,0x0000,0x0000,0x0000,0x0000,0x0000,0x0000,0x0000,0x0000,0x0000,0xa6fa,0xa6fa,
0xa6fa,0xa6fa,0x0000,0x0000,0x0000,0x0000,0x0000,0x0000,0x0000,0x0000,0x0000,0x0000,0x0000,0x0000,0x0000,0x0000,0x0000,0x0000,0x0000,0x0000,0x0000,0x0000,0x0000,0x0000,0x0000,0x0000,0x0000,0x0000,0x0000,0x0000,0x0000,0x0000,
0x0000,0x0000,0x0000,0x0000,0x0000,0x0000,0x0000,0x0000,0x0000,0x0000,0x0000,0x0000,0x0000,0x0000,0x0000,0x0000,0x0000,0x0000,0x0000,0x0000,0x0000,0x0000,0x0000,0x0000,0x0000,0x0000,0x0000,0x0000,0x0000,0x0000,0xa6fa,0xa6fa,
0xa6fa,0xa6fa,0x0000,0x0000,0x0000,0x0000,0x0000,0x0000,0x0000,0x0000,0x0000,0x0000,0x0000,0x0000,0x0000,0x0000,0x0000,0x0000,0x0000,0x0000,0x0000,0x0000,0x0000,0x0000,0x0000,0x0000,0x0000,0x0000,0x0000,0x0000,0x0000,0x0000,
0x0000,0x0000,0x0000,0x0000,0x0000,0x0000,0xfeb2,0xfeb2,0xfeb2,0x0000,0x0000,0x0000,0x0000,0x0000,0x0000,0x19e8,0x19e8,0x19e8,0x19e8,0x19e8,0x19e8,0x19e8,0x19e8,0x19e8,0x19e8,0x19e8,0x19e8,0x19e8,0x19e8,0x19e8,0x19e8,0x19e8,
0x19e8,0x19e8,0x19e8,0x19e8,0x19e8,0x19e8,0x19e8,0x19e8,0x19e8,0x19e8,0x19e8,0x19e8,0x19e8,0x19e8,0x19e8,0x19e8,0x19e8,0x0000,0x0000,0x0000,0x0000,0x0000,0x0000,0x0000,0x0000,0x0000,0x0000,0x0000,0x0000,0x0000,0x0000,0x0000,
0x0000,0x0000,0x0000,0x0000,0x0000,0x0000,0xfeb2,0xfeb2,0xfeb2,0x0000,0x0000,0x0000,0x0000,0x0000,0x0000,0x19e8,0x19e8,0x19e8,0x19e8,0x19e8,0x19e8,0x19e8,0x19e8,0x19e8,0x19e8,0x19e8,0x19e8,0x19e8,0x19e8,0x19e8,0x19e8,0x19e8,
0x19e8,0x19e8,0x19e8,0x19e8,0x19e8,0x19e8,0x19e8,0x19e8,0x19e8,0x19e8,0x19e8,0x19e8,0x19e8,0x19e8,0x19e8,0x19e8,0x19e8,0x0000,0x0000,0x0000,0x0000,0x0000,0x0000,0x0000,0x0000,0x0000,0x0000,0x0000,0x0000,0x0000,0x0000,0x0000,
0x0000,0x0000,0x0000,0x0000,0x0000,0x0000,0xfeb2,0xfeb2,0xfeb2,0x0000,0x0000,0x0000,0x0000,0x0000,0x0000,0x19e8,0x19e8,0xa6fa,0xa6fa,0xa6fa,0xa6fa,0xa6fa,0xa6fa,0xa6fa,0xa6fa,0xa6fa,0xa6fa,0xa6fa,0xa6fa,0xa6fa,0xa6fa,0xa6fa,
0xa6fa,0xa6fa,0xa6fa,0xa6fa,0xa6fa,0xa6fa,0xa6fa,0xa6fa,0xa6fa,0xa6fa,0xa6fa,0xa6fa,0xa6fa,0xa6fa,0xa6fa,0x19e8,0x19e8,0x0000,0x0000,0x0000,0x0000,0x0000,0x0000,0x0000,0x0000,0x0000,0x0000,0x0000,0x0000,0x0000,0x0000,0x0000,
0x0000,0x0000,0x0000,0x0000,0x0000,0x0000,0x0000,0x0000,0x0000,0x0000,0x0000,0x0000,0x0000,0x0000,0x0000,0x19e8,0x19e8,0xa6fa,0xa6fa,0xa6fa,0xa6fa,0xa6fa,0xa6fa,0xa6fa,0xa6fa,0xa6fa,0xa6fa,0xa6fa,0xa6fa,0xa6fa,0xa6fa,0xa6fa,
0xa6fa,0xa6fa,0xa6fa,0xa6fa,0xa6fa,0xa6fa,0xa6fa,0xa6fa,0xa6fa,0xa6fa,0xa6fa,0xa6fa,0xa6fa,0xa6fa,0xa6fa,0x19e8,0x19e8,0x0000,0x0000,0x0000,0x0000,0x0000,0x0000,0x0000,0x0000,0x0000,0x0000,0x0000,0x0000,0x0000,0x0000,0x0000,
0x0000,0x0000,0x0000,0x0000,0x0000,0x0000,0x0000,0x0000,0x0000,0x0000,0x0000,0x0000,0x0000,0x0000,0x0000,0x19e8,0x19e8,0xa6fa,0xa6fa,0xa6fa,0xa6fa,0xa6fa,0xa6fa,0xa6fa,0xa6fa,0xa6fa,0xa6fa,0xa6fa,0xa6fa,0xa6fa,0xa6fa,0xa6fa,
0xa6fa,0xa6fa,0xa6fa,0xa6fa,0xa6fa,0xa6fa,0xa6fa,0xa6fa,0xa6fa,0xa6fa,0xa6fa,0xa6fa,0xa6fa,0xa6fa,0xa6fa,0x19e8,0x19e8,0x0000,0x0000,0x0000,0x0000,0x0000,0x0000,0x0000,0x0000,0x0000,0x0000,0x0000,0x0000,0x0000,0x0000,0x0000,
0x0000,0x0000,0x0000,0x0000,0x0000,0x0000,0x0000,0x0000,0x0000,0x0000,0x0000,0x0000,0x0000,0x0000,0x0000,0x19e8,0x19e8,0xa6fa,0xa6fa,0xa6fa,0xa6fa,0xa6fa,0xa6fa,0xa6fa,0xa6fa,0xa6fa,0xa6fa,0xa6fa,0xa6fa,0xa6fa,0xa6fa,0xa6fa,
0xa6fa,0xa6fa,0xa6fa,0xa6fa,0xa6fa,0xa6fa,0xa6fa,0xa6fa,0xa6fa,0xa6fa,0xa6fa,0xa6fa,0xa6fa,0xa6fa,0xa6fa,0x19e8,0x19e8,0x0000,0x0000,0x0000,0x0000,0x0000,0x0000,0x0000,0x0000,0x0000,0x0000,0x0000,0x0000,0x0000,0x0000,0x0000,
0x0000,0x0000,0x0000,0x0000,0x0000,0x0000,0x0000,0x0000,0x0000,0x0000,0x0000,0x0000,0x0000,0x0000,0x0000,0x19e8,0x19e8,0xa6fa,0xa6fa,0xa6fa,0xa6fa,0x19e8,0x19e8,0x19e8,0x19e8,0x19e8,0x19e8,0x19e8,0x19e8,0x19e8,0x19e8,0x19e8,
0x19e8,0x19e8,0x19e8,0x19e8,0x19e8,0x19e8,0x19e8,0x19e8,0x19e8,0x19e8,0x19e8,0xa6fa,0xa6fa,0xa6fa,0xa6fa,0x19e8,0x19e8,0x0000,0x0000,0x0000,0x0000,0x0000,0x0000,0x0000,0x0000,0x0000,0x0000,0x0000,0x0000,0x0000,0x0000,0x0000,
0x0000,0x0000,0x0000,0x0000,0x0000,0x0000,0x0000,0x0000,0x0000,0x0000,0x0000,0x0000,0x0000,0x0000,0x0000,0x19e8,0x19e8,0xa6fa,0xa6fa,0xa6fa,0xa6fa,0x19e8,0x19e8,0x19e8,0x19e8,0x19e8,0x19e8,0x19e8,0x19e8,0x19e8,0x19e8,0x19e8,
0x19e8,0x19e8,0x19e8,0x19e8,0x19e8,0x19e8,0x19e8,0x19e8,0x19e8,0x19e8,0x19e8,0xa6fa,0xa6fa,0xa6fa,0xa6fa,0x19e8,0x19e8,0x0000,0x0000,0x0000,0x0000,0x0000,0x0000,0x0000,0x0000,0x0000,0x0000,0x0000,0x0000,0x0000,0x0000,0x0000,
0x0000,0x0000,0x0000,0x0000,0x0000,0x0000,0x0000,0x0000,0x0000,0x0000,0x0000,0x0000,0x0000,0x0000,0x0000,0x19e8,0x19e8,0xa6fa,0xa6fa,0xa6fa,0xa6fa,0x19e8,0x19e8,0x19e8,0x19e8,0x19e8,0x19e8,0x19e8,0x19e8,0x19e8,0x19e8,0x19e8,
0x19e8,0x19e8,0x19e8,0x19e8,0x19e8,0x19e8,0x19e8,0x19e8,0x19e8,0x19e8,0x19e8,0xa6fa,0xa6fa,0xa6fa,0xa6fa,0x19e8,0x19e8,0x0000,0x0000,0x0000,0x0000,0x0000,0x0000,0x0000,0x0000,0x0000,0x0000,0x0000,0x0000,0x0000,0x0000,0x0000,
0x0000,0x0000,0x0000,0x0000,0x0000,0x0000,0x0000,0x0000,0x0000,0x0000,0x0000,0x0000,0x0000,0x0000,0x0000,0x19e8,0x19e8,0xa6fa,0xa6fa,0xa6fa,0xa6fa,0x19e8,0x19e8,0x19e8,0x19e8,0x19e8,0x19e8,0x19e8,0x19e8,0x19e8,0x19e8,0x19e8,
0x19e8,0x19e8,0x19e8,0x19e8,0x19e8,0x19e8,0x19e8,0x19e8,0x19e8,0x19e8,0x19e8,0xa6fa,0xa6fa,0xa6fa,0xa6fa,0x19e8,0x19e8,0x0000,0x0000,0x0000,0x0000,0x0000,0x0000,0x0000,0x0000,0x0000,0x0000,0x0000,0x0000,0x0000,0x0000,0x0000,
0x0000,0x0000,0x0000,0x0000,0x0000,0x0000,0x0000,0x0000,0x0000,0x0000,0x0000,0x0000,0x0000,0x0000,0x0000,0x19e8,0x19e8,0xa6fa,0xa6fa,0xa6fa,0xa6fa,0x19e8,0x19e8,0x19e8,0x19e8,0xefdb,0x19e8,0xefdb,0x19e8,0x19e8,0x19e8,0x19e8,
0x19e8,0x19e8,0x19e8,0x19e8,0xefdb,0x19e8,0xefdb,0x19e8,0x19e8,0x19e8,0x19e8,0xa6fa,0xa6fa,0xa6fa,0xa6fa,0x19e8,0x19e8,0x0000,0x0000,0x0000,0x0000,0x0000,0x0000,0x0000,0x0000,0x0000,0x0000,0x0000,0x0000,0x0000,0x0000,0x0000,
0x0000,0x0000,0x0000,0x0000,0x0000,0x0000,0x0000,0x0000,0x0000,0x0000,0x0000,0x0000,0x0000,0x0000,0x0000,0x19e8,0x19e8,0xa6fa,0xa6fa,0xa6fa,0xa6fa,0x19e8,0x19e8,0x19e8,0xefdb,0xefdb,0xefdb,0xefdb,0xefdb,0x19e8,0x19e8,0x19e8,
0x19e8,0x19e8,0x19e8,0xefdb,0xefdb,0xefdb,0xefdb,0xefdb,0x19e8,0x19e8,0x19e8,0xa6fa,0xa6fa,0xa6fa,0xa6fa,0x19e8,0x19e8,0x0000,0x0000,0x0000,0x0000,0x0000,0x0000,0x0000,0x0000,0x0000,0x0000,0x0000,0x0000,0x0000,0x0000,0x0000,
0x0000,0x0000,0x0000,0x0000,0x0000,0x0000,0x0000,0x0000,0x0000,0x0000,0x0000,0x0000,0x0000,0x0000,0x0000,0x19e8,0x19e8,0xa6fa,0xa6fa,0xa6fa,0xa6fa,0x19e8,0x19e8,0x19e8,0xefdb,0xefdb,0x19e8,0xefdb,0xefdb,0x19e8,0x19e8,0x19e8,
0x19e8,0x19e8,0x19e8,0xefdb,0xefdb,0x19e8,0xefdb,0xefdb,0x19e8,0x19e8,0x19e8,0xa6fa,0xa6fa,0xa6fa,0xa6fa,0x19e8,0x19e8,0x0000,0x0000,0x0000,0x0000,0x0000,0x0000,0x0000,0x0000,0x0000,0x0000,0x0000,0x0000,0x0000,0x0000,0x0000,
0x0000,0x0000,0x0000,0x0000,0x0000,0x0000,0x0000,0x0000,0x0000,0x0000,0x0000,0x0000,0x0000,0x0000,0x0000,0x19e8,0x19e8,0xa6fa,0xa6fa,0xa6fa,0xa6fa,0x19e8,0x19e8,0xefdb,0xefdb,0xefdb,0x19e8,0xefdb,0xefdb,0xefdb,0x19e8,0x19e8,
0x19e8,0x19e8,0xefdb,0xefdb,0xefdb,0x19e8,0xefdb,0xefdb,0xefdb,0x19e8,0x19e8,0xa6fa,0xa6fa,0xa6fa,0xa6fa,0x19e8,0x19e8,0x0000,0x0000,0x0000,0x0000,0x0000,0x0000,0x0000,0x0000,0x0000,0x0000,0x0000,0x0000,0x0000,0x0000,0x0000,
0x0000,0x0000,0x0000,0x0000,0x0000,0x0000,0x0000,0x0000,0x0000,0x0000,0x0000,0x0000,0x0000,0x0000,0x0000,0x19e8,0x19e8,0xa6fa,0xa6fa,0xa6fa,0xa6fa,0x19e8,0x19e8,0x19e8,0xefdb,0x19e8,0x19e8,0x19e8,0xefdb,0x19e8,0x19e8,0x19e8,
0x19e8,0x19e8,0x19e8,0xefdb,0x19e8,0x19e8,0x19e8,0xefdb,0x19e8,0x19e8,0x19e8,0xa6fa,0xa6fa,0xa6fa,0xa6fa,0x19e8,0x19e8,0x0000,0x0000,0x0000,0x0000,0x0000,0x0000,0x0000,0x0000,0x0000,0x0000,0x0000,0x0000,0x0000,0x0000,0x0000,
0x0000,0x0000,0x0000,0x0000,0x0000,0x0000,0x0000,0x0000,0x0000,0xa6fa,0xa6fa,0xa6fa,0xa6fa,0xa6fa,0x0000,0x19e8,0x19e8,0xa6fa,0xa6fa,0xa6fa,0xa6fa,0x19e8,0x19e8,0x19e8,0x19e8,0x19e8,0x19e8,0x19e8,0x19e8,0x19e8,0x19e8,0x19e8,
0x19e8,0x19e8,0x19e8,0x19e8,0x19e8,0x19e8,0x19e8,0x19e8,0x19e8,0x19e8,0x19e8,0xa6fa,0xa6fa,0xa6fa,0xa6fa,0x19e8,0x19e8,0x0000,0xa6fa,0xa6fa,0xa6fa,0xa6fa,0xa6fa,0x0000,0x0000,0x0000,0x0000,0x0000,0x0000,0x0000,0x0000,0x0000,
0x0000,0x0000,0x0000,0x0000,0x0000,0x0000,0x0000,0x0000,0x0000,0xa6fa,0xa6fa,0xa6fa,0xa6fa,0xa6fa,0x0000,0x19e8,0x19e8,0xa6fa,0xa6fa,0xa6fa,0xa6fa,0x19e8,0x19e8,0x19e8,0x19e8,0x19e8,0x19e8,0x19e8,0x19e8,0x19e8,0x19e8,0x19e8,
0x19e8,0x19e8,0x19e8,0x19e8,0x19e8,0x19e8,0x19e8,0x19e8,0x19e8,0x19e8,0x19e8,0xa6fa,0xa6fa,0xa6fa,0xa6fa,0x19e8,0x19e8,0x0000,0xa6fa,0xa6fa,0xa6fa,0xa6fa,0xa6fa,0x0000,0x0000,0x0000,0x0000,0x0000,0x0000,0x0000,0x0000,0x0000,
0x0000,0x0000,0x0000,0x0000,0x0000,0x0000,0x0000,0x0000,0x0000,0xa6fa,0xa6fa,0xa6fa,0xa6fa,0xa6fa,0x0000,0x19e8,0x19e8,0xa6fa,0xa6fa,0xa6fa,0xa6fa,0x19e8,0x19e8,0x19e8,0x19e8,0x19e8,0x19e8,0x19e8,0x19e8,0x19e8,0x19e8,0x19e8,
0x19e8,0x19e8,0x19e8,0x19e8,0x19e8,0x19e8,0x19e8,0x19e8,0x19e8,0x19e8,0x19e8,0xa6fa,0xa6fa,0xa6fa,0xa6fa,0x19e8,0x19e8,0x0000,0xa6fa,0xa6fa,0xa6fa,0xa6fa,0xa6fa,0x0000,0x0000,0x0000,0x0000,0x0000,0x0000,0x0000,0x0000,0x0000,
0x0000,0x0000,0x0000,0x0000,0x0000,0x0000,0x0000,0x0000,0x0000,0xa6fa,0xa6fa,0xa6fa,0xa6fa,0xa6fa,0x0000,0x19e8,0x19e8,0xa6fa,0xa6fa,0xa6fa,0xa6fa,0x19e8,0x19e8,0x19e8,0x19e8,0x19e8,0x19e8,0x19e8,0x19e8,0x19e8,0x19e8,0x19e8,
0x19e8,0x19e8,0x19e8,0x19e8,0x19e8,0x19e8,0x19e8,0x19e8,0x19e8,0x19e8,0x19e8,0xa6fa,0xa6fa,0xa6fa,0xa6fa,0x19e8,0x19e8,0x0000,0xa6fa,0xa6fa,0xa6fa,0xa6fa,0xa6fa,0x0000,0x0000,0x0000,0x0000,0x0000,0x0000,0x0000,0x0000,0x0000,
0x0000,0x0000,0x0000,0x0000,0x0000,0x0000,0x0000,0x0000,0x0000,0xa6fa,0xa6fa,0xa6fa,0xa6fa,0xa6fa,0x0000,0x19e8,0x19e8,0xa6fa,0xa6fa,0xa6fa,0xa6fa,0x19e8,0x19e8,0x19e8,0x19e8,0x19e8,0x19e8,0x19e8,0x19e8,0x19e8,0x19e8,0x19e8,
0x19e8,0x19e8,0x19e8,0x19e8,0x19e8,0x19e8,0x19e8,0x19e8,0x19e8,0x19e8,0x19e8,0xa6fa,0xa6fa,0xa6fa,0xa6fa,0x19e8,0x19e8,0x0000,0xa6fa,0xa6fa,0xa6fa,0xa6fa,0xa6fa,0x0000,0x0000,0x0000,0x0000,0x0000,0x0000,0x0000,0x0000,0x0000,
0x0000,0x0000,0x0000,0x0000,0x0000,0x0000,0x0000,0x0000,0x0000,0xa6fa,0xa6fa,0xa6fa,0xa6fa,0xa6fa,0x0000,0x19e8,0x19e8,0xa6fa,0xa6fa,0xa6fa,0xa6fa,0xa6fa,0xa6fa,0xa6fa,0xa6fa,0xa6fa,0xa6fa,0xa6fa,0xa6fa,0xa6fa,0xa6fa,0xa6fa,
0xa6fa,0xa6fa,0xa6fa,0xa6fa,0xa6fa,0xa6fa,0xa6fa,0xa6fa,0xa6fa,0xa6fa,0xa6fa,0xa6fa,0xa6fa,0xa6fa,0xa6fa,0x19e8,0x19e8,0x0000,0xa6fa,0xa6fa,0xa6fa,0xa6fa,0xa6fa,0x0000,0x0000,0x0000,0x0000,0x0000,0x0000,0x0000,0x0000,0x0000,
0x0000,0x0000,0x0000,0x0000,0x0000,0x0000,0x0000,0x0000,0x0000,0xa6fa,0xa6fa,0xa6fa,0xa6fa,0xa6fa,0x0000,0x19e8,0x19e8,0xa6fa,0xa6fa,0xa6fa,0xa6fa,0xa6fa,0xa6fa,0xa6fa,0xa6fa,0xa6fa,0xa6fa,0x19e8,0x19e8,0x19e8,0x19e8,0x19e8,
0x19e8,0x19e8,0x19e8,0x19e8,0x19e8,0xa6fa,0xa6fa,0xa6fa,0xa6fa,0xa6fa,0xa6fa,0xa6fa,0xa6fa,0xa6fa,0xa6fa,0x19e8,0x19e8,0x0000,0xa6fa,0xa6fa,0xa6fa,0xa6fa,0xa6fa,0x0000,0x0000,0x0000,0x0000,0x0000,0x0000,0x0000,0x0000,0x0000,
0x0000,0x0000,0x0000,0x0000,0x0000,0x0000,0x0000,0x0000,0x0000,0xa6fa,0xa6fa,0xa6fa,0xa6fa,0xa6fa,0x0000,0x19e8,0x19e8,0xa6fa,0xa6fa,0xa6fa,0xa6fa,0xa6fa,0xa6fa,0xa6fa,0xa6fa,0xa6fa,0xa6fa,0x19e8,0x19e8,0x19e8,0x19e8,0x19e8,
0x19e8,0x19e8,0x19e8,0x19e8,0x19e8,0xa6fa,0xa6fa,0xa6fa,0xa6fa,0xa6fa,0xa6fa,0xa6fa,0xa6fa,0xa6fa,0xa6fa,0x19e8,0x19e8,0x0000,0xa6fa,0xa6fa,0xa6fa,0xa6fa,0xa6fa,0x0000,0x0000,0x0000,0x0000,0x0000,0x0000,0x0000,0x0000,0x0000,
0x0000,0x0000,0x0000,0x0000,0x0000,0x0000,0x0000,0x0000,0x0000,0xa6fa,0xa6fa,0xa6fa,0xa6fa,0xa6fa,0x0000,0x19e8,0x19e8,0xa6fa,0xa6fa,0xa6fa,0xa6fa,0xa6fa,0xa6fa,0xa6fa,0xa6fa,0xa6fa,0xa6fa,0xa6fa,0xa6fa,0xa6fa,0xa6fa,0xa6fa,
0xa6fa,0xa6fa,0xa6fa,0xa6fa,0xa6fa,0xa6fa,0xa6fa,0xa6fa,0xa6fa,0xa6fa,0xa6fa,0xa6fa,0xa6fa,0xa6fa,0xa6fa,0x19e8,0x19e8,0x0000,0xa6fa,0xa6fa,0xa6fa,0xa6fa,0xa6fa,0x0000,0x0000,0x0000,0x0000,0x0000,0x0000,0x0000,0x0000,0x0000,
0x0000,0x0000,0x0000,0x0000,0x0000,0x0000,0x0000,0x0000,0x0000,0x0000,0x0000,0x0000,0x0000,0x0000,0x0000,0x19e8,0x19e8,0xa6fa,0xa6fa,0xa6fa,0xa6fa,0xa6fa,0xa6fa,0xa6fa,0xa6fa,0xa6fa,0xa6fa,0xa6fa,0xa6fa,0xa6fa,0xa6fa,0xa6fa,
0xa6fa,0xa6fa,0xa6fa,0xa6fa,0xa6fa,0xa6fa,0xa6fa,0xa6fa,0xa6fa,0xa6fa,0xa6fa,0xa6fa,0xa6fa,0xa6fa,0xa6fa,0x19e8,0x19e8,0x0000,0x0000,0x0000,0x0000,0x0000,0x0000,0x0000,0x0000,0x0000,0x0000,0x0000,0x0000,0x0000,0x0000,0x0000,
0x0000,0x0000,0x0000,0x0000,0x0000,0x0000,0x0000,0x0000,0x0000,0x0000,0x0000,0x0000,0x0000,0x0000,0x0000,0x19e8,0x19e8,0x19e8,0x19e8,0x19e8,0x19e8,0x19e8,0x19e8,0x19e8,0x19e8,0x19e8,0x19e8,0x19e8,0x19e8,0x19e8,0x19e8,0x19e8,
0x19e8,0x19e8,0x19e8,0x19e8,0x19e8,0x19e8,0x19e8,0x19e8,0x19e8,0x19e8,0x19e8,0x19e8,0x19e8,0x19e8,0x19e8,0x19e8,0x19e8,0x0000,0x0000,0x0000,0x0000,0x0000,0x0000,0x0000,0x0000,0x0000,0x0000,0x0000,0x0000,0x0000,0x0000,0x0000,
0x0000,0x0000,0x0000,0x0000,0x0000,0x0000,0x0000,0x0000,0x0000,0x0000,0x0000,0x0000,0x0000,0x0000,0x0000,0x19e8,0x19e8,0x19e8,0x19e8,0x19e8,0x19e8,0x19e8,0x19e8,0x19e8,0x19e8,0x19e8,0x19e8,0x19e8,0x19e8,0x19e8,0x19e8,0x19e8,
0x19e8,0x19e8,0x19e8,0x19e8,0x19e8,0x19e8,0x19e8,0x19e8,0x19e8,0x19e8,0x19e8,0x19e8,0x19e8,0x19e8,0x19e8,0x19e8,0x19e8,0x0000,0x0000,0x0000,0x0000,0x0000,0x0000,0x0000,0x0000,0x0000,0x0000,0x0000,0x0000,0x0000,0x0000,0x0000,
0x0000,0x0000,0x0000,0x0000,0x0000,0x0000,0x0000,0x0000,0x0000,0x0000,0x0000,0x0000,0x0000,0x0000,0x0000,0x0000,0x0000,0x0000,0x0000,0x0000,0x0000,0x19e8,0x19e8,0x19e8,0x19e8,0x19e8,0x19e8,0x19e8,0x19e8,0x19e8,0x19e8,0x19e8,
0x19e8,0x19e8,0x19e8,0x19e8,0x19e8,0x19e8,0x19e8,0x19e8,0x19e8,0x19e8,0x19e8,0x0000,0x0000,0x0000,0x0000,0x0000,0x0000,0x0000,0x0000,0x0000,0x0000,0x0000,0x0000,0x0000,0x0000,0x0000,0x0000,0x0000,0x0000,0x0000,0x0000,0x0000,
0x0000,0x0000,0x0000,0x0000,0x0000,0x0000,0x0000,0x0000,0x0000,0x0000,0x0000,0x0000,0x0000,0x0000,0x0000,0x0000,0x0000,0x0000,0x0000,0x0000,0x0000,0x19e8,0x19e8,0x19e8,0x19e8,0x19e8,0x19e8,0x19e8,0x19e8,0x19e8,0x19e8,0x19e8,
0x19e8,0x19e8,0x19e8,0x19e8,0x19e8,0x19e8,0x19e8,0x19e8,0x19e8,0x19e8,0x19e8,0x0000,0x0000,0x0000,0x0000,0x0000,0x0000,0x0000,0x0000,0x0000,0x0000,0x0000,0x0000,0x0000,0x0000,0x0000,0x0000,0x0000,0x0000,0x0000,0x0000,0x0000,
0x0000,0x0000,0x0000,0x0000,0x0000,0x0000,0x0000,0x0000,0x0000,0x0000,0x0000,0x0000,0x0000,0x0000,0x0000,0x0000,0x0000,0x0000,0x0000,0x0000,0x0000,0x19e8,0x19e8,0xa6fa,0xa6fa,0xa6fa,0xa6fa,0xa6fa,0xa6fa,0xa6fa,0xa6fa,0xa6fa,
0xa6fa,0xa6fa,0xa6fa,0xa6fa,0xa6fa,0xa6fa,0xa6fa,0xa6fa,0xa6fa,0x19e8,0x19e8,0x0000,0x0000,0x0000,0x0000,0x0000,0x0000,0x0000,0x0000,0x0000,0x0000,0x0000,0x0000,0x0000,0x0000,0x0000,0x0000,0x0000,0x0000,0x0000,0x0000,0x0000,
0x0000,0x0000,0x0000,0x0000,0x0000,0x0000,0x0000,0x0000,0x0000,0x0000,0x0000,0x0000,0x0000,0x0000,0x0000,0x0000,0x0000,0x0000,0x0000,0x0000,0x0000,0x19e8,0x19e8,0xa6fa,0xa6fa,0xa6fa,0xa6fa,0xa6fa,0xa6fa,0xa6fa,0xa6fa,0xa6fa,
0xa6fa,0xa6fa,0xa6fa,0xa6fa,0xa6fa,0xa6fa,0xa6fa,0xa6fa,0xa6fa,0x19e8,0x19e8,0x0000,0x0000,0x0000,0x0000,0x0000,0x0000,0x0000,0x0000,0x0000,0x0000,0x0000,0x0000,0x0000,0x0000,0x0000,0x0000,0x0000,0x0000,0x0000,0x0000,0x0000,
0x0000,0x0000,0x0000,0x0000,0x0000,0x0000,0x0000,0x0000,0x0000,0x0000,0x0000,0x0000,0x0000,0x0000,0x0000,0x0000,0x0000,0x0000,0x0000,0x0000,0x0000,0x19e8,0x19e8,0xa6fa,0xa6fa,0xa6fa,0xa6fa,0xa6fa,0xa6fa,0xa6fa,0xa6fa,0xa6fa,
0xa6fa,0xa6fa,0xa6fa,0xa6fa,0xa6fa,0xa6fa,0xa6fa,0xa6fa,0xa6fa,0x19e8,0x19e8,0x0000,0x0000,0x0000,0x0000,0x0000,0x0000,0x0000,0x0000,0x0000,0x0000,0x0000,0x0000,0x0000,0x0000,0x0000,0x0000,0x0000,0x0000,0x0000,0x0000,0x0000,
0x0000,0x0000,0x0000,0x0000,0x0000,0x0000,0x0000,0x0000,0x0000,0x0000,0x0000,0x0000,0x0000,0x0000,0x0000,0x0000,0x0000,0x0000,0x0000,0x0000,0x0000,0x19e8,0x19e8,0xa6fa,0xa6fa,0xa6fa,0xa6fa,0xa6fa,0xa6fa,0xa6fa,0xa6fa,0xa6fa,
0xa6fa,0xa6fa,0xa6fa,0xa6fa,0xa6fa,0xa6fa,0xa6fa,0xa6fa,0xa6fa,0x19e8,0x19e8,0x0000,0x0000,0x0000,0x0000,0x0000,0x0000,0x0000,0x0000,0x0000,0x0000,0x0000,0x0000,0x0000,0x0000,0x0000,0x0000,0x0000,0x0000,0x0000,0x0000,0x0000,
0x0000,0x0000,0x0000,0x0000,0x0000,0x0000,0x0000,0x0000,0x0000,0x0000,0x0000,0x0000,0x0000,0x0000,0x0000,0x0000,0x0000,0x0000,0x0000,0x0000,0x0000,0x19e8,0x19e8,0xa6fa,0xa6fa,0xa6fa,0xa6fa,0xa6fa,0xa6fa,0xa6fa,0xa6fa,0xa6fa,
0xa6fa,0xa6fa,0xa6fa,0xa6fa,0xa6fa,0xa6fa,0xa6fa,0xa6fa,0xa6fa,0x19e8,0x19e8,0x0000,0x0000,0x0000,0x0000,0x0000,0x0000,0x0000,0x0000,0x0000,0x0000,0x0000,0x0000,0x0000,0x0000,0x0000,0x0000,0x0000,0x0000,0x0000,0x0000,0x0000,
0x0000,0x0000,0x0000,0x0000,0x0000,0x0000,0x0000,0x0000,0x0000,0x0000,0x0000,0x0000,0x0000,0x0000,0x0000,0x0000,0x0000,0x0000,0x0000,0x0000,0x0000,0x19e8,0x19e8,0xa6fa,0xa6fa,0xa6fa,0xa6fa,0xa6fa,0xa6fa,0xa6fa,0xa6fa,0xa6fa,
0xa6fa,0xa6fa,0xa6fa,0xa6fa,0xa6fa,0xa6fa,0xa6fa,0xa6fa,0xa6fa,0x19e8,0x19e8,0x0000,0x0000,0x0000,0x0000,0x0000,0x0000,0x0000,0x0000,0x0000,0x0000,0x0000,0x0000,0x0000,0x0000,0x0000,0x0000,0x0000,0x0000,0x0000,0x0000,0x0000,
0x0000,0x0000,0x0000,0x0000,0x0000,0x0000,0x0000,0x0000,0x0000,0x0000,0x0000,0x0000,0x0000,0x0000,0x0000,0x0000,0x0000,0x0000,0x0000,0x0000,0x0000,0x19e8,0x19e8,0xa6fa,0xa6fa,0xa6fa,0xa6fa,0xa6fa,0xa6fa,0xa6fa,0xa6fa,0xa6fa,
0xa6fa,0xa6fa,0xa6fa,0xa6fa,0xa6fa,0xa6fa,0xa6fa,0xa6fa,0xa6fa,0x19e8,0x19e8,0x0000,0x0000,0x0000,0x0000,0x0000,0x0000,0x0000,0x0000,0x0000,0x0000,0x0000,0x0000,0x0000,0x0000,0x0000,0x0000,0x0000,0x0000,0x0000,0x0000,0x0000,
0x0000,0x0000,0x0000,0x0000,0x0000,0x0000,0x0000,0x0000,0x0000,0x0000,0x0000,0x0000,0x0000,0x0000,0x0000,0x0000,0x0000,0x0000,0x0000,0x0000,0x0000,0x19e8,0x19e8,0xa6fa,0xa6fa,0xa6fa,0xa6fa,0xa6fa,0xa6fa,0xa6fa,0xa6fa,0xa6fa,
0xa6fa,0xa6fa,0xa6fa,0xa6fa,0xa6fa,0xa6fa,0xa6fa,0xa6fa,0xa6fa,0x19e8,0x19e8,0x0000,0x0000,0x0000,0x0000,0x0000,0x0000,0x0000,0x0000,0x0000,0x0000,0x0000,0x0000,0x0000,0x0000,0x0000,0x0000,0x0000,0x0000,0x0000,0x0000,0x0000,
0x0000,0x0000,0x0000,0x0000,0x0000,0x0000,0x0000,0x0000,0x0000,0x0000,0x0000,0x0000,0x0000,0x0000,0x0000,0x0000,0x0000,0x0000,0x0000,0x0000,0x0000,0x19e8,0x19e8,0x19e8,0x19e8,0x19e8,0x19e8,0x19e8,0x19e8,0x19e8,0x19e8,0x19e8,
0x19e8,0x19e8,0x19e8,0x19e8,0x19e8,0x19e8,0x19e8,0x19e8,0x19e8,0x19e8,0x19e8,0x0000,0x0000,0x0000,0x0000,0x0000,0x0000,0x0000,0x0000,0x0000,0x0000,0x0000,0x0000,0x0000,0x0000,0x0000,0x0000,0x0000,0x0000,0x0000,0x0000,0x0000,
0x0000,0x0000,0x0000,0x0000,0x0000,0x0000,0x0000,0x0000,0x0000,0x0000,0x0000,0x0000,0x0000,0x0000,0x0000,0x0000,0x0000,0x0000,0x0000,0x0000,0x0000,0x19e8,0x19e8,0x19e8,0x19e8,0x19e8,0x19e8,0x19e8,0x19e8,0x19e8,0x19e8,0x19e8,
0x19e8,0x19e8,0x19e8,0x19e8,0x19e8,0x19e8,0x19e8,0x19e8,0x19e8,0x19e8,0x19e8,0x0000,0x0000,0x0000,0x0000,0x0000,0x0000,0x0000,0x0000,0x0000,0x0000,0x0000,0x0000,0x0000,0x0000,0x0000,0x0000,0x0000,0x0000,0x0000,0x0000,0x0000,
0x0000,0x0000,0x0000,0x0000,0x0000,0x0000,0x0000,0x0000,0x0000,0x0000,0x0000,0x0000,0x0000,0x0000,0x0000,0x0000,0x0000,0x0000,0x0000,0x0000,0x0000,0x0000,0x0000,0x0000,0x0000,0x0000,0x0000,0x0000,0x0000,0x0000,0x0000,0x0000,
0x0000,0x0000,0x0000,0x0000,0x0000,0x0000,0x0000,0x0000,0x0000,0x0000,0x0000,0x0000,0x0000,0x0000,0x0000,0x0000,0x0000,0x0000,0x0000,0x0000,0x0000,0x0000,0x0000,0x0000,0x0000,0x0000,0x0000,0x0000,0x0000,0x0000,0x0000,0x0000,
0x0000,0x0000,0x0000,0x0000,0x0000,0x0000,0x0000,0x0000,0x0000,0x0000,0x0000,0x0000,0x0000,0x0000,0x0000,0x0000,0x0000,0x0000,0x0000,0x0000,0x0000,0x0000,0x0000,0x0000,0x0000,0x0000,0xa6fa,0xa6fa,0xa6fa,0xa6fa,0x0000,0x0000,
0x0000,0x0000,0xa6fa,0xa6fa,0xa6fa,0xa6fa,0x0000,0x0000,0x0000,0x0000,0x0000,0x0000,0x0000,0x0000,0x0000,0x0000,0x0000,0x0000,0x0000,0x0000,0x0000,0x0000,0x0000,0x0000,0x0000,0x0000,0x0000,0x0000,0x0000,0x0000,0x0000,0x0000,
0x0000,0x0000,0x0000,0x0000,0x0000,0x0000,0x0000,0x0000,0x0000,0x0000,0x0000,0x0000,0x0000,0x0000,0x0000,0x0000,0x0000,0x0000,0x0000,0x0000,0x0000,0x0000,0x0000,0x0000,0x0000,0x0000,0xa6fa,0xa6fa,0xa6fa,0xa6fa,0x0000,0x0000,
0x0000,0x0000,0xa6fa,0xa6fa,0xa6fa,0xa6fa,0x0000,0x0000,0x0000,0x0000,0x0000,0x0000,0x0000,0x0000,0x0000,0x0000,0x0000,0x0000,0x0000,0x0000,0x0000,0x0000,0x0000,0x0000,0x0000,0x0000,0x0000,0x0000,0x0000,0x0000,0x0000,0x0000,
0x0000,0x0000,0x0000,0x0000,0x0000,0x0000,0x0000,0x0000,0x0000,0x0000,0x0000,0x0000,0x0000,0x0000,0x0000,0x0000,0x0000,0x0000,0x0000,0x0000,0x0000,0x0000,0x0000,0x0000,0x0000,0x0000,0xa6fa,0xa6fa,0xa6fa,0xa6fa,0x0000,0x0000,
0x0000,0x0000,0xa6fa,0xa6fa,0xa6fa,0xa6fa,0x0000,0x0000,0x0000,0x0000,0x0000,0x0000,0x0000,0x0000,0x0000,0x0000,0x0000,0x0000,0x0000,0x0000,0x0000,0x0000,0x0000,0x0000,0x0000,0x0000,0x0000,0x0000,0x0000,0x0000,0x0000,0x0000,
0x0000,0x0000,0x0000,0x0000,0x0000,0x0000,0x0000,0x0000,0x0000,0x0000,0x0000,0x0000,0x0000,0x0000,0x0000,0x0000,0x0000,0x0000,0x0000,0x0000,0x0000,0x0000,0x0000,0x0000,0x0000,0x0000,0xa6fa,0xa6fa,0xa6fa,0xa6fa,0x0000,0x0000,
0x0000,0x0000,0xa6fa,0xa6fa,0xa6fa,0xa6fa,0x0000,0x0000,0x0000,0x0000,0x0000,0x0000,0x0000,0x0000,0x0000,0x0000,0x0000,0x0000,0x0000,0x0000,0x0000,0x0000,0x0000,0x0000,0x0000,0x0000,0x0000,0x0000,0x0000,0x0000,0x0000,0x0000,
0x0000,0x0000,0x0000,0x0000,0x0000,0x0000,0x0000,0x0000,0x0000,0x0000,0x0000,0x0000,0x0000,0x0000,0x0000,0x0000,0x0000,0x0000,0x0000,0x0000,0x0000,0x0000,0x0000,0x0000,0x0000,0x0000,0x0000,0x0000,0x0000,0x0000,0x0000,0x0000,
0x0000,0x0000,0x0000,0x0000,0x0000,0x0000,0x0000,0x0000,0x0000,0x0000,0x0000,0x0000,0x0000,0x0000,0x0000,0x0000,0x0000,0x0000,0x0000,0x0000,0x0000,0x0000,0x0000,0x0000,0x0000,0x0000,0x0000,0x0000,0x0000,0x0000,0x0000,0x0000,
0x0000,0x0000,0x0000,0x0000,0x0000,0x0000,0x0000,0x0000,0x0000,0x0000,0x0000,0x0000,0x0000,0x0000,0x0000,0x0000,0x0000,0x0000,0x0000,0x0000,0x0000,0x0000,0x0000,0x0000,0x0000,0x0000,0x0000,0x0000,0x0000,0x0000,0x0000,0x0000,
0x0000,0x0000,0x0000,0x0000,0x0000,0x0000,0x0000,0x0000,0x0000,0x0000,0x0000,0x0000,0x0000,0x0000,0x0000,0x0000,0x0000,0x0000,0x0000,0x0000,0x0000,0x0000,0x0000,0x0000,0x0000,0x0000,0x0000,0x0000,0x0000,0x0000,0x0000,0x0000,
0x0000,0x0000,0x0000,0x0000,0x0000,0x0000,0x0000,0x0000,0x0000,0x0000,0x0000,0x0000,0x0000,0x0000,0x0000,0x0000,0x0000,0x0000,0x0000,0x0000,0x0000,0x0000,0x0000,0x0000,0x0000,0x0000,0x0000,0x0000,0x0000,0x0000,0x0000,0x0000,
0x0000,0x0000,0x0000,0x0000,0x0000,0x0000,0x0000,0x0000,0x0000,0x0000,0x0000,0x0000,0x0000,0x0000,0x0000,0x0000,0x0000,0x0000,0x0000,0x0000,0x0000,0x0000,0x0000,0x0000,0x0000,0x0000,0x0000,0x0000,0x0000,0x0000,0x0000,0x0000,
0x0000,0x0000,0x0000,0x0000,0x0000,0x0000,0x0000,0x0000,0x0000,0x0000,0x0000,0x0000,0x0000,0x0000,0x0000,0x0000,0x0000,0x0000,0x0000,0x0000,0x0000,0x0000,0x0000,0x0000,0x0000,0x0000,0x0000,0x0000,0x0000,0x0000,0x0000,0x0000,
0x0000,0x0000,0x0000,0x0000,0x0000,0x0000,0x0000,0x0000,0x0000,0x0000,0x0000,0x0000,0x0000,0x0000,0x0000,0x0000,0x0000,0x0000,0x0000,0x0000,0x0000,0x0000,0x0000,0x0000,0x0000,0x0000,0x0000,0x0000,0x0000,0x0000,0x0000,0x0000,
0x0000,0x0000,0x0000,0x0000,0x0000,0x0000,0x0000,0x0000,0x0000,0x0000,0x0000,0x0000,0x0000,0x0000,0x0000,0x0000,0x0000,0x0000,0x0000,0x0000,0x0000,0x0000,0x0000,0x0000,0x0000,0x0000,0x0000,0x0000,0x0000,0x0000,0x0000,0x0000,
0x0000,0x0000,0x0000,0x0000,0x0000,0x0000,0x0000,0x0000,0x0000,0x0000,0x0000,0x0000,0x0000,0x0000,0x0000,0x0000,0x0000,0x0000,0x0000,0x0000,0x0000,0x0000,0x0000,0x0000,0x0000,0x0000,0x0000,0x0000,0x0000,0x0000,0x0000,0x0000,
0x0000,0x0000,0x0000,0x0000,0x0000,0x0000,0x0000,0x0000,0x0000,0x0000,0x0000,0x0000,0x0000,0x0000,0x0000,0x0000,0x0000,0x0000,0x0000,0x0000,0x0000,0x0000,0x0000,0x0000,0x0000,0x0000,0x0000,0x0000,0x0000,0x0000,0x0000,0x0000,
0x0000,0x0000,0x0000,0x0000,0x0000,0x0000,0x0000,0x0000,0x0000,0x0000,0x0000,0x0000,0x0000,0x0000,0x0000,0x0000,0x0000,0x0000,0x0000,0x0000,0x0000,0x0000,0x0000,0x0000,0x0000,0x0000,0x0000,0x0000,0x0000,0x0000,0x0000,0x0000,
0x0000,0x0000,0x0000,0x0000,0x0000,0x0000,0x0000,0x0000,0x0000,0x0000,0x0000,0x0000,0x0000,0x0000,0x0000,0x0000,0x0000,0x0000,0x0000,0x0000,0x0000,0x0000,0x0000,0x0000,0x0000,0x0000,0x0000,0x0000,0x0000,0x0000,0x0000,0x0000,
0x0000,0x0000,0x0000,0x0000,0x0000,0x0000,0x0000,0x0000,0x0000,0x0000,0x0000,0x0000,0x0000,0x0000,0x0000,0x0000,0x0000,0x0000,0x0000,0x0000,0x0000,0x0000,0x0000,0x0000,0x0000,0x0000,0x0000,0x0000,0x0000,0x0000,0x0000,0x0000,
};
static const uint16_t frame_25[4096] = {
0x0000,0x0000,0x0000,0x0000,0x0000,0x0000,0x0000,0x0000,0x0000,0x0000,0x0000,0x0000,0x0000,0x0000,0x0000,0x0000,0x0000,0x0000,0x0000,0x0000,0x0000,0x0000,0x0000,0x0000,0x0000,0x0000,0x0000,0x0000,0x0000,0x0000,0x0000,0x0000,
0x0000,0x0000,0x0000,0x0000,0x0000,0x0000,0x0000,0x0000,0x0000,0x0000,0x0000,0x0000,0x0000,0x0000,0x0000,0x0000,0x0000,0x0000,0x0000,0x0000,0x0000,0x0000,0x0000,0x0000,0x0000,0x0000,0x0000,0x0000,0x0000,0x0000,0x0000,0x0000,
0x0000,0x0000,0x0000,0x0000,0x0000,0x0000,0x0000,0x0000,0x0000,0x0000,0x0000,0x0000,0x0000,0x0000,0x0000,0x0000,0x0000,0x0000,0x0000,0x0000,0x0000,0x0000,0x0000,0x0000,0x0000,0x0000,0x0000,0x0000,0x0000,0x0000,0x0000,0x0000,
0x0000,0x0000,0x0000,0x0000,0x0000,0x0000,0x0000,0x0000,0x0000,0x0000,0x0000,0x0000,0x0000,0x0000,0x0000,0x0000,0x0000,0x0000,0x0000,0x0000,0x0000,0x0000,0x0000,0x0000,0x0000,0x0000,0x0000,0x0000,0x0000,0x0000,0x0000,0x0000,
0x0000,0x0000,0x0000,0x0000,0x0000,0x0000,0x0000,0x0000,0x0000,0x0000,0x0000,0x0000,0x0000,0x0000,0x0000,0x0000,0x0000,0x0000,0x0000,0x0000,0x0000,0x0000,0x0000,0x0000,0x0000,0x0000,0x0000,0x0000,0x0000,0x0000,0x0000,0x0000,
0x0000,0x0000,0x0000,0x0000,0x0000,0x0000,0x0000,0x0000,0x0000,0x0000,0x0000,0x0000,0x0000,0x0000,0x0000,0x0000,0x0000,0x0000,0x0000,0x0000,0x0000,0x0000,0x0000,0x0000,0x0000,0x0000,0x0000,0x0000,0x0000,0x0000,0x0000,0x0000,
0x0000,0x0000,0x0000,0x0000,0x0000,0x0000,0x0000,0x0000,0x0000,0x0000,0x0000,0x0000,0x0000,0x0000,0x0000,0x0000,0x0000,0x0000,0x0000,0x0000,0x0000,0x0000,0x0000,0x0000,0x0000,0x0000,0x0000,0x0000,0x0000,0x0000,0x0000,0x0000,
0x0000,0x0000,0x0000,0x0000,0x0000,0x0000,0x0000,0x0000,0x0000,0x0000,0x0000,0x0000,0x0000,0x0000,0x0000,0x0000,0x0000,0x0000,0x0000,0x0000,0x0000,0x0000,0x0000,0x0000,0x0000,0x0000,0x0000,0x0000,0x0000,0x0000,0x0000,0x0000,
0x0000,0x0000,0x0000,0x0000,0x0000,0x0000,0x0000,0x0000,0x0000,0x0000,0x0000,0x0000,0x0000,0x0000,0x0000,0x0000,0x0000,0x0000,0x0000,0x0000,0x0000,0x0000,0x0000,0x0000,0x0000,0x0000,0x0000,0x0000,0x0000,0x0000,0x0000,0x0000,
0x0000,0x0000,0x0000,0x0000,0x0000,0x0000,0x0000,0x0000,0x0000,0x0000,0x0000,0x0000,0x0000,0x0000,0x0000,0x0000,0x0000,0x0000,0x0000,0x0000,0x0000,0x0000,0x0000,0x0000,0x0000,0x0000,0x0000,0x0000,0x0000,0x0000,0x0000,0x0000,
0x0000,0x0000,0x0000,0x0000,0x0000,0x0000,0x0000,0x0000,0x0000,0x0000,0x0000,0x0000,0x0000,0x0000,0x0000,0x0000,0x0000,0x0000,0x0000,0x0000,0x0000,0x0000,0x0000,0x0000,0x0000,0x0000,0x0000,0x0000,0x0000,0x0000,0x0000,0x0000,
0x0000,0x0000,0x0000,0x0000,0x0000,0x0000,0x0000,0x0000,0x0000,0x0000,0x0000,0x0000,0x0000,0x0000,0x0000,0x0000,0x0000,0x0000,0x0000,0x0000,0x0000,0x0000,0x0000,0x0000,0x0000,0x0000,0x0000,0x0000,0x0000,0x0000,0x0000,0x0000,
0x0000,0x0000,0x0000,0x0000,0x0000,0x0000,0x0000,0x0000,0x0000,0x0000,0x0000,0x0000,0x0000,0x0000,0x0000,0x0000,0x0000,0x0000,0x0000,0x0000,0x0000,0x0000,0x0000,0x0000,0x0000,0x0000,0x0000,0xfeb2,0xfeb2,0xfeb2,0xfeb2,0xfeb2,
0xfeb2,0xfeb2,0xfeb2,0xfeb2,0xfeb2,0x0000,0x0000,0x0000,0x0000,0x0000,0x0000,0x0000,0x0000,0x0000,0x0000,0x0000,0x0000,0x0000,0x0000,0x0000,0x0000,0x0000,0x0000,0x0000,0x0000,0x0000,0x0000,0x0000,0x0000,0x0000,0x0000,0x0000,
0x0000,0x0000,0x0000,0x0000,0x0000,0x0000,0x0000,0x0000,0x0000,0x0000,0x0000,0x0000,0x0000,0x0000,0x0000,0x0000,0x0000,0x0000,0x0000,0x0000,0x0000,0x0000,0x0000,0x0000,0x0000,0x0000,0x0000,0xfeb2,0xfeb2,0xfeb2,0xfeb2,0xfeb2,
0xfeb2,0xfeb2,0xfeb2,0xfeb2,0xfeb2,0x0000,0x0000,0x0000,0x0000,0x0000,0x0000,0x0000,0x0000,0x0000,0x0000,0x0000,0x0000,0x0000,0x0000,0x0000,0x0000,0x0000,0x0000,0x0000,0x0000,0x0000,0x0000,0x0000,0x0000,0x0000,0x0000,0x0000,
0x0000,0x0000,0x0000,0x0000,0x0000,0x0000,0x0000,0x0000,0x0000,0x0000,0x0000,0x0000,0x0000,0x0000,0x0000,0x0000,0x0000,0x0000,0x0000,0x0000,0x0000,0x0000,0x0000,0x0000,0x0000,0x0000,0x0000,0xfeb2,0xfeb2,0xfeb2,0xfeb2,0xfeb2,
0xfeb2,0xfeb2,0xfeb2,0xfeb2,0xfeb2,0x0000,0x0000,0x0000,0x0000,0x0000,0x0000,0x0000,0x0000,0x0000,0x0000,0x0000,0x0000,0x0000,0x0000,0x0000,0x0000,0x0000,0x0000,0xfeb2,0xfeb2,0xfeb2,0x0000,0x0000,0x0000,0x0000,0x0000,0x0000,
0x0000,0x0000,0x0000,0x0000,0x0000,0x0000,0x0000,0x0000,0x0000,0x0000,0x0000,0x0000,0x0000,0x0000,0x0000,0x0000,0x0000,0x0000,0x0000,0x0000,0x0000,0x0000,0x0000,0x0000,0x0000,0x0000,0x0000,0xfeb2,0xfeb2,0xfeb2,0xa6fa,0xa6fa,
0xa6fa,0xa6fa,0xfeb2,0xfeb2,0xfeb2,0x0000,0x0000,0x0000,0x0000,0x0000,0x0000,0x0000,0x0000,0x0000,0x0000,0x0000,0x0000,0x0000,0x0000,0x0000,0x0000,0x0000,0x0000,0xfeb2,0xfeb2,0xfeb2,0x0000,0x0000,0x0000,0x0000,0x0000,0x0000,
0x0000,0x0000,0x0000,0x0000,0x0000,0x0000,0x0000,0x0000,0x0000,0x0000,0x0000,0x0000,0x0000,0x0000,0x0000,0x0000,0x0000,0x0000,0x0000,0x0000,0x0000,0x0000,0x0000,0x0000,0x0000,0x0000,0x0000,0x0000,0x0000,0x0000,0xa6fa,0xa6fa,
0xa6fa,0xa6fa,0x0000,0x0000,0x0000,0x0000,0x0000,0x0000,0x0000,0x0000,0x0000,0x0000,0x0000,0x0000,0x0000,0x0000,0x0000,0x0000,0x0000,0x0000,0x0000,0x0000,0x0000,0xfeb2,0xfeb2,0xfeb2,0x0000,0x0000,0x0000,0x0000,0x0000,0x0000,
0x0000,0x0000,0x0000,0x0000,0x0000,0x0000,0x0000,0x0000,0x0000,0x0000,0x0000,0x0000,0x0000,0x0000,0x0000,0x0000,0x0000,0x0000,0x0000,0x0000,0x0000,0x0000,0x0000,0x0000,0x0000,0x0000,0x0000,0x0000,0x0000,0x0000,0xa6fa,0xa6fa,
0xa6fa,0xa6fa,0x0000,0x0000,0x0000,0x0000,0x0000,0x0000,0x0000,0x0000,0x0000,0x0000,0x0000,0x0000,0x0000,0x0000,0x0000,0x0000,0x0000,0x0000,0x0000,0x0000,0x0000,0x0000,0x0000,0x0000,0x0000,0x0000,0x0000,0x0000,0x0000,0x0000,
0x0000,0x0000,0x0000,0x0000,0x0000,0x0000,0x0000,0x0000,0x0000,0x0000,0x0000,0x0000,0x0000,0x0000,0x0000,0x0000,0x0000,0x0000,0x0000,0x0000,0x0000,0x0000,0x0000,0x0000,0x0000,0x0000,0x0000,0x0000,0x0000,0x0000,0xa6fa,0xa6fa,
0xa6fa,0xa6fa,0x0000,0x0000,0x0000,0x0000,0x0000,0x0000,0x0000,0x0000,0x0000,0x0000,0x0000,0x0000,0x0000,0x0000,0x0000,0x0000,0x0000,0x0000,0x0000,0x0000,0x0000,0x0000,0x0000,0x0000,0x0000,0x0000,0x0000,0x0000,0x0000,0x0000,
0x0000,0x0000,0x0000,0x0000,0x0000,0x0000,0xfeb2,0xfeb2,0xfeb2,0x0000,0x0000,0x0000,0x0000,0x0000,0x0000,0x19e8,0x19e8,0x19e8,0x19e8,0x19e8,0x19e8,0x19e8,0x19e8,0x19e8,0x19e8,0x19e8,0x19e8,0x19e8,0x19e8,0x19e8,0x19e8,0x19e8,
0x19e8,0x19e8,0x19e8,0x19e8,0x19e8,0x19e8,0x19e8,0x19e8,0x19e8,0x19e8,0x19e8,0x19e8,0x19e8,0x19e8,0x19e8,0x19e8,0x19e8,0x0000,0x0000,0x0000,0x0000,0x0000,0x0000,0x0000,0x0000,0x0000,0x0000,0x0000,0x0000,0x0000,0x0000,0x0000,
0x0000,0x0000,0x0000,0x0000,0x0000,0x0000,0xfeb2,0xfeb2,0xfeb2,0x0000,0x0000,0x0000,0x0000,0x0000,0x0000,0x19e8,0x19e8,0x19e8,0x19e8,0x19e8,0x19e8,0x19e8,0x19e8,0x19e8,0x19e8,0x19e8,0x19e8,0x19e8,0x19e8,0x19e8,0x19e8,0x19e8,
0x19e8,0x19e8,0x19e8,0x19e8,0x19e8,0x19e8,0x19e8,0x19e8,0x19e8,0x19e8,0x19e8,0x19e8,0x19e8,0x19e8,0x19e8,0x19e8,0x19e8,0x0000,0x0000,0x0000,0x0000,0x0000,0x0000,0x0000,0x0000,0x0000,0x0000,0x0000,0x0000,0x0000,0x0000,0x0000,
0x0000,0x0000,0x0000,0x0000,0x0000,0x0000,0xfeb2,0xfeb2,0xfeb2,0x0000,0x0000,0x0000,0x0000,0x0000,0x0000,0x19e8,0x19e8,0xa6fa,0xa6fa,0xa6fa,0xa6fa,0xa6fa,0xa6fa,0xa6fa,0xa6fa,0xa6fa,0xa6fa,0xa6fa,0xa6fa,0xa6fa,0xa6fa,0xa6fa,
0xa6fa,0xa6fa,0xa6fa,0xa6fa,0xa6fa,0xa6fa,0xa6fa,0xa6fa,0xa6fa,0xa6fa,0xa6fa,0xa6fa,0xa6fa,0xa6fa,0xa6fa,0x19e8,0x19e8,0x0000,0x0000,0x0000,0x0000,0x0000,0x0000,0x0000,0x0000,0x0000,0x0000,0x0000,0x0000,0x0000,0x0000,0x0000,
0x0000,0x0000,0x0000,0x0000,0x0000,0x0000,0x0000,0x0000,0x0000,0x0000,0x0000,0x0000,0x0000,0x0000,0x0000,0x19e8,0x19e8,0xa6fa,0xa6fa,0xa6fa,0xa6fa,0xa6fa,0xa6fa,0xa6fa,0xa6fa,0xa6fa,0xa6fa,0xa6fa,0xa6fa,0xa6fa,0xa6fa,0xa6fa,
0xa6fa,0xa6fa,0xa6fa,0xa6fa,0xa6fa,0xa6fa,0xa6fa,0xa6fa,0xa6fa,0xa6fa,0xa6fa,0xa6fa,0xa6fa,0xa6fa,0xa6fa,0x19e8,0x19e8,0x0000,0x0000,0x0000,0x0000,0x0000,0x0000,0x0000,0x0000,0x0000,0x0000,0x0000,0x0000,0x0000,0x0000,0x0000,
0x0000,0x0000,0x0000,0x0000,0x0000,0x0000,0x0000,0x0000,0x0000,0x0000,0x0000,0x0000,0x0000,0x0000,0x0000,0x19e8,0x19e8,0xa6fa,0xa6fa,0xa6fa,0xa6fa,0xa6fa,0xa6fa,0xa6fa,0xa6fa,0xa6fa,0xa6fa,0xa6fa,0xa6fa,0xa6fa,0xa6fa,0xa6fa,
0xa6fa,0xa6fa,0xa6fa,0xa6fa,0xa6fa,0xa6fa,0xa6fa,0xa6fa,0xa6fa,0xa6fa,0xa6fa,0xa6fa,0xa6fa,0xa6fa,0xa6fa,0x19e8,0x19e8,0x0000,0x0000,0x0000,0x0000,0x0000,0x0000,0x0000,0x0000,0x0000,0x0000,0x0000,0x0000,0x0000,0x0000,0x0000,
0x0000,0x0000,0x0000,0x0000,0x0000,0x0000,0x0000,0x0000,0x0000,0x0000,0x0000,0x0000,0x0000,0x0000,0x0000,0x19e8,0x19e8,0xa6fa,0xa6fa,0xa6fa,0xa6fa,0xa6fa,0xa6fa,0xa6fa,0xa6fa,0xa6fa,0xa6fa,0xa6fa,0xa6fa,0xa6fa,0xa6fa,0xa6fa,
0xa6fa,0xa6fa,0xa6fa,0xa6fa,0xa6fa,0xa6fa,0xa6fa,0xa6fa,0xa6fa,0xa6fa,0xa6fa,0xa6fa,0xa6fa,0xa6fa,0xa6fa,0x19e8,0x19e8,0x0000,0x0000,0x0000,0x0000,0x0000,0x0000,0x0000,0x0000,0x0000,0x0000,0x0000,0x0000,0x0000,0x0000,0x0000,
0x0000,0x0000,0x0000,0x0000,0x0000,0x0000,0x0000,0x0000,0x0000,0x0000,0x0000,0x0000,0x0000,0x0000,0x0000,0x19e8,0x19e8,0xa6fa,0xa6fa,0xa6fa,0xa6fa,0x19e8,0x19e8,0x19e8,0x19e8,0x19e8,0x19e8,0x19e8,0x19e8,0x19e8,0x19e8,0x19e8,
0x19e8,0x19e8,0x19e8,0x19e8,0x19e8,0x19e8,0x19e8,0x19e8,0x19e8,0x19e8,0x19e8,0xa6fa,0xa6fa,0xa6fa,0xa6fa,0x19e8,0x19e8,0x0000,0x0000,0x0000,0x0000,0x0000,0x0000,0x0000,0x0000,0x0000,0x0000,0x0000,0x0000,0x0000,0x0000,0x0000,
0x0000,0x0000,0x0000,0x0000,0x0000,0x0000,0x0000,0x0000,0x0000,0x0000,0x0000,0x0000,0x0000,0x0000,0x0000,0x19e8,0x19e8,0xa6fa,0xa6fa,0xa6fa,0xa6fa,0x19e8,0x19e8,0x19e8,0x19e8,0x19e8,0x19e8,0x19e8,0x19e8,0x19e8,0x19e8,0x19e8,
0x19e8,0x19e8,0x19e8,0x19e8,0x19e8,0x19e8,0x19e8,0x19e8,0x19e8,0x19e8,0x19e8,0xa6fa,0xa6fa,0xa6fa,0xa6fa,0x19e8,0x19e8,0x0000,0x0000,0x0000,0x0000,0x0000,0x0000,0x0000,0x0000,0x0000,0x0000,0x0000,0x0000,0x0000,0x0000,0x0000,
0x0000,0x0000,0x0000,0x0000,0x0000,0x0000,0x0000,0x0000,0x0000,0x0000,0x0000,0x0000,0x0000,0x0000,0x0000,0x19e8,0x19e8,0xa6fa,0xa6fa,0xa6fa,0xa6fa,0x19e8,0x19e8,0x19e8,0x19e8,0x19e8,0x19e8,0x19e8,0x19e8,0x19e8,0x19e8,0x19e8,
0x19e8,0x19e8,0x19e8,0x19e8,0x19e8,0x19e8,0x19e8,0x19e8,0x19e8,0x19e8,0x19e8,0xa6fa,0xa6fa,0xa6fa,0xa6fa,0x19e8,0x19e8,0x0000,0x0000,0x0000,0x0000,0x0000,0x0000,0x0000,0x0000,0x0000,0x0000,0x0000,0x0000,0x0000,0x0000,0x0000,
0x0000,0x0000,0x0000,0x0000,0x0000,0x0000,0x0000,0x0000,0x0000,0x0000,0x0000,0x0000,0x0000,0x0000,0x0000,0x19e8,0x19e8,0xa6fa,0xa6fa,0xa6fa,0xa6fa,0x19e8,0x19e8,0x19e8,0x19e8,0x19e8,0x19e8,0x19e8,0x19e8,0x19e8,0x19e8,0x19e8,
0x19e8,0x19e8,0x19e8,0x19e8,0x19e8,0x19e8,0x19e8,0x19e8,0x19e8,0x19e8,0x19e8,0xa6fa,0xa6fa,0xa6fa,0xa6fa,0x19e8,0x19e8,0x0000,0x0000,0x0000,0x0000,0x0000,0x0000,0x0000,0x0000,0x0000,0x0000,0x0000,0x0000,0x0000,0x0000,0x0000,
0x0000,0x0000,0x0000,0x0000,0x0000,0x0000,0x0000,0x0000,0x0000,0x0000,0x0000,0x0000,0x0000,0x0000,0x0000,0x19e8,0x19e8,0xa6fa,0xa6fa,0xa6fa,0xa6fa,0x19e8,0x19e8,0x19e8,0x19e8,0xefdb,0x19e8,0xefdb,0x19e8,0x19e8,0x19e8,0x19e8,
0x19e8,0x19e8,0x19e8,0x19e8,0xefdb,0x19e8,0xefdb,0x19e8,0x19e8,0x19e8,0x19e8,0xa6fa,0xa6fa,0xa6fa,0xa6fa,0x19e8,0x19e8,0x0000,0x0000,0x0000,0x0000,0x0000,0x0000,0x0000,0x0000,0x0000,0x0000,0x0000,0x0000,0x0000,0x0000,0x0000,
0x0000,0x0000,0x0000,0x0000,0x0000,0x0000,0x0000,0x0000,0x0000,0x0000,0x0000,0x0000,0x0000,0x0000,0x0000,0x19e8,0x19e8,0xa6fa,0xa6fa,0xa6fa,0xa6fa,0x19e8,0x19e8,0x19e8,0xefdb,0xefdb,0xefdb,0xefdb,0xefdb,0x19e8,0x19e8,0x19e8,
0x19e8,0x19e8,0x19e8,0xefdb,0xefdb,0xefdb,0xefdb,0xefdb,0x19e8,0x19e8,0x19e8,0xa6fa,0xa6fa,0xa6fa,0xa6fa,0x19e8,0x19e8,0x0000,0x0000,0x0000,0x0000,0x0000,0x0000,0x0000,0x0000,0x0000,0x0000,0x0000,0x0000,0x0000,0x0000,0x0000,
0x0000,0x0000,0x0000,0x0000,0x0000,0x0000,0x0000,0x0000,0x0000,0x0000,0x0000,0x0000,0x0000,0x0000,0x0000,0x19e8,0x19e8,0xa6fa,0xa6fa,0xa6fa,0xa6fa,0x19e8,0x19e8,0x19e8,0xefdb,0xefdb,0x19e8,0xefdb,0xefdb,0x19e8,0x19e8,0x19e8,
0x19e8,0x19e8,0x19e8,0xefdb,0xefdb,0x19e8,0xefdb,0xefdb,0x19e8,0x19e8,0x19e8,0xa6fa,0xa6fa,0xa6fa,0xa6fa,0x19e8,0x19e8,0x0000,0x0000,0x0000,0x0000,0x0000,0x0000,0x0000,0x0000,0x0000,0x0000,0x0000,0x0000,0x0000,0x0000,0x0000,
0x0000,0x0000,0x0000,0x0000,0x0000,0x0000,0x0000,0x0000,0x0000,0x0000,0x0000,0x0000,0x0000,0x0000,0x0000,0x19e8,0x19e8,0xa6fa,0xa6fa,0xa6fa,0xa6fa,0x19e8,0x19e8,0xefdb,0xefdb,0xefdb,0x19e8,0xefdb,0xefdb,0xefdb,0x19e8,0x19e8,
0x19e8,0x19e8,0xefdb,0xefdb,0xefdb,0x19e8,0xefdb,0xefdb,0xefdb,0x19e8,0x19e8,0xa6fa,0xa6fa,0xa6fa,0xa6fa,0x19e8,0x19e8,0x0000,0x0000,0x0000,0x0000,0x0000,0x0000,0x0000,0x0000,0x0000,0x0000,0x0000,0x0000,0x0000,0x0000,0x0000,
0x0000,0x0000,0x0000,0x0000,0x0000,0x0000,0x0000,0x0000,0x0000,0x0000,0x0000,0x0000,0x0000,0x0000,0x0000,0x19e8,0x19e8,0xa6fa,0xa6fa,0xa6fa,0xa6fa,0x19e8,0x19e8,0x19e8,0xefdb,0x19e8,0x19e8,0x19e8,0xefdb,0x19e8,0x19e8,0x19e8,
0x19e8,0x19e8,0x19e8,0xefdb,0x19e8,0x19e8,0x19e8,0xefdb,0x19e8,0x19e8,0x19e8,0xa6fa,0xa6fa,0xa6fa,0xa6fa,0x19e8,0x19e8,0x0000,0x0000,0x0000,0x0000,0x0000,0x0000,0x0000,0x0000,0x0000,0x0000,0x0000,0x0000,0x0000,0x0000,0x0000,
0x0000,0x0000,0x0000,0x0000,0x0000,0x0000,0x0000,0x0000,0x0000,0xa6fa,0xa6fa,0xa6fa,0xa6fa,0xa6fa,0x0000,0x19e8,0x19e8,0xa6fa,0xa6fa,0xa6fa,0xa6fa,0x19e8,0x19e8,0x19e8,0x19e8,0x19e8,0x19e8,0x19e8,0x19e8,0x19e8,0x19e8,0x19e8,
0x19e8,0x19e8,0x19e8,0x19e8,0x19e8,0x19e8,0x19e8,0x19e8,0x19e8,0x19e8,0x19e8,0xa6fa,0xa6fa,0xa6fa,0xa6fa,0x19e8,0x19e8,0x0000,0xa6fa,0xa6fa,0xa6fa,0xa6fa,0xa6fa,0x0000,0x0000,0x0000,0x0000,0x0000,0x0000,0x0000,0x0000,0x0000,
0x0000,0x0000,0x0000,0x0000,0x0000,0x0000,0x0000,0x0000,0x0000,0xa6fa,0xa6fa,0xa6fa,0xa6fa,0xa6fa,0x0000,0x19e8,0x19e8,0xa6fa,0xa6fa,0xa6fa,0xa6fa,0x19e8,0x19e8,0x19e8,0x19e8,0x19e8,0x19e8,0x19e8,0x19e8,0x19e8,0x19e8,0x19e8,
0x19e8,0x19e8,0x19e8,0x19e8,0x19e8,0x19e8,0x19e8,0x19e8,0x19e8,0x19e8,0x19e8,0xa6fa,0xa6fa,0xa6fa,0xa6fa,0x19e8,0x19e8,0x0000,0xa6fa,0xa6fa,0xa6fa,0xa6fa,0xa6fa,0x0000,0x0000,0x0000,0x0000,0x0000,0x0000,0x0000,0x0000,0x0000,
0x0000,0x0000,0x0000,0x0000,0x0000,0x0000,0x0000,0x0000,0x0000,0xa6fa,0xa6fa,0xa6fa,0xa6fa,0xa6fa,0x0000,0x19e8,0x19e8,0xa6fa,0xa6fa,0xa6fa,0xa6fa,0x19e8,0x19e8,0x19e8,0x19e8,0x19e8,0x19e8,0x19e8,0x19e8,0x19e8,0x19e8,0x19e8,
0x19e8,0x19e8,0x19e8,0x19e8,0x19e8,0x19e8,0x19e8,0x19e8,0x19e8,0x19e8,0x19e8,0xa6fa,0xa6fa,0xa6fa,0xa6fa,0x19e8,0x19e8,0x0000,0xa6fa,0xa6fa,0xa6fa,0xa6fa,0xa6fa,0x0000,0x0000,0x0000,0x0000,0x0000,0x0000,0x0000,0x0000,0x0000,
0x0000,0x0000,0x0000,0x0000,0x0000,0x0000,0x0000,0x0000,0x0000,0xa6fa,0xa6fa,0xa6fa,0xa6fa,0xa6fa,0x0000,0x19e8,0x19e8,0xa6fa,0xa6fa,0xa6fa,0xa6fa,0x19e8,0x19e8,0x19e8,0x19e8,0x19e8,0x19e8,0x19e8,0x19e8,0x19e8,0x19e8,0x19e8,
0x19e8,0x19e8,0x19e8,0x19e8,0x19e8,0x19e8,0x19e8,0x19e8,0x19e8,0x19e8,0x19e8,0xa6fa,0xa6fa,0xa6fa,0xa6fa,0x19e8,0x19e8,0x0000,0xa6fa,0xa6fa,0xa6fa,0xa6fa,0xa6fa,0x0000,0x0000,0x0000,0x0000,0x0000,0x0000,0x0000,0x0000,0x0000,
0x0000,0x0000,0x0000,0x0000,0x0000,0x0000,0x0000,0x0000,0x0000,0xa6fa,0xa6fa,0xa6fa,0xa6fa,0xa6fa,0x0000,0x19e8,0x19e8,0xa6fa,0xa6fa,0xa6fa,0xa6fa,0x19e8,0x19e8,0x19e8,0x19e8,0x19e8,0x19e8,0x19e8,0x19e8,0x19e8,0x19e8,0x19e8,
0x19e8,0x19e8,0x19e8,0x19e8,0x19e8,0x19e8,0x19e8,0x19e8,0x19e8,0x19e8,0x19e8,0xa6fa,0xa6fa,0xa6fa,0xa6fa,0x19e8,0x19e8,0x0000,0xa6fa,0xa6fa,0xa6fa,0xa6fa,0xa6fa,0x0000,0x0000,0x0000,0x0000,0x0000,0x0000,0x0000,0x0000,0x0000,
0x0000,0x0000,0x0000,0x0000,0x0000,0x0000,0x0000,0x0000,0x0000,0xa6fa,0xa6fa,0xa6fa,0xa6fa,0xa6fa,0x0000,0x19e8,0x19e8,0xa6fa,0xa6fa,0xa6fa,0xa6fa,0xa6fa,0xa6fa,0xa6fa,0xa6fa,0xa6fa,0xa6fa,0xa6fa,0xa6fa,0xa6fa,0xa6fa,0xa6fa,
0xa6fa,0xa6fa,0xa6fa,0xa6fa,0xa6fa,0xa6fa,0xa6fa,0xa6fa,0xa6fa,0xa6fa,0xa6fa,0xa6fa,0xa6fa,0xa6fa,0xa6fa,0x19e8,0x19e8,0x0000,0xa6fa,0xa6fa,0xa6fa,0xa6fa,0xa6fa,0x0000,0x0000,0x0000,0x0000,0x0000,0x0000,0x0000,0x0000,0x0000,
0x0000,0x0000,0x0000,0x0000,0x0000,0x0000,0x0000,0x0000,0x0000,0xa6fa,0xa6fa,0xa6fa,0xa6fa,0xa6fa,0x0000,0x19e8,0x19e8,0xa6fa,0xa6fa,0xa6fa,0xa6fa,0xa6fa,0xa6fa,0xa6fa,0xa6fa,0xa6fa,0xa6fa,0x19e8,0x19e8,0x19e8,0x19e8,0x19e8,
0x19e8,0x19e8,0x19e8,0x19e8,0x19e8,0xa6fa,0xa6fa,0xa6fa,0xa6fa,0xa6fa,0xa6fa,0xa6fa,0xa6fa,0xa6fa,0xa6fa,0x19e8,0x19e8,0x0000,0xa6fa,0xa6fa,0xa6fa,0xa6fa,0xa6fa,0x0000,0x0000,0x0000,0x0000,0x0000,0x0000,0x0000,0x0000,0x0000,
0x0000,0x0000,0x0000,0x0000,0x0000,0x0000,0x0000,0x0000,0x0000,0xa6fa,0xa6fa,0xa6fa,0xa6fa,0xa6fa,0x0000,0x19e8,0x19e8,0xa6fa,0xa6fa,0xa6fa,0xa6fa,0xa6fa,0xa6fa,0xa6fa,0xa6fa,0xa6fa,0xa6fa,0x19e8,0x19e8,0x19e8,0x19e8,0x19e8,
0x19e8,0x19e8,0x19e8,0x19e8,0x19e8,0xa6fa,0xa6fa,0xa6fa,0xa6fa,0xa6fa,0xa6fa,0xa6fa,0xa6fa,0xa6fa,0xa6fa,0x19e8,0x19e8,0x0000,0xa6fa,0xa6fa,0xa6fa,0xa6fa,0xa6fa,0x0000,0x0000,0x0000,0x0000,0x0000,0x0000,0x0000,0x0000,0x0000,
0x0000,0x0000,0x0000,0x0000,0x0000,0x0000,0x0000,0x0000,0x0000,0xa6fa,0xa6fa,0xa6fa,0xa6fa,0xa6fa,0x0000,0x19e8,0x19e8,0xa6fa,0xa6fa,0xa6fa,0xa6fa,0xa6fa,0xa6fa,0xa6fa,0xa6fa,0xa6fa,0xa6fa,0xa6fa,0xa6fa,0xa6fa,0xa6fa,0xa6fa,
0xa6fa,0xa6fa,0xa6fa,0xa6fa,0xa6fa,0xa6fa,0xa6fa,0xa6fa,0xa6fa,0xa6fa,0xa6fa,0xa6fa,0xa6fa,0xa6fa,0xa6fa,0x19e8,0x19e8,0x0000,0xa6fa,0xa6fa,0xa6fa,0xa6fa,0xa6fa,0x0000,0x0000,0x0000,0x0000,0x0000,0x0000,0x0000,0x0000,0x0000,
0x0000,0x0000,0x0000,0x0000,0x0000,0x0000,0x0000,0x0000,0x0000,0x0000,0x0000,0x0000,0x0000,0x0000,0x0000,0x19e8,0x19e8,0xa6fa,0xa6fa,0xa6fa,0xa6fa,0xa6fa,0xa6fa,0xa6fa,0xa6fa,0xa6fa,0xa6fa,0xa6fa,0xa6fa,0xa6fa,0xa6fa,0xa6fa,
0xa6fa,0xa6fa,0xa6fa,0xa6fa,0xa6fa,0xa6fa,0xa6fa,0xa6fa,0xa6fa,0xa6fa,0xa6fa,0xa6fa,0xa6fa,0xa6fa,0xa6fa,0x19e8,0x19e8,0x0000,0x0000,0x0000,0x0000,0x0000,0x0000,0x0000,0x0000,0x0000,0x0000,0x0000,0x0000,0x0000,0x0000,0x0000,
0x0000,0x0000,0x0000,0x0000,0x0000,0x0000,0x0000,0x0000,0x0000,0x0000,0x0000,0x0000,0x0000,0x0000,0x0000,0x19e8,0x19e8,0x19e8,0x19e8,0x19e8,0x19e8,0x19e8,0x19e8,0x19e8,0x19e8,0x19e8,0x19e8,0x19e8,0x19e8,0x19e8,0x19e8,0x19e8,
0x19e8,0x19e8,0x19e8,0x19e8,0x19e8,0x19e8,0x19e8,0x19e8,0x19e8,0x19e8,0x19e8,0x19e8,0x19e8,0x19e8,0x19e8,0x19e8,0x19e8,0x0000,0x0000,0x0000,0x0000,0x0000,0x0000,0x0000,0x0000,0x0000,0x0000,0x0000,0x0000,0x0000,0x0000,0x0000,
0x0000,0x0000,0x0000,0x0000,0x0000,0x0000,0x0000,0x0000,0x0000,0x0000,0x0000,0x0000,0x0000,0x0000,0x0000,0x19e8,0x19e8,0x19e8,0x19e8,0x19e8,0x19e8,0x19e8,0x19e8,0x19e8,0x19e8,0x19e8,0x19e8,0x19e8,0x19e8,0x19e8,0x19e8,0x19e8,
0x19e8,0x19e8,0x19e8,0x19e8,0x19e8,0x19e8,0x19e8,0x19e8,0x19e8,0x19e8,0x19e8,0x19e8,0x19e8,0x19e8,0x19e8,0x19e8,0x19e8,0x0000,0x0000,0x0000,0x0000,0x0000,0x0000,0x0000,0x0000,0x0000,0x0000,0x0000,0x0000,0x0000,0x0000,0x0000,
0x0000,0x0000,0x0000,0x0000,0x0000,0x0000,0x0000,0x0000,0x0000,0x0000,0x0000,0x0000,0x0000,0x0000,0x0000,0x0000,0x0000,0x0000,0x0000,0x0000,0x0000,0x19e8,0x19e8,0x19e8,0x19e8,0x19e8,0x19e8,0x19e8,0x19e8,0x19e8,0x19e8,0x19e8,
0x19e8,0x19e8,0x19e8,0x19e8,0x19e8,0x19e8,0x19e8,0x19e8,0x19e8,0x19e8,0x19e8,0x0000,0x0000,0x0000,0x0000,0x0000,0x0000,0x0000,0x0000,0x0000,0x0000,0x0000,0x0000,0x0000,0x0000,0x0000,0x0000,0x0000,0x0000,0x0000,0x0000,0x0000,
0x0000,0x0000,0x0000,0x0000,0x0000,0x0000,0x0000,0x0000,0x0000,0x0000,0x0000,0x0000,0x0000,0x0000,0x0000,0x0000,0x0000,0x0000,0x0000,0x0000,0x0000,0x19e8,0x19e8,0x19e8,0x19e8,0x19e8,0x19e8,0x19e8,0x19e8,0x19e8,0x19e8,0x19e8,
0x19e8,0x19e8,0x19e8,0x19e8,0x19e8,0x19e8,0x19e8,0x19e8,0x19e8,0x19e8,0x19e8,0x0000,0x0000,0x0000,0x0000,0x0000,0x0000,0x0000,0x0000,0x0000,0x0000,0x0000,0x0000,0x0000,0x0000,0x0000,0x0000,0x0000,0x0000,0x0000,0x0000,0x0000,
0x0000,0x0000,0x0000,0x0000,0x0000,0x0000,0x0000,0x0000,0x0000,0x0000,0x0000,0x0000,0x0000,0x0000,0x0000,0x0000,0x0000,0x0000,0x0000,0x0000,0x0000,0x19e8,0x19e8,0xa6fa,0xa6fa,0xa6fa,0xa6fa,0xa6fa,0xa6fa,0xa6fa,0xa6fa,0xa6fa,
0xa6fa,0xa6fa,0xa6fa,0xa6fa,0xa6fa,0xa6fa,0xa6fa,0xa6fa,0xa6fa,0x19e8,0x19e8,0x0000,0x0000,0x0000,0x0000,0x0000,0x0000,0x0000,0x0000,0x0000,0x0000,0x0000,0x0000,0x0000,0x0000,0x0000,0x0000,0x0000,0x0000,0x0000,0x0000,0x0000,
0x0000,0x0000,0x0000,0x0000,0x0000,0x0000,0x0000,0x0000,0x0000,0x0000,0x0000,0x0000,0x0000,0x0000,0x0000,0x0000,0x0000,0x0000,0x0000,0x0000,0x0000,0x19e8,0x19e8,0xa6fa,0xa6fa,0xa6fa,0xa6fa,0xa6fa,0xa6fa,0xa6fa,0xa6fa,0xa6fa,
0xa6fa,0xa6fa,0xa6fa,0xa6fa,0xa6fa,0xa6fa,0xa6fa,0xa6fa,0xa6fa,0x19e8,0x19e8,0x0000,0x0000,0x0000,0x0000,0x0000,0x0000,0x0000,0x0000,0x0000,0x0000,0x0000,0x0000,0x0000,0x0000,0x0000,0x0000,0x0000,0x0000,0x0000,0x0000,0x0000,
0x0000,0x0000,0x0000,0x0000,0x0000,0x0000,0x0000,0x0000,0x0000,0x0000,0x0000,0x0000,0x0000,0x0000,0x0000,0x0000,0x0000,0x0000,0x0000,0x0000,0x0000,0x19e8,0x19e8,0xa6fa,0xa6fa,0xa6fa,0xa6fa,0xa6fa,0xa6fa,0xa6fa,0xa6fa,0xa6fa,
0xa6fa,0xa6fa,0xa6fa,0xa6fa,0xa6fa,0xa6fa,0xa6fa,0xa6fa,0xa6fa,0x19e8,0x19e8,0x0000,0x0000,0x0000,0x0000,0x0000,0x0000,0x0000,0x0000,0x0000,0x0000,0x0000,0x0000,0x0000,0x0000,0x0000,0x0000,0x0000,0x0000,0x0000,0x0000,0x0000,
0x0000,0x0000,0x0000,0x0000,0x0000,0x0000,0x0000,0x0000,0x0000,0x0000,0x0000,0x0000,0x0000,0x0000,0x0000,0x0000,0x0000,0x0000,0x0000,0x0000,0x0000,0x19e8,0x19e8,0xa6fa,0xa6fa,0xa6fa,0xa6fa,0xa6fa,0xa6fa,0xa6fa,0xa6fa,0xa6fa,
0xa6fa,0xa6fa,0xa6fa,0xa6fa,0xa6fa,0xa6fa,0xa6fa,0xa6fa,0xa6fa,0x19e8,0x19e8,0x0000,0x0000,0x0000,0x0000,0x0000,0x0000,0x0000,0x0000,0x0000,0x0000,0x0000,0x0000,0x0000,0x0000,0x0000,0x0000,0x0000,0x0000,0x0000,0x0000,0x0000,
0x0000,0x0000,0x0000,0x0000,0x0000,0x0000,0x0000,0x0000,0x0000,0x0000,0x0000,0x0000,0x0000,0x0000,0x0000,0x0000,0x0000,0x0000,0x0000,0x0000,0x0000,0x19e8,0x19e8,0xa6fa,0xa6fa,0xa6fa,0xa6fa,0xa6fa,0xa6fa,0xa6fa,0xa6fa,0xa6fa,
0xa6fa,0xa6fa,0xa6fa,0xa6fa,0xa6fa,0xa6fa,0xa6fa,0xa6fa,0xa6fa,0x19e8,0x19e8,0x0000,0x0000,0x0000,0x0000,0x0000,0x0000,0x0000,0x0000,0x0000,0x0000,0x0000,0x0000,0x0000,0x0000,0x0000,0x0000,0x0000,0x0000,0x0000,0x0000,0x0000,
0x0000,0x0000,0x0000,0x0000,0x0000,0x0000,0x0000,0x0000,0x0000,0x0000,0x0000,0x0000,0x0000,0x0000,0x0000,0x0000,0x0000,0x0000,0x0000,0x0000,0x0000,0x19e8,0x19e8,0xa6fa,0xa6fa,0xa6fa,0xa6fa,0xa6fa,0xa6fa,0xa6fa,0xa6fa,0xa6fa,
0xa6fa,0xa6fa,0xa6fa,0xa6fa,0xa6fa,0xa6fa,0xa6fa,0xa6fa,0xa6fa,0x19e8,0x19e8,0x0000,0x0000,0x0000,0x0000,0x0000,0x0000,0x0000,0x0000,0x0000,0x0000,0x0000,0x0000,0x0000,0x0000,0x0000,0x0000,0x0000,0x0000,0x0000,0x0000,0x0000,
0x0000,0x0000,0x0000,0x0000,0x0000,0x0000,0x0000,0x0000,0x0000,0x0000,0x0000,0x0000,0x0000,0x0000,0x0000,0x0000,0x0000,0x0000,0x0000,0x0000,0x0000,0x19e8,0x19e8,0xa6fa,0xa6fa,0xa6fa,0xa6fa,0xa6fa,0xa6fa,0xa6fa,0xa6fa,0xa6fa,
0xa6fa,0xa6fa,0xa6fa,0xa6fa,0xa6fa,0xa6fa,0xa6fa,0xa6fa,0xa6fa,0x19e8,0x19e8,0x0000,0x0000,0x0000,0x0000,0x0000,0x0000,0x0000,0x0000,0x0000,0x0000,0x0000,0x0000,0x0000,0x0000,0x0000,0x0000,0x0000,0x0000,0x0000,0x0000,0x0000,
0x0000,0x0000,0x0000,0x0000,0x0000,0x0000,0x0000,0x0000,0x0000,0x0000,0x0000,0x0000,0x0000,0x0000,0x0000,0x0000,0x0000,0x0000,0x0000,0x0000,0x0000,0x19e8,0x19e8,0xa6fa,0xa6fa,0xa6fa,0xa6fa,0xa6fa,0xa6fa,0xa6fa,0xa6fa,0xa6fa,
0xa6fa,0xa6fa,0xa6fa,0xa6fa,0xa6fa,0xa6fa,0xa6fa,0xa6fa,0xa6fa,0x19e8,0x19e8,0x0000,0x0000,0x0000,0x0000,0x0000,0x0000,0x0000,0x0000,0x0000,0x0000,0x0000,0x0000,0x0000,0x0000,0x0000,0x0000,0x0000,0x0000,0x0000,0x0000,0x0000,
0x0000,0x0000,0x0000,0x0000,0x0000,0x0000,0x0000,0x0000,0x0000,0x0000,0x0000,0x0000,0x0000,0x0000,0x0000,0x0000,0x0000,0x0000,0x0000,0x0000,0x0000,0x19e8,0x19e8,0x19e8,0x19e8,0x19e8,0x19e8,0x19e8,0x19e8,0x19e8,0x19e8,0x19e8,
0x19e8,0x19e8,0x19e8,0x19e8,0x19e8,0x19e8,0x19e8,0x19e8,0x19e8,0x19e8,0x19e8,0x0000,0x0000,0x0000,0x0000,0x0000,0x0000,0x0000,0x0000,0x0000,0x0000,0x0000,0x0000,0x0000,0x0000,0x0000,0x0000,0x0000,0x0000,0x0000,0x0000,0x0000,
0x0000,0x0000,0x0000,0x0000,0x0000,0x0000,0x0000,0x0000,0x0000,0x0000,0x0000,0x0000,0x0000,0x0000,0x0000,0x0000,0x0000,0x0000,0x0000,0x0000,0x0000,0x19e8,0x19e8,0x19e8,0x19e8,0x19e8,0x19e8,0x19e8,0x19e8,0x19e8,0x19e8,0x19e8,
0x19e8,0x19e8,0x19e8,0x19e8,0x19e8,0x19e8,0x19e8,0x19e8,0x19e8,0x19e8,0x19e8,0x0000,0x0000,0x0000,0x0000,0x0000,0x0000,0x0000,0x0000,0x0000,0x0000,0x0000,0x0000,0x0000,0x0000,0x0000,0x0000,0x0000,0x0000,0x0000,0x0000,0x0000,
0x0000,0x0000,0x0000,0x0000,0x0000,0x0000,0x0000,0x0000,0x0000,0x0000,0x0000,0x0000,0x0000,0x0000,0x0000,0x0000,0x0000,0x0000,0x0000,0x0000,0x0000,0x0000,0x0000,0x0000,0x0000,0x0000,0x0000,0x0000,0x0000,0x0000,0x0000,0x0000,
0x0000,0x0000,0x0000,0x0000,0x0000,0x0000,0x0000,0x0000,0x0000,0x0000,0x0000,0x0000,0x0000,0x0000,0x0000,0x0000,0x0000,0x0000,0x0000,0x0000,0x0000,0x0000,0x0000,0x0000,0x0000,0x0000,0x0000,0x0000,0x0000,0x0000,0x0000,0x0000,
0x0000,0x0000,0x0000,0x0000,0x0000,0x0000,0x0000,0x0000,0x0000,0x0000,0x0000,0x0000,0x0000,0x0000,0x0000,0x0000,0x0000,0x0000,0x0000,0x0000,0x0000,0x0000,0x0000,0x0000,0x0000,0x0000,0xa6fa,0xa6fa,0xa6fa,0xa6fa,0x0000,0x0000,
0x0000,0x0000,0xa6fa,0xa6fa,0xa6fa,0xa6fa,0x0000,0x0000,0x0000,0x0000,0x0000,0x0000,0x0000,0x0000,0x0000,0x0000,0x0000,0x0000,0x0000,0x0000,0x0000,0x0000,0x0000,0x0000,0x0000,0x0000,0x0000,0x0000,0x0000,0x0000,0x0000,0x0000,
0x0000,0x0000,0x0000,0x0000,0x0000,0x0000,0x0000,0x0000,0x0000,0x0000,0x0000,0x0000,0x0000,0x0000,0x0000,0x0000,0x0000,0x0000,0x0000,0x0000,0x0000,0x0000,0x0000,0x0000,0x0000,0x0000,0xa6fa,0xa6fa,0xa6fa,0xa6fa,0x0000,0x0000,
0x0000,0x0000,0xa6fa,0xa6fa,0xa6fa,0xa6fa,0x0000,0x0000,0x0000,0x0000,0x0000,0x0000,0x0000,0x0000,0x0000,0x0000,0x0000,0x0000,0x0000,0x0000,0x0000,0x0000,0x0000,0x0000,0x0000,0x0000,0x0000,0x0000,0x0000,0x0000,0x0000,0x0000,
0x0000,0x0000,0x0000,0x0000,0x0000,0x0000,0x0000,0x0000,0x0000,0x0000,0x0000,0x0000,0x0000,0x0000,0x0000,0x0000,0x0000,0x0000,0x0000,0x0000,0x0000,0x0000,0x0000,0x0000,0x0000,0x0000,0xa6fa,0xa6fa,0xa6fa,0xa6fa,0x0000,0x0000,
0x0000,0x0000,0xa6fa,0xa6fa,0xa6fa,0xa6fa,0x0000,0x0000,0x0000,0x0000,0x0000,0x0000,0x0000,0x0000,0x0000,0x0000,0x0000,0x0000,0x0000,0x0000,0x0000,0x0000,0x0000,0x0000,0x0000,0x0000,0x0000,0x0000,0x0000,0x0000,0x0000,0x0000,
0x0000,0x0000,0x0000,0x0000,0x0000,0x0000,0x0000,0x0000,0x0000,0x0000,0x0000,0x0000,0x0000,0x0000,0x0000,0x0000,0x0000,0x0000,0x0000,0x0000,0x0000,0x0000,0x0000,0x0000,0x0000,0x0000,0xa6fa,0xa6fa,0xa6fa,0xa6fa,0x0000,0x0000,
0x0000,0x0000,0xa6fa,0xa6fa,0xa6fa,0xa6fa,0x0000,0x0000,0x0000,0x0000,0x0000,0x0000,0x0000,0x0000,0x0000,0x0000,0x0000,0x0000,0x0000,0x0000,0x0000,0x0000,0x0000,0x0000,0x0000,0x0000,0x0000,0x0000,0x0000,0x0000,0x0000,0x0000,
0x0000,0x0000,0x0000,0x0000,0x0000,0x0000,0x0000,0x0000,0x0000,0x0000,0x0000,0x0000,0x0000,0x0000,0x0000,0x0000,0x0000,0x0000,0x0000,0x0000,0x0000,0x0000,0x0000,0x0000,0x0000,0x0000,0x0000,0x0000,0x0000,0x0000,0x0000,0x0000,
0x0000,0x0000,0x0000,0x0000,0x0000,0x0000,0x0000,0x0000,0x0000,0x0000,0x0000,0x0000,0x0000,0x0000,0x0000,0x0000,0x0000,0x0000,0x0000,0x0000,0x0000,0x0000,0x0000,0x0000,0x0000,0x0000,0x0000,0x0000,0x0000,0x0000,0x0000,0x0000,
0x0000,0x0000,0x0000,0x0000,0x0000,0x0000,0x0000,0x0000,0x0000,0x0000,0x0000,0x0000,0x0000,0x0000,0x0000,0x0000,0x0000,0x0000,0x0000,0x0000,0x0000,0x0000,0x0000,0x0000,0x0000,0x0000,0x0000,0x0000,0x0000,0x0000,0x0000,0x0000,
0x0000,0x0000,0x0000,0x0000,0x0000,0x0000,0x0000,0x0000,0x0000,0x0000,0x0000,0x0000,0x0000,0x0000,0x0000,0x0000,0x0000,0x0000,0x0000,0x0000,0x0000,0x0000,0x0000,0x0000,0x0000,0x0000,0x0000,0x0000,0x0000,0x0000,0x0000,0x0000,
0x0000,0x0000,0x0000,0x0000,0x0000,0x0000,0x0000,0x0000,0x0000,0x0000,0x0000,0x0000,0x0000,0x0000,0x0000,0x0000,0x0000,0x0000,0x0000,0x0000,0x0000,0x0000,0x0000,0x0000,0x0000,0x0000,0x0000,0x0000,0x0000,0x0000,0x0000,0x0000,
0x0000,0x0000,0x0000,0x0000,0x0000,0x0000,0x0000,0x0000,0x0000,0x0000,0x0000,0x0000,0x0000,0x0000,0x0000,0x0000,0x0000,0x0000,0x0000,0x0000,0x0000,0x0000,0x0000,0x0000,0x0000,0x0000,0x0000,0x0000,0x0000,0x0000,0x0000,0x0000,
0x0000,0x0000,0x0000,0x0000,0x0000,0x0000,0x0000,0x0000,0x0000,0x0000,0x0000,0x0000,0x0000,0x0000,0x0000,0x0000,0x0000,0x0000,0x0000,0x0000,0x0000,0x0000,0x0000,0x0000,0x0000,0x0000,0x0000,0x0000,0x0000,0x0000,0x0000,0x0000,
0x0000,0x0000,0x0000,0x0000,0x0000,0x0000,0x0000,0x0000,0x0000,0x0000,0x0000,0x0000,0x0000,0x0000,0x0000,0x0000,0x0000,0x0000,0x0000,0x0000,0x0000,0x0000,0x0000,0x0000,0x0000,0x0000,0x0000,0x0000,0x0000,0x0000,0x0000,0x0000,
0x0000,0x0000,0x0000,0x0000,0x0000,0x0000,0x0000,0x0000,0x0000,0x0000,0x0000,0x0000,0x0000,0x0000,0x0000,0x0000,0x0000,0x0000,0x0000,0x0000,0x0000,0x0000,0x0000,0x0000,0x0000,0x0000,0x0000,0x0000,0x0000,0x0000,0x0000,0x0000,
0x0000,0x0000,0x0000,0x0000,0x0000,0x0000,0x0000,0x0000,0x0000,0x0000,0x0000,0x0000,0x0000,0x0000,0x0000,0x0000,0x0000,0x0000,0x0000,0x0000,0x0000,0x0000,0x0000,0x0000,0x0000,0x0000,0x0000,0x0000,0x0000,0x0000,0x0000,0x0000,
0x0000,0x0000,0x0000,0x0000,0x0000,0x0000,0x0000,0x0000,0x0000,0x0000,0x0000,0x0000,0x0000,0x0000,0x0000,0x0000,0x0000,0x0000,0x0000,0x0000,0x0000,0x0000,0x0000,0x0000,0x0000,0x0000,0x0000,0x0000,0x0000,0x0000,0x0000,0x0000,
0x0000,0x0000,0x0000,0x0000,0x0000,0x0000,0x0000,0x0000,0x0000,0x0000,0x0000,0x0000,0x0000,0x0000,0x0000,0x0000,0x0000,0x0000,0x0000,0x0000,0x0000,0x0000,0x0000,0x0000,0x0000,0x0000,0x0000,0x0000,0x0000,0x0000,0x0000,0x0000,
0x0000,0x0000,0x0000,0x0000,0x0000,0x0000,0x0000,0x0000,0x0000,0x0000,0x0000,0x0000,0x0000,0x0000,0x0000,0x0000,0x0000,0x0000,0x0000,0x0000,0x0000,0x0000,0x0000,0x0000,0x0000,0x0000,0x0000,0x0000,0x0000,0x0000,0x0000,0x0000,
0x0000,0x0000,0x0000,0x0000,0x0000,0x0000,0x0000,0x0000,0x0000,0x0000,0x0000,0x0000,0x0000,0x0000,0x0000,0x0000,0x0000,0x0000,0x0000,0x0000,0x0000,0x0000,0x0000,0x0000,0x0000,0x0000,0x0000,0x0000,0x0000,0x0000,0x0000,0x0000,
};
static const uint16_t frame_26[4096] = {
0x0000,0x0000,0x0000,0x0000,0x0000,0x0000,0x0000,0x0000,0x0000,0x0000,0x0000,0x0000,0x0000,0x0000,0x0000,0x0000,0x0000,0x0000,0x0000,0x0000,0x0000,0x0000,0x0000,0x0000,0x0000,0x0000,0x0000,0x0000,0x0000,0x0000,0x0000,0x0000,
0x0000,0x0000,0x0000,0x0000,0x0000,0x0000,0x0000,0x0000,0x0000,0x0000,0x0000,0x0000,0x0000,0x0000,0x0000,0x0000,0x0000,0x0000,0x0000,0x0000,0x0000,0x0000,0x0000,0x0000,0x0000,0x0000,0x0000,0x0000,0x0000,0x0000,0x0000,0x0000,
0x0000,0x0000,0x0000,0x0000,0x0000,0x0000,0x0000,0x0000,0x0000,0x0000,0x0000,0x0000,0x0000,0x0000,0x0000,0x0000,0x0000,0x0000,0x0000,0x0000,0x0000,0x0000,0x0000,0x0000,0x0000,0x0000,0x0000,0x0000,0x0000,0x0000,0x0000,0x0000,
0x0000,0x0000,0x0000,0x0000,0x0000,0x0000,0x0000,0x0000,0x0000,0x0000,0x0000,0x0000,0x0000,0x0000,0x0000,0x0000,0x0000,0x0000,0x0000,0x0000,0x0000,0x0000,0x0000,0x0000,0x0000,0x0000,0x0000,0x0000,0x0000,0x0000,0x0000,0x0000,
0x0000,0x0000,0x0000,0x0000,0x0000,0x0000,0x0000,0x0000,0x0000,0x0000,0x0000,0x0000,0x0000,0x0000,0x0000,0x0000,0x0000,0x0000,0x0000,0x0000,0x0000,0x0000,0x0000,0x0000,0x0000,0x0000,0x0000,0x0000,0x0000,0x0000,0x0000,0x0000,
0x0000,0x0000,0x0000,0x0000,0x0000,0x0000,0x0000,0x0000,0x0000,0x0000,0x0000,0x0000,0x0000,0x0000,0x0000,0x0000,0x0000,0x0000,0x0000,0x0000,0x0000,0x0000,0x0000,0x0000,0x0000,0x0000,0x0000,0x0000,0x0000,0x0000,0x0000,0x0000,
0x0000,0x0000,0x0000,0x0000,0x0000,0x0000,0x0000,0x0000,0x0000,0x0000,0x0000,0x0000,0x0000,0x0000,0x0000,0x0000,0x0000,0x0000,0x0000,0x0000,0x0000,0x0000,0x0000,0x0000,0x0000,0x0000,0x0000,0x0000,0x0000,0x0000,0x0000,0x0000,
0x0000,0x0000,0x0000,0x0000,0x0000,0x0000,0x0000,0x0000,0x0000,0x0000,0x0000,0x0000,0x0000,0x0000,0x0000,0x0000,0x0000,0x0000,0x0000,0x0000,0x0000,0x0000,0x0000,0x0000,0x0000,0x0000,0x0000,0x0000,0x0000,0x0000,0x0000,0x0000,
0x0000,0x0000,0x0000,0x0000,0x0000,0x0000,0x0000,0x0000,0x0000,0x0000,0x0000,0x0000,0x0000,0x0000,0x0000,0x0000,0x0000,0x0000,0x0000,0x0000,0x0000,0x0000,0x0000,0x0000,0x0000,0x0000,0x0000,0x0000,0x0000,0x0000,0x0000,0x0000,
0x0000,0x0000,0x0000,0x0000,0x0000,0x0000,0x0000,0x0000,0x0000,0x0000,0x0000,0x0000,0x0000,0x0000,0x0000,0x0000,0x0000,0x0000,0x0000,0x0000,0x0000,0x0000,0x0000,0x0000,0x0000,0x0000,0x0000,0x0000,0x0000,0x0000,0x0000,0x0000,
0x0000,0x0000,0x0000,0x0000,0x0000,0x0000,0x0000,0x0000,0x0000,0x0000,0x0000,0x0000,0x0000,0x0000,0x0000,0x0000,0x0000,0x0000,0x0000,0x0000,0x0000,0x0000,0x0000,0x0000,0x0000,0x0000,0x0000,0x0000,0x0000,0x0000,0x0000,0x0000,
0x0000,0x0000,0x0000,0x0000,0x0000,0x0000,0x0000,0x0000,0x0000,0x0000,0x0000,0x0000,0x0000,0x0000,0x0000,0x0000,0x0000,0x0000,0x0000,0x0000,0x0000,0x0000,0x0000,0x0000,0x0000,0x0000,0x0000,0x0000,0x0000,0x0000,0x0000,0x0000,
0x0000,0x0000,0x0000,0x0000,0x0000,0x0000,0x0000,0x0000,0x0000,0x0000,0x0000,0x0000,0x0000,0x0000,0x0000,0x0000,0x0000,0x0000,0x0000,0x0000,0x0000,0x0000,0x0000,0x0000,0x0000,0x0000,0x0000,0x0000,0x0000,0x0000,0x0000,0x0000,
0x0000,0x0000,0x0000,0x0000,0x0000,0x0000,0x0000,0x0000,0x0000,0x0000,0x0000,0x0000,0x0000,0x0000,0x0000,0x0000,0x0000,0x0000,0x0000,0x0000,0x0000,0x0000,0x0000,0x0000,0x0000,0x0000,0x0000,0x0000,0x0000,0x0000,0x0000,0x0000,
0x0000,0x0000,0x0000,0x0000,0x0000,0x0000,0x0000,0x0000,0x0000,0x0000,0x0000,0x0000,0x0000,0x0000,0x0000,0x0000,0x0000,0x0000,0x0000,0x0000,0x0000,0x0000,0x0000,0x0000,0x0000,0x0000,0x0000,0xfeb2,0xfeb2,0xfeb2,0xfeb2,0xfeb2,
0xfeb2,0xfeb2,0xfeb2,0xfeb2,0xfeb2,0x0000,0x0000,0x0000,0x0000,0x0000,0x0000,0x0000,0x0000,0x0000,0x0000,0x0000,0x0000,0x0000,0x0000,0x0000,0x0000,0x0000,0x0000,0x0000,0x0000,0x0000,0x0000,0x0000,0x0000,0x0000,0x0000,0x0000,
0x0000,0x0000,0x0000,0x0000,0x0000,0x0000,0x0000,0x0000,0x0000,0x0000,0x0000,0x0000,0x0000,0x0000,0x0000,0x0000,0x0000,0x0000,0x0000,0x0000,0x0000,0x0000,0x0000,0x0000,0x0000,0x0000,0x0000,0xfeb2,0xfeb2,0xfeb2,0xfeb2,0xfeb2,
0xfeb2,0xfeb2,0xfeb2,0xfeb2,0xfeb2,0x0000,0x0000,0x0000,0x0000,0x0000,0x0000,0x0000,0x0000,0x0000,0x0000,0x0000,0x0000,0x0000,0x0000,0x0000,0x0000,0x0000,0x0000,0xfeb2,0xfeb2,0xfeb2,0x0000,0x0000,0x0000,0x0000,0x0000,0x0000,
0x0000,0x0000,0x0000,0x0000,0x0000,0x0000,0x0000,0x0000,0x0000,0x0000,0x0000,0x0000,0x0000,0x0000,0x0000,0x0000,0x0000,0x0000,0x0000,0x0000,0x0000,0x0000,0x0000,0x0000,0x0000,0x0000,0x0000,0xfeb2,0xfeb2,0xfeb2,0xfeb2,0xfeb2,
0xfeb2,0xfeb2,0xfeb2,0xfeb2,0xfeb2,0x0000,0x0000,0x0000,0x0000,0x0000,0x0000,0x0000,0x0000,0x0000,0x0000,0x0000,0x0000,0x0000,0x0000,0x0000,0x0000,0x0000,0x0000,0xfeb2,0xfeb2,0xfeb2,0x0000,0x0000,0x0000,0x0000,0x0000,0x0000,
0x0000,0x0000,0x0000,0x0000,0x0000,0x0000,0x0000,0x0000,0x0000,0x0000,0x0000,0x0000,0x0000,0x0000,0x0000,0x0000,0x0000,0x0000,0x0000,0x0000,0x0000,0x0000,0x0000,0x0000,0x0000,0x0000,0x0000,0xfeb2,0xfeb2,0xfeb2,0xa6fa,0xa6fa,
0xa6fa,0xa6fa,0xfeb2,0xfeb2,0xfeb2,0x0000,0x0000,0x0000,0x0000,0x0000,0x0000,0x0000,0x0000,0x0000,0x0000,0x0000,0x0000,0x0000,0x0000,0x0000,0x0000,0x0000,0x0000,0xfeb2,0xfeb2,0xfeb2,0x0000,0x0000,0x0000,0x0000,0x0000,0x0000,
0x0000,0x0000,0x0000,0x0000,0x0000,0x0000,0x0000,0x0000,0x0000,0x0000,0x0000,0x0000,0x0000,0x0000,0x0000,0x0000,0x0000,0x0000,0x0000,0x0000,0x0000,0x0000,0x0000,0x0000,0x0000,0x0000,0x0000,0x0000,0x0000,0x0000,0xa6fa,0xa6fa,
0xa6fa,0xa6fa,0x0000,0x0000,0x0000,0x0000,0x0000,0x0000,0x0000,0x0000,0x0000,0x0000,0x0000,0x0000,0x0000,0x0000,0x0000,0x0000,0x0000,0x0000,0x0000,0x0000,0x0000,0x0000,0x0000,0x0000,0x0000,0x0000,0x0000,0x0000,0x0000,0x0000,
0x0000,0x0000,0x0000,0x0000,0x0000,0x0000,0x0000,0x0000,0x0000,0x0000,0x0000,0x0000,0x0000,0x0000,0x0000,0x0000,0x0000,0x0000,0x0000,0x0000,0x0000,0x0000,0x0000,0x0000,0x0000,0x0000,0x0000,0x0000,0x0000,0x0000,0xa6fa,0xa6fa,
0xa6fa,0xa6fa,0x0000,0x0000,0x0000,0x0000,0x0000,0x0000,0x0000,0x0000,0x0000,0x0000,0x0000,0x0000,0x0000,0x0000,0x0000,0x0000,0x0000,0x0000,0x0000,0x0000,0x0000,0x0000,0x0000,0x0000,0x0000,0x0000,0x0000,0x0000,0x0000,0x0000,
0x0000,0x0000,0x0000,0x0000,0x0000,0x0000,0xfeb2,0xfeb2,0xfeb2,0x0000,0x0000,0x0000,0x0000,0x0000,0x0000,0x0000,0x0000,0x0000,0x0000,0x0000,0x0000,0x0000,0x0000,0x0000,0x0000,0x0000,0x0000,0x0000,0x0000,0x0000,0xa6fa,0xa6fa,
0xa6fa,0xa6fa,0x0000,0x0000,0x0000,0x0000,0x0000,0x0000,0x0000,0x0000,0x0000,0x0000,0x0000,0x0000,0x0000,0x0000,0x0000,0x0000,0x0000,0x0000,0x0000,0x0000,0x0000,0x0000,0x0000,0x0000,0x0000,0x0000,0x0000,0x0000,0x0000,0x0000,
0x0000,0x0000,0x0000,0x0000,0x0000,0x0000,0xfeb2,0xfeb2,0xfeb2,0x0000,0x0000,0x0000,0x0000,0x0000,0x0000,0x19e8,0x19e8,0x19e8,0x19e8,0x19e8,0x19e8,0x19e8,0x19e8,0x19e8,0x19e8,0x19e8,0x19e8,0x19e8,0x19e8,0x19e8,0x19e8,0x19e8,
0x19e8,0x19e8,0x19e8,0x19e8,0x19e8,0x19e8,0x19e8,0x19e8,0x19e8,0x19e8,0x19e8,0x19e8,0x19e8,0x19e8,0x19e8,0x19e8,0x19e8,0x0000,0x0000,0x0000,0x0000,0x0000,0x0000,0x0000,0x0000,0x0000,0x0000,0x0000,0x0000,0x0000,0x0000,0x0000,
0x0000,0x0000,0x0000,0x0000,0x0000,0x0000,0xfeb2,0xfeb2,0xfeb2,0x0000,0x0000,0x0000,0x0000,0x0000,0x0000,0x19e8,0x19e8,0x19e8,0x19e8,0x19e8,0x19e8,0x19e8,0x19e8,0x19e8,0x19e8,0x19e8,0x19e8,0x19e8,0x19e8,0x19e8,0x19e8,0x19e8,
0x19e8,0x19e8,0x19e8,0x19e8,0x19e8,0x19e8,0x19e8,0x19e8,0x19e8,0x19e8,0x19e8,0x19e8,0x19e8,0x19e8,0x19e8,0x19e8,0x19e8,0x0000,0x0000,0x0000,0x0000,0x0000,0x0000,0x0000,0x0000,0x0000,0x0000,0x0000,0x0000,0x0000,0x0000,0x0000,
0x0000,0x0000,0x0000,0x0000,0x0000,0x0000,0x0000,0x0000,0x0000,0x0000,0x0000,0x0000,0x0000,0x0000,0x0000,0x19e8,0x19e8,0xa6fa,0xa6fa,0xa6fa,0xa6fa,0xa6fa,0xa6fa,0xa6fa,0xa6fa,0xa6fa,0xa6fa,0xa6fa,0xa6fa,0xa6fa,0xa6fa,0xa6fa,
0xa6fa,0xa6fa,0xa6fa,0xa6fa,0xa6fa,0xa6fa,0xa6fa,0xa6fa,0xa6fa,0xa6fa,0xa6fa,0xa6fa,0xa6fa,0xa6fa,0xa6fa,0x19e8,0x19e8,0x0000,0x0000,0x0000,0x0000,0x0000,0x0000,0x0000,0x0000,0x0000,0x0000,0x0000,0x0000,0x0000,0x0000,0x0000,
0x0000,0x0000,0x0000,0x0000,0x0000,0x0000,0x0000,0x0000,0x0000,0x0000,0x0000,0x0000,0x0000,0x0000,0x0000,0x19e8,0x19e8,0xa6fa,0xa6fa,0xa6fa,0xa6fa,0xa6fa,0xa6fa,0xa6fa,0xa6fa,0xa6fa,0xa6fa,0xa6fa,0xa6fa,0xa6fa,0xa6fa,0xa6fa,
0xa6fa,0xa6fa,0xa6fa,0xa6fa,0xa6fa,0xa6fa,0xa6fa,0xa6fa,0xa6fa,0xa6fa,0xa6fa,0xa6fa,0xa6fa,0xa6fa,0xa6fa,0x19e8,0x19e8,0x0000,0x0000,0x0000,0x0000,0x0000,0x0000,0x0000,0x0000,0x0000,0x0000,0x0000,0x0000,0x0000,0x0000,0x0000,
0x0000,0x0000,0x0000,0x0000,0x0000,0x0000,0x0000,0x0000,0x0000,0x0000,0x0000,0x0000,0x0000,0x0000,0x0000,0x19e8,0x19e8,0xa6fa,0xa6fa,0xa6fa,0xa6fa,0xa6fa,0xa6fa,0xa6fa,0xa6fa,0xa6fa,0xa6fa,0xa6fa,0xa6fa,0xa6fa,0xa6fa,0xa6fa,
0xa6fa,0xa6fa,0xa6fa,0xa6fa,0xa6fa,0xa6fa,0xa6fa,0xa6fa,0xa6fa,0xa6fa,0xa6fa,0xa6fa,0xa6fa,0xa6fa,0xa6fa,0x19e8,0x19e8,0x0000,0x0000,0x0000,0x0000,0x0000,0x0000,0x0000,0x0000,0x0000,0x0000,0x0000,0x0000,0x0000,0x0000,0x0000,
0x0000,0x0000,0x0000,0x0000,0x0000,0x0000,0x0000,0x0000,0x0000,0x0000,0x0000,0x0000,0x0000,0x0000,0x0000,0x19e8,0x19e8,0xa6fa,0xa6fa,0xa6fa,0xa6fa,0xa6fa,0xa6fa,0xa6fa,0xa6fa,0xa6fa,0xa6fa,0xa6fa,0xa6fa,0xa6fa,0xa6fa,0xa6fa,
0xa6fa,0xa6fa,0xa6fa,0xa6fa,0xa6fa,0xa6fa,0xa6fa,0xa6fa,0xa6fa,0xa6fa,0xa6fa,0xa6fa,0xa6fa,0xa6fa,0xa6fa,0x19e8,0x19e8,0x0000,0x0000,0x0000,0x0000,0x0000,0x0000,0x0000,0x0000,0x0000,0x0000,0x0000,0x0000,0x0000,0x0000,0x0000,
0x0000,0x0000,0x0000,0x0000,0x0000,0x0000,0x0000,0x0000,0x0000,0x0000,0x0000,0x0000,0x0000,0x0000,0x0000,0x19e8,0x19e8,0xa6fa,0xa6fa,0xa6fa,0xa6fa,0x19e8,0x19e8,0x19e8,0x19e8,0x19e8,0x19e8,0x19e8,0x19e8,0x19e8,0x19e8,0x19e8,
0x19e8,0x19e8,0x19e8,0x19e8,0x19e8,0x19e8,0x19e8,0x19e8,0x19e8,0x19e8,0x19e8,0xa6fa,0xa6fa,0xa6fa,0xa6fa,0x19e8,0x19e8,0x0000,0x0000,0x0000,0x0000,0x0000,0x0000,0x0000,0x0000,0x0000,0x0000,0x0000,0x0000,0x0000,0x0000,0x0000,
0x0000,0x0000,0x0000,0x0000,0x0000,0x0000,0x0000,0x0000,0x0000,0x0000,0x0000,0x0000,0x0000,0x0000,0x0000,0x19e8,0x19e8,0xa6fa,0xa6fa,0xa6fa,0xa6fa,0x19e8,0x19e8,0x19e8,0x19e8,0x19e8,0x19e8,0x19e8,0x19e8,0x19e8,0x19e8,0x19e8,
0x19e8,0x19e8,0x19e8,0x19e8,0x19e8,0x19e8,0x19e8,0x19e8,0x19e8,0x19e8,0x19e8,0xa6fa,0xa6fa,0xa6fa,0xa6fa,0x19e8,0x19e8,0x0000,0x0000,0x0000,0x0000,0x0000,0x0000,0x0000,0x0000,0x0000,0x0000,0x0000,0x0000,0x0000,0x0000,0x0000,
0x0000,0x0000,0x0000,0x0000,0x0000,0x0000,0x0000,0x0000,0x0000,0x0000,0x0000,0x0000,0x0000,0x0000,0x0000,0x19e8,0x19e8,0xa6fa,0xa6fa,0xa6fa,0xa6fa,0x19e8,0x19e8,0x19e8,0x19e8,0x19e8,0x19e8,0x19e8,0x19e8,0x19e8,0x19e8,0x19e8,
0x19e8,0x19e8,0x19e8,0x19e8,0x19e8,0x19e8,0x19e8,0x19e8,0x19e8,0x19e8,0x19e8,0xa6fa,0xa6fa,0xa6fa,0xa6fa,0x19e8,0x19e8,0x0000,0x0000,0x0000,0x0000,0x0000,0x0000,0x0000,0x0000,0x0000,0x0000,0x0000,0x0000,0x0000,0x0000,0x0000,
0x0000,0x0000,0x0000,0x0000,0x0000,0x0000,0x0000,0x0000,0x0000,0x0000,0x0000,0x0000,0x0000,0x0000,0x0000,0x19e8,0x19e8,0xa6fa,0xa6fa,0xa6fa,0xa6fa,0x19e8,0x19e8,0x19e8,0x19e8,0x19e8,0x19e8,0x19e8,0x19e8,0x19e8,0x19e8,0x19e8,
0x19e8,0x19e8,0x19e8,0x19e8,0x19e8,0x19e8,0x19e8,0x19e8,0x19e8,0x19e8,0x19e8,0xa6fa,0xa6fa,0xa6fa,0xa6fa,0x19e8,0x19e8,0x0000,0x0000,0x0000,0x0000,0x0000,0x0000,0x0000,0x0000,0x0000,0x0000,0x0000,0x0000,0x0000,0x0000,0x0000,
0x0000,0x0000,0x0000,0x0000,0x0000,0x0000,0x0000,0x0000,0x0000,0x0000,0x0000,0x0000,0x0000,0x0000,0x0000,0x19e8,0x19e8,0xa6fa,0xa6fa,0xa6fa,0xa6fa,0x19e8,0x19e8,0x19e8,0x19e8,0xefdb,0x19e8,0xefdb,0x19e8,0x19e8,0x19e8,0x19e8,
0x19e8,0x19e8,0x19e8,0x19e8,0xefdb,0x19e8,0xefdb,0x19e8,0x19e8,0x19e8,0x19e8,0xa6fa,0xa6fa,0xa6fa,0xa6fa,0x19e8,0x19e8,0x0000,0x0000,0x0000,0x0000,0x0000,0x0000,0x0000,0x0000,0x0000,0x0000,0x0000,0x0000,0x0000,0x0000,0x0000,
0x0000,0x0000,0x0000,0x0000,0x0000,0x0000,0x0000,0x0000,0x0000,0x0000,0x0000,0x0000,0x0000,0x0000,0x0000,0x19e8,0x19e8,0xa6fa,0xa6fa,0xa6fa,0xa6fa,0x19e8,0x19e8,0x19e8,0xefdb,0xefdb,0xefdb,0xefdb,0xefdb,0x19e8,0x19e8,0x19e8,
0x19e8,0x19e8,0x19e8,0xefdb,0xefdb,0xefdb,0xefdb,0xefdb,0x19e8,0x19e8,0x19e8,0xa6fa,0xa6fa,0xa6fa,0xa6fa,0x19e8,0x19e8,0x0000,0x0000,0x0000,0x0000,0x0000,0x0000,0x0000,0x0000,0x0000,0x0000,0x0000,0x0000,0x0000,0x0000,0x0000,
0x0000,0x0000,0x0000,0x0000,0x0000,0x0000,0x0000,0x0000,0x0000,0x0000,0x0000,0x0000,0x0000,0x0000,0x0000,0x19e8,0x19e8,0xa6fa,0xa6fa,0xa6fa,0xa6fa,0x19e8,0x19e8,0x19e8,0xefdb,0xefdb,0x19e8,0xefdb,0xefdb,0x19e8,0x19e8,0x19e8,
0x19e8,0x19e8,0x19e8,0xefdb,0xefdb,0x19e8,0xefdb,0xefdb,0x19e8,0x19e8,0x19e8,0xa6fa,0xa6fa,0xa6fa,0xa6fa,0x19e8,0x19e8,0x0000,0x0000,0x0000,0x0000,0x0000,0x0000,0x0000,0x0000,0x0000,0x0000,0x0000,0x0000,0x0000,0x0000,0x0000,
0x0000,0x0000,0x0000,0x0000,0x0000,0x0000,0x0000,0x0000,0x0000,0x0000,0x0000,0x0000,0x0000,0x0000,0x0000,0x19e8,0x19e8,0xa6fa,0xa6fa,0xa6fa,0xa6fa,0x19e8,0x19e8,0xefdb,0xefdb,0xefdb,0x19e8,0xefdb,0xefdb,0xefdb,0x19e8,0x19e8,
0x19e8,0x19e8,0xefdb,0xefdb,0xefdb,0x19e8,0xefdb,0xefdb,0xefdb,0x19e8,0x19e8,0xa6fa,0xa6fa,0xa6fa,0xa6fa,0x19e8,0x19e8,0x0000,0x0000,0x0000,0x0000,0x0000,0x0000,0x0000,0x0000,0x0000,0x0000,0x0000,0x0000,0x0000,0x0000,0x0000,
0x0000,0x0000,0x0000,0x0000,0x0000,0x0000,0x0000,0x0000,0x0000,0x0000,0x0000,0x0000,0x0000,0x0000,0x0000,0x19e8,0x19e8,0xa6fa,0xa6fa,0xa6fa,0xa6fa,0x19e8,0x19e8,0x19e8,0xefdb,0x19e8,0x19e8,0x19e8,0xefdb,0x19e8,0x19e8,0x19e8,
0x19e8,0x19e8,0x19e8,0xefdb,0x19e8,0x19e8,0x19e8,0xefdb,0x19e8,0x19e8,0x19e8,0xa6fa,0xa6fa,0xa6fa,0xa6fa,0x19e8,0x19e8,0x0000,0x0000,0x0000,0x0000,0x0000,0x0000,0x0000,0x0000,0x0000,0x0000,0x0000,0x0000,0x0000,0x0000,0x0000,
0x0000,0x0000,0x0000,0x0000,0x0000,0x0000,0x0000,0x0000,0x0000,0xa6fa,0xa6fa,0xa6fa,0xa6fa,0xa6fa,0x0000,0x19e8,0x19e8,0xa6fa,0xa6fa,0xa6fa,0xa6fa,0x19e8,0x19e8,0x19e8,0x19e8,0x19e8,0x19e8,0x19e8,0x19e8,0x19e8,0x19e8,0x19e8,
0x19e8,0x19e8,0x19e8,0x19e8,0x19e8,0x19e8,0x19e8,0x19e8,0x19e8,0x19e8,0x19e8,0xa6fa,0xa6fa,0xa6fa,0xa6fa,0x19e8,0x19e8,0x0000,0xa6fa,0xa6fa,0xa6fa,0xa6fa,0xa6fa,0x0000,0x0000,0x0000,0x0000,0x0000,0x0000,0x0000,0x0000,0x0000,
0x0000,0x0000,0x0000,0x0000,0x0000,0x0000,0x0000,0x0000,0x0000,0xa6fa,0xa6fa,0xa6fa,0xa6fa,0xa6fa,0x0000,0x19e8,0x19e8,0xa6fa,0xa6fa,0xa6fa,0xa6fa,0x19e8,0x19e8,0x19e8,0x19e8,0x19e8,0x19e8,0x19e8,0x19e8,0x19e8,0x19e8,0x19e8,
0x19e8,0x19e8,0x19e8,0x19e8,0x19e8,0x19e8,0x19e8,0x19e8,0x19e8,0x19e8,0x19e8,0xa6fa,0xa6fa,0xa6fa,0xa6fa,0x19e8,0x19e8,0x0000,0xa6fa,0xa6fa,0xa6fa,0xa6fa,0xa6fa,0x0000,0x0000,0x0000,0x0000,0x0000,0x0000,0x0000,0x0000,0x0000,
0x0000,0x0000,0x0000,0x0000,0x0000,0x0000,0x0000,0x0000,0x0000,0xa6fa,0xa6fa,0xa6fa,0xa6fa,0xa6fa,0x0000,0x19e8,0x19e8,0xa6fa,0xa6fa,0xa6fa,0xa6fa,0x19e8,0x19e8,0x19e8,0x19e8,0x19e8,0x19e8,0x19e8,0x19e8,0x19e8,0x19e8,0x19e8,
0x19e8,0x19e8,0x19e8,0x19e8,0x19e8,0x19e8,0x19e8,0x19e8,0x19e8,0x19e8,0x19e8,0xa6fa,0xa6fa,0xa6fa,0xa6fa,0x19e8,0x19e8,0x0000,0xa6fa,0xa6fa,0xa6fa,0xa6fa,0xa6fa,0x0000,0x0000,0x0000,0x0000,0x0000,0x0000,0x0000,0x0000,0x0000,
0x0000,0x0000,0x0000,0x0000,0x0000,0x0000,0x0000,0x0000,0x0000,0xa6fa,0xa6fa,0xa6fa,0xa6fa,0xa6fa,0x0000,0x19e8,0x19e8,0xa6fa,0xa6fa,0xa6fa,0xa6fa,0x19e8,0x19e8,0x19e8,0x19e8,0x19e8,0x19e8,0x19e8,0x19e8,0x19e8,0x19e8,0x19e8,
0x19e8,0x19e8,0x19e8,0x19e8,0x19e8,0x19e8,0x19e8,0x19e8,0x19e8,0x19e8,0x19e8,0xa6fa,0xa6fa,0xa6fa,0xa6fa,0x19e8,0x19e8,0x0000,0xa6fa,0xa6fa,0xa6fa,0xa6fa,0xa6fa,0x0000,0x0000,0x0000,0x0000,0x0000,0x0000,0x0000,0x0000,0x0000,
0x0000,0x0000,0x0000,0x0000,0x0000,0x0000,0x0000,0x0000,0x0000,0xa6fa,0xa6fa,0xa6fa,0xa6fa,0xa6fa,0x0000,0x19e8,0x19e8,0xa6fa,0xa6fa,0xa6fa,0xa6fa,0x19e8,0x19e8,0x19e8,0x19e8,0x19e8,0x19e8,0x19e8,0x19e8,0x19e8,0x19e8,0x19e8,
0x19e8,0x19e8,0x19e8,0x19e8,0x19e8,0x19e8,0x19e8,0x19e8,0x19e8,0x19e8,0x19e8,0xa6fa,0xa6fa,0xa6fa,0xa6fa,0x19e8,0x19e8,0x0000,0xa6fa,0xa6fa,0xa6fa,0xa6fa,0xa6fa,0x0000,0x0000,0x0000,0x0000,0x0000,0x0000,0x0000,0x0000,0x0000,
0x0000,0x0000,0x0000,0x0000,0x0000,0x0000,0x0000,0x0000,0x0000,0xa6fa,0xa6fa,0xa6fa,0xa6fa,0xa6fa,0x0000,0x19e8,0x19e8,0xa6fa,0xa6fa,0xa6fa,0xa6fa,0xa6fa,0xa6fa,0xa6fa,0xa6fa,0xa6fa,0xa6fa,0xa6fa,0xa6fa,0xa6fa,0xa6fa,0xa6fa,
0xa6fa,0xa6fa,0xa6fa,0xa6fa,0xa6fa,0xa6fa,0xa6fa,0xa6fa,0xa6fa,0xa6fa,0xa6fa,0xa6fa,0xa6fa,0xa6fa,0xa6fa,0x19e8,0x19e8,0x0000,0xa6fa,0xa6fa,0xa6fa,0xa6fa,0xa6fa,0x0000,0x0000,0x0000,0x0000,0x0000,0x0000,0x0000,0x0000,0x0000,
0x0000,0x0000,0x0000,0x0000,0x0000,0x0000,0x0000,0x0000,0x0000,0xa6fa,0xa6fa,0xa6fa,0xa6fa,0xa6fa,0x0000,0x19e8,0x19e8,0xa6fa,0xa6fa,0xa6fa,0xa6fa,0xa6fa,0xa6fa,0xa6fa,0xa6fa,0xa6fa,0xa6fa,0x19e8,0x19e8,0x19e8,0x19e8,0x19e8,
0x19e8,0x19e8,0x19e8,0x19e8,0x19e8,0xa6fa,0xa6fa,0xa6fa,0xa6fa,0xa6fa,0xa6fa,0xa6fa,0xa6fa,0xa6fa,0xa6fa,0x19e8,0x19e8,0x0000,0xa6fa,0xa6fa,0xa6fa,0xa6fa,0xa6fa,0x0000,0x0000,0x0000,0x0000,0x0000,0x0000,0x0000,0x0000,0x0000,
0x0000,0x0000,0x0000,0x0000,0x0000,0x0000,0x0000,0x0000,0x0000,0xa6fa,0xa6fa,0xa6fa,0xa6fa,0xa6fa,0x0000,0x19e8,0x19e8,0xa6fa,0xa6fa,0xa6fa,0xa6fa,0xa6fa,0xa6fa,0xa6fa,0xa6fa,0xa6fa,0xa6fa,0x19e8,0x19e8,0x19e8,0x19e8,0x19e8,
0x19e8,0x19e8,0x19e8,0x19e8,0x19e8,0xa6fa,0xa6fa,0xa6fa,0xa6fa,0xa6fa,0xa6fa,0xa6fa,0xa6fa,0xa6fa,0xa6fa,0x19e8,0x19e8,0x0000,0xa6fa,0xa6fa,0xa6fa,0xa6fa,0xa6fa,0x0000,0x0000,0x0000,0x0000,0x0000,0x0000,0x0000,0x0000,0x0000,
0x0000,0x0000,0x0000,0x0000,0x0000,0x0000,0x0000,0x0000,0x0000,0xa6fa,0xa6fa,0xa6fa,0xa6fa,0xa6fa,0x0000,0x19e8,0x19e8,0xa6fa,0xa6fa,0xa6fa,0xa6fa,0xa6fa,0xa6fa,0xa6fa,0xa6fa,0xa6fa,0xa6fa,0xa6fa,0xa6fa,0xa6fa,0xa6fa,0xa6fa,
0xa6fa,0xa6fa,0xa6fa,0xa6fa,0xa6fa,0xa6fa,0xa6fa,0xa6fa,0xa6fa,0xa6fa,0xa6fa,0xa6fa,0xa6fa,0xa6fa,0xa6fa,0x19e8,0x19e8,0x0000,0xa6fa,0xa6fa,0xa6fa,0xa6fa,0xa6fa,0x0000,0x0000,0x0000,0x0000,0x0000,0x0000,0x0000,0x0000,0x0000,
0x0000,0x0000,0x0000,0x0000,0x0000,0x0000,0x0000,0x0000,0x0000,0x0000,0x0000,0x0000,0x0000,0x0000,0x0000,0x19e8,0x19e8,0xa6fa,0xa6fa,0xa6fa,0xa6fa,0xa6fa,0xa6fa,0xa6fa,0xa6fa,0xa6fa,0xa6fa,0xa6fa,0xa6fa,0xa6fa,0xa6fa,0xa6fa,
0xa6fa,0xa6fa,0xa6fa,0xa6fa,0xa6fa,0xa6fa,0xa6fa,0xa6fa,0xa6fa,0xa6fa,0xa6fa,0xa6fa,0xa6fa,0xa6fa,0xa6fa,0x19e8,0x19e8,0x0000,0x0000,0x0000,0x0000,0x0000,0x0000,0x0000,0x0000,0x0000,0x0000,0x0000,0x0000,0x0000,0x0000,0x0000,
0x0000,0x0000,0x0000,0x0000,0x0000,0x0000,0x0000,0x0000,0x0000,0x0000,0x0000,0x0000,0x0000,0x0000,0x0000,0x19e8,0x19e8,0x19e8,0x19e8,0x19e8,0x19e8,0x19e8,0x19e8,0x19e8,0x19e8,0x19e8,0x19e8,0x19e8,0x19e8,0x19e8,0x19e8,0x19e8,
0x19e8,0x19e8,0x19e8,0x19e8,0x19e8,0x19e8,0x19e8,0x19e8,0x19e8,0x19e8,0x19e8,0x19e8,0x19e8,0x19e8,0x19e8,0x19e8,0x19e8,0x0000,0x0000,0x0000,0x0000,0x0000,0x0000,0x0000,0x0000,0x0000,0x0000,0x0000,0x0000,0x0000,0x0000,0x0000,
0x0000,0x0000,0x0000,0x0000,0x0000,0x0000,0x0000,0x0000,0x0000,0x0000,0x0000,0x0000,0x0000,0x0000,0x0000,0x19e8,0x19e8,0x19e8,0x19e8,0x19e8,0x19e8,0x19e8,0x19e8,0x19e8,0x19e8,0x19e8,0x19e8,0x19e8,0x19e8,0x19e8,0x19e8,0x19e8,
0x19e8,0x19e8,0x19e8,0x19e8,0x19e8,0x19e8,0x19e8,0x19e8,0x19e8,0x19e8,0x19e8,0x19e8,0x19e8,0x19e8,0x19e8,0x19e8,0x19e8,0x0000,0x0000,0x0000,0x0000,0x0000,0x0000,0x0000,0x0000,0x0000,0x0000,0x0000,0x0000,0x0000,0x0000,0x0000,
0x0000,0x0000,0x0000,0x0000,0x0000,0x0000,0x0000,0x0000,0x0000,0x0000,0x0000,0x0000,0x0000,0x0000,0x0000,0x0000,0x0000,0x0000,0x0000,0x0000,0x0000,0x19e8,0x19e8,0x19e8,0x19e8,0x19e8,0x19e8,0x19e8,0x19e8,0x19e8,0x19e8,0x19e8,
0x19e8,0x19e8,0x19e8,0x19e8,0x19e8,0x19e8,0x19e8,0x19e8,0x19e8,0x19e8,0x19e8,0x0000,0x0000,0x0000,0x0000,0x0000,0x0000,0x0000,0x0000,0x0000,0x0000,0x0000,0x0000,0x0000,0x0000,0x0000,0x0000,0x0000,0x0000,0x0000,0x0000,0x0000,
0x0000,0x0000,0x0000,0x0000,0x0000,0x0000,0x0000,0x0000,0x0000,0x0000,0x0000,0x0000,0x0000,0x0000,0x0000,0x0000,0x0000,0x0000,0x0000,0x0000,0x0000,0x19e8,0x19e8,0x19e8,0x19e8,0x19e8,0x19e8,0x19e8,0x19e8,0x19e8,0x19e8,0x19e8,
0x19e8,0x19e8,0x19e8,0x19e8,0x19e8,0x19e8,0x19e8,0x19e8,0x19e8,0x19e8,0x19e8,0x0000,0x0000,0x0000,0x0000,0x0000,0x0000,0x0000,0x0000,0x0000,0x0000,0x0000,0x0000,0x0000,0x0000,0x0000,0x0000,0x0000,0x0000,0x0000,0x0000,0x0000,
0x0000,0x0000,0x0000,0x0000,0x0000,0x0000,0x0000,0x0000,0x0000,0x0000,0x0000,0x0000,0x0000,0x0000,0x0000,0x0000,0x0000,0x0000,0x0000,0x0000,0x0000,0x19e8,0x19e8,0xa6fa,0xa6fa,0xa6fa,0xa6fa,0xa6fa,0xa6fa,0xa6fa,0xa6fa,0xa6fa,
0xa6fa,0xa6fa,0xa6fa,0xa6fa,0xa6fa,0xa6fa,0xa6fa,0xa6fa,0xa6fa,0x19e8,0x19e8,0x0000,0x0000,0x0000,0x0000,0x0000,0x0000,0x0000,0x0000,0x0000,0x0000,0x0000,0x0000,0x0000,0x0000,0x0000,0x0000,0x0000,0x0000,0x0000,0x0000,0x0000,
0x0000,0x0000,0x0000,0x0000,0x0000,0x0000,0x0000,0x0000,0x0000,0x0000,0x0000,0x0000,0x0000,0x0000,0x0000,0x0000,0x0000,0x0000,0x0000,0x0000,0x0000,0x19e8,0x19e8,0xa6fa,0xa6fa,0xa6fa,0xa6fa,0xa6fa,0xa6fa,0xa6fa,0xa6fa,0xa6fa,
0xa6fa,0xa6fa,0xa6fa,0xa6fa,0xa6fa,0xa6fa,0xa6fa,0xa6fa,0xa6fa,0x19e8,0x19e8,0x0000,0x0000,0x0000,0x0000,0x0000,0x0000,0x0000,0x0000,0x0000,0x0000,0x0000,0x0000,0x0000,0x0000,0x0000,0x0000,0x0000,0x0000,0x0000,0x0000,0x0000,
0x0000,0x0000,0x0000,0x0000,0x0000,0x0000,0x0000,0x0000,0x0000,0x0000,0x0000,0x0000,0x0000,0x0000,0x0000,0x0000,0x0000,0x0000,0x0000,0x0000,0x0000,0x19e8,0x19e8,0xa6fa,0xa6fa,0xa6fa,0xa6fa,0xa6fa,0xa6fa,0xa6fa,0xa6fa,0xa6fa,
0xa6fa,0xa6fa,0xa6fa,0xa6fa,0xa6fa,0xa6fa,0xa6fa,0xa6fa,0xa6fa,0x19e8,0x19e8,0x0000,0x0000,0x0000,0x0000,0x0000,0x0000,0x0000,0x0000,0x0000,0x0000,0x0000,0x0000,0x0000,0x0000,0x0000,0x0000,0x0000,0x0000,0x0000,0x0000,0x0000,
0x0000,0x0000,0x0000,0x0000,0x0000,0x0000,0x0000,0x0000,0x0000,0x0000,0x0000,0x0000,0x0000,0x0000,0x0000,0x0000,0x0000,0x0000,0x0000,0x0000,0x0000,0x19e8,0x19e8,0xa6fa,0xa6fa,0xa6fa,0xa6fa,0xa6fa,0xa6fa,0xa6fa,0xa6fa,0xa6fa,
0xa6fa,0xa6fa,0xa6fa,0xa6fa,0xa6fa,0xa6fa,0xa6fa,0xa6fa,0xa6fa,0x19e8,0x19e8,0x0000,0x0000,0x0000,0x0000,0x0000,0x0000,0x0000,0x0000,0x0000,0x0000,0x0000,0x0000,0x0000,0x0000,0x0000,0x0000,0x0000,0x0000,0x0000,0x0000,0x0000,
0x0000,0x0000,0x0000,0x0000,0x0000,0x0000,0x0000,0x0000,0x0000,0x0000,0x0000,0x0000,0x0000,0x0000,0x0000,0x0000,0x0000,0x0000,0x0000,0x0000,0x0000,0x19e8,0x19e8,0xa6fa,0xa6fa,0xa6fa,0xa6fa,0xa6fa,0xa6fa,0xa6fa,0xa6fa,0xa6fa,
0xa6fa,0xa6fa,0xa6fa,0xa6fa,0xa6fa,0xa6fa,0xa6fa,0xa6fa,0xa6fa,0x19e8,0x19e8,0x0000,0x0000,0x0000,0x0000,0x0000,0x0000,0x0000,0x0000,0x0000,0x0000,0x0000,0x0000,0x0000,0x0000,0x0000,0x0000,0x0000,0x0000,0x0000,0x0000,0x0000,
0x0000,0x0000,0x0000,0x0000,0x0000,0x0000,0x0000,0x0000,0x0000,0x0000,0x0000,0x0000,0x0000,0x0000,0x0000,0x0000,0x0000,0x0000,0x0000,0x0000,0x0000,0x19e8,0x19e8,0xa6fa,0xa6fa,0xa6fa,0xa6fa,0xa6fa,0xa6fa,0xa6fa,0xa6fa,0xa6fa,
0xa6fa,0xa6fa,0xa6fa,0xa6fa,0xa6fa,0xa6fa,0xa6fa,0xa6fa,0xa6fa,0x19e8,0x19e8,0x0000,0x0000,0x0000,0x0000,0x0000,0x0000,0x0000,0x0000,0x0000,0x0000,0x0000,0x0000,0x0000,0x0000,0x0000,0x0000,0x0000,0x0000,0x0000,0x0000,0x0000,
0x0000,0x0000,0x0000,0x0000,0x0000,0x0000,0x0000,0x0000,0x0000,0x0000,0x0000,0x0000,0x0000,0x0000,0x0000,0x0000,0x0000,0x0000,0x0000,0x0000,0x0000,0x19e8,0x19e8,0xa6fa,0xa6fa,0xa6fa,0xa6fa,0xa6fa,0xa6fa,0xa6fa,0xa6fa,0xa6fa,
0xa6fa,0xa6fa,0xa6fa,0xa6fa,0xa6fa,0xa6fa,0xa6fa,0xa6fa,0xa6fa,0x19e8,0x19e8,0x0000,0x0000,0x0000,0x0000,0x0000,0x0000,0x0000,0x0000,0x0000,0x0000,0x0000,0x0000,0x0000,0x0000,0x0000,0x0000,0x0000,0x0000,0x0000,0x0000,0x0000,
0x0000,0x0000,0x0000,0x0000,0x0000,0x0000,0x0000,0x0000,0x0000,0x0000,0x0000,0x0000,0x0000,0x0000,0x0000,0x0000,0x0000,0x0000,0x0000,0x0000,0x0000,0x19e8,0x19e8,0xa6fa,0xa6fa,0xa6fa,0xa6fa,0xa6fa,0xa6fa,0xa6fa,0xa6fa,0xa6fa,
0xa6fa,0xa6fa,0xa6fa,0xa6fa,0xa6fa,0xa6fa,0xa6fa,0xa6fa,0xa6fa,0x19e8,0x19e8,0x0000,0x0000,0x0000,0x0000,0x0000,0x0000,0x0000,0x0000,0x0000,0x0000,0x0000,0x0000,0x0000,0x0000,0x0000,0x0000,0x0000,0x0000,0x0000,0x0000,0x0000,
0x0000,0x0000,0x0000,0x0000,0x0000,0x0000,0x0000,0x0000,0x0000,0x0000,0x0000,0x0000,0x0000,0x0000,0x0000,0x0000,0x0000,0x0000,0x0000,0x0000,0x0000,0x19e8,0x19e8,0x19e8,0x19e8,0x19e8,0x19e8,0x19e8,0x19e8,0x19e8,0x19e8,0x19e8,
0x19e8,0x19e8,0x19e8,0x19e8,0x19e8,0x19e8,0x19e8,0x19e8,0x19e8,0x19e8,0x19e8,0x0000,0x0000,0x0000,0x0000,0x0000,0x0000,0x0000,0x0000,0x0000,0x0000,0x0000,0x0000,0x0000,0x0000,0x0000,0x0000,0x0000,0x0000,0x0000,0x0000,0x0000,
0x0000,0x0000,0x0000,0x0000,0x0000,0x0000,0x0000,0x0000,0x0000,0x0000,0x0000,0x0000,0x0000,0x0000,0x0000,0x0000,0x0000,0x0000,0x0000,0x0000,0x0000,0x19e8,0x19e8,0x19e8,0x19e8,0x19e8,0x19e8,0x19e8,0x19e8,0x19e8,0x19e8,0x19e8,
0x19e8,0x19e8,0x19e8,0x19e8,0x19e8,0x19e8,0x19e8,0x19e8,0x19e8,0x19e8,0x19e8,0x0000,0x0000,0x0000,0x0000,0x0000,0x0000,0x0000,0x0000,0x0000,0x0000,0x0000,0x0000,0x0000,0x0000,0x0000,0x0000,0x0000,0x0000,0x0000,0x0000,0x0000,
0x0000,0x0000,0x0000,0x0000,0x0000,0x0000,0x0000,0x0000,0x0000,0x0000,0x0000,0x0000,0x0000,0x0000,0x0000,0x0000,0x0000,0x0000,0x0000,0x0000,0x0000,0x0000,0x0000,0x0000,0x0000,0x0000,0x0000,0x0000,0x0000,0x0000,0x0000,0x0000,
0x0000,0x0000,0x0000,0x0000,0x0000,0x0000,0x0000,0x0000,0x0000,0x0000,0x0000,0x0000,0x0000,0x0000,0x0000,0x0000,0x0000,0x0000,0x0000,0x0000,0x0000,0x0000,0x0000,0x0000,0x0000,0x0000,0x0000,0x0000,0x0000,0x0000,0x0000,0x0000,
0x0000,0x0000,0x0000,0x0000,0x0000,0x0000,0x0000,0x0000,0x0000,0x0000,0x0000,0x0000,0x0000,0x0000,0x0000,0x0000,0x0000,0x0000,0x0000,0x0000,0x0000,0x0000,0x0000,0x0000,0x0000,0x0000,0xa6fa,0xa6fa,0xa6fa,0xa6fa,0x0000,0x0000,
0x0000,0x0000,0xa6fa,0xa6fa,0xa6fa,0xa6fa,0x0000,0x0000,0x0000,0x0000,0x0000,0x0000,0x0000,0x0000,0x0000,0x0000,0x0000,0x0000,0x0000,0x0000,0x0000,0x0000,0x0000,0x0000,0x0000,0x0000,0x0000,0x0000,0x0000,0x0000,0x0000,0x0000,
0x0000,0x0000,0x0000,0x0000,0x0000,0x0000,0x0000,0x0000,0x0000,0x0000,0x0000,0x0000,0x0000,0x0000,0x0000,0x0000,0x0000,0x0000,0x0000,0x0000,0x0000,0x0000,0x0000,0x0000,0x0000,0x0000,0xa6fa,0xa6fa,0xa6fa,0xa6fa,0x0000,0x0000,
0x0000,0x0000,0xa6fa,0xa6fa,0xa6fa,0xa6fa,0x0000,0x0000,0x0000,0x0000,0x0000,0x0000,0x0000,0x0000,0x0000,0x0000,0x0000,0x0000,0x0000,0x0000,0x0000,0x0000,0x0000,0x0000,0x0000,0x0000,0x0000,0x0000,0x0000,0x0000,0x0000,0x0000,
0x0000,0x0000,0x0000,0x0000,0x0000,0x0000,0x0000,0x0000,0x0000,0x0000,0x0000,0x0000,0x0000,0x0000,0x0000,0x0000,0x0000,0x0000,0x0000,0x0000,0x0000,0x0000,0x0000,0x0000,0x0000,0x0000,0xa6fa,0xa6fa,0xa6fa,0xa6fa,0x0000,0x0000,
0x0000,0x0000,0xa6fa,0xa6fa,0xa6fa,0xa6fa,0x0000,0x0000,0x0000,0x0000,0x0000,0x0000,0x0000,0x0000,0x0000,0x0000,0x0000,0x0000,0x0000,0x0000,0x0000,0x0000,0x0000,0x0000,0x0000,0x0000,0x0000,0x0000,0x0000,0x0000,0x0000,0x0000,
0x0000,0x0000,0x0000,0x0000,0x0000,0x0000,0x0000,0x0000,0x0000,0x0000,0x0000,0x0000,0x0000,0x0000,0x0000,0x0000,0x0000,0x0000,0x0000,0x0000,0x0000,0x0000,0x0000,0x0000,0x0000,0x0000,0xa6fa,0xa6fa,0xa6fa,0xa6fa,0x0000,0x0000,
0x0000,0x0000,0xa6fa,0xa6fa,0xa6fa,0xa6fa,0x0000,0x0000,0x0000,0x0000,0x0000,0x0000,0x0000,0x0000,0x0000,0x0000,0x0000,0x0000,0x0000,0x0000,0x0000,0x0000,0x0000,0x0000,0x0000,0x0000,0x0000,0x0000,0x0000,0x0000,0x0000,0x0000,
0x0000,0x0000,0x0000,0x0000,0x0000,0x0000,0x0000,0x0000,0x0000,0x0000,0x0000,0x0000,0x0000,0x0000,0x0000,0x0000,0x0000,0x0000,0x0000,0x0000,0x0000,0x0000,0x0000,0x0000,0x0000,0x0000,0x0000,0x0000,0x0000,0x0000,0x0000,0x0000,
0x0000,0x0000,0x0000,0x0000,0x0000,0x0000,0x0000,0x0000,0x0000,0x0000,0x0000,0x0000,0x0000,0x0000,0x0000,0x0000,0x0000,0x0000,0x0000,0x0000,0x0000,0x0000,0x0000,0x0000,0x0000,0x0000,0x0000,0x0000,0x0000,0x0000,0x0000,0x0000,
0x0000,0x0000,0x0000,0x0000,0x0000,0x0000,0x0000,0x0000,0x0000,0x0000,0x0000,0x0000,0x0000,0x0000,0x0000,0x0000,0x0000,0x0000,0x0000,0x0000,0x0000,0x0000,0x0000,0x0000,0x0000,0x0000,0x0000,0x0000,0x0000,0x0000,0x0000,0x0000,
0x0000,0x0000,0x0000,0x0000,0x0000,0x0000,0x0000,0x0000,0x0000,0x0000,0x0000,0x0000,0x0000,0x0000,0x0000,0x0000,0x0000,0x0000,0x0000,0x0000,0x0000,0x0000,0x0000,0x0000,0x0000,0x0000,0x0000,0x0000,0x0000,0x0000,0x0000,0x0000,
0x0000,0x0000,0x0000,0x0000,0x0000,0x0000,0x0000,0x0000,0x0000,0x0000,0x0000,0x0000,0x0000,0x0000,0x0000,0x0000,0x0000,0x0000,0x0000,0x0000,0x0000,0x0000,0x0000,0x0000,0x0000,0x0000,0x0000,0x0000,0x0000,0x0000,0x0000,0x0000,
0x0000,0x0000,0x0000,0x0000,0x0000,0x0000,0x0000,0x0000,0x0000,0x0000,0x0000,0x0000,0x0000,0x0000,0x0000,0x0000,0x0000,0x0000,0x0000,0x0000,0x0000,0x0000,0x0000,0x0000,0x0000,0x0000,0x0000,0x0000,0x0000,0x0000,0x0000,0x0000,
0x0000,0x0000,0x0000,0x0000,0x0000,0x0000,0x0000,0x0000,0x0000,0x0000,0x0000,0x0000,0x0000,0x0000,0x0000,0x0000,0x0000,0x0000,0x0000,0x0000,0x0000,0x0000,0x0000,0x0000,0x0000,0x0000,0x0000,0x0000,0x0000,0x0000,0x0000,0x0000,
0x0000,0x0000,0x0000,0x0000,0x0000,0x0000,0x0000,0x0000,0x0000,0x0000,0x0000,0x0000,0x0000,0x0000,0x0000,0x0000,0x0000,0x0000,0x0000,0x0000,0x0000,0x0000,0x0000,0x0000,0x0000,0x0000,0x0000,0x0000,0x0000,0x0000,0x0000,0x0000,
0x0000,0x0000,0x0000,0x0000,0x0000,0x0000,0x0000,0x0000,0x0000,0x0000,0x0000,0x0000,0x0000,0x0000,0x0000,0x0000,0x0000,0x0000,0x0000,0x0000,0x0000,0x0000,0x0000,0x0000,0x0000,0x0000,0x0000,0x0000,0x0000,0x0000,0x0000,0x0000,
0x0000,0x0000,0x0000,0x0000,0x0000,0x0000,0x0000,0x0000,0x0000,0x0000,0x0000,0x0000,0x0000,0x0000,0x0000,0x0000,0x0000,0x0000,0x0000,0x0000,0x0000,0x0000,0x0000,0x0000,0x0000,0x0000,0x0000,0x0000,0x0000,0x0000,0x0000,0x0000,
0x0000,0x0000,0x0000,0x0000,0x0000,0x0000,0x0000,0x0000,0x0000,0x0000,0x0000,0x0000,0x0000,0x0000,0x0000,0x0000,0x0000,0x0000,0x0000,0x0000,0x0000,0x0000,0x0000,0x0000,0x0000,0x0000,0x0000,0x0000,0x0000,0x0000,0x0000,0x0000,
0x0000,0x0000,0x0000,0x0000,0x0000,0x0000,0x0000,0x0000,0x0000,0x0000,0x0000,0x0000,0x0000,0x0000,0x0000,0x0000,0x0000,0x0000,0x0000,0x0000,0x0000,0x0000,0x0000,0x0000,0x0000,0x0000,0x0000,0x0000,0x0000,0x0000,0x0000,0x0000,
};
static const uint16_t frame_27[4096] = {
0x0000,0x0000,0x0000,0x0000,0x0000,0x0000,0x0000,0x0000,0x0000,0x0000,0x0000,0x0000,0x0000,0x0000,0x0000,0x0000,0x0000,0x0000,0x0000,0x0000,0x0000,0x0000,0x0000,0x0000,0x0000,0x0000,0x0000,0x0000,0x0000,0x0000,0x0000,0x0000,
0x0000,0x0000,0x0000,0x0000,0x0000,0x0000,0x0000,0x0000,0x0000,0x0000,0x0000,0x0000,0x0000,0x0000,0x0000,0x0000,0x0000,0x0000,0x0000,0x0000,0x0000,0x0000,0x0000,0x0000,0x0000,0x0000,0x0000,0x0000,0x0000,0x0000,0x0000,0x0000,
0x0000,0x0000,0x0000,0x0000,0x0000,0x0000,0x0000,0x0000,0x0000,0x0000,0x0000,0x0000,0x0000,0x0000,0x0000,0x0000,0x0000,0x0000,0x0000,0x0000,0x0000,0x0000,0x0000,0x0000,0x0000,0x0000,0x0000,0x0000,0x0000,0x0000,0x0000,0x0000,
0x0000,0x0000,0x0000,0x0000,0x0000,0x0000,0x0000,0x0000,0x0000,0x0000,0x0000,0x0000,0x0000,0x0000,0x0000,0x0000,0x0000,0x0000,0x0000,0x0000,0x0000,0x0000,0x0000,0x0000,0x0000,0x0000,0x0000,0x0000,0x0000,0x0000,0x0000,0x0000,
0x0000,0x0000,0x0000,0x0000,0x0000,0x0000,0x0000,0x0000,0x0000,0x0000,0x0000,0x0000,0x0000,0x0000,0x0000,0x0000,0x0000,0x0000,0x0000,0x0000,0x0000,0x0000,0x0000,0x0000,0x0000,0x0000,0x0000,0x0000,0x0000,0x0000,0x0000,0x0000,
0x0000,0x0000,0x0000,0x0000,0x0000,0x0000,0x0000,0x0000,0x0000,0x0000,0x0000,0x0000,0x0000,0x0000,0x0000,0x0000,0x0000,0x0000,0x0000,0x0000,0x0000,0x0000,0x0000,0x0000,0x0000,0x0000,0x0000,0x0000,0x0000,0x0000,0x0000,0x0000,
0x0000,0x0000,0x0000,0x0000,0x0000,0x0000,0x0000,0x0000,0x0000,0x0000,0x0000,0x0000,0x0000,0x0000,0x0000,0x0000,0x0000,0x0000,0x0000,0x0000,0x0000,0x0000,0x0000,0x0000,0x0000,0x0000,0x0000,0x0000,0x0000,0x0000,0x0000,0x0000,
0x0000,0x0000,0x0000,0x0000,0x0000,0x0000,0x0000,0x0000,0x0000,0x0000,0x0000,0x0000,0x0000,0x0000,0x0000,0x0000,0x0000,0x0000,0x0000,0x0000,0x0000,0x0000,0x0000,0x0000,0x0000,0x0000,0x0000,0x0000,0x0000,0x0000,0x0000,0x0000,
0x0000,0x0000,0x0000,0x0000,0x0000,0x0000,0x0000,0x0000,0x0000,0x0000,0x0000,0x0000,0x0000,0x0000,0x0000,0x0000,0x0000,0x0000,0x0000,0x0000,0x0000,0x0000,0x0000,0x0000,0x0000,0x0000,0x0000,0x0000,0x0000,0x0000,0x0000,0x0000,
0x0000,0x0000,0x0000,0x0000,0x0000,0x0000,0x0000,0x0000,0x0000,0x0000,0x0000,0x0000,0x0000,0x0000,0x0000,0x0000,0x0000,0x0000,0x0000,0x0000,0x0000,0x0000,0x0000,0x0000,0x0000,0x0000,0x0000,0x0000,0x0000,0x0000,0x0000,0x0000,
0x0000,0x0000,0x0000,0x0000,0x0000,0x0000,0x0000,0x0000,0x0000,0x0000,0x0000,0x0000,0x0000,0x0000,0x0000,0x0000,0x0000,0x0000,0x0000,0x0000,0x0000,0x0000,0x0000,0x0000,0x0000,0x0000,0x0000,0x0000,0x0000,0x0000,0x0000,0x0000,
0x0000,0x0000,0x0000,0x0000,0x0000,0x0000,0x0000,0x0000,0x0000,0x0000,0x0000,0x0000,0x0000,0x0000,0x0000,0x0000,0x0000,0x0000,0x0000,0x0000,0x0000,0x0000,0x0000,0x0000,0x0000,0x0000,0x0000,0x0000,0x0000,0x0000,0x0000,0x0000,
0x0000,0x0000,0x0000,0x0000,0x0000,0x0000,0x0000,0x0000,0x0000,0x0000,0x0000,0x0000,0x0000,0x0000,0x0000,0x0000,0x0000,0x0000,0x0000,0x0000,0x0000,0x0000,0x0000,0x0000,0x0000,0x0000,0x0000,0x0000,0x0000,0x0000,0x0000,0x0000,
0x0000,0x0000,0x0000,0x0000,0x0000,0x0000,0x0000,0x0000,0x0000,0x0000,0x0000,0x0000,0x0000,0x0000,0x0000,0x0000,0x0000,0x0000,0x0000,0x0000,0x0000,0x0000,0x0000,0x0000,0x0000,0x0000,0x0000,0x0000,0x0000,0x0000,0x0000,0x0000,
0x0000,0x0000,0x0000,0x0000,0x0000,0x0000,0x0000,0x0000,0x0000,0x0000,0x0000,0x0000,0x0000,0x0000,0x0000,0x0000,0x0000,0x0000,0x0000,0x0000,0x0000,0x0000,0x0000,0x0000,0x0000,0x0000,0x0000,0x0000,0x0000,0x0000,0x0000,0x0000,
0x0000,0x0000,0x0000,0x0000,0x0000,0x0000,0x0000,0x0000,0x0000,0x0000,0x0000,0x0000,0x0000,0x0000,0x0000,0x0000,0x0000,0x0000,0x0000,0x0000,0x0000,0x0000,0x0000,0x0000,0x0000,0x0000,0x0000,0x0000,0x0000,0x0000,0x0000,0x0000,
0x0000,0x0000,0x0000,0x0000,0x0000,0x0000,0x0000,0x0000,0x0000,0x0000,0x0000,0x0000,0x0000,0x0000,0x0000,0x0000,0x0000,0x0000,0x0000,0x0000,0x0000,0x0000,0x0000,0x0000,0x0000,0x0000,0x0000,0xfeb2,0xfeb2,0xfeb2,0xfeb2,0xfeb2,
0xfeb2,0xfeb2,0xfeb2,0xfeb2,0xfeb2,0x0000,0x0000,0x0000,0x0000,0x0000,0x0000,0x0000,0x0000,0x0000,0x0000,0x0000,0x0000,0x0000,0x0000,0x0000,0x0000,0x0000,0x0000,0xfeb2,0xfeb2,0xfeb2,0x0000,0x0000,0x0000,0x0000,0x0000,0x0000,
0x0000,0x0000,0x0000,0x0000,0x0000,0x0000,0x0000,0x0000,0x0000,0x0000,0x0000,0x0000,0x0000,0x0000,0x0000,0x0000,0x0000,0x0000,0x0000,0x0000,0x0000,0x0000,0x0000,0x0000,0x0000,0x0000,0x0000,0xfeb2,0xfeb2,0xfeb2,0xfeb2,0xfeb2,
0xfeb2,0xfeb2,0xfeb2,0xfeb2,0xfeb2,0x0000,0x0000,0x0000,0x0000,0x0000,0x0000,0x0000,0x0000,0x0000,0x0000,0x0000,0x0000,0x0000,0x0000,0x0000,0x0000,0x0000,0x0000,0xfeb2,0xfeb2,0xfeb2,0x0000,0x0000,0x0000,0x0000,0x0000,0x0000,
0x0000,0x0000,0x0000,0x0000,0x0000,0x0000,0x0000,0x0000,0x0000,0x0000,0x0000,0x0000,0x0000,0x0000,0x0000,0x0000,0x0000,0x0000,0x0000,0x0000,0x0000,0x0000,0x0000,0x0000,0x0000,0x0000,0x0000,0xfeb2,0xfeb2,0xfeb2,0xfeb2,0xfeb2,
0xfeb2,0xfeb2,0xfeb2,0xfeb2,0xfeb2,0x0000,0x0000,0x0000,0x0000,0x0000,0x0000,0x0000,0x0000,0x0000,0x0000,0x0000,0x0000,0x0000,0x0000,0x0000,0x0000,0x0000,0x0000,0xfeb2,0xfeb2,0xfeb2,0x0000,0x0000,0x0000,0x0000,0x0000,0x0000,
0x0000,0x0000,0x0000,0x0000,0x0000,0x0000,0x0000,0x0000,0x0000,0x0000,0x0000,0x0000,0x0000,0x0000,0x0000,0x0000,0x0000,0x0000,0x0000,0x0000,0x0000,0x0000,0x0000,0x0000,0x0000,0x0000,0x0000,0xfeb2,0xfeb2,0xfeb2,0xa6fa,0xa6fa,
0xa6fa,0xa6fa,0xfeb2,0xfeb2,0xfeb2,0x0000,0x0000,0x0000,0x0000,0x0000,0x0000,0x0000,0x0000,0x0000,0x0000,0x0000,0x0000,0x0000,0x0000,0x0000,0x0000,0x0000,0x0000,0x0000,0x0000,0x0000,0x0000,0x0000,0x0000,0x0000,0x0000,0x0000,
0x0000,0x0000,0x0000,0x0000,0x0000,0x0000,0x0000,0x0000,0x0000,0x0000,0x0000,0x0000,0x0000,0x0000,0x0000,0x0000,0x0000,0x0000,0x0000,0x0000,0x0000,0x0000,0x0000,0x0000,0x0000,0x0000,0x0000,0x0000,0x0000,0x0000,0xa6fa,0xa6fa,
0xa6fa,0xa6fa,0x0000,0x0000,0x0000,0x0000,0x0000,0x0000,0x0000,0x0000,0x0000,0x0000,0x0000,0x0000,0x0000,0x0000,0x0000,0x0000,0x0000,0x0000,0x0000,0x0000,0x0000,0x0000,0x0000,0x0000,0x0000,0x0000,0x0000,0x0000,0x0000,0x0000,
0x0000,0x0000,0x0000,0x0000,0x0000,0x0000,0xfeb2,0xfeb2,0xfeb2,0x0000,0x0000,0x0000,0x0000,0x0000,0x0000,0x0000,0x0000,0x0000,0x0000,0x0000,0x0000,0x0000,0x0000,0x0000,0x0000,0x0000,0x0000,0x0000,0x0000,0x0000,0xa6fa,0xa6fa,
0xa6fa,0xa6fa,0x0000,0x0000,0x0000,0x0000,0x0000,0x0000,0x0000,0x0000,0x0000,0x0000,0x0000,0x0000,0x0000,0x0000,0x0000,0x0000,0x0000,0x0000,0x0000,0x0000,0x0000,0x0000,0x0000,0x0000,0x0000,0x0000,0x0000,0x0000,0x0000,0x0000,
0x0000,0x0000,0x0000,0x0000,0x0000,0x0000,0xfeb2,0xfeb2,0xfeb2,0x0000,0x0000,0x0000,0x0000,0x0000,0x0000,0x0000,0x0000,0x0000,0x0000,0x0000,0x0000,0x0000,0x0000,0x0000,0x0000,0x0000,0x0000,0x0000,0x0000,0x0000,0xa6fa,0xa6fa,
0xa6fa,0xa6fa,0x0000,0x0000,0x0000,0x0000,0x0000,0x0000,0x0000,0x0000,0x0000,0x0000,0x0000,0x0000,0x0000,0x0000,0x0000,0x0000,0x0000,0x0000,0x0000,0x0000,0x0000,0x0000,0x0000,0x0000,0x0000,0x0000,0x0000,0x0000,0x0000,0x0000,
0x0000,0x0000,0x0000,0x0000,0x0000,0x0000,0xfeb2,0xfeb2,0xfeb2,0x0000,0x0000,0x0000,0x0000,0x0000,0x0000,0x19e8,0x19e8,0x19e8,0x19e8,0x19e8,0x19e8,0x19e8,0x19e8,0x19e8,0x19e8,0x19e8,0x19e8,0x19e8,0x19e8,0x19e8,0x19e8,0x19e8,
0x19e8,0x19e8,0x19e8,0x19e8,0x19e8,0x19e8,0x19e8,0x19e8,0x19e8,0x19e8,0x19e8,0x19e8,0x19e8,0x19e8,0x19e8,0x19e8,0x19e8,0x0000,0x0000,0x0000,0x0000,0x0000,0x0000,0x0000,0x0000,0x0000,0x0000,0x0000,0x0000,0x0000,0x0000,0x0000,
0x0000,0x0000,0x0000,0x0000,0x0000,0x0000,0x0000,0x0000,0x0000,0x0000,0x0000,0x0000,0x0000,0x0000,0x0000,0x19e8,0x19e8,0x19e8,0x19e8,0x19e8,0x19e8,0x19e8,0x19e8,0x19e8,0x19e8,0x19e8,0x19e8,0x19e8,0x19e8,0x19e8,0x19e8,0x19e8,
0x19e8,0x19e8,0x19e8,0x19e8,0x19e8,0x19e8,0x19e8,0x19e8,0x19e8,0x19e8,0x19e8,0x19e8,0x19e8,0x19e8,0x19e8,0x19e8,0x19e8,0x0000,0x0000,0x0000,0x0000,0x0000,0x0000,0x0000,0x0000,0x0000,0x0000,0x0000,0x0000,0x0000,0x0000,0x0000,
0x0000,0x0000,0x0000,0x0000,0x0000,0x0000,0x0000,0x0000,0x0000,0x0000,0x0000,0x0000,0x0000,0x0000,0x0000,0x19e8,0x19e8,0xa6fa,0xa6fa,0xa6fa,0xa6fa,0xa6fa,0xa6fa,0xa6fa,0xa6fa,0xa6fa,0xa6fa,0xa6fa,0xa6fa,0xa6fa,0xa6fa,0xa6fa,
0xa6fa,0xa6fa,0xa6fa,0xa6fa,0xa6fa,0xa6fa,0xa6fa,0xa6fa,0xa6fa,0xa6fa,0xa6fa,0xa6fa,0xa6fa,0xa6fa,0xa6fa,0x19e8,0x19e8,0x0000,0x0000,0x0000,0x0000,0x0000,0x0000,0x0000,0x0000,0x0000,0x0000,0x0000,0x0000,0x0000,0x0000,0x0000,
0x0000,0x0000,0x0000,0x0000,0x0000,0x0000,0x0000,0x0000,0x0000,0x0000,0x0000,0x0000,0x0000,0x0000,0x0000,0x19e8,0x19e8,0xa6fa,0xa6fa,0xa6fa,0xa6fa,0xa6fa,0xa6fa,0xa6fa,0xa6fa,0xa6fa,0xa6fa,0xa6fa,0xa6fa,0xa6fa,0xa6fa,0xa6fa,
0xa6fa,0xa6fa,0xa6fa,0xa6fa,0xa6fa,0xa6fa,0xa6fa,0xa6fa,0xa6fa,0xa6fa,0xa6fa,0xa6fa,0xa6fa,0xa6fa,0xa6fa,0x19e8,0x19e8,0x0000,0x0000,0x0000,0x0000,0x0000,0x0000,0x0000,0x0000,0x0000,0x0000,0x0000,0x0000,0x0000,0x0000,0x0000,
0x0000,0x0000,0x0000,0x0000,0x0000,0x0000,0x0000,0x0000,0x0000,0x0000,0x0000,0x0000,0x0000,0x0000,0x0000,0x19e8,0x19e8,0xa6fa,0xa6fa,0xa6fa,0xa6fa,0xa6fa,0xa6fa,0xa6fa,0xa6fa,0xa6fa,0xa6fa,0xa6fa,0xa6fa,0xa6fa,0xa6fa,0xa6fa,
0xa6fa,0xa6fa,0xa6fa,0xa6fa,0xa6fa,0xa6fa,0xa6fa,0xa6fa,0xa6fa,0xa6fa,0xa6fa,0xa6fa,0xa6fa,0xa6fa,0xa6fa,0x19e8,0x19e8,0x0000,0x0000,0x0000,0x0000,0x0000,0x0000,0x0000,0x0000,0x0000,0x0000,0x0000,0x0000,0x0000,0x0000,0x0000,
0x0000,0x0000,0x0000,0x0000,0x0000,0x0000,0x0000,0x0000,0x0000,0x0000,0x0000,0x0000,0x0000,0x0000,0x0000,0x19e8,0x19e8,0xa6fa,0xa6fa,0xa6fa,0xa6fa,0xa6fa,0xa6fa,0xa6fa,0xa6fa,0xa6fa,0xa6fa,0xa6fa,0xa6fa,0xa6fa,0xa6fa,0xa6fa,
0xa6fa,0xa6fa,0xa6fa,0xa6fa,0xa6fa,0xa6fa,0xa6fa,0xa6fa,0xa6fa,0xa6fa,0xa6fa,0xa6fa,0xa6fa,0xa6fa,0xa6fa,0x19e8,0x19e8,0x0000,0x0000,0x0000,0x0000,0x0000,0x0000,0x0000,0x0000,0x0000,0x0000,0x0000,0x0000,0x0000,0x0000,0x0000,
0x0000,0x0000,0x0000,0x0000,0x0000,0x0000,0x0000,0x0000,0x0000,0x0000,0x0000,0x0000,0x0000,0x0000,0x0000,0x19e8,0x19e8,0xa6fa,0xa6fa,0xa6fa,0xa6fa,0x19e8,0x19e8,0x19e8,0x19e8,0x19e8,0x19e8,0x19e8,0x19e8,0x19e8,0x19e8,0x19e8,
0x19e8,0x19e8,0x19e8,0x19e8,0x19e8,0x19e8,0x19e8,0x19e8,0x19e8,0x19e8,0x19e8,0xa6fa,0xa6fa,0xa6fa,0xa6fa,0x19e8,0x19e8,0x0000,0x0000,0x0000,0x0000,0x0000,0x0000,0x0000,0x0000,0x0000,0x0000,0x0000,0x0000,0x0000,0x0000,0x0000,
0x0000,0x0000,0x0000,0x0000,0x0000,0x0000,0x0000,0x0000,0x0000,0x0000,0x0000,0x0000,0x0000,0x0000,0x0000,0x19e8,0x19e8,0xa6fa,0xa6fa,0xa6fa,0xa6fa,0x19e8,0x19e8,0x19e8,0x19e8,0x19e8,0x19e8,0x19e8,0x19e8,0x19e8,0x19e8,0x19e8,
0x19e8,0x19e8,0x19e8,0x19e8,0x19e8,0x19e8,0x19e8,0x19e8,0x19e8,0x19e8,0x19e8,0xa6fa,0xa6fa,0xa6fa,0xa6fa,0x19e8,0x19e8,0x0000,0x0000,0x0000,0x0000,0x0000,0x0000,0x0000,0x0000,0x0000,0x0000,0x0000,0x0000,0x0000,0x0000,0x0000,
0x0000,0x0000,0x0000,0x0000,0x0000,0x0000,0x0000,0x0000,0x0000,0x0000,0x0000,0x0000,0x0000,0x0000,0x0000,0x19e8,0x19e8,0xa6fa,0xa6fa,0xa6fa,0xa6fa,0x19e8,0x19e8,0x19e8,0x19e8,0x19e8,0x19e8,0x19e8,0x19e8,0x19e8,0x19e8,0x19e8,
0x19e8,0x19e8,0x19e8,0x19e8,0x19e8,0x19e8,0x19e8,0x19e8,0x19e8,0x19e8,0x19e8,0xa6fa,0xa6fa,0xa6fa,0xa6fa,0x19e8,0x19e8,0x0000,0x0000,0x0000,0x0000,0x0000,0x0000,0x0000,0x0000,0x0000,0x0000,0x0000,0x0000,0x0000,0x0000,0x0000,
0x0000,0x0000,0x0000,0x0000,0x0000,0x0000,0x0000,0x0000,0x0000,0x0000,0x0000,0x0000,0x0000,0x0000,0x0000,0x19e8,0x19e8,0xa6fa,0xa6fa,0xa6fa,0xa6fa,0x19e8,0x19e8,0x19e8,0x19e8,0x19e8,0x19e8,0x19e8,0x19e8,0x19e8,0x19e8,0x19e8,
0x19e8,0x19e8,0x19e8,0x19e8,0x19e8,0x19e8,0x19e8,0x19e8,0x19e8,0x19e8,0x19e8,0xa6fa,0xa6fa,0xa6fa,0xa6fa,0x19e8,0x19e8,0x0000,0x0000,0x0000,0x0000,0x0000,0x0000,0x0000,0x0000,0x0000,0x0000,0x0000,0x0000,0x0000,0x0000,0x0000,
0x0000,0x0000,0x0000,0x0000,0x0000,0x0000,0x0000,0x0000,0x0000,0x0000,0x0000,0x0000,0x0000,0x0000,0x0000,0x19e8,0x19e8,0xa6fa,0xa6fa,0xa6fa,0xa6fa,0x19e8,0x19e8,0x19e8,0x19e8,0xefdb,0x19e8,0xefdb,0x19e8,0x19e8,0x19e8,0x19e8,
0x19e8,0x19e8,0x19e8,0x19e8,0xefdb,0x19e8,0xefdb,0x19e8,0x19e8,0x19e8,0x19e8,0xa6fa,0xa6fa,0xa6fa,0xa6fa,0x19e8,0x19e8,0x0000,0x0000,0x0000,0x0000,0x0000,0x0000,0x0000,0x0000,0x0000,0x0000,0x0000,0x0000,0x0000,0x0000,0x0000,
0x0000,0x0000,0x0000,0x0000,0x0000,0x0000,0x0000,0x0000,0x0000,0x0000,0x0000,0x0000,0x0000,0x0000,0x0000,0x19e8,0x19e8,0xa6fa,0xa6fa,0xa6fa,0xa6fa,0x19e8,0x19e8,0x19e8,0xefdb,0xefdb,0xefdb,0xefdb,0xefdb,0x19e8,0x19e8,0x19e8,
0x19e8,0x19e8,0x19e8,0xefdb,0xefdb,0xefdb,0xefdb,0xefdb,0x19e8,0x19e8,0x19e8,0xa6fa,0xa6fa,0xa6fa,0xa6fa,0x19e8,0x19e8,0x0000,0x0000,0x0000,0x0000,0x0000,0x0000,0x0000,0x0000,0x0000,0x0000,0x0000,0x0000,0x0000,0x0000,0x0000,
0x0000,0x0000,0x0000,0x0000,0x0000,0x0000,0x0000,0x0000,0x0000,0x0000,0x0000,0x0000,0x0000,0x0000,0x0000,0x19e8,0x19e8,0xa6fa,0xa6fa,0xa6fa,0xa6fa,0x19e8,0x19e8,0x19e8,0xefdb,0xefdb,0x19e8,0xefdb,0xefdb,0x19e8,0x19e8,0x19e8,
0x19e8,0x19e8,0x19e8,0xefdb,0xefdb,0x19e8,0xefdb,0xefdb,0x19e8,0x19e8,0x19e8,0xa6fa,0xa6fa,0xa6fa,0xa6fa,0x19e8,0x19e8,0x0000,0x0000,0x0000,0x0000,0x0000,0x0000,0x0000,0x0000,0x0000,0x0000,0x0000,0x0000,0x0000,0x0000,0x0000,
0x0000,0x0000,0x0000,0x0000,0x0000,0x0000,0x0000,0x0000,0x0000,0x0000,0x0000,0x0000,0x0000,0x0000,0x0000,0x19e8,0x19e8,0xa6fa,0xa6fa,0xa6fa,0xa6fa,0x19e8,0x19e8,0xefdb,0xefdb,0xefdb,0x19e8,0xefdb,0xefdb,0xefdb,0x19e8,0x19e8,
0x19e8,0x19e8,0xefdb,0xefdb,0xefdb,0x19e8,0xefdb,0xefdb,0xefdb,0x19e8,0x19e8,0xa6fa,0xa6fa,0xa6fa,0xa6fa,0x19e8,0x19e8,0x0000,0x0000,0x0000,0x0000,0x0000,0x0000,0x0000,0x0000,0x0000,0x0000,0x0000,0x0000,0x0000,0x0000,0x0000,
0x0000,0x0000,0x0000,0x0000,0x0000,0x0000,0x0000,0x0000,0x0000,0x0000,0x0000,0x0000,0x0000,0x0000,0x0000,0x19e8,0x19e8,0xa6fa,0xa6fa,0xa6fa,0xa6fa,0x19e8,0x19e8,0x19e8,0xefdb,0x19e8,0x19e8,0x19e8,0xefdb,0x19e8,0x19e8,0x19e8,
0x19e8,0x19e8,0x19e8,0xefdb,0x19e8,0x19e8,0x19e8,0xefdb,0x19e8,0x19e8,0x19e8,0xa6fa,0xa6fa,0xa6fa,0xa6fa,0x19e8,0x19e8,0x0000,0x0000,0x0000,0x0000,0x0000,0x0000,0x0000,0x0000,0x0000,0x0000,0x0000,0x0000,0x0000,0x0000,0x0000,
0x0000,0x0000,0x0000,0x0000,0x0000,0x0000,0x0000,0x0000,0x0000,0xa6fa,0xa6fa,0xa6fa,0xa6fa,0xa6fa,0x0000,0x19e8,0x19e8,0xa6fa,0xa6fa,0xa6fa,0xa6fa,0x19e8,0x19e8,0x19e8,0x19e8,0x19e8,0x19e8,0x19e8,0x19e8,0x19e8,0x19e8,0x19e8,
0x19e8,0x19e8,0x19e8,0x19e8,0x19e8,0x19e8,0x19e8,0x19e8,0x19e8,0x19e8,0x19e8,0xa6fa,0xa6fa,0xa6fa,0xa6fa,0x19e8,0x19e8,0x0000,0xa6fa,0xa6fa,0xa6fa,0xa6fa,0xa6fa,0x0000,0x0000,0x0000,0x0000,0x0000,0x0000,0x0000,0x0000,0x0000,
0x0000,0x0000,0x0000,0x0000,0x0000,0x0000,0x0000,0x0000,0x0000,0xa6fa,0xa6fa,0xa6fa,0xa6fa,0xa6fa,0x0000,0x19e8,0x19e8,0xa6fa,0xa6fa,0xa6fa,0xa6fa,0x19e8,0x19e8,0x19e8,0x19e8,0x19e8,0x19e8,0x19e8,0x19e8,0x19e8,0x19e8,0x19e8,
0x19e8,0x19e8,0x19e8,0x19e8,0x19e8,0x19e8,0x19e8,0x19e8,0x19e8,0x19e8,0x19e8,0xa6fa,0xa6fa,0xa6fa,0xa6fa,0x19e8,0x19e8,0x0000,0xa6fa,0xa6fa,0xa6fa,0xa6fa,0xa6fa,0x0000,0x0000,0x0000,0x0000,0x0000,0x0000,0x0000,0x0000,0x0000,
0x0000,0x0000,0x0000,0x0000,0x0000,0x0000,0x0000,0x0000,0x0000,0xa6fa,0xa6fa,0xa6fa,0xa6fa,0xa6fa,0x0000,0x19e8,0x19e8,0xa6fa,0xa6fa,0xa6fa,0xa6fa,0x19e8,0x19e8,0x19e8,0x19e8,0x19e8,0x19e8,0x19e8,0x19e8,0x19e8,0x19e8,0x19e8,
0x19e8,0x19e8,0x19e8,0x19e8,0x19e8,0x19e8,0x19e8,0x19e8,0x19e8,0x19e8,0x19e8,0xa6fa,0xa6fa,0xa6fa,0xa6fa,0x19e8,0x19e8,0x0000,0xa6fa,0xa6fa,0xa6fa,0xa6fa,0xa6fa,0x0000,0x0000,0x0000,0x0000,0x0000,0x0000,0x0000,0x0000,0x0000,
0x0000,0x0000,0x0000,0x0000,0x0000,0x0000,0x0000,0x0000,0x0000,0xa6fa,0xa6fa,0xa6fa,0xa6fa,0xa6fa,0x0000,0x19e8,0x19e8,0xa6fa,0xa6fa,0xa6fa,0xa6fa,0x19e8,0x19e8,0x19e8,0x19e8,0x19e8,0x19e8,0x19e8,0x19e8,0x19e8,0x19e8,0x19e8,
0x19e8,0x19e8,0x19e8,0x19e8,0x19e8,0x19e8,0x19e8,0x19e8,0x19e8,0x19e8,0x19e8,0xa6fa,0xa6fa,0xa6fa,0xa6fa,0x19e8,0x19e8,0x0000,0xa6fa,0xa6fa,0xa6fa,0xa6fa,0xa6fa,0x0000,0x0000,0x0000,0x0000,0x0000,0x0000,0x0000,0x0000,0x0000,
0x0000,0x0000,0x0000,0x0000,0x0000,0x0000,0x0000,0x0000,0x0000,0xa6fa,0xa6fa,0xa6fa,0xa6fa,0xa6fa,0x0000,0x19e8,0x19e8,0xa6fa,0xa6fa,0xa6fa,0xa6fa,0x19e8,0x19e8,0x19e8,0x19e8,0x19e8,0x19e8,0x19e8,0x19e8,0x19e8,0x19e8,0x19e8,
0x19e8,0x19e8,0x19e8,0x19e8,0x19e8,0x19e8,0x19e8,0x19e8,0x19e8,0x19e8,0x19e8,0xa6fa,0xa6fa,0xa6fa,0xa6fa,0x19e8,0x19e8,0x0000,0xa6fa,0xa6fa,0xa6fa,0xa6fa,0xa6fa,0x0000,0x0000,0x0000,0x0000,0x0000,0x0000,0x0000,0x0000,0x0000,
0x0000,0x0000,0x0000,0x0000,0x0000,0x0000,0x0000,0x0000,0x0000,0xa6fa,0xa6fa,0xa6fa,0xa6fa,0xa6fa,0x0000,0x19e8,0x19e8,0xa6fa,0xa6fa,0xa6fa,0xa6fa,0xa6fa,0xa6fa,0xa6fa,0xa6fa,0xa6fa,0xa6fa,0xa6fa,0xa6fa,0xa6fa,0xa6fa,0xa6fa,
0xa6fa,0xa6fa,0xa6fa,0xa6fa,0xa6fa,0xa6fa,0xa6fa,0xa6fa,0xa6fa,0xa6fa,0xa6fa,0xa6fa,0xa6fa,0xa6fa,0xa6fa,0x19e8,0x19e8,0x0000,0xa6fa,0xa6fa,0xa6fa,0xa6fa,0xa6fa,0x0000,0x0000,0x0000,0x0000,0x0000,0x0000,0x0000,0x0000,0x0000,
0x0000,0x0000,0x0000,0x0000,0x0000,0x0000,0x0000,0x0000,0x0000,0xa6fa,0xa6fa,0xa6fa,0xa6fa,0xa6fa,0x0000,0x19e8,0x19e8,0xa6fa,0xa6fa,0xa6fa,0xa6fa,0xa6fa,0xa6fa,0xa6fa,0xa6fa,0xa6fa,0xa6fa,0x19e8,0x19e8,0x19e8,0x19e8,0x19e8,
0x19e8,0x19e8,0x19e8,0x19e8,0x19e8,0xa6fa,0xa6fa,0xa6fa,0xa6fa,0xa6fa,0xa6fa,0xa6fa,0xa6fa,0xa6fa,0xa6fa,0x19e8,0x19e8,0x0000,0xa6fa,0xa6fa,0xa6fa,0xa6fa,0xa6fa,0x0000,0x0000,0x0000,0x0000,0x0000,0x0000,0x0000,0x0000,0x0000,
0x0000,0x0000,0x0000,0x0000,0x0000,0x0000,0x0000,0x0000,0x0000,0xa6fa,0xa6fa,0xa6fa,0xa6fa,0xa6fa,0x0000,0x19e8,0x19e8,0xa6fa,0xa6fa,0xa6fa,0xa6fa,0xa6fa,0xa6fa,0xa6fa,0xa6fa,0xa6fa,0xa6fa,0x19e8,0x19e8,0x19e8,0x19e8,0x19e8,
0x19e8,0x19e8,0x19e8,0x19e8,0x19e8,0xa6fa,0xa6fa,0xa6fa,0xa6fa,0xa6fa,0xa6fa,0xa6fa,0xa6fa,0xa6fa,0xa6fa,0x19e8,0x19e8,0x0000,0xa6fa,0xa6fa,0xa6fa,0xa6fa,0xa6fa,0x0000,0x0000,0x0000,0x0000,0x0000,0x0000,0x0000,0x0000,0x0000,
0x0000,0x0000,0x0000,0x0000,0x0000,0x0000,0x0000,0x0000,0x0000,0xa6fa,0xa6fa,0xa6fa,0xa6fa,0xa6fa,0x0000,0x19e8,0x19e8,0xa6fa,0xa6fa,0xa6fa,0xa6fa,0xa6fa,0xa6fa,0xa6fa,0xa6fa,0xa6fa,0xa6fa,0xa6fa,0xa6fa,0xa6fa,0xa6fa,0xa6fa,
0xa6fa,0xa6fa,0xa6fa,0xa6fa,0xa6fa,0xa6fa,0xa6fa,0xa6fa,0xa6fa,0xa6fa,0xa6fa,0xa6fa,0xa6fa,0xa6fa,0xa6fa,0x19e8,0x19e8,0x0000,0xa6fa,0xa6fa,0xa6fa,0xa6fa,0xa6fa,0x0000,0x0000,0x0000,0x0000,0x0000,0x0000,0x0000,0x0000,0x0000,
0x0000,0x0000,0x0000,0x0000,0x0000,0x0000,0x0000,0x0000,0x0000,0x0000,0x0000,0x0000,0x0000,0x0000,0x0000,0x19e8,0x19e8,0xa6fa,0xa6fa,0xa6fa,0xa6fa,0xa6fa,0xa6fa,0xa6fa,0xa6fa,0xa6fa,0xa6fa,0xa6fa,0xa6fa,0xa6fa,0xa6fa,0xa6fa,
0xa6fa,0xa6fa,0xa6fa,0xa6fa,0xa6fa,0xa6fa,0xa6fa,0xa6fa,0xa6fa,0xa6fa,0xa6fa,0xa6fa,0xa6fa,0xa6fa,0xa6fa,0x19e8,0x19e8,0x0000,0x0000,0x0000,0x0000,0x0000,0x0000,0x0000,0x0000,0x0000,0x0000,0x0000,0x0000,0x0000,0x0000,0x0000,
0x0000,0x0000,0x0000,0x0000,0x0000,0x0000,0x0000,0x0000,0x0000,0x0000,0x0000,0x0000,0x0000,0x0000,0x0000,0x19e8,0x19e8,0x19e8,0x19e8,0x19e8,0x19e8,0x19e8,0x19e8,0x19e8,0x19e8,0x19e8,0x19e8,0x19e8,0x19e8,0x19e8,0x19e8,0x19e8,
0x19e8,0x19e8,0x19e8,0x19e8,0x19e8,0x19e8,0x19e8,0x19e8,0x19e8,0x19e8,0x19e8,0x19e8,0x19e8,0x19e8,0x19e8,0x19e8,0x19e8,0x0000,0x0000,0x0000,0x0000,0x0000,0x0000,0x0000,0x0000,0x0000,0x0000,0x0000,0x0000,0x0000,0x0000,0x0000,
0x0000,0x0000,0x0000,0x0000,0x0000,0x0000,0x0000,0x0000,0x0000,0x0000,0x0000,0x0000,0x0000,0x0000,0x0000,0x19e8,0x19e8,0x19e8,0x19e8,0x19e8,0x19e8,0x19e8,0x19e8,0x19e8,0x19e8,0x19e8,0x19e8,0x19e8,0x19e8,0x19e8,0x19e8,0x19e8,
0x19e8,0x19e8,0x19e8,0x19e8,0x19e8,0x19e8,0x19e8,0x19e8,0x19e8,0x19e8,0x19e8,0x19e8,0x19e8,0x19e8,0x19e8,0x19e8,0x19e8,0x0000,0x0000,0x0000,0x0000,0x0000,0x0000,0x0000,0x0000,0x0000,0x0000,0x0000,0x0000,0x0000,0x0000,0x0000,
0x0000,0x0000,0x0000,0x0000,0x0000,0x0000,0x0000,0x0000,0x0000,0x0000,0x0000,0x0000,0x0000,0x0000,0x0000,0x0000,0x0000,0x0000,0x0000,0x0000,0x0000,0x19e8,0x19e8,0x19e8,0x19e8,0x19e8,0x19e8,0x19e8,0x19e8,0x19e8,0x19e8,0x19e8,
0x19e8,0x19e8,0x19e8,0x19e8,0x19e8,0x19e8,0x19e8,0x19e8,0x19e8,0x19e8,0x19e8,0x0000,0x0000,0x0000,0x0000,0x0000,0x0000,0x0000,0x0000,0x0000,0x0000,0x0000,0x0000,0x0000,0x0000,0x0000,0x0000,0x0000,0x0000,0x0000,0x0000,0x0000,
0x0000,0x0000,0x0000,0x0000,0x0000,0x0000,0x0000,0x0000,0x0000,0x0000,0x0000,0x0000,0x0000,0x0000,0x0000,0x0000,0x0000,0x0000,0x0000,0x0000,0x0000,0x19e8,0x19e8,0x19e8,0x19e8,0x19e8,0x19e8,0x19e8,0x19e8,0x19e8,0x19e8,0x19e8,
0x19e8,0x19e8,0x19e8,0x19e8,0x19e8,0x19e8,0x19e8,0x19e8,0x19e8,0x19e8,0x19e8,0x0000,0x0000,0x0000,0x0000,0x0000,0x0000,0x0000,0x0000,0x0000,0x0000,0x0000,0x0000,0x0000,0x0000,0x0000,0x0000,0x0000,0x0000,0x0000,0x0000,0x0000,
0x0000,0x0000,0x0000,0x0000,0x0000,0x0000,0x0000,0x0000,0x0000,0x0000,0x0000,0x0000,0x0000,0x0000,0x0000,0x0000,0x0000,0x0000,0x0000,0x0000,0x0000,0x19e8,0x19e8,0xa6fa,0xa6fa,0xa6fa,0xa6fa,0xa6fa,0xa6fa,0xa6fa,0xa6fa,0xa6fa,
0xa6fa,0xa6fa,0xa6fa,0xa6fa,0xa6fa,0xa6fa,0xa6fa,0xa6fa,0xa6fa,0x19e8,0x19e8,0x0000,0x0000,0x0000,0x0000,0x0000,0x0000,0x0000,0x0000,0x0000,0x0000,0x0000,0x0000,0x0000,0x0000,0x0000,0x0000,0x0000,0x0000,0x0000,0x0000,0x0000,
0x0000,0x0000,0x0000,0x0000,0x0000,0x0000,0x0000,0x0000,0x0000,0x0000,0x0000,0x0000,0x0000,0x0000,0x0000,0x0000,0x0000,0x0000,0x0000,0x0000,0x0000,0x19e8,0x19e8,0xa6fa,0xa6fa,0xa6fa,0xa6fa,0xa6fa,0xa6fa,0xa6fa,0xa6fa,0xa6fa,
0xa6fa,0xa6fa,0xa6fa,0xa6fa,0xa6fa,0xa6fa,0xa6fa,0xa6fa,0xa6fa,0x19e8,0x19e8,0x0000,0x0000,0x0000,0x0000,0x0000,0x0000,0x0000,0x0000,0x0000,0x0000,0x0000,0x0000,0x0000,0x0000,0x0000,0x0000,0x0000,0x0000,0x0000,0x0000,0x0000,
0x0000,0x0000,0x0000,0x0000,0x0000,0x0000,0x0000,0x0000,0x0000,0x0000,0x0000,0x0000,0x0000,0x0000,0x0000,0x0000,0x0000,0x0000,0x0000,0x0000,0x0000,0x19e8,0x19e8,0xa6fa,0xa6fa,0xa6fa,0xa6fa,0xa6fa,0xa6fa,0xa6fa,0xa6fa,0xa6fa,
0xa6fa,0xa6fa,0xa6fa,0xa6fa,0xa6fa,0xa6fa,0xa6fa,0xa6fa,0xa6fa,0x19e8,0x19e8,0x0000,0x0000,0x0000,0x0000,0x0000,0x0000,0x0000,0x0000,0x0000,0x0000,0x0000,0x0000,0x0000,0x0000,0x0000,0x0000,0x0000,0x0000,0x0000,0x0000,0x0000,
0x0000,0x0000,0x0000,0x0000,0x0000,0x0000,0x0000,0x0000,0x0000,0x0000,0x0000,0x0000,0x0000,0x0000,0x0000,0x0000,0x0000,0x0000,0x0000,0x0000,0x0000,0x19e8,0x19e8,0xa6fa,0xa6fa,0xa6fa,0xa6fa,0xa6fa,0xa6fa,0xa6fa,0xa6fa,0xa6fa,
0xa6fa,0xa6fa,0xa6fa,0xa6fa,0xa6fa,0xa6fa,0xa6fa,0xa6fa,0xa6fa,0x19e8,0x19e8,0x0000,0x0000,0x0000,0x0000,0x0000,0x0000,0x0000,0x0000,0x0000,0x0000,0x0000,0x0000,0x0000,0x0000,0x0000,0x0000,0x0000,0x0000,0x0000,0x0000,0x0000,
0x0000,0x0000,0x0000,0x0000,0x0000,0x0000,0x0000,0x0000,0x0000,0x0000,0x0000,0x0000,0x0000,0x0000,0x0000,0x0000,0x0000,0x0000,0x0000,0x0000,0x0000,0x19e8,0x19e8,0xa6fa,0xa6fa,0xa6fa,0xa6fa,0xa6fa,0xa6fa,0xa6fa,0xa6fa,0xa6fa,
0xa6fa,0xa6fa,0xa6fa,0xa6fa,0xa6fa,0xa6fa,0xa6fa,0xa6fa,0xa6fa,0x19e8,0x19e8,0x0000,0x0000,0x0000,0x0000,0x0000,0x0000,0x0000,0x0000,0x0000,0x0000,0x0000,0x0000,0x0000,0x0000,0x0000,0x0000,0x0000,0x0000,0x0000,0x0000,0x0000,
0x0000,0x0000,0x0000,0x0000,0x0000,0x0000,0x0000,0x0000,0x0000,0x0000,0x0000,0x0000,0x0000,0x0000,0x0000,0x0000,0x0000,0x0000,0x0000,0x0000,0x0000,0x19e8,0x19e8,0xa6fa,0xa6fa,0xa6fa,0xa6fa,0xa6fa,0xa6fa,0xa6fa,0xa6fa,0xa6fa,
0xa6fa,0xa6fa,0xa6fa,0xa6fa,0xa6fa,0xa6fa,0xa6fa,0xa6fa,0xa6fa,0x19e8,0x19e8,0x0000,0x0000,0x0000,0x0000,0x0000,0x0000,0x0000,0x0000,0x0000,0x0000,0x0000,0x0000,0x0000,0x0000,0x0000,0x0000,0x0000,0x0000,0x0000,0x0000,0x0000,
0x0000,0x0000,0x0000,0x0000,0x0000,0x0000,0x0000,0x0000,0x0000,0x0000,0x0000,0x0000,0x0000,0x0000,0x0000,0x0000,0x0000,0x0000,0x0000,0x0000,0x0000,0x19e8,0x19e8,0xa6fa,0xa6fa,0xa6fa,0xa6fa,0xa6fa,0xa6fa,0xa6fa,0xa6fa,0xa6fa,
0xa6fa,0xa6fa,0xa6fa,0xa6fa,0xa6fa,0xa6fa,0xa6fa,0xa6fa,0xa6fa,0x19e8,0x19e8,0x0000,0x0000,0x0000,0x0000,0x0000,0x0000,0x0000,0x0000,0x0000,0x0000,0x0000,0x0000,0x0000,0x0000,0x0000,0x0000,0x0000,0x0000,0x0000,0x0000,0x0000,
0x0000,0x0000,0x0000,0x0000,0x0000,0x0000,0x0000,0x0000,0x0000,0x0000,0x0000,0x0000,0x0000,0x0000,0x0000,0x0000,0x0000,0x0000,0x0000,0x0000,0x0000,0x19e8,0x19e8,0xa6fa,0xa6fa,0xa6fa,0xa6fa,0xa6fa,0xa6fa,0xa6fa,0xa6fa,0xa6fa,
0xa6fa,0xa6fa,0xa6fa,0xa6fa,0xa6fa,0xa6fa,0xa6fa,0xa6fa,0xa6fa,0x19e8,0x19e8,0x0000,0x0000,0x0000,0x0000,0x0000,0x0000,0x0000,0x0000,0x0000,0x0000,0x0000,0x0000,0x0000,0x0000,0x0000,0x0000,0x0000,0x0000,0x0000,0x0000,0x0000,
0x0000,0x0000,0x0000,0x0000,0x0000,0x0000,0x0000,0x0000,0x0000,0x0000,0x0000,0x0000,0x0000,0x0000,0x0000,0x0000,0x0000,0x0000,0x0000,0x0000,0x0000,0x19e8,0x19e8,0x19e8,0x19e8,0x19e8,0x19e8,0x19e8,0x19e8,0x19e8,0x19e8,0x19e8,
0x19e8,0x19e8,0x19e8,0x19e8,0x19e8,0x19e8,0x19e8,0x19e8,0x19e8,0x19e8,0x19e8,0x0000,0x0000,0x0000,0x0000,0x0000,0x0000,0x0000,0x0000,0x0000,0x0000,0x0000,0x0000,0x0000,0x0000,0x0000,0x0000,0x0000,0x0000,0x0000,0x0000,0x0000,
0x0000,0x0000,0x0000,0x0000,0x0000,0x0000,0x0000,0x0000,0x0000,0x0000,0x0000,0x0000,0x0000,0x0000,0x0000,0x0000,0x0000,0x0000,0x0000,0x0000,0x0000,0x19e8,0x19e8,0x19e8,0x19e8,0x19e8,0x19e8,0x19e8,0x19e8,0x19e8,0x19e8,0x19e8,
0x19e8,0x19e8,0x19e8,0x19e8,0x19e8,0x19e8,0x19e8,0x19e8,0x19e8,0x19e8,0x19e8,0x0000,0x0000,0x0000,0x0000,0x0000,0x0000,0x0000,0x0000,0x0000,0x0000,0x0000,0x0000,0x0000,0x0000,0x0000,0x0000,0x0000,0x0000,0x0000,0x0000,0x0000,
0x0000,0x0000,0x0000,0x0000,0x0000,0x0000,0x0000,0x0000,0x0000,0x0000,0x0000,0x0000,0x0000,0x0000,0x0000,0x0000,0x0000,0x0000,0x0000,0x0000,0x0000,0x0000,0x0000,0x0000,0x0000,0x0000,0x0000,0x0000,0x0000,0x0000,0x0000,0x0000,
0x0000,0x0000,0x0000,0x0000,0x0000,0x0000,0x0000,0x0000,0x0000,0x0000,0x0000,0x0000,0x0000,0x0000,0x0000,0x0000,0x0000,0x0000,0x0000,0x0000,0x0000,0x0000,0x0000,0x0000,0x0000,0x0000,0x0000,0x0000,0x0000,0x0000,0x0000,0x0000,
0x0000,0x0000,0x0000,0x0000,0x0000,0x0000,0x0000,0x0000,0x0000,0x0000,0x0000,0x0000,0x0000,0x0000,0x0000,0x0000,0x0000,0x0000,0x0000,0x0000,0x0000,0x0000,0x0000,0x0000,0x0000,0x0000,0xa6fa,0xa6fa,0xa6fa,0xa6fa,0x0000,0x0000,
0x0000,0x0000,0xa6fa,0xa6fa,0xa6fa,0xa6fa,0x0000,0x0000,0x0000,0x0000,0x0000,0x0000,0x0000,0x0000,0x0000,0x0000,0x0000,0x0000,0x0000,0x0000,0x0000,0x0000,0x0000,0x0000,0x0000,0x0000,0x0000,0x0000,0x0000,0x0000,0x0000,0x0000,
0x0000,0x0000,0x0000,0x0000,0x0000,0x0000,0x0000,0x0000,0x0000,0x0000,0x0000,0x0000,0x0000,0x0000,0x0000,0x0000,0x0000,0x0000,0x0000,0x0000,0x0000,0x0000,0x0000,0x0000,0x0000,0x0000,0xa6fa,0xa6fa,0xa6fa,0xa6fa,0x0000,0x0000,
0x0000,0x0000,0xa6fa,0xa6fa,0xa6fa,0xa6fa,0x0000,0x0000,0x0000,0x0000,0x0000,0x0000,0x0000,0x0000,0x0000,0x0000,0x0000,0x0000,0x0000,0x0000,0x0000,0x0000,0x0000,0x0000,0x0000,0x0000,0x0000,0x0000,0x0000,0x0000,0x0000,0x0000,
0x0000,0x0000,0x0000,0x0000,0x0000,0x0000,0x0000,0x0000,0x0000,0x0000,0x0000,0x0000,0x0000,0x0000,0x0000,0x0000,0x0000,0x0000,0x0000,0x0000,0x0000,0x0000,0x0000,0x0000,0x0000,0x0000,0xa6fa,0xa6fa,0xa6fa,0xa6fa,0x0000,0x0000,
0x0000,0x0000,0xa6fa,0xa6fa,0xa6fa,0xa6fa,0x0000,0x0000,0x0000,0x0000,0x0000,0x0000,0x0000,0x0000,0x0000,0x0000,0x0000,0x0000,0x0000,0x0000,0x0000,0x0000,0x0000,0x0000,0x0000,0x0000,0x0000,0x0000,0x0000,0x0000,0x0000,0x0000,
0x0000,0x0000,0x0000,0x0000,0x0000,0x0000,0x0000,0x0000,0x0000,0x0000,0x0000,0x0000,0x0000,0x0000,0x0000,0x0000,0x0000,0x0000,0x0000,0x0000,0x0000,0x0000,0x0000,0x0000,0x0000,0x0000,0xa6fa,0xa6fa,0xa6fa,0xa6fa,0x0000,0x0000,
0x0000,0x0000,0xa6fa,0xa6fa,0xa6fa,0xa6fa,0x0000,0x0000,0x0000,0x0000,0x0000,0x0000,0x0000,0x0000,0x0000,0x0000,0x0000,0x0000,0x0000,0x0000,0x0000,0x0000,0x0000,0x0000,0x0000,0x0000,0x0000,0x0000,0x0000,0x0000,0x0000,0x0000,
0x0000,0x0000,0x0000,0x0000,0x0000,0x0000,0x0000,0x0000,0x0000,0x0000,0x0000,0x0000,0x0000,0x0000,0x0000,0x0000,0x0000,0x0000,0x0000,0x0000,0x0000,0x0000,0x0000,0x0000,0x0000,0x0000,0x0000,0x0000,0x0000,0x0000,0x0000,0x0000,
0x0000,0x0000,0x0000,0x0000,0x0000,0x0000,0x0000,0x0000,0x0000,0x0000,0x0000,0x0000,0x0000,0x0000,0x0000,0x0000,0x0000,0x0000,0x0000,0x0000,0x0000,0x0000,0x0000,0x0000,0x0000,0x0000,0x0000,0x0000,0x0000,0x0000,0x0000,0x0000,
0x0000,0x0000,0x0000,0x0000,0x0000,0x0000,0x0000,0x0000,0x0000,0x0000,0x0000,0x0000,0x0000,0x0000,0x0000,0x0000,0x0000,0x0000,0x0000,0x0000,0x0000,0x0000,0x0000,0x0000,0x0000,0x0000,0x0000,0x0000,0x0000,0x0000,0x0000,0x0000,
0x0000,0x0000,0x0000,0x0000,0x0000,0x0000,0x0000,0x0000,0x0000,0x0000,0x0000,0x0000,0x0000,0x0000,0x0000,0x0000,0x0000,0x0000,0x0000,0x0000,0x0000,0x0000,0x0000,0x0000,0x0000,0x0000,0x0000,0x0000,0x0000,0x0000,0x0000,0x0000,
0x0000,0x0000,0x0000,0x0000,0x0000,0x0000,0x0000,0x0000,0x0000,0x0000,0x0000,0x0000,0x0000,0x0000,0x0000,0x0000,0x0000,0x0000,0x0000,0x0000,0x0000,0x0000,0x0000,0x0000,0x0000,0x0000,0x0000,0x0000,0x0000,0x0000,0x0000,0x0000,
0x0000,0x0000,0x0000,0x0000,0x0000,0x0000,0x0000,0x0000,0x0000,0x0000,0x0000,0x0000,0x0000,0x0000,0x0000,0x0000,0x0000,0x0000,0x0000,0x0000,0x0000,0x0000,0x0000,0x0000,0x0000,0x0000,0x0000,0x0000,0x0000,0x0000,0x0000,0x0000,
0x0000,0x0000,0x0000,0x0000,0x0000,0x0000,0x0000,0x0000,0x0000,0x0000,0x0000,0x0000,0x0000,0x0000,0x0000,0x0000,0x0000,0x0000,0x0000,0x0000,0x0000,0x0000,0x0000,0x0000,0x0000,0x0000,0x0000,0x0000,0x0000,0x0000,0x0000,0x0000,
0x0000,0x0000,0x0000,0x0000,0x0000,0x0000,0x0000,0x0000,0x0000,0x0000,0x0000,0x0000,0x0000,0x0000,0x0000,0x0000,0x0000,0x0000,0x0000,0x0000,0x0000,0x0000,0x0000,0x0000,0x0000,0x0000,0x0000,0x0000,0x0000,0x0000,0x0000,0x0000,
0x0000,0x0000,0x0000,0x0000,0x0000,0x0000,0x0000,0x0000,0x0000,0x0000,0x0000,0x0000,0x0000,0x0000,0x0000,0x0000,0x0000,0x0000,0x0000,0x0000,0x0000,0x0000,0x0000,0x0000,0x0000,0x0000,0x0000,0x0000,0x0000,0x0000,0x0000,0x0000,
0x0000,0x0000,0x0000,0x0000,0x0000,0x0000,0x0000,0x0000,0x0000,0x0000,0x0000,0x0000,0x0000,0x0000,0x0000,0x0000,0x0000,0x0000,0x0000,0x0000,0x0000,0x0000,0x0000,0x0000,0x0000,0x0000,0x0000,0x0000,0x0000,0x0000,0x0000,0x0000,
};
static const uint16_t frame_28[4096] = {
0x0000,0x0000,0x0000,0x0000,0x0000,0x0000,0x0000,0x0000,0x0000,0x0000,0x0000,0x0000,0x0000,0x0000,0x0000,0x0000,0x0000,0x0000,0x0000,0x0000,0x0000,0x0000,0x0000,0x0000,0x0000,0x0000,0x0000,0x0000,0x0000,0x0000,0x0000,0x0000,
0x0000,0x0000,0x0000,0x0000,0x0000,0x0000,0x0000,0x0000,0x0000,0x0000,0x0000,0x0000,0x0000,0x0000,0x0000,0x0000,0x0000,0x0000,0x0000,0x0000,0x0000,0x0000,0x0000,0x0000,0x0000,0x0000,0x0000,0x0000,0x0000,0x0000,0x0000,0x0000,
0x0000,0x0000,0x0000,0x0000,0x0000,0x0000,0x0000,0x0000,0x0000,0x0000,0x0000,0x0000,0x0000,0x0000,0x0000,0x0000,0x0000,0x0000,0x0000,0x0000,0x0000,0x0000,0x0000,0x0000,0x0000,0x0000,0x0000,0x0000,0x0000,0x0000,0x0000,0x0000,
0x0000,0x0000,0x0000,0x0000,0x0000,0x0000,0x0000,0x0000,0x0000,0x0000,0x0000,0x0000,0x0000,0x0000,0x0000,0x0000,0x0000,0x0000,0x0000,0x0000,0x0000,0x0000,0x0000,0x0000,0x0000,0x0000,0x0000,0x0000,0x0000,0x0000,0x0000,0x0000,
0x0000,0x0000,0x0000,0x0000,0x0000,0x0000,0x0000,0x0000,0x0000,0x0000,0x0000,0x0000,0x0000,0x0000,0x0000,0x0000,0x0000,0x0000,0x0000,0x0000,0x0000,0x0000,0x0000,0x0000,0x0000,0x0000,0x0000,0x0000,0x0000,0x0000,0x0000,0x0000,
0x0000,0x0000,0x0000,0x0000,0x0000,0x0000,0x0000,0x0000,0x0000,0x0000,0x0000,0x0000,0x0000,0x0000,0x0000,0x0000,0x0000,0x0000,0x0000,0x0000,0x0000,0x0000,0x0000,0x0000,0x0000,0x0000,0x0000,0x0000,0x0000,0x0000,0x0000,0x0000,
0x0000,0x0000,0x0000,0x0000,0x0000,0x0000,0x0000,0x0000,0x0000,0x0000,0x0000,0x0000,0x0000,0x0000,0x0000,0x0000,0x0000,0x0000,0x0000,0x0000,0x0000,0x0000,0x0000,0x0000,0x0000,0x0000,0x0000,0x0000,0x0000,0x0000,0x0000,0x0000,
0x0000,0x0000,0x0000,0x0000,0x0000,0x0000,0x0000,0x0000,0x0000,0x0000,0x0000,0x0000,0x0000,0x0000,0x0000,0x0000,0x0000,0x0000,0x0000,0x0000,0x0000,0x0000,0x0000,0x0000,0x0000,0x0000,0x0000,0x0000,0x0000,0x0000,0x0000,0x0000,
0x0000,0x0000,0x0000,0x0000,0x0000,0x0000,0x0000,0x0000,0x0000,0x0000,0x0000,0x0000,0x0000,0x0000,0x0000,0x0000,0x0000,0x0000,0x0000,0x0000,0x0000,0x0000,0x0000,0x0000,0x0000,0x0000,0x0000,0x0000,0x0000,0x0000,0x0000,0x0000,
0x0000,0x0000,0x0000,0x0000,0x0000,0x0000,0x0000,0x0000,0x0000,0x0000,0x0000,0x0000,0x0000,0x0000,0x0000,0x0000,0x0000,0x0000,0x0000,0x0000,0x0000,0x0000,0x0000,0x0000,0x0000,0x0000,0x0000,0x0000,0x0000,0x0000,0x0000,0x0000,
0x0000,0x0000,0x0000,0x0000,0x0000,0x0000,0x0000,0x0000,0x0000,0x0000,0x0000,0x0000,0x0000,0x0000,0x0000,0x0000,0x0000,0x0000,0x0000,0x0000,0x0000,0x0000,0x0000,0x0000,0x0000,0x0000,0x0000,0x0000,0x0000,0x0000,0x0000,0x0000,
0x0000,0x0000,0x0000,0x0000,0x0000,0x0000,0x0000,0x0000,0x0000,0x0000,0x0000,0x0000,0x0000,0x0000,0x0000,0x0000,0x0000,0x0000,0x0000,0x0000,0x0000,0x0000,0x0000,0x0000,0x0000,0x0000,0x0000,0x0000,0x0000,0x0000,0x0000,0x0000,
0x0000,0x0000,0x0000,0x0000,0x0000,0x0000,0x0000,0x0000,0x0000,0x0000,0x0000,0x0000,0x0000,0x0000,0x0000,0x0000,0x0000,0x0000,0x0000,0x0000,0x0000,0x0000,0x0000,0x0000,0x0000,0x0000,0x0000,0x0000,0x0000,0x0000,0x0000,0x0000,
0x0000,0x0000,0x0000,0x0000,0x0000,0x0000,0x0000,0x0000,0x0000,0x0000,0x0000,0x0000,0x0000,0x0000,0x0000,0x0000,0x0000,0x0000,0x0000,0x0000,0x0000,0x0000,0x0000,0x0000,0x0000,0x0000,0x0000,0x0000,0x0000,0x0000,0x0000,0x0000,
0x0000,0x0000,0x0000,0x0000,0x0000,0x0000,0x0000,0x0000,0x0000,0x0000,0x0000,0x0000,0x0000,0x0000,0x0000,0x0000,0x0000,0x0000,0x0000,0x0000,0x0000,0x0000,0x0000,0x0000,0x0000,0x0000,0x0000,0x0000,0x0000,0x0000,0x0000,0x0000,
0x0000,0x0000,0x0000,0x0000,0x0000,0x0000,0x0000,0x0000,0x0000,0x0000,0x0000,0x0000,0x0000,0x0000,0x0000,0x0000,0x0000,0x0000,0x0000,0x0000,0x0000,0x0000,0x0000,0x0000,0x0000,0x0000,0x0000,0x0000,0x0000,0x0000,0x0000,0x0000,
0x0000,0x0000,0x0000,0x0000,0x0000,0x0000,0x0000,0x0000,0x0000,0x0000,0x0000,0x0000,0x0000,0x0000,0x0000,0x0000,0x0000,0x0000,0x0000,0x0000,0x0000,0x0000,0x0000,0x0000,0x0000,0x0000,0x0000,0xfeb2,0xfeb2,0xfeb2,0xfeb2,0xfeb2,
0xfeb2,0xfeb2,0xfeb2,0xfeb2,0xfeb2,0x0000,0x0000,0x0000,0x0000,0x0000,0x0000,0x0000,0x0000,0x0000,0x0000,0x0000,0x0000,0x0000,0x0000,0x0000,0x0000,0x0000,0x0000,0x0000,0x0000,0x0000,0x0000,0x0000,0x0000,0x0000,0x0000,0x0000,
0x0000,0x0000,0x0000,0x0000,0x0000,0x0000,0x0000,0x0000,0x0000,0x0000,0x0000,0x0000,0x0000,0x0000,0x0000,0x0000,0x0000,0x0000,0x0000,0x0000,0x0000,0x0000,0x0000,0x0000,0x0000,0x0000,0x0000,0xfeb2,0xfeb2,0xfeb2,0xfeb2,0xfeb2,
0xfeb2,0xfeb2,0xfeb2,0xfeb2,0xfeb2,0x0000,0x0000,0x0000,0x0000,0x0000,0x0000,0x0000,0x0000,0x0000,0x0000,0x0000,0x0000,0x0000,0x0000,0x0000,0x0000,0x0000,0x0000,0x0000,0x0000,0x0000,0x0000,0x0000,0x0000,0x0000,0x0000,0x0000,
0x0000,0x0000,0x0000,0x0000,0x0000,0x0000,0x0000,0x0000,0x0000,0x0000,0x0000,0x0000,0x0000,0x0000,0x0000,0x0000,0x0000,0x0000,0x0000,0x0000,0x0000,0x0000,0x0000,0x0000,0x0000,0x0000,0x0000,0xfeb2,0xfeb2,0xfeb2,0xfeb2,0xfeb2,
0xfeb2,0xfeb2,0xfeb2,0xfeb2,0xfeb2,0x0000,0x0000,0x0000,0x0000,0x0000,0x0000,0x0000,0x0000,0x0000,0x0000,0x0000,0x0000,0x0000,0x0000,0x0000,0x0000,0x0000,0x0000,0x0000,0x0000,0x0000,0x0000,0x0000,0x0000,0x0000,0x0000,0x0000,
0x0000,0x0000,0x0000,0x0000,0x0000,0x0000,0x0000,0x0000,0x0000,0x0000,0x0000,0x0000,0x0000,0x0000,0x0000,0x0000,0x0000,0x0000,0x0000,0x0000,0x0000,0x0000,0x0000,0x0000,0x0000,0x0000,0x0000,0xfeb2,0xfeb2,0xfeb2,0xfcae,0xfcae,
0xfcae,0xfcae,0xfeb2,0xfeb2,0xfeb2,0x0000,0x0000,0x0000,0x0000,0x0000,0x0000,0x0000,0x0000,0x0000,0x0000,0x0000,0x0000,0x0000,0x0000,0x0000,0x0000,0x0000,0x0000,0x0000,0x0000,0x0000,0x0000,0x0000,0x0000,0x0000,0x0000,0x0000,
0x0000,0x0000,0x0000,0x0000,0x0000,0x0000,0x0000,0x0000,0x0000,0x0000,0x0000,0x0000,0x0000,0x0000,0x0000,0x0000,0x0000,0x0000,0x0000,0x0000,0x0000,0x0000,0x0000,0x0000,0x0000,0x0000,0x0000,0x0000,0x0000,0x0000,0xfcae,0xfcae,
0xfcae,0xfcae,0x0000,0x0000,0x0000,0x0000,0x0000,0x0000,0x0000,0x0000,0x0000,0x0000,0x0000,0x0000,0x0000,0x0000,0x0000,0x0000,0x0000,0x0000,0x0000,0x0000,0x0000,0x0000,0x0000,0x0000,0x0000,0x0000,0x0000,0x0000,0x0000,0x0000,
0x0000,0x0000,0x0000,0x0000,0x0000,0x0000,0x0000,0x0000,0x0000,0x0000,0x0000,0x0000,0x0000,0x0000,0x0000,0x0000,0x0000,0x0000,0x0000,0x0000,0x0000,0x0000,0x0000,0x0000,0x0000,0x0000,0x0000,0x0000,0x0000,0x0000,0xfcae,0xfcae,
0xfcae,0xfcae,0x0000,0x0000,0x0000,0x0000,0x0000,0x0000,0x0000,0x0000,0x0000,0x0000,0x0000,0x0000,0x0000,0x0000,0x0000,0x0000,0x0000,0x0000,0x0000,0x0000,0x0000,0x0000,0x0000,0x0000,0x0000,0x0000,0x0000,0x0000,0x0000,0x0000,
0x0000,0x0000,0x0000,0x0000,0x0000,0x0000,0x0000,0x0000,0x0000,0x0000,0x0000,0x0000,0x0000,0x0000,0x0000,0x0000,0x0000,0x0000,0x0000,0x0000,0x0000,0x0000,0x0000,0x0000,0x0000,0x0000,0x0000,0x0000,0x0000,0x0000,0xfcae,0xfcae,
0xfcae,0xfcae,0x0000,0x0000,0x0000,0x0000,0x0000,0x0000,0x0000,0x0000,0x0000,0x0000,0x0000,0x0000,0x0000,0x0000,0x0000,0x0000,0x0000,0x0000,0x0000,0x0000,0x0000,0x0000,0x0000,0x0000,0x0000,0x0000,0x0000,0x0000,0x0000,0x0000,
0x0000,0x0000,0x0000,0x0000,0x0000,0x0000,0x0000,0x0000,0x0000,0x0000,0x0000,0x0000,0x0000,0x0000,0x0000,0x19e8,0x19e8,0x19e8,0x19e8,0x19e8,0x19e8,0x19e8,0x19e8,0x19e8,0x19e8,0x19e8,0x19e8,0x19e8,0x19e8,0x19e8,0x19e8,0x19e8,
0x19e8,0x19e8,0x19e8,0x19e8,0x19e8,0x19e8,0x19e8,0x19e8,0x19e8,0x19e8,0x19e8,0x19e8,0x19e8,0x19e8,0x19e8,0x19e8,0x19e8,0x0000,0x0000,0x0000,0x0000,0x0000,0x0000,0x0000,0x0000,0x0000,0x0000,0x0000,0x0000,0x0000,0x0000,0x0000,
0x0000,0x0000,0x0000,0x0000,0x0000,0x0000,0x0000,0x0000,0x0000,0x0000,0x0000,0x0000,0x0000,0x0000,0x0000,0x19e8,0x19e8,0x19e8,0x19e8,0x19e8,0x19e8,0x19e8,0x19e8,0x19e8,0x19e8,0x19e8,0x19e8,0x19e8,0x19e8,0x19e8,0x19e8,0x19e8,
0x19e8,0x19e8,0x19e8,0x19e8,0x19e8,0x19e8,0x19e8,0x19e8,0x19e8,0x19e8,0x19e8,0x19e8,0x19e8,0x19e8,0x19e8,0x19e8,0x19e8,0x0000,0x0000,0x0000,0x0000,0x0000,0x0000,0x0000,0x0000,0x0000,0x0000,0x0000,0x0000,0x0000,0x0000,0x0000,
0x0000,0x0000,0x0000,0x0000,0x0000,0x0000,0x0000,0x0000,0x0000,0x0000,0x0000,0x0000,0x0000,0x0000,0x0000,0x19e8,0x19e8,0xfcae,0xfcae,0xfcae,0xfcae,0xfcae,0xfcae,0xfcae,0xfcae,0xfcae,0xfcae,0xfcae,0xfcae,0xfcae,0xfcae,0xfcae,
0xfcae,0xfcae,0xfcae,0xfcae,0xfcae,0xfcae,0xfcae,0xfcae,0xfcae,0xfcae,0xfcae,0xfcae,0xfcae,0xfcae,0xfcae,0x19e8,0x19e8,0x0000,0x0000,0x0000,0x0000,0x0000,0x0000,0x0000,0x0000,0x0000,0x0000,0x0000,0x0000,0x0000,0x0000,0x0000,
0x0000,0x0000,0x0000,0x0000,0x0000,0x0000,0x0000,0x0000,0x0000,0x0000,0x0000,0x0000,0x0000,0x0000,0x0000,0x19e8,0x19e8,0xfcae,0xfcae,0xfcae,0xfcae,0xfcae,0xfcae,0xfcae,0xfcae,0xfcae,0xfcae,0xfcae,0xfcae,0xfcae,0xfcae,0xfcae,
0xfcae,0xfcae,0xfcae,0xfcae,0xfcae,0xfcae,0xfcae,0xfcae,0xfcae,0xfcae,0xfcae,0xfcae,0xfcae,0xfcae,0xfcae,0x19e8,0x19e8,0x0000,0x0000,0x0000,0x0000,0x0000,0x0000,0x0000,0xfeb2,0xfeb2,0x0000,0x0000,0x0000,0x0000,0x0000,0x0000,
0x0000,0x0000,0x0000,0x0000,0x0000,0x0000,0x0000,0x0000,0x0000,0x0000,0x0000,0x0000,0x0000,0x0000,0x0000,0x19e8,0x19e8,0xfcae,0xfcae,0xfcae,0xfcae,0xfcae,0xfcae,0xfcae,0xfcae,0xfcae,0xfcae,0xfcae,0xfcae,0xfcae,0xfcae,0xfcae,
0xfcae,0xfcae,0xfcae,0xfcae,0xfcae,0xfcae,0xfcae,0xfcae,0xfcae,0xfcae,0xfcae,0xfcae,0xfcae,0xfcae,0xfcae,0x19e8,0x19e8,0x0000,0x0000,0x0000,0x0000,0x0000,0x0000,0x0000,0xfeb2,0xfeb2,0x0000,0x0000,0x0000,0x0000,0x0000,0x0000,
0x0000,0x0000,0x0000,0x0000,0x0000,0x0000,0x0000,0x0000,0x0000,0x0000,0x0000,0x0000,0x0000,0x0000,0x0000,0x19e8,0x19e8,0xfcae,0xfcae,0xfcae,0xfcae,0xfcae,0xfcae,0xfcae,0xfcae,0xfcae,0xfcae,0xfcae,0xfcae,0xfcae,0xfcae,0xfcae,
0xfcae,0xfcae,0xfcae,0xfcae,0xfcae,0xfcae,0xfcae,0xfcae,0xfcae,0xfcae,0xfcae,0xfcae,0xfcae,0xfcae,0xfcae,0x19e8,0x19e8,0x0000,0x0000,0x0000,0x0000,0x0000,0x0000,0x0000,0xfeb2,0xfeb2,0x0000,0x0000,0x0000,0x0000,0x0000,0x0000,
0x0000,0x0000,0x0000,0x0000,0x0000,0x0000,0x0000,0x0000,0x0000,0x0000,0x0000,0x0000,0x0000,0x0000,0x0000,0x19e8,0x19e8,0xfcae,0xfcae,0xfcae,0xfcae,0x19e8,0x19e8,0x19e8,0x19e8,0x19e8,0x19e8,0x19e8,0x19e8,0x19e8,0x19e8,0x19e8,
0x19e8,0x19e8,0x19e8,0x19e8,0x19e8,0x19e8,0x19e8,0x19e8,0x19e8,0x19e8,0x19e8,0xfcae,0xfcae,0xfcae,0xfcae,0x19e8,0x19e8,0x0000,0x0000,0x0000,0x0000,0x0000,0x0000,0x0000,0xfeb2,0xfeb2,0x0000,0x0000,0x0000,0x0000,0x0000,0x0000,
0x0000,0x0000,0x0000,0x0000,0x0000,0x0000,0x0000,0x0000,0x0000,0x0000,0x0000,0x0000,0x0000,0x0000,0x0000,0x19e8,0x19e8,0xfcae,0xfcae,0xfcae,0xfcae,0x19e8,0x19e8,0x19e8,0x19e8,0x19e8,0x19e8,0x19e8,0x19e8,0x19e8,0x19e8,0x19e8,
0x19e8,0x19e8,0x19e8,0x19e8,0x19e8,0x19e8,0x19e8,0x19e8,0x19e8,0x19e8,0x19e8,0xfcae,0xfcae,0xfcae,0xfcae,0x19e8,0x19e8,0x0000,0x0000,0x0000,0x0000,0x0000,0x0000,0x0000,0xfeb2,0xfeb2,0x0000,0x0000,0x0000,0x0000,0x0000,0x0000,
0x0000,0x0000,0x0000,0x0000,0x0000,0x0000,0x0000,0x0000,0x0000,0x0000,0x0000,0x0000,0x0000,0x0000,0x0000,0x19e8,0x19e8,0xfcae,0xfcae,0xfcae,0xfcae,0x19e8,0x19e8,0x19e8,0x19e8,0x19e8,0x19e8,0x19e8,0xefdb,0x19e8,0x19e8,0x19e8,
0x19e8,0x19e8,0x19e8,0x19e8,0x19e8,0x19e8,0x19e8,0xefdb,0x19e8,0x19e8,0x19e8,0xfcae,0xfcae,0xfcae,0xfcae,0x19e8,0x19e8,0x0000,0x0000,0x0000,0x0000,0x0000,0x0000,0x0000,0xfeb2,0xfeb2,0x0000,0x0000,0x0000,0x0000,0x0000,0x0000,
0x0000,0x0000,0x0000,0x0000,0x0000,0x0000,0x0000,0x0000,0x0000,0x0000,0x0000,0x0000,0x0000,0x0000,0x0000,0x19e8,0x19e8,0xfcae,0xfcae,0xfcae,0xfcae,0x19e8,0x19e8,0x19e8,0x19e8,0xefdb,0x19e8,0xefdb,0xefdb,0xefdb,0x19e8,0x19e8,
0x19e8,0x19e8,0x19e8,0x19e8,0xefdb,0x19e8,0xefdb,0xefdb,0xefdb,0x19e8,0x19e8,0xfcae,0xfcae,0xfcae,0xfcae,0x19e8,0x19e8,0x0000,0x0000,0x0000,0x0000,0x0000,0x0000,0x0000,0xfeb2,0xfeb2,0x0000,0x0000,0x0000,0x0000,0x0000,0x0000,
0x0000,0x0000,0x0000,0x0000,0x0000,0x0000,0x0000,0x0000,0x0000,0x0000,0x0000,0x0000,0x0000,0x0000,0x0000,0x19e8,0x19e8,0xfcae,0xfcae,0xfcae,0xfcae,0x19e8,0x19e8,0x19e8,0xefdb,0xefdb,0xefdb,0xefdb,0xefdb,0x19e8,0x19e8,0x19e8,
0x19e8,0x19e8,0x19e8,0xefdb,0xefdb,0xefdb,0xefdb,0xefdb,0x19e8,0x19e8,0x19e8,0xfcae,0xfcae,0xfcae,0xfcae,0x19e8,0x19e8,0x0000,0x0000,0x0000,0x0000,0x0000,0x0000,0x0000,0xfeb2,0xfeb2,0x0000,0x0000,0x0000,0x0000,0x0000,0x0000,
0x0000,0x0000,0x0000,0x0000,0x0000,0x0000,0x0000,0x0000,0x0000,0x0000,0x0000,0x0000,0x0000,0x0000,0x0000,0x19e8,0x19e8,0xfcae,0xfcae,0xfcae,0xfcae,0x19e8,0x19e8,0x19e8,0x19e8,0xefdb,0xefdb,0xefdb,0x19e8,0x19e8,0x19e8,0x19e8,
0x19e8,0x19e8,0x19e8,0x19e8,0xefdb,0xefdb,0xefdb,0x19e8,0x19e8,0x19e8,0x19e8,0xfcae,0xfcae,0xfcae,0xfcae,0x19e8,0x19e8,0x0000,0x0000,0x0000,0x0000,0x0000,0x0000,0x0000,0xfeb2,0xfeb2,0x0000,0x0000,0x0000,0x0000,0x0000,0x0000,
0x0000,0x0000,0x0000,0x0000,0x0000,0x0000,0x0000,0x0000,0x0000,0x0000,0x0000,0x0000,0x0000,0x0000,0x0000,0x19e8,0x19e8,0xfcae,0xfcae,0xfcae,0xfcae,0x19e8,0x19e8,0x19e8,0x19e8,0xefdb,0xefdb,0xefdb,0x19e8,0x19e8,0x19e8,0x19e8,
0x19e8,0x19e8,0x19e8,0x19e8,0xefdb,0xefdb,0xefdb,0x19e8,0x19e8,0x19e8,0x19e8,0xfcae,0xfcae,0xfcae,0xfcae,0x19e8,0x19e8,0x0000,0x0000,0x0000,0x0000,0x0000,0x0000,0x0000,0x0000,0x0000,0x0000,0x0000,0x0000,0x0000,0x0000,0x0000,
0x0000,0x0000,0x0000,0x0000,0x0000,0x0000,0x0000,0x0000,0x0000,0x0000,0x0000,0x0000,0x0000,0x0000,0x0000,0x19e8,0x19e8,0xfcae,0xfcae,0xfcae,0xfcae,0x19e8,0x19e8,0x19e8,0xefdb,0xefdb,0xefdb,0xefdb,0xefdb,0x19e8,0x19e8,0x19e8,
0x19e8,0x19e8,0x19e8,0xefdb,0xefdb,0xefdb,0xefdb,0xefdb,0x19e8,0x19e8,0x19e8,0xfcae,0xfcae,0xfcae,0xfcae,0x19e8,0x19e8,0x0000,0x0000,0x0000,0x0000,0x0000,0x0000,0x0000,0x0000,0x0000,0x0000,0x0000,0x0000,0x0000,0x0000,0x0000,
0x0000,0x0000,0x0000,0x0000,0x0000,0x0000,0x0000,0x0000,0x0000,0x0000,0x0000,0x0000,0x0000,0x0000,0x0000,0x19e8,0x19e8,0xfcae,0xfcae,0xfcae,0xfcae,0x19e8,0x19e8,0x19e8,0x19e8,0xefdb,0x19e8,0xefdb,0xefdb,0xefdb,0x19e8,0x19e8,
0x19e8,0x19e8,0x19e8,0x19e8,0xefdb,0x19e8,0xefdb,0xefdb,0xefdb,0x19e8,0x19e8,0xfcae,0xfcae,0xfcae,0xfcae,0x19e8,0x19e8,0x0000,0x0000,0x0000,0x0000,0x0000,0x0000,0x0000,0xfeb2,0xfeb2,0x0000,0x0000,0x0000,0x0000,0x0000,0x0000,
0x0000,0x0000,0x0000,0x0000,0x0000,0x0000,0x0000,0x0000,0x0000,0x0000,0x0000,0x0000,0x0000,0x0000,0x0000,0x19e8,0x19e8,0xfcae,0xfcae,0xfcae,0xfcae,0x19e8,0x19e8,0x19e8,0x19e8,0x19e8,0x19e8,0x19e8,0xefdb,0x19e8,0x19e8,0x19e8,
0x19e8,0x19e8,0x19e8,0x19e8,0x19e8,0x19e8,0x19e8,0xefdb,0x19e8,0x19e8,0x19e8,0xfcae,0xfcae,0xfcae,0xfcae,0x19e8,0x19e8,0x0000,0x0000,0x0000,0x0000,0x0000,0x0000,0x0000,0xfeb2,0xfeb2,0x0000,0x0000,0x0000,0x0000,0x0000,0x0000,
0x0000,0x0000,0x0000,0x0000,0x0000,0x0000,0x0000,0x0000,0x0000,0x0000,0x0000,0x0000,0x0000,0x0000,0x0000,0x19e8,0x19e8,0xfcae,0xfcae,0xfcae,0xfcae,0x19e8,0x19e8,0x19e8,0x19e8,0x19e8,0x19e8,0x19e8,0x19e8,0x19e8,0x19e8,0x19e8,
0x19e8,0x19e8,0x19e8,0x19e8,0x19e8,0x19e8,0x19e8,0x19e8,0x19e8,0x19e8,0x19e8,0xfcae,0xfcae,0xfcae,0xfcae,0x19e8,0x19e8,0x0000,0x0000,0x0000,0x0000,0x0000,0x0000,0x0000,0x0000,0x0000,0x0000,0x0000,0x0000,0x0000,0x0000,0x0000,
0x0000,0x0000,0x0000,0x0000,0x0000,0x0000,0x0000,0x0000,0x0000,0x0000,0x0000,0x0000,0x0000,0x0000,0x0000,0x19e8,0x19e8,0xfcae,0xfcae,0xfcae,0xfcae,0x19e8,0x19e8,0x19e8,0x19e8,0x19e8,0x19e8,0x19e8,0x19e8,0x19e8,0x19e8,0x19e8,
0x19e8,0x19e8,0x19e8,0x19e8,0x19e8,0x19e8,0x19e8,0x19e8,0x19e8,0x19e8,0x19e8,0xfcae,0xfcae,0xfcae,0xfcae,0x19e8,0x19e8,0x0000,0x0000,0x0000,0x0000,0x0000,0x0000,0x0000,0x0000,0x0000,0x0000,0x0000,0x0000,0x0000,0x0000,0x0000,
0x0000,0x0000,0x0000,0x0000,0x0000,0x0000,0x0000,0x0000,0x0000,0x0000,0x0000,0x0000,0x0000,0x0000,0x0000,0x19e8,0x19e8,0xfcae,0xfcae,0xfcae,0xfcae,0x19e8,0x19e8,0x19e8,0x19e8,0x19e8,0x19e8,0x19e8,0x19e8,0x19e8,0x19e8,0x19e8,
0x19e8,0x19e8,0x19e8,0x19e8,0x19e8,0x19e8,0x19e8,0x19e8,0x19e8,0x19e8,0x19e8,0xfcae,0xfcae,0xfcae,0xfcae,0x19e8,0x19e8,0x0000,0x0000,0x0000,0x0000,0x0000,0x0000,0x0000,0x0000,0x0000,0x0000,0x0000,0x0000,0x0000,0x0000,0x0000,
0x0000,0x0000,0x0000,0x0000,0x0000,0x0000,0x0000,0x0000,0x0000,0x0000,0x0000,0x0000,0x0000,0x0000,0x0000,0x19e8,0x19e8,0xfcae,0xfcae,0xfcae,0xfcae,0x19e8,0x19e8,0x19e8,0x19e8,0x19e8,0x19e8,0x19e8,0x19e8,0x19e8,0x19e8,0x19e8,
0x19e8,0x19e8,0x19e8,0x19e8,0x19e8,0x19e8,0x19e8,0x19e8,0x19e8,0x19e8,0x19e8,0xfcae,0xfcae,0xfcae,0xfcae,0x19e8,0x19e8,0x0000,0x0000,0x0000,0x0000,0x0000,0x0000,0x0000,0x0000,0x0000,0x0000,0x0000,0x0000,0x0000,0x0000,0x0000,
0x0000,0x0000,0x0000,0x0000,0x0000,0x0000,0x0000,0x0000,0x0000,0x0000,0x0000,0x0000,0x0000,0x0000,0x0000,0x19e8,0x19e8,0xfcae,0xfcae,0xfcae,0xfcae,0xfcae,0xfcae,0xfcae,0xfcae,0xfcae,0xfcae,0xfcae,0xfcae,0xfcae,0xfcae,0xfcae,
0xfcae,0xfcae,0xfcae,0xfcae,0xfcae,0xfcae,0xfcae,0xfcae,0xfcae,0xfcae,0xfcae,0xfcae,0xfcae,0xfcae,0xfcae,0x19e8,0x19e8,0x0000,0x0000,0x0000,0x0000,0x0000,0x0000,0x0000,0x0000,0x0000,0x0000,0x0000,0x0000,0x0000,0x0000,0x0000,
0x0000,0x0000,0x0000,0x0000,0x0000,0x0000,0x0000,0x0000,0x0000,0x0000,0x0000,0x0000,0x0000,0x0000,0x0000,0x19e8,0x19e8,0xfcae,0xfcae,0xfcae,0xfcae,0xfcae,0xfcae,0xfcae,0xfcae,0xfcae,0xfcae,0x19e8,0x19e8,0x19e8,0x19e8,0x19e8,
0x19e8,0x19e8,0x19e8,0x19e8,0x19e8,0xfcae,0xfcae,0xfcae,0xfcae,0xfcae,0xfcae,0xfcae,0xfcae,0xfcae,0xfcae,0x19e8,0x19e8,0x0000,0x0000,0x0000,0x0000,0x0000,0x0000,0x0000,0x0000,0x0000,0x0000,0x0000,0x0000,0x0000,0x0000,0x0000,
0x0000,0x0000,0x0000,0x0000,0x0000,0x0000,0x0000,0x0000,0x0000,0x0000,0x0000,0x0000,0x0000,0x0000,0x0000,0x19e8,0x19e8,0xfcae,0xfcae,0xfcae,0xfcae,0xfcae,0xfcae,0xfcae,0xfcae,0xfcae,0xfcae,0x19e8,0x19e8,0x19e8,0x19e8,0x19e8,
0x19e8,0x19e8,0x19e8,0x19e8,0x19e8,0xfcae,0xfcae,0xfcae,0xfcae,0xfcae,0xfcae,0xfcae,0xfcae,0xfcae,0xfcae,0x19e8,0x19e8,0x0000,0x0000,0x0000,0x0000,0x0000,0x0000,0x0000,0x0000,0x0000,0x0000,0x0000,0x0000,0x0000,0x0000,0x0000,
0x0000,0x0000,0x0000,0x0000,0x0000,0x0000,0x0000,0x0000,0x0000,0x0000,0x0000,0x0000,0x0000,0x0000,0x0000,0x19e8,0x19e8,0xfcae,0xfcae,0xfcae,0xfcae,0xfcae,0xfcae,0xfcae,0xfcae,0xfcae,0xfcae,0xfcae,0xfcae,0xfcae,0xfcae,0xfcae,
0xfcae,0xfcae,0xfcae,0xfcae,0xfcae,0xfcae,0xfcae,0xfcae,0xfcae,0xfcae,0xfcae,0xfcae,0xfcae,0xfcae,0xfcae,0x19e8,0x19e8,0x0000,0x0000,0x0000,0x0000,0x0000,0x0000,0x0000,0x0000,0x0000,0x0000,0x0000,0x0000,0x0000,0x0000,0x0000,
0x0000,0x0000,0x0000,0x0000,0x0000,0x0000,0x0000,0x0000,0x0000,0x0000,0x0000,0x0000,0x0000,0x0000,0x0000,0x19e8,0x19e8,0xfcae,0xfcae,0xfcae,0xfcae,0xfcae,0xfcae,0xfcae,0xfcae,0xfcae,0xfcae,0xfcae,0xfcae,0xfcae,0xfcae,0xfcae,
0xfcae,0xfcae,0xfcae,0xfcae,0xfcae,0xfcae,0xfcae,0xfcae,0xfcae,0xfcae,0xfcae,0xfcae,0xfcae,0xfcae,0xfcae,0x19e8,0x19e8,0x0000,0x0000,0x0000,0x0000,0x0000,0x0000,0x0000,0x0000,0x0000,0x0000,0x0000,0x0000,0x0000,0x0000,0x0000,
0x0000,0x0000,0x0000,0x0000,0x0000,0x0000,0x0000,0x0000,0x0000,0x0000,0x0000,0x0000,0x0000,0x0000,0x0000,0x19e8,0x19e8,0x19e8,0x19e8,0x19e8,0x19e8,0x19e8,0x19e8,0x19e8,0x19e8,0x19e8,0x19e8,0x19e8,0x19e8,0x19e8,0x19e8,0x19e8,
0x19e8,0x19e8,0x19e8,0x19e8,0x19e8,0x19e8,0x19e8,0x19e8,0x19e8,0x19e8,0x19e8,0x19e8,0x19e8,0x19e8,0x19e8,0x19e8,0x19e8,0x0000,0x0000,0x0000,0x0000,0x0000,0x0000,0x0000,0x0000,0x0000,0x0000,0x0000,0x0000,0x0000,0x0000,0x0000,
0x0000,0x0000,0x0000,0x0000,0x0000,0x0000,0x0000,0x0000,0x0000,0x0000,0x0000,0x0000,0x0000,0x0000,0x0000,0x19e8,0x19e8,0x19e8,0x19e8,0x19e8,0x19e8,0x19e8,0x19e8,0x19e8,0x19e8,0x19e8,0x19e8,0x19e8,0x19e8,0x19e8,0x19e8,0x19e8,
0x19e8,0x19e8,0x19e8,0x19e8,0x19e8,0x19e8,0x19e8,0x19e8,0x19e8,0x19e8,0x19e8,0x19e8,0x19e8,0x19e8,0x19e8,0x19e8,0x19e8,0x0000,0x0000,0x0000,0x0000,0x0000,0x0000,0x0000,0x0000,0x0000,0x0000,0x0000,0x0000,0x0000,0x0000,0x0000,
0x0000,0x0000,0x0000,0x0000,0x0000,0x0000,0x0000,0x0000,0x0000,0x0000,0x0000,0x0000,0x0000,0x0000,0x0000,0x0000,0x0000,0x0000,0x0000,0x0000,0x0000,0x19e8,0x19e8,0x19e8,0x19e8,0x19e8,0x19e8,0x19e8,0x19e8,0x19e8,0x19e8,0x19e8,
0x19e8,0x19e8,0x19e8,0x19e8,0x19e8,0x19e8,0x19e8,0x19e8,0x19e8,0x19e8,0x19e8,0x0000,0x0000,0x0000,0x0000,0x0000,0x0000,0x0000,0x0000,0x0000,0x0000,0x0000,0x0000,0x0000,0x0000,0x0000,0x0000,0x0000,0x0000,0x0000,0x0000,0x0000,
0x0000,0x0000,0x0000,0x0000,0x0000,0x0000,0x0000,0x0000,0x0000,0x0000,0x0000,0x0000,0x0000,0x0000,0x0000,0x0000,0x0000,0x0000,0x0000,0x0000,0x0000,0x19e8,0x19e8,0x19e8,0x19e8,0x19e8,0x19e8,0x19e8,0x19e8,0x19e8,0x19e8,0x19e8,
0x19e8,0x19e8,0x19e8,0x19e8,0x19e8,0x19e8,0x19e8,0x19e8,0x19e8,0x19e8,0x19e8,0x0000,0x0000,0x0000,0x0000,0x0000,0x0000,0x0000,0x0000,0x0000,0x0000,0x0000,0x0000,0x0000,0x0000,0x0000,0x0000,0x0000,0x0000,0x0000,0x0000,0x0000,
0x0000,0x0000,0x0000,0x0000,0x0000,0x0000,0x0000,0x0000,0x0000,0x0000,0x0000,0x0000,0x0000,0x0000,0x0000,0x0000,0x0000,0x0000,0x0000,0x0000,0x0000,0x19e8,0x19e8,0xfcae,0xfcae,0xfcae,0xfcae,0xfcae,0xfcae,0xfcae,0xfcae,0xfcae,
0xfcae,0xfcae,0xfcae,0xfcae,0xfcae,0xfcae,0xfcae,0xfcae,0xfcae,0x19e8,0x19e8,0x0000,0x0000,0x0000,0x0000,0x0000,0x0000,0x0000,0x0000,0x0000,0x0000,0x0000,0x0000,0x0000,0x0000,0x0000,0x0000,0x0000,0x0000,0x0000,0x0000,0x0000,
0x0000,0x0000,0x0000,0x0000,0x0000,0x0000,0x0000,0x0000,0x0000,0xfcae,0xfcae,0xfcae,0xfcae,0xfcae,0x0000,0x0000,0x0000,0x0000,0x0000,0x0000,0x0000,0x19e8,0x19e8,0xfcae,0xfcae,0xfcae,0xfcae,0xfcae,0xfcae,0xfcae,0xfcae,0xfcae,
0xfcae,0xfcae,0xfcae,0xfcae,0xfcae,0xfcae,0xfcae,0xfcae,0xfcae,0x19e8,0x19e8,0x0000,0x0000,0x0000,0x0000,0x0000,0x0000,0x0000,0xfcae,0xfcae,0xfcae,0xfcae,0xfcae,0x0000,0x0000,0x0000,0x0000,0x0000,0x0000,0x0000,0x0000,0x0000,
0x0000,0x0000,0x0000,0x0000,0x0000,0x0000,0x0000,0x0000,0x0000,0xfcae,0xfcae,0xfcae,0xfcae,0xfcae,0x0000,0x0000,0x0000,0x0000,0x0000,0x0000,0x0000,0x19e8,0x19e8,0xfcae,0xfcae,0xfcae,0xfcae,0xfcae,0xfcae,0xfcae,0xfcae,0xfcae,
0xfcae,0xfcae,0xfcae,0xfcae,0xfcae,0xfcae,0xfcae,0xfcae,0xfcae,0x19e8,0x19e8,0x0000,0x0000,0x0000,0x0000,0x0000,0x0000,0x0000,0xfcae,0xfcae,0xfcae,0xfcae,0xfcae,0x0000,0x0000,0x0000,0x0000,0x0000,0x0000,0x0000,0x0000,0x0000,
0x0000,0x0000,0x0000,0x0000,0x0000,0x0000,0x0000,0x0000,0x0000,0xfcae,0xfcae,0xfcae,0xfcae,0xfcae,0x0000,0x0000,0x0000,0x0000,0x0000,0x0000,0x0000,0x19e8,0x19e8,0xfcae,0xfcae,0xfcae,0xfcae,0xfcae,0xfcae,0xfcae,0xfcae,0xfcae,
0xfcae,0xfcae,0xfcae,0xfcae,0xfcae,0xfcae,0xfcae,0xfcae,0xfcae,0x19e8,0x19e8,0x0000,0x0000,0x0000,0x0000,0x0000,0x0000,0x0000,0xfcae,0xfcae,0xfcae,0xfcae,0xfcae,0x0000,0x0000,0x0000,0x0000,0x0000,0x0000,0x0000,0x0000,0x0000,
0x0000,0x0000,0x0000,0x0000,0x0000,0x0000,0x0000,0x0000,0x0000,0xfcae,0xfcae,0xfcae,0xfcae,0xfcae,0x0000,0x0000,0x0000,0x0000,0x0000,0x0000,0x0000,0x19e8,0x19e8,0xfcae,0xfcae,0xfcae,0xfcae,0xfcae,0xfcae,0xfcae,0xfcae,0xfcae,
0xfcae,0xfcae,0xfcae,0xfcae,0xfcae,0xfcae,0xfcae,0xfcae,0xfcae,0x19e8,0x19e8,0x0000,0x0000,0x0000,0x0000,0x0000,0x0000,0x0000,0xfcae,0xfcae,0xfcae,0xfcae,0xfcae,0x0000,0x0000,0x0000,0x0000,0x0000,0x0000,0x0000,0x0000,0x0000,
0x0000,0x0000,0x0000,0x0000,0x0000,0x0000,0x0000,0x0000,0x0000,0xfcae,0xfcae,0xfcae,0xfcae,0xfcae,0x0000,0x0000,0x0000,0x0000,0x0000,0x0000,0x0000,0x19e8,0x19e8,0xfcae,0xfcae,0xfcae,0xfcae,0xfcae,0xfcae,0xfcae,0xfcae,0xfcae,
0xfcae,0xfcae,0xfcae,0xfcae,0xfcae,0xfcae,0xfcae,0xfcae,0xfcae,0x19e8,0x19e8,0x0000,0x0000,0x0000,0x0000,0x0000,0x0000,0x0000,0xfcae,0xfcae,0xfcae,0xfcae,0xfcae,0x0000,0x0000,0x0000,0x0000,0x0000,0x0000,0x0000,0x0000,0x0000,
0x0000,0x0000,0x0000,0x0000,0x0000,0x0000,0x0000,0x0000,0x0000,0xfcae,0xfcae,0xfcae,0xfcae,0xfcae,0x0000,0x0000,0x0000,0x0000,0x0000,0x0000,0x0000,0x19e8,0x19e8,0xfcae,0xfcae,0xfcae,0xfcae,0xfcae,0xfcae,0xfcae,0xfcae,0xfcae,
0xfcae,0xfcae,0xfcae,0xfcae,0xfcae,0xfcae,0xfcae,0xfcae,0xfcae,0x19e8,0x19e8,0x0000,0x0000,0x0000,0x0000,0x0000,0x0000,0x0000,0xfcae,0xfcae,0xfcae,0xfcae,0xfcae,0x0000,0x0000,0x0000,0x0000,0x0000,0x0000,0x0000,0x0000,0x0000,
0x0000,0x0000,0x0000,0x0000,0x0000,0x0000,0x0000,0x0000,0x0000,0xfcae,0xfcae,0xfcae,0xfcae,0xfcae,0x0000,0x0000,0x0000,0x0000,0x0000,0x0000,0x0000,0x19e8,0x19e8,0xfcae,0xfcae,0xfcae,0xfcae,0xfcae,0xfcae,0xfcae,0xfcae,0xfcae,
0xfcae,0xfcae,0xfcae,0xfcae,0xfcae,0xfcae,0xfcae,0xfcae,0xfcae,0x19e8,0x19e8,0x0000,0x0000,0x0000,0x0000,0x0000,0x0000,0x0000,0xfcae,0xfcae,0xfcae,0xfcae,0xfcae,0x0000,0x0000,0x0000,0x0000,0x0000,0x0000,0x0000,0x0000,0x0000,
0x0000,0x0000,0x0000,0x0000,0x0000,0x0000,0x0000,0x0000,0x0000,0xfcae,0xfcae,0xfcae,0xfcae,0xfcae,0x0000,0x0000,0x0000,0x0000,0x0000,0x0000,0x0000,0x19e8,0x19e8,0x19e8,0x19e8,0x19e8,0x19e8,0x19e8,0x19e8,0x19e8,0x19e8,0x19e8,
0x19e8,0x19e8,0x19e8,0x19e8,0x19e8,0x19e8,0x19e8,0x19e8,0x19e8,0x19e8,0x19e8,0x0000,0x0000,0x0000,0x0000,0x0000,0x0000,0x0000,0xfcae,0xfcae,0xfcae,0xfcae,0xfcae,0x0000,0x0000,0x0000,0x0000,0x0000,0x0000,0x0000,0x0000,0x0000,
0x0000,0x0000,0x0000,0x0000,0x0000,0x0000,0x0000,0x0000,0x0000,0xfcae,0xfcae,0xfcae,0xfcae,0xfcae,0x0000,0x0000,0x0000,0x0000,0x0000,0x0000,0x0000,0x19e8,0x19e8,0x19e8,0x19e8,0x19e8,0x19e8,0x19e8,0x19e8,0x19e8,0x19e8,0x19e8,
0x19e8,0x19e8,0x19e8,0x19e8,0x19e8,0x19e8,0x19e8,0x19e8,0x19e8,0x19e8,0x19e8,0x0000,0x0000,0x0000,0x0000,0x0000,0x0000,0x0000,0xfcae,0xfcae,0xfcae,0xfcae,0xfcae,0x0000,0x0000,0x0000,0x0000,0x0000,0x0000,0x0000,0x0000,0x0000,
0x0000,0x0000,0x0000,0x0000,0x0000,0x0000,0x0000,0x0000,0x0000,0x0000,0x0000,0x0000,0x0000,0x0000,0x0000,0x0000,0x0000,0x0000,0x0000,0x0000,0x0000,0x0000,0x0000,0x0000,0x0000,0x0000,0x0000,0x0000,0x0000,0x0000,0x0000,0x0000,
0x0000,0x0000,0x0000,0x0000,0x0000,0x0000,0x0000,0x0000,0x0000,0x0000,0x0000,0x0000,0x0000,0x0000,0x0000,0x0000,0x0000,0x0000,0x0000,0x0000,0x0000,0x0000,0x0000,0x0000,0x0000,0x0000,0x0000,0x0000,0x0000,0x0000,0x0000,0x0000,
0x0000,0x0000,0x0000,0x0000,0x0000,0x0000,0x0000,0x0000,0x0000,0x0000,0x0000,0x0000,0x0000,0x0000,0x0000,0x0000,0x0000,0x0000,0x0000,0x0000,0x0000,0x0000,0x0000,0x0000,0x0000,0x0000,0xfcae,0xfcae,0xfcae,0xfcae,0x0000,0x0000,
0x0000,0x0000,0xfcae,0xfcae,0xfcae,0xfcae,0x0000,0x0000,0x0000,0x0000,0x0000,0x0000,0x0000,0x0000,0x0000,0x0000,0x0000,0x0000,0x0000,0x0000,0x0000,0x0000,0x0000,0x0000,0x0000,0x0000,0x0000,0x0000,0x0000,0x0000,0x0000,0x0000,
0x0000,0x0000,0x0000,0x0000,0x0000,0x0000,0x0000,0x0000,0x0000,0x0000,0x0000,0x0000,0x0000,0x0000,0x0000,0x0000,0x0000,0x0000,0x0000,0x0000,0x0000,0x0000,0x0000,0x0000,0x0000,0x0000,0xfcae,0xfcae,0xfcae,0xfcae,0x0000,0x0000,
0x0000,0x0000,0xfcae,0xfcae,0xfcae,0xfcae,0x0000,0x0000,0x0000,0x0000,0x0000,0x0000,0x0000,0x0000,0x0000,0x0000,0x0000,0x0000,0x0000,0x0000,0x0000,0x0000,0x0000,0x0000,0x0000,0x0000,0x0000,0x0000,0x0000,0x0000,0x0000,0x0000,
0x0000,0x0000,0x0000,0x0000,0x0000,0x0000,0x0000,0x0000,0x0000,0x0000,0x0000,0x0000,0x0000,0x0000,0x0000,0x0000,0x0000,0x0000,0x0000,0x0000,0x0000,0x0000,0x0000,0x0000,0x0000,0x0000,0xfcae,0xfcae,0xfcae,0xfcae,0x0000,0x0000,
0x0000,0x0000,0xfcae,0xfcae,0xfcae,0xfcae,0x0000,0x0000,0x0000,0x0000,0x0000,0x0000,0x0000,0x0000,0x0000,0x0000,0x0000,0x0000,0x0000,0x0000,0x0000,0x0000,0x0000,0x0000,0x0000,0x0000,0x0000,0x0000,0x0000,0x0000,0x0000,0x0000,
0x0000,0x0000,0x0000,0x0000,0x0000,0x0000,0x0000,0x0000,0x0000,0x0000,0x0000,0x0000,0x0000,0x0000,0x0000,0x0000,0x0000,0x0000,0x0000,0x0000,0x0000,0x0000,0x0000,0x0000,0x0000,0x0000,0xfcae,0xfcae,0xfcae,0xfcae,0x0000,0x0000,
0x0000,0x0000,0xfcae,0xfcae,0xfcae,0xfcae,0x0000,0x0000,0x0000,0x0000,0x0000,0x0000,0x0000,0x0000,0x0000,0x0000,0x0000,0x0000,0x0000,0x0000,0x0000,0x0000,0x0000,0x0000,0x0000,0x0000,0x0000,0x0000,0x0000,0x0000,0x0000,0x0000,
0x0000,0x0000,0x0000,0x0000,0x0000,0x0000,0x0000,0x0000,0x0000,0x0000,0x0000,0x0000,0x0000,0x0000,0x0000,0x0000,0x0000,0x0000,0x0000,0x0000,0x0000,0x0000,0x0000,0x0000,0x0000,0x0000,0x0000,0x0000,0x0000,0x0000,0x0000,0x0000,
0x0000,0x0000,0x0000,0x0000,0x0000,0x0000,0x0000,0x0000,0x0000,0x0000,0x0000,0x0000,0x0000,0x0000,0x0000,0x0000,0x0000,0x0000,0x0000,0x0000,0x0000,0x0000,0x0000,0x0000,0x0000,0x0000,0x0000,0x0000,0x0000,0x0000,0x0000,0x0000,
0x0000,0x0000,0x0000,0x0000,0x0000,0x0000,0x0000,0x0000,0x0000,0x0000,0x0000,0x0000,0x0000,0x0000,0x0000,0x0000,0x0000,0x0000,0x0000,0x0000,0x0000,0x0000,0x0000,0x0000,0x0000,0x0000,0x0000,0x0000,0x0000,0x0000,0x0000,0x0000,
0x0000,0x0000,0x0000,0x0000,0x0000,0x0000,0x0000,0x0000,0x0000,0x0000,0x0000,0x0000,0x0000,0x0000,0x0000,0x0000,0x0000,0x0000,0x0000,0x0000,0x0000,0x0000,0x0000,0x0000,0x0000,0x0000,0x0000,0x0000,0x0000,0x0000,0x0000,0x0000,
0x0000,0x0000,0x0000,0x0000,0x0000,0x0000,0x0000,0x0000,0x0000,0x0000,0x0000,0x0000,0x0000,0x0000,0x0000,0x0000,0x0000,0x0000,0x0000,0x0000,0x0000,0x0000,0x0000,0x0000,0x0000,0x0000,0x0000,0x0000,0x0000,0x0000,0x0000,0x0000,
0x0000,0x0000,0x0000,0x0000,0x0000,0x0000,0x0000,0x0000,0x0000,0x0000,0x0000,0x0000,0x0000,0x0000,0x0000,0x0000,0x0000,0x0000,0x0000,0x0000,0x0000,0x0000,0x0000,0x0000,0x0000,0x0000,0x0000,0x0000,0x0000,0x0000,0x0000,0x0000,
0x0000,0x0000,0x0000,0x0000,0x0000,0x0000,0x0000,0x0000,0x0000,0x0000,0x0000,0x0000,0x0000,0x0000,0x0000,0x0000,0x0000,0x0000,0x0000,0x0000,0x0000,0x0000,0x0000,0x0000,0x0000,0x0000,0x0000,0x0000,0x0000,0x0000,0x0000,0x0000,
0x0000,0x0000,0x0000,0x0000,0x0000,0x0000,0x0000,0x0000,0x0000,0x0000,0x0000,0x0000,0x0000,0x0000,0x0000,0x0000,0x0000,0x0000,0x0000,0x0000,0x0000,0x0000,0x0000,0x0000,0x0000,0x0000,0x0000,0x0000,0x0000,0x0000,0x0000,0x0000,
0x0000,0x0000,0x0000,0x0000,0x0000,0x0000,0x0000,0x0000,0x0000,0x0000,0x0000,0x0000,0x0000,0x0000,0x0000,0x0000,0x0000,0x0000,0x0000,0x0000,0x0000,0x0000,0x0000,0x0000,0x0000,0x0000,0x0000,0x0000,0x0000,0x0000,0x0000,0x0000,
0x0000,0x0000,0x0000,0x0000,0x0000,0x0000,0x0000,0x0000,0x0000,0x0000,0x0000,0x0000,0x0000,0x0000,0x0000,0x0000,0x0000,0x0000,0x0000,0x0000,0x0000,0x0000,0x0000,0x0000,0x0000,0x0000,0x0000,0x0000,0x0000,0x0000,0x0000,0x0000,
};
static const uint16_t frame_29[4096] = {
0x0000,0x0000,0x0000,0x0000,0x0000,0x0000,0x0000,0x0000,0x0000,0x0000,0x0000,0x0000,0x0000,0x0000,0x0000,0x0000,0x0000,0x0000,0x0000,0x0000,0x0000,0x0000,0x0000,0x0000,0x0000,0x0000,0x0000,0x0000,0x0000,0x0000,0x0000,0x0000,
0x0000,0x0000,0x0000,0x0000,0x0000,0x0000,0x0000,0x0000,0x0000,0x0000,0x0000,0x0000,0x0000,0x0000,0x0000,0x0000,0x0000,0x0000,0x0000,0x0000,0x0000,0x0000,0x0000,0x0000,0x0000,0x0000,0x0000,0x0000,0x0000,0x0000,0x0000,0x0000,
0x0000,0x0000,0x0000,0x0000,0x0000,0x0000,0x0000,0x0000,0x0000,0x0000,0x0000,0x0000,0x0000,0x0000,0x0000,0x0000,0x0000,0x0000,0x0000,0x0000,0x0000,0x0000,0x0000,0x0000,0x0000,0x0000,0x0000,0x0000,0x0000,0x0000,0x0000,0x0000,
0x0000,0x0000,0x0000,0x0000,0x0000,0x0000,0x0000,0x0000,0x0000,0x0000,0x0000,0x0000,0x0000,0x0000,0x0000,0x0000,0x0000,0x0000,0x0000,0x0000,0x0000,0x0000,0x0000,0x0000,0x0000,0x0000,0x0000,0x0000,0x0000,0x0000,0x0000,0x0000,
0x0000,0x0000,0x0000,0x0000,0x0000,0x0000,0x0000,0x0000,0x0000,0x0000,0x0000,0x0000,0x0000,0x0000,0x0000,0x0000,0x0000,0x0000,0x0000,0x0000,0x0000,0x0000,0x0000,0x0000,0x0000,0x0000,0x0000,0x0000,0x0000,0x0000,0x0000,0x0000,
0x0000,0x0000,0x0000,0x0000,0x0000,0x0000,0x0000,0x0000,0x0000,0x0000,0x0000,0x0000,0x0000,0x0000,0x0000,0x0000,0x0000,0x0000,0x0000,0x0000,0x0000,0x0000,0x0000,0x0000,0x0000,0x0000,0x0000,0x0000,0x0000,0x0000,0x0000,0x0000,
0x0000,0x0000,0x0000,0x0000,0x0000,0x0000,0x0000,0x0000,0x0000,0x0000,0x0000,0x0000,0x0000,0x0000,0x0000,0x0000,0x0000,0x0000,0x0000,0x0000,0x0000,0x0000,0x0000,0x0000,0x0000,0x0000,0x0000,0x0000,0x0000,0x0000,0x0000,0x0000,
0x0000,0x0000,0x0000,0x0000,0x0000,0x0000,0x0000,0x0000,0x0000,0x0000,0x0000,0x0000,0x0000,0x0000,0x0000,0x0000,0x0000,0x0000,0x0000,0x0000,0x0000,0x0000,0x0000,0x0000,0x0000,0x0000,0x0000,0x0000,0x0000,0x0000,0x0000,0x0000,
0x0000,0x0000,0x0000,0x0000,0x0000,0x0000,0x0000,0x0000,0x0000,0x0000,0x0000,0x0000,0x0000,0x0000,0x0000,0x0000,0x0000,0x0000,0x0000,0x0000,0x0000,0x0000,0x0000,0x0000,0x0000,0x0000,0x0000,0x0000,0x0000,0x0000,0x0000,0x0000,
0x0000,0x0000,0x0000,0x0000,0x0000,0x0000,0x0000,0x0000,0x0000,0x0000,0x0000,0x0000,0x0000,0x0000,0x0000,0x0000,0x0000,0x0000,0x0000,0x0000,0x0000,0x0000,0x0000,0x0000,0x0000,0x0000,0x0000,0x0000,0x0000,0x0000,0x0000,0x0000,
0x0000,0x0000,0x0000,0x0000,0x0000,0x0000,0x0000,0x0000,0x0000,0x0000,0x0000,0x0000,0x0000,0x0000,0x0000,0x0000,0x0000,0x0000,0x0000,0x0000,0x0000,0x0000,0x0000,0x0000,0x0000,0x0000,0x0000,0x0000,0x0000,0x0000,0x0000,0x0000,
0x0000,0x0000,0x0000,0x0000,0x0000,0x0000,0x0000,0x0000,0x0000,0x0000,0x0000,0x0000,0x0000,0x0000,0x0000,0x0000,0x0000,0x0000,0x0000,0x0000,0x0000,0x0000,0x0000,0x0000,0x0000,0x0000,0x0000,0x0000,0x0000,0x0000,0x0000,0x0000,
0x0000,0x0000,0x0000,0x0000,0x0000,0x0000,0x0000,0x0000,0x0000,0x0000,0x0000,0x0000,0x0000,0x0000,0x0000,0x0000,0x0000,0x0000,0x0000,0x0000,0x0000,0x0000,0x0000,0x0000,0x0000,0x0000,0x0000,0x0000,0x0000,0x0000,0x0000,0x0000,
0x0000,0x0000,0x0000,0x0000,0x0000,0x0000,0x0000,0x0000,0x0000,0x0000,0x0000,0x0000,0x0000,0x0000,0x0000,0x0000,0x0000,0x0000,0x0000,0x0000,0x0000,0x0000,0x0000,0x0000,0x0000,0x0000,0x0000,0x0000,0x0000,0x0000,0x0000,0x0000,
0x0000,0x0000,0x0000,0x0000,0x0000,0x0000,0x0000,0x0000,0x0000,0x0000,0x0000,0x0000,0x0000,0x0000,0x0000,0x0000,0x0000,0x0000,0x0000,0x0000,0x0000,0x0000,0x0000,0x0000,0x0000,0x0000,0x0000,0xfeb2,0xfeb2,0xfeb2,0xfeb2,0xfeb2,
0xfeb2,0xfeb2,0xfeb2,0xfeb2,0xfeb2,0x0000,0x0000,0x0000,0x0000,0x0000,0x0000,0x0000,0x0000,0x0000,0x0000,0x0000,0x0000,0x0000,0x0000,0x0000,0x0000,0x0000,0x0000,0x0000,0x0000,0x0000,0x0000,0x0000,0x0000,0x0000,0x0000,0x0000,
0x0000,0x0000,0x0000,0x0000,0x0000,0x0000,0x0000,0x0000,0x0000,0x0000,0x0000,0x0000,0x0000,0x0000,0x0000,0x0000,0x0000,0x0000,0x0000,0x0000,0x0000,0x0000,0x0000,0x0000,0x0000,0x0000,0x0000,0xfeb2,0xfeb2,0xfeb2,0xfeb2,0xfeb2,
0xfeb2,0xfeb2,0xfeb2,0xfeb2,0xfeb2,0x0000,0x0000,0x0000,0x0000,0x0000,0x0000,0x0000,0x0000,0x0000,0x0000,0x0000,0x0000,0x0000,0x0000,0x0000,0x0000,0x0000,0x0000,0x0000,0x0000,0x0000,0x0000,0x0000,0x0000,0x0000,0x0000,0x0000,
0x0000,0x0000,0x0000,0x0000,0x0000,0x0000,0x0000,0x0000,0x0000,0x0000,0x0000,0x0000,0x0000,0x0000,0x0000,0x0000,0x0000,0x0000,0x0000,0x0000,0x0000,0x0000,0x0000,0x0000,0x0000,0x0000,0x0000,0xfeb2,0xfeb2,0xfeb2,0xfeb2,0xfeb2,
0xfeb2,0xfeb2,0xfeb2,0xfeb2,0xfeb2,0x0000,0x0000,0x0000,0x0000,0x0000,0x0000,0x0000,0x0000,0x0000,0x0000,0x0000,0x0000,0x0000,0x0000,0x0000,0x0000,0x0000,0x0000,0x0000,0x0000,0x0000,0x0000,0x0000,0x0000,0x0000,0x0000,0x0000,
0x0000,0x0000,0x0000,0x0000,0x0000,0x0000,0x0000,0x0000,0x0000,0x0000,0x0000,0x0000,0x0000,0x0000,0x0000,0x0000,0x0000,0x0000,0x0000,0x0000,0x0000,0x0000,0x0000,0x0000,0x0000,0x0000,0x0000,0xfeb2,0xfeb2,0xfeb2,0xfcae,0xfcae,
0xfcae,0xfcae,0xfeb2,0xfeb2,0xfeb2,0x0000,0x0000,0x0000,0x0000,0x0000,0x0000,0x0000,0x0000,0x0000,0x0000,0x0000,0x0000,0x0000,0x0000,0x0000,0x0000,0x0000,0x0000,0x0000,0x0000,0x0000,0x0000,0x0000,0x0000,0x0000,0x0000,0x0000,
0x0000,0x0000,0x0000,0x0000,0x0000,0x0000,0x0000,0x0000,0x0000,0x0000,0x0000,0x0000,0x0000,0x0000,0x0000,0x0000,0x0000,0x0000,0x0000,0x0000,0x0000,0x0000,0x0000,0x0000,0x0000,0x0000,0x0000,0x0000,0x0000,0x0000,0xfcae,0xfcae,
0xfcae,0xfcae,0x0000,0x0000,0x0000,0x0000,0x0000,0x0000,0x0000,0x0000,0x0000,0x0000,0x0000,0x0000,0x0000,0x0000,0x0000,0x0000,0x0000,0x0000,0x0000,0x0000,0x0000,0x0000,0x0000,0x0000,0x0000,0x0000,0x0000,0x0000,0x0000,0x0000,
0x0000,0x0000,0x0000,0x0000,0x0000,0x0000,0x0000,0x0000,0x0000,0x0000,0x0000,0x0000,0x0000,0x0000,0x0000,0x0000,0x0000,0x0000,0x0000,0x0000,0x0000,0x0000,0x0000,0x0000,0x0000,0x0000,0x0000,0x0000,0x0000,0x0000,0xfcae,0xfcae,
0xfcae,0xfcae,0x0000,0x0000,0x0000,0x0000,0x0000,0x0000,0x0000,0x0000,0x0000,0x0000,0x0000,0x0000,0x0000,0x0000,0x0000,0x0000,0x0000,0x0000,0x0000,0x0000,0x0000,0x0000,0x0000,0x0000,0x0000,0x0000,0x0000,0x0000,0x0000,0x0000,
0x0000,0x0000,0x0000,0x0000,0x0000,0x0000,0x0000,0x0000,0x0000,0x0000,0x0000,0x0000,0x0000,0x0000,0x0000,0x0000,0x0000,0x0000,0x0000,0x0000,0x0000,0x0000,0x0000,0x0000,0x0000,0x0000,0x0000,0x0000,0x0000,0x0000,0xfcae,0xfcae,
0xfcae,0xfcae,0x0000,0x0000,0x0000,0x0000,0x0000,0x0000,0x0000,0x0000,0x0000,0x0000,0x0000,0x0000,0x0000,0x0000,0x0000,0x0000,0x0000,0x0000,0x0000,0x0000,0x0000,0x0000,0x0000,0x0000,0x0000,0x0000,0x0000,0x0000,0x0000,0x0000,
0x0000,0x0000,0x0000,0x0000,0x0000,0x0000,0x0000,0x0000,0x0000,0x0000,0x0000,0x0000,0x0000,0x0000,0x0000,0x19e8,0x19e8,0x19e8,0x19e8,0x19e8,0x19e8,0x19e8,0x19e8,0x19e8,0x19e8,0x19e8,0x19e8,0x19e8,0x19e8,0x19e8,0x19e8,0x19e8,
0x19e8,0x19e8,0x19e8,0x19e8,0x19e8,0x19e8,0x19e8,0x19e8,0x19e8,0x19e8,0x19e8,0x19e8,0x19e8,0x19e8,0x19e8,0x19e8,0x19e8,0x0000,0x0000,0x0000,0x0000,0x0000,0x0000,0x0000,0x0000,0x0000,0x0000,0x0000,0x0000,0x0000,0x0000,0x0000,
0x0000,0x0000,0x0000,0x0000,0x0000,0x0000,0x0000,0x0000,0x0000,0x0000,0x0000,0x0000,0x0000,0x0000,0x0000,0x19e8,0x19e8,0x19e8,0x19e8,0x19e8,0x19e8,0x19e8,0x19e8,0x19e8,0x19e8,0x19e8,0x19e8,0x19e8,0x19e8,0x19e8,0x19e8,0x19e8,
0x19e8,0x19e8,0x19e8,0x19e8,0x19e8,0x19e8,0x19e8,0x19e8,0x19e8,0x19e8,0x19e8,0x19e8,0x19e8,0x19e8,0x19e8,0x19e8,0x19e8,0x0000,0x0000,0x0000,0x0000,0x0000,0x0000,0x0000,0x0000,0x0000,0x0000,0x0000,0x0000,0x0000,0x0000,0x0000,
0x0000,0x0000,0x0000,0x0000,0x0000,0x0000,0x0000,0x0000,0x0000,0x0000,0x0000,0x0000,0x0000,0x0000,0x0000,0x19e8,0x19e8,0xfcae,0xfcae,0xfcae,0xfcae,0xfcae,0xfcae,0xfcae,0xfcae,0xfcae,0xfcae,0xfcae,0xfcae,0xfcae,0xfcae,0xfcae,
0xfcae,0xfcae,0xfcae,0xfcae,0xfcae,0xfcae,0xfcae,0xfcae,0xfcae,0xfcae,0xfcae,0xfcae,0xfcae,0xfcae,0xfcae,0x19e8,0x19e8,0x0000,0x0000,0x0000,0x0000,0x0000,0x0000,0x0000,0x0000,0x0000,0x0000,0x0000,0x0000,0x0000,0x0000,0x0000,
0x0000,0x0000,0x0000,0x0000,0x0000,0x0000,0x0000,0x0000,0x0000,0x0000,0x0000,0x0000,0x0000,0x0000,0x0000,0x19e8,0x19e8,0xfcae,0xfcae,0xfcae,0xfcae,0xfcae,0xfcae,0xfcae,0xfcae,0xfcae,0xfcae,0xfcae,0xfcae,0xfcae,0xfcae,0xfcae,
0xfcae,0xfcae,0xfcae,0xfcae,0xfcae,0xfcae,0xfcae,0xfcae,0xfcae,0xfcae,0xfcae,0xfcae,0xfcae,0xfcae,0xfcae,0x19e8,0x19e8,0x0000,0x0000,0x0000,0x0000,0x0000,0x0000,0x0000,0x0000,0x0000,0x0000,0x0000,0x0000,0x0000,0x0000,0x0000,
0x0000,0x0000,0x0000,0x0000,0x0000,0x0000,0x0000,0x0000,0x0000,0x0000,0x0000,0x0000,0x0000,0x0000,0x0000,0x19e8,0x19e8,0xfcae,0xfcae,0xfcae,0xfcae,0xfcae,0xfcae,0xfcae,0xfcae,0xfcae,0xfcae,0xfcae,0xfcae,0xfcae,0xfcae,0xfcae,
0xfcae,0xfcae,0xfcae,0xfcae,0xfcae,0xfcae,0xfcae,0xfcae,0xfcae,0xfcae,0xfcae,0xfcae,0xfcae,0xfcae,0xfcae,0x19e8,0x19e8,0x0000,0x0000,0x0000,0x0000,0x0000,0x0000,0x0000,0xfeb2,0xfeb2,0x0000,0x0000,0x0000,0x0000,0x0000,0x0000,
0x0000,0x0000,0x0000,0x0000,0x0000,0x0000,0x0000,0x0000,0x0000,0x0000,0x0000,0x0000,0x0000,0x0000,0x0000,0x19e8,0x19e8,0xfcae,0xfcae,0xfcae,0xfcae,0xfcae,0xfcae,0xfcae,0xfcae,0xfcae,0xfcae,0xfcae,0xfcae,0xfcae,0xfcae,0xfcae,
0xfcae,0xfcae,0xfcae,0xfcae,0xfcae,0xfcae,0xfcae,0xfcae,0xfcae,0xfcae,0xfcae,0xfcae,0xfcae,0xfcae,0xfcae,0x19e8,0x19e8,0x0000,0x0000,0x0000,0x0000,0x0000,0x0000,0x0000,0xfeb2,0xfeb2,0x0000,0x0000,0x0000,0x0000,0x0000,0x0000,
0x0000,0x0000,0x0000,0x0000,0x0000,0x0000,0x0000,0x0000,0x0000,0x0000,0x0000,0x0000,0x0000,0x0000,0x0000,0x19e8,0x19e8,0xfcae,0xfcae,0xfcae,0xfcae,0x19e8,0x19e8,0x19e8,0x19e8,0x19e8,0x19e8,0x19e8,0x19e8,0x19e8,0x19e8,0x19e8,
0x19e8,0x19e8,0x19e8,0x19e8,0x19e8,0x19e8,0x19e8,0x19e8,0x19e8,0x19e8,0x19e8,0xfcae,0xfcae,0xfcae,0xfcae,0x19e8,0x19e8,0x0000,0x0000,0x0000,0x0000,0x0000,0x0000,0x0000,0xfeb2,0xfeb2,0x0000,0x0000,0x0000,0x0000,0x0000,0x0000,
0x0000,0x0000,0x0000,0x0000,0x0000,0x0000,0x0000,0x0000,0x0000,0x0000,0x0000,0x0000,0x0000,0x0000,0x0000,0x19e8,0x19e8,0xfcae,0xfcae,0xfcae,0xfcae,0x19e8,0x19e8,0x19e8,0x19e8,0x19e8,0x19e8,0x19e8,0x19e8,0x19e8,0x19e8,0x19e8,
0x19e8,0x19e8,0x19e8,0x19e8,0x19e8,0x19e8,0x19e8,0x19e8,0x19e8,0x19e8,0x19e8,0xfcae,0xfcae,0xfcae,0xfcae,0x19e8,0x19e8,0x0000,0x0000,0x0000,0x0000,0x0000,0x0000,0x0000,0xfeb2,0xfeb2,0x0000,0x0000,0x0000,0x0000,0x0000,0x0000,
0x0000,0x0000,0x0000,0x0000,0x0000,0x0000,0x0000,0x0000,0x0000,0x0000,0x0000,0x0000,0x0000,0x0000,0x0000,0x19e8,0x19e8,0xfcae,0xfcae,0xfcae,0xfcae,0x19e8,0x19e8,0x19e8,0x19e8,0x19e8,0x19e8,0x19e8,0xefdb,0x19e8,0x19e8,0x19e8,
0x19e8,0x19e8,0x19e8,0x19e8,0x19e8,0x19e8,0x19e8,0xefdb,0x19e8,0x19e8,0x19e8,0xfcae,0xfcae,0xfcae,0xfcae,0x19e8,0x19e8,0x0000,0x0000,0x0000,0x0000,0x0000,0x0000,0x0000,0xfeb2,0xfeb2,0x0000,0x0000,0x0000,0x0000,0x0000,0x0000,
0x0000,0x0000,0x0000,0x0000,0x0000,0x0000,0x0000,0x0000,0x0000,0x0000,0x0000,0x0000,0x0000,0x0000,0x0000,0x19e8,0x19e8,0xfcae,0xfcae,0xfcae,0xfcae,0x19e8,0x19e8,0x19e8,0x19e8,0xefdb,0x19e8,0xefdb,0xefdb,0xefdb,0x19e8,0x19e8,
0x19e8,0x19e8,0x19e8,0x19e8,0xefdb,0x19e8,0xefdb,0xefdb,0xefdb,0x19e8,0x19e8,0xfcae,0xfcae,0xfcae,0xfcae,0x19e8,0x19e8,0x0000,0x0000,0x0000,0x0000,0x0000,0x0000,0x0000,0xfeb2,0xfeb2,0x0000,0x0000,0x0000,0x0000,0x0000,0x0000,
0x0000,0x0000,0x0000,0x0000,0x0000,0x0000,0x0000,0x0000,0x0000,0x0000,0x0000,0x0000,0x0000,0x0000,0x0000,0x19e8,0x19e8,0xfcae,0xfcae,0xfcae,0xfcae,0x19e8,0x19e8,0x19e8,0xefdb,0xefdb,0xefdb,0xefdb,0xefdb,0x19e8,0x19e8,0x19e8,
0x19e8,0x19e8,0x19e8,0xefdb,0xefdb,0xefdb,0xefdb,0xefdb,0x19e8,0x19e8,0x19e8,0xfcae,0xfcae,0xfcae,0xfcae,0x19e8,0x19e8,0x0000,0x0000,0x0000,0x0000,0x0000,0x0000,0x0000,0xfeb2,0xfeb2,0x0000,0x0000,0x0000,0x0000,0x0000,0x0000,
0x0000,0x0000,0x0000,0x0000,0x0000,0x0000,0x0000,0x0000,0x0000,0x0000,0x0000,0x0000,0x0000,0x0000,0x0000,0x19e8,0x19e8,0xfcae,0xfcae,0xfcae,0xfcae,0x19e8,0x19e8,0x19e8,0x19e8,0xefdb,0xefdb,0xefdb,0x19e8,0x19e8,0x19e8,0x19e8,
0x19e8,0x19e8,0x19e8,0x19e8,0xefdb,0xefdb,0xefdb,0x19e8,0x19e8,0x19e8,0x19e8,0xfcae,0xfcae,0xfcae,0xfcae,0x19e8,0x19e8,0x0000,0x0000,0x0000,0x0000,0x0000,0x0000,0x0000,0xfeb2,0xfeb2,0x0000,0x0000,0x0000,0x0000,0x0000,0x0000,
0x0000,0x0000,0x0000,0x0000,0x0000,0x0000,0x0000,0x0000,0x0000,0x0000,0x0000,0x0000,0x0000,0x0000,0x0000,0x19e8,0x19e8,0xfcae,0xfcae,0xfcae,0xfcae,0x19e8,0x19e8,0x19e8,0x19e8,0xefdb,0xefdb,0xefdb,0x19e8,0x19e8,0x19e8,0x19e8,
0x19e8,0x19e8,0x19e8,0x19e8,0xefdb,0xefdb,0xefdb,0x19e8,0x19e8,0x19e8,0x19e8,0xfcae,0xfcae,0xfcae,0xfcae,0x19e8,0x19e8,0x0000,0x0000,0x0000,0x0000,0x0000,0x0000,0x0000,0xfeb2,0xfeb2,0x0000,0x0000,0x0000,0x0000,0x0000,0x0000,
0x0000,0x0000,0x0000,0x0000,0x0000,0x0000,0x0000,0x0000,0x0000,0x0000,0x0000,0x0000,0x0000,0x0000,0x0000,0x19e8,0x19e8,0xfcae,0xfcae,0xfcae,0xfcae,0x19e8,0x19e8,0x19e8,0xefdb,0xefdb,0xefdb,0xefdb,0xefdb,0x19e8,0x19e8,0x19e8,
0x19e8,0x19e8,0x19e8,0xefdb,0xefdb,0xefdb,0xefdb,0xefdb,0x19e8,0x19e8,0x19e8,0xfcae,0xfcae,0xfcae,0xfcae,0x19e8,0x19e8,0x0000,0x0000,0x0000,0x0000,0x0000,0x0000,0x0000,0x0000,0x0000,0x0000,0x0000,0x0000,0x0000,0x0000,0x0000,
0x0000,0x0000,0x0000,0x0000,0x0000,0x0000,0x0000,0x0000,0x0000,0x0000,0x0000,0x0000,0x0000,0x0000,0x0000,0x19e8,0x19e8,0xfcae,0xfcae,0xfcae,0xfcae,0x19e8,0x19e8,0x19e8,0x19e8,0xefdb,0x19e8,0xefdb,0xefdb,0xefdb,0x19e8,0x19e8,
0x19e8,0x19e8,0x19e8,0x19e8,0xefdb,0x19e8,0xefdb,0xefdb,0xefdb,0x19e8,0x19e8,0xfcae,0xfcae,0xfcae,0xfcae,0x19e8,0x19e8,0x0000,0x0000,0x0000,0x0000,0x0000,0x0000,0x0000,0x0000,0x0000,0x0000,0x0000,0x0000,0x0000,0x0000,0x0000,
0x0000,0x0000,0x0000,0x0000,0x0000,0x0000,0x0000,0x0000,0x0000,0x0000,0x0000,0x0000,0x0000,0x0000,0x0000,0x19e8,0x19e8,0xfcae,0xfcae,0xfcae,0xfcae,0x19e8,0x19e8,0x19e8,0x19e8,0x19e8,0x19e8,0x19e8,0xefdb,0x19e8,0x19e8,0x19e8,
0x19e8,0x19e8,0x19e8,0x19e8,0x19e8,0x19e8,0x19e8,0xefdb,0x19e8,0x19e8,0x19e8,0xfcae,0xfcae,0xfcae,0xfcae,0x19e8,0x19e8,0x0000,0x0000,0x0000,0x0000,0x0000,0x0000,0x0000,0xfeb2,0xfeb2,0x0000,0x0000,0x0000,0x0000,0x0000,0x0000,
0x0000,0x0000,0x0000,0x0000,0x0000,0x0000,0x0000,0x0000,0x0000,0x0000,0x0000,0x0000,0x0000,0x0000,0x0000,0x19e8,0x19e8,0xfcae,0xfcae,0xfcae,0xfcae,0x19e8,0x19e8,0x19e8,0x19e8,0x19e8,0x19e8,0x19e8,0x19e8,0x19e8,0x19e8,0x19e8,
0x19e8,0x19e8,0x19e8,0x19e8,0x19e8,0x19e8,0x19e8,0x19e8,0x19e8,0x19e8,0x19e8,0xfcae,0xfcae,0xfcae,0xfcae,0x19e8,0x19e8,0x0000,0x0000,0x0000,0x0000,0x0000,0x0000,0x0000,0xfeb2,0xfeb2,0x0000,0x0000,0x0000,0x0000,0x0000,0x0000,
0x0000,0x0000,0x0000,0x0000,0x0000,0x0000,0x0000,0x0000,0x0000,0x0000,0x0000,0x0000,0x0000,0x0000,0x0000,0x19e8,0x19e8,0xfcae,0xfcae,0xfcae,0xfcae,0x19e8,0x19e8,0x19e8,0x19e8,0x19e8,0x19e8,0x19e8,0x19e8,0x19e8,0x19e8,0x19e8,
0x19e8,0x19e8,0x19e8,0x19e8,0x19e8,0x19e8,0x19e8,0x19e8,0x19e8,0x19e8,0x19e8,0xfcae,0xfcae,0xfcae,0xfcae,0x19e8,0x19e8,0x0000,0x0000,0x0000,0x0000,0x0000,0x0000,0x0000,0x0000,0x0000,0x0000,0x0000,0x0000,0x0000,0x0000,0x0000,
0x0000,0x0000,0x0000,0x0000,0x0000,0x0000,0x0000,0x0000,0x0000,0x0000,0x0000,0x0000,0x0000,0x0000,0x0000,0x19e8,0x19e8,0xfcae,0xfcae,0xfcae,0xfcae,0x19e8,0x19e8,0x19e8,0x19e8,0x19e8,0x19e8,0x19e8,0x19e8,0x19e8,0x19e8,0x19e8,
0x19e8,0x19e8,0x19e8,0x19e8,0x19e8,0x19e8,0x19e8,0x19e8,0x19e8,0x19e8,0x19e8,0xfcae,0xfcae,0xfcae,0xfcae,0x19e8,0x19e8,0x0000,0x0000,0x0000,0x0000,0x0000,0x0000,0x0000,0x0000,0x0000,0x0000,0x0000,0x0000,0x0000,0x0000,0x0000,
0x0000,0x0000,0x0000,0x0000,0x0000,0x0000,0x0000,0x0000,0x0000,0x0000,0x0000,0x0000,0x0000,0x0000,0x0000,0x19e8,0x19e8,0xfcae,0xfcae,0xfcae,0xfcae,0x19e8,0x19e8,0x19e8,0x19e8,0x19e8,0x19e8,0x19e8,0x19e8,0x19e8,0x19e8,0x19e8,
0x19e8,0x19e8,0x19e8,0x19e8,0x19e8,0x19e8,0x19e8,0x19e8,0x19e8,0x19e8,0x19e8,0xfcae,0xfcae,0xfcae,0xfcae,0x19e8,0x19e8,0x0000,0x0000,0x0000,0x0000,0x0000,0x0000,0x0000,0x0000,0x0000,0x0000,0x0000,0x0000,0x0000,0x0000,0x0000,
0x0000,0x0000,0x0000,0x0000,0x0000,0x0000,0x0000,0x0000,0x0000,0x0000,0x0000,0x0000,0x0000,0x0000,0x0000,0x19e8,0x19e8,0xfcae,0xfcae,0xfcae,0xfcae,0xfcae,0xfcae,0xfcae,0xfcae,0xfcae,0xfcae,0xfcae,0xfcae,0xfcae,0xfcae,0xfcae,
0xfcae,0xfcae,0xfcae,0xfcae,0xfcae,0xfcae,0xfcae,0xfcae,0xfcae,0xfcae,0xfcae,0xfcae,0xfcae,0xfcae,0xfcae,0x19e8,0x19e8,0x0000,0x0000,0x0000,0x0000,0x0000,0x0000,0x0000,0x0000,0x0000,0x0000,0x0000,0x0000,0x0000,0x0000,0x0000,
0x0000,0x0000,0x0000,0x0000,0x0000,0x0000,0x0000,0x0000,0x0000,0x0000,0x0000,0x0000,0x0000,0x0000,0x0000,0x19e8,0x19e8,0xfcae,0xfcae,0xfcae,0xfcae,0xfcae,0xfcae,0xfcae,0xfcae,0xfcae,0xfcae,0x19e8,0x19e8,0x19e8,0x19e8,0x19e8,
0x19e8,0x19e8,0x19e8,0x19e8,0x19e8,0xfcae,0xfcae,0xfcae,0xfcae,0xfcae,0xfcae,0xfcae,0xfcae,0xfcae,0xfcae,0x19e8,0x19e8,0x0000,0x0000,0x0000,0x0000,0x0000,0x0000,0x0000,0x0000,0x0000,0x0000,0x0000,0x0000,0x0000,0x0000,0x0000,
0x0000,0x0000,0x0000,0x0000,0x0000,0x0000,0x0000,0x0000,0x0000,0x0000,0x0000,0x0000,0x0000,0x0000,0x0000,0x19e8,0x19e8,0xfcae,0xfcae,0xfcae,0xfcae,0xfcae,0xfcae,0xfcae,0xfcae,0xfcae,0xfcae,0x19e8,0x19e8,0x19e8,0x19e8,0x19e8,
0x19e8,0x19e8,0x19e8,0x19e8,0x19e8,0xfcae,0xfcae,0xfcae,0xfcae,0xfcae,0xfcae,0xfcae,0xfcae,0xfcae,0xfcae,0x19e8,0x19e8,0x0000,0x0000,0x0000,0x0000,0x0000,0x0000,0x0000,0x0000,0x0000,0x0000,0x0000,0x0000,0x0000,0x0000,0x0000,
0x0000,0x0000,0x0000,0x0000,0x0000,0x0000,0x0000,0x0000,0x0000,0x0000,0x0000,0x0000,0x0000,0x0000,0x0000,0x19e8,0x19e8,0xfcae,0xfcae,0xfcae,0xfcae,0xfcae,0xfcae,0xfcae,0xfcae,0xfcae,0xfcae,0xfcae,0xfcae,0xfcae,0xfcae,0xfcae,
0xfcae,0xfcae,0xfcae,0xfcae,0xfcae,0xfcae,0xfcae,0xfcae,0xfcae,0xfcae,0xfcae,0xfcae,0xfcae,0xfcae,0xfcae,0x19e8,0x19e8,0x0000,0x0000,0x0000,0x0000,0x0000,0x0000,0x0000,0x0000,0x0000,0x0000,0x0000,0x0000,0x0000,0x0000,0x0000,
0x0000,0x0000,0x0000,0x0000,0x0000,0x0000,0x0000,0x0000,0x0000,0x0000,0x0000,0x0000,0x0000,0x0000,0x0000,0x19e8,0x19e8,0xfcae,0xfcae,0xfcae,0xfcae,0xfcae,0xfcae,0xfcae,0xfcae,0xfcae,0xfcae,0xfcae,0xfcae,0xfcae,0xfcae,0xfcae,
0xfcae,0xfcae,0xfcae,0xfcae,0xfcae,0xfcae,0xfcae,0xfcae,0xfcae,0xfcae,0xfcae,0xfcae,0xfcae,0xfcae,0xfcae,0x19e8,0x19e8,0x0000,0x0000,0x0000,0x0000,0x0000,0x0000,0x0000,0x0000,0x0000,0x0000,0x0000,0x0000,0x0000,0x0000,0x0000,
0x0000,0x0000,0x0000,0x0000,0x0000,0x0000,0x0000,0x0000,0x0000,0x0000,0x0000,0x0000,0x0000,0x0000,0x0000,0x19e8,0x19e8,0x19e8,0x19e8,0x19e8,0x19e8,0x19e8,0x19e8,0x19e8,0x19e8,0x19e8,0x19e8,0x19e8,0x19e8,0x19e8,0x19e8,0x19e8,
0x19e8,0x19e8,0x19e8,0x19e8,0x19e8,0x19e8,0x19e8,0x19e8,0x19e8,0x19e8,0x19e8,0x19e8,0x19e8,0x19e8,0x19e8,0x19e8,0x19e8,0x0000,0x0000,0x0000,0x0000,0x0000,0x0000,0x0000,0x0000,0x0000,0x0000,0x0000,0x0000,0x0000,0x0000,0x0000,
0x0000,0x0000,0x0000,0x0000,0x0000,0x0000,0x0000,0x0000,0x0000,0x0000,0x0000,0x0000,0x0000,0x0000,0x0000,0x19e8,0x19e8,0x19e8,0x19e8,0x19e8,0x19e8,0x19e8,0x19e8,0x19e8,0x19e8,0x19e8,0x19e8,0x19e8,0x19e8,0x19e8,0x19e8,0x19e8,
0x19e8,0x19e8,0x19e8,0x19e8,0x19e8,0x19e8,0x19e8,0x19e8,0x19e8,0x19e8,0x19e8,0x19e8,0x19e8,0x19e8,0x19e8,0x19e8,0x19e8,0x0000,0x0000,0x0000,0x0000,0x0000,0x0000,0x0000,0x0000,0x0000,0x0000,0x0000,0x0000,0x0000,0x0000,0x0000,
0x0000,0x0000,0x0000,0x0000,0x0000,0x0000,0x0000,0x0000,0x0000,0x0000,0x0000,0x0000,0x0000,0x0000,0x0000,0x0000,0x0000,0x0000,0x0000,0x0000,0x0000,0x19e8,0x19e8,0x19e8,0x19e8,0x19e8,0x19e8,0x19e8,0x19e8,0x19e8,0x19e8,0x19e8,
0x19e8,0x19e8,0x19e8,0x19e8,0x19e8,0x19e8,0x19e8,0x19e8,0x19e8,0x19e8,0x19e8,0x0000,0x0000,0x0000,0x0000,0x0000,0x0000,0x0000,0x0000,0x0000,0x0000,0x0000,0x0000,0x0000,0x0000,0x0000,0x0000,0x0000,0x0000,0x0000,0x0000,0x0000,
0x0000,0x0000,0x0000,0x0000,0x0000,0x0000,0x0000,0x0000,0x0000,0x0000,0x0000,0x0000,0x0000,0x0000,0x0000,0x0000,0x0000,0x0000,0x0000,0x0000,0x0000,0x19e8,0x19e8,0x19e8,0x19e8,0x19e8,0x19e8,0x19e8,0x19e8,0x19e8,0x19e8,0x19e8,
0x19e8,0x19e8,0x19e8,0x19e8,0x19e8,0x19e8,0x19e8,0x19e8,0x19e8,0x19e8,0x19e8,0x0000,0x0000,0x0000,0x0000,0x0000,0x0000,0x0000,0x0000,0x0000,0x0000,0x0000,0x0000,0x0000,0x0000,0x0000,0x0000,0x0000,0x0000,0x0000,0x0000,0x0000,
0x0000,0x0000,0x0000,0x0000,0x0000,0x0000,0x0000,0x0000,0x0000,0x0000,0x0000,0x0000,0x0000,0x0000,0x0000,0x0000,0x0000,0x0000,0x0000,0x0000,0x0000,0x19e8,0x19e8,0xfcae,0xfcae,0xfcae,0xfcae,0xfcae,0xfcae,0xfcae,0xfcae,0xfcae,
0xfcae,0xfcae,0xfcae,0xfcae,0xfcae,0xfcae,0xfcae,0xfcae,0xfcae,0x19e8,0x19e8,0x0000,0x0000,0x0000,0x0000,0x0000,0x0000,0x0000,0x0000,0x0000,0x0000,0x0000,0x0000,0x0000,0x0000,0x0000,0x0000,0x0000,0x0000,0x0000,0x0000,0x0000,
0x0000,0x0000,0x0000,0x0000,0x0000,0x0000,0x0000,0x0000,0x0000,0xfcae,0xfcae,0xfcae,0xfcae,0xfcae,0x0000,0x0000,0x0000,0x0000,0x0000,0x0000,0x0000,0x19e8,0x19e8,0xfcae,0xfcae,0xfcae,0xfcae,0xfcae,0xfcae,0xfcae,0xfcae,0xfcae,
0xfcae,0xfcae,0xfcae,0xfcae,0xfcae,0xfcae,0xfcae,0xfcae,0xfcae,0x19e8,0x19e8,0x0000,0x0000,0x0000,0x0000,0x0000,0x0000,0x0000,0xfcae,0xfcae,0xfcae,0xfcae,0xfcae,0x0000,0x0000,0x0000,0x0000,0x0000,0x0000,0x0000,0x0000,0x0000,
0x0000,0x0000,0x0000,0x0000,0x0000,0x0000,0x0000,0x0000,0x0000,0xfcae,0xfcae,0xfcae,0xfcae,0xfcae,0x0000,0x0000,0x0000,0x0000,0x0000,0x0000,0x0000,0x19e8,0x19e8,0xfcae,0xfcae,0xfcae,0xfcae,0xfcae,0xfcae,0xfcae,0xfcae,0xfcae,
0xfcae,0xfcae,0xfcae,0xfcae,0xfcae,0xfcae,0xfcae,0xfcae,0xfcae,0x19e8,0x19e8,0x0000,0x0000,0x0000,0x0000,0x0000,0x0000,0x0000,0xfcae,0xfcae,0xfcae,0xfcae,0xfcae,0x0000,0x0000,0x0000,0x0000,0x0000,0x0000,0x0000,0x0000,0x0000,
0x0000,0x0000,0x0000,0x0000,0x0000,0x0000,0x0000,0x0000,0x0000,0xfcae,0xfcae,0xfcae,0xfcae,0xfcae,0x0000,0x0000,0x0000,0x0000,0x0000,0x0000,0x0000,0x19e8,0x19e8,0xfcae,0xfcae,0xfcae,0xfcae,0xfcae,0xfcae,0xfcae,0xfcae,0xfcae,
0xfcae,0xfcae,0xfcae,0xfcae,0xfcae,0xfcae,0xfcae,0xfcae,0xfcae,0x19e8,0x19e8,0x0000,0x0000,0x0000,0x0000,0x0000,0x0000,0x0000,0xfcae,0xfcae,0xfcae,0xfcae,0xfcae,0x0000,0x0000,0x0000,0x0000,0x0000,0x0000,0x0000,0x0000,0x0000,
0x0000,0x0000,0x0000,0x0000,0x0000,0x0000,0x0000,0x0000,0x0000,0xfcae,0xfcae,0xfcae,0xfcae,0xfcae,0x0000,0x0000,0x0000,0x0000,0x0000,0x0000,0x0000,0x19e8,0x19e8,0xfcae,0xfcae,0xfcae,0xfcae,0xfcae,0xfcae,0xfcae,0xfcae,0xfcae,
0xfcae,0xfcae,0xfcae,0xfcae,0xfcae,0xfcae,0xfcae,0xfcae,0xfcae,0x19e8,0x19e8,0x0000,0x0000,0x0000,0x0000,0x0000,0x0000,0x0000,0xfcae,0xfcae,0xfcae,0xfcae,0xfcae,0x0000,0x0000,0x0000,0x0000,0x0000,0x0000,0x0000,0x0000,0x0000,
0x0000,0x0000,0x0000,0x0000,0x0000,0x0000,0x0000,0x0000,0x0000,0xfcae,0xfcae,0xfcae,0xfcae,0xfcae,0x0000,0x0000,0x0000,0x0000,0x0000,0x0000,0x0000,0x19e8,0x19e8,0xfcae,0xfcae,0xfcae,0xfcae,0xfcae,0xfcae,0xfcae,0xfcae,0xfcae,
0xfcae,0xfcae,0xfcae,0xfcae,0xfcae,0xfcae,0xfcae,0xfcae,0xfcae,0x19e8,0x19e8,0x0000,0x0000,0x0000,0x0000,0x0000,0x0000,0x0000,0xfcae,0xfcae,0xfcae,0xfcae,0xfcae,0x0000,0x0000,0x0000,0x0000,0x0000,0x0000,0x0000,0x0000,0x0000,
0x0000,0x0000,0x0000,0x0000,0x0000,0x0000,0x0000,0x0000,0x0000,0xfcae,0xfcae,0xfcae,0xfcae,0xfcae,0x0000,0x0000,0x0000,0x0000,0x0000,0x0000,0x0000,0x19e8,0x19e8,0xfcae,0xfcae,0xfcae,0xfcae,0xfcae,0xfcae,0xfcae,0xfcae,0xfcae,
0xfcae,0xfcae,0xfcae,0xfcae,0xfcae,0xfcae,0xfcae,0xfcae,0xfcae,0x19e8,0x19e8,0x0000,0x0000,0x0000,0x0000,0x0000,0x0000,0x0000,0xfcae,0xfcae,0xfcae,0xfcae,0xfcae,0x0000,0x0000,0x0000,0x0000,0x0000,0x0000,0x0000,0x0000,0x0000,
0x0000,0x0000,0x0000,0x0000,0x0000,0x0000,0x0000,0x0000,0x0000,0xfcae,0xfcae,0xfcae,0xfcae,0xfcae,0x0000,0x0000,0x0000,0x0000,0x0000,0x0000,0x0000,0x19e8,0x19e8,0xfcae,0xfcae,0xfcae,0xfcae,0xfcae,0xfcae,0xfcae,0xfcae,0xfcae,
0xfcae,0xfcae,0xfcae,0xfcae,0xfcae,0xfcae,0xfcae,0xfcae,0xfcae,0x19e8,0x19e8,0x0000,0x0000,0x0000,0x0000,0x0000,0x0000,0x0000,0xfcae,0xfcae,0xfcae,0xfcae,0xfcae,0x0000,0x0000,0x0000,0x0000,0x0000,0x0000,0x0000,0x0000,0x0000,
0x0000,0x0000,0x0000,0x0000,0x0000,0x0000,0x0000,0x0000,0x0000,0xfcae,0xfcae,0xfcae,0xfcae,0xfcae,0x0000,0x0000,0x0000,0x0000,0x0000,0x0000,0x0000,0x19e8,0x19e8,0x19e8,0x19e8,0x19e8,0x19e8,0x19e8,0x19e8,0x19e8,0x19e8,0x19e8,
0x19e8,0x19e8,0x19e8,0x19e8,0x19e8,0x19e8,0x19e8,0x19e8,0x19e8,0x19e8,0x19e8,0x0000,0x0000,0x0000,0x0000,0x0000,0x0000,0x0000,0xfcae,0xfcae,0xfcae,0xfcae,0xfcae,0x0000,0x0000,0x0000,0x0000,0x0000,0x0000,0x0000,0x0000,0x0000,
0x0000,0x0000,0x0000,0x0000,0x0000,0x0000,0x0000,0x0000,0x0000,0xfcae,0xfcae,0xfcae,0xfcae,0xfcae,0x0000,0x0000,0x0000,0x0000,0x0000,0x0000,0x0000,0x19e8,0x19e8,0x19e8,0x19e8,0x19e8,0x19e8,0x19e8,0x19e8,0x19e8,0x19e8,0x19e8,
0x19e8,0x19e8,0x19e8,0x19e8,0x19e8,0x19e8,0x19e8,0x19e8,0x19e8,0x19e8,0x19e8,0x0000,0x0000,0x0000,0x0000,0x0000,0x0000,0x0000,0xfcae,0xfcae,0xfcae,0xfcae,0xfcae,0x0000,0x0000,0x0000,0x0000,0x0000,0x0000,0x0000,0x0000,0x0000,
0x0000,0x0000,0x0000,0x0000,0x0000,0x0000,0x0000,0x0000,0x0000,0x0000,0x0000,0x0000,0x0000,0x0000,0x0000,0x0000,0x0000,0x0000,0x0000,0x0000,0x0000,0x0000,0x0000,0x0000,0x0000,0x0000,0x0000,0x0000,0x0000,0x0000,0x0000,0x0000,
0x0000,0x0000,0x0000,0x0000,0x0000,0x0000,0x0000,0x0000,0x0000,0x0000,0x0000,0x0000,0x0000,0x0000,0x0000,0x0000,0x0000,0x0000,0x0000,0x0000,0x0000,0x0000,0x0000,0x0000,0x0000,0x0000,0x0000,0x0000,0x0000,0x0000,0x0000,0x0000,
0x0000,0x0000,0x0000,0x0000,0x0000,0x0000,0x0000,0x0000,0x0000,0x0000,0x0000,0x0000,0x0000,0x0000,0x0000,0x0000,0x0000,0x0000,0x0000,0x0000,0x0000,0x0000,0x0000,0x0000,0x0000,0x0000,0xfcae,0xfcae,0xfcae,0xfcae,0x0000,0x0000,
0x0000,0x0000,0xfcae,0xfcae,0xfcae,0xfcae,0x0000,0x0000,0x0000,0x0000,0x0000,0x0000,0x0000,0x0000,0x0000,0x0000,0x0000,0x0000,0x0000,0x0000,0x0000,0x0000,0x0000,0x0000,0x0000,0x0000,0x0000,0x0000,0x0000,0x0000,0x0000,0x0000,
0x0000,0x0000,0x0000,0x0000,0x0000,0x0000,0x0000,0x0000,0x0000,0x0000,0x0000,0x0000,0x0000,0x0000,0x0000,0x0000,0x0000,0x0000,0x0000,0x0000,0x0000,0x0000,0x0000,0x0000,0x0000,0x0000,0xfcae,0xfcae,0xfcae,0xfcae,0x0000,0x0000,
0x0000,0x0000,0xfcae,0xfcae,0xfcae,0xfcae,0x0000,0x0000,0x0000,0x0000,0x0000,0x0000,0x0000,0x0000,0x0000,0x0000,0x0000,0x0000,0x0000,0x0000,0x0000,0x0000,0x0000,0x0000,0x0000,0x0000,0x0000,0x0000,0x0000,0x0000,0x0000,0x0000,
0x0000,0x0000,0x0000,0x0000,0x0000,0x0000,0x0000,0x0000,0x0000,0x0000,0x0000,0x0000,0x0000,0x0000,0x0000,0x0000,0x0000,0x0000,0x0000,0x0000,0x0000,0x0000,0x0000,0x0000,0x0000,0x0000,0xfcae,0xfcae,0xfcae,0xfcae,0x0000,0x0000,
0x0000,0x0000,0xfcae,0xfcae,0xfcae,0xfcae,0x0000,0x0000,0x0000,0x0000,0x0000,0x0000,0x0000,0x0000,0x0000,0x0000,0x0000,0x0000,0x0000,0x0000,0x0000,0x0000,0x0000,0x0000,0x0000,0x0000,0x0000,0x0000,0x0000,0x0000,0x0000,0x0000,
0x0000,0x0000,0x0000,0x0000,0x0000,0x0000,0x0000,0x0000,0x0000,0x0000,0x0000,0x0000,0x0000,0x0000,0x0000,0x0000,0x0000,0x0000,0x0000,0x0000,0x0000,0x0000,0x0000,0x0000,0x0000,0x0000,0xfcae,0xfcae,0xfcae,0xfcae,0x0000,0x0000,
0x0000,0x0000,0xfcae,0xfcae,0xfcae,0xfcae,0x0000,0x0000,0x0000,0x0000,0x0000,0x0000,0x0000,0x0000,0x0000,0x0000,0x0000,0x0000,0x0000,0x0000,0x0000,0x0000,0x0000,0x0000,0x0000,0x0000,0x0000,0x0000,0x0000,0x0000,0x0000,0x0000,
0x0000,0x0000,0x0000,0x0000,0x0000,0x0000,0x0000,0x0000,0x0000,0x0000,0x0000,0x0000,0x0000,0x0000,0x0000,0x0000,0x0000,0x0000,0x0000,0x0000,0x0000,0x0000,0x0000,0x0000,0x0000,0x0000,0x0000,0x0000,0x0000,0x0000,0x0000,0x0000,
0x0000,0x0000,0x0000,0x0000,0x0000,0x0000,0x0000,0x0000,0x0000,0x0000,0x0000,0x0000,0x0000,0x0000,0x0000,0x0000,0x0000,0x0000,0x0000,0x0000,0x0000,0x0000,0x0000,0x0000,0x0000,0x0000,0x0000,0x0000,0x0000,0x0000,0x0000,0x0000,
0x0000,0x0000,0x0000,0x0000,0x0000,0x0000,0x0000,0x0000,0x0000,0x0000,0x0000,0x0000,0x0000,0x0000,0x0000,0x0000,0x0000,0x0000,0x0000,0x0000,0x0000,0x0000,0x0000,0x0000,0x0000,0x0000,0x0000,0x0000,0x0000,0x0000,0x0000,0x0000,
0x0000,0x0000,0x0000,0x0000,0x0000,0x0000,0x0000,0x0000,0x0000,0x0000,0x0000,0x0000,0x0000,0x0000,0x0000,0x0000,0x0000,0x0000,0x0000,0x0000,0x0000,0x0000,0x0000,0x0000,0x0000,0x0000,0x0000,0x0000,0x0000,0x0000,0x0000,0x0000,
0x0000,0x0000,0x0000,0x0000,0x0000,0x0000,0x0000,0x0000,0x0000,0x0000,0x0000,0x0000,0x0000,0x0000,0x0000,0x0000,0x0000,0x0000,0x0000,0x0000,0x0000,0x0000,0x0000,0x0000,0x0000,0x0000,0x0000,0x0000,0x0000,0x0000,0x0000,0x0000,
0x0000,0x0000,0x0000,0x0000,0x0000,0x0000,0x0000,0x0000,0x0000,0x0000,0x0000,0x0000,0x0000,0x0000,0x0000,0x0000,0x0000,0x0000,0x0000,0x0000,0x0000,0x0000,0x0000,0x0000,0x0000,0x0000,0x0000,0x0000,0x0000,0x0000,0x0000,0x0000,
0x0000,0x0000,0x0000,0x0000,0x0000,0x0000,0x0000,0x0000,0x0000,0x0000,0x0000,0x0000,0x0000,0x0000,0x0000,0x0000,0x0000,0x0000,0x0000,0x0000,0x0000,0x0000,0x0000,0x0000,0x0000,0x0000,0x0000,0x0000,0x0000,0x0000,0x0000,0x0000,
0x0000,0x0000,0x0000,0x0000,0x0000,0x0000,0x0000,0x0000,0x0000,0x0000,0x0000,0x0000,0x0000,0x0000,0x0000,0x0000,0x0000,0x0000,0x0000,0x0000,0x0000,0x0000,0x0000,0x0000,0x0000,0x0000,0x0000,0x0000,0x0000,0x0000,0x0000,0x0000,
0x0000,0x0000,0x0000,0x0000,0x0000,0x0000,0x0000,0x0000,0x0000,0x0000,0x0000,0x0000,0x0000,0x0000,0x0000,0x0000,0x0000,0x0000,0x0000,0x0000,0x0000,0x0000,0x0000,0x0000,0x0000,0x0000,0x0000,0x0000,0x0000,0x0000,0x0000,0x0000,
0x0000,0x0000,0x0000,0x0000,0x0000,0x0000,0x0000,0x0000,0x0000,0x0000,0x0000,0x0000,0x0000,0x0000,0x0000,0x0000,0x0000,0x0000,0x0000,0x0000,0x0000,0x0000,0x0000,0x0000,0x0000,0x0000,0x0000,0x0000,0x0000,0x0000,0x0000,0x0000,
0x0000,0x0000,0x0000,0x0000,0x0000,0x0000,0x0000,0x0000,0x0000,0x0000,0x0000,0x0000,0x0000,0x0000,0x0000,0x0000,0x0000,0x0000,0x0000,0x0000,0x0000,0x0000,0x0000,0x0000,0x0000,0x0000,0x0000,0x0000,0x0000,0x0000,0x0000,0x0000,
0x0000,0x0000,0x0000,0x0000,0x0000,0x0000,0x0000,0x0000,0x0000,0x0000,0x0000,0x0000,0x0000,0x0000,0x0000,0x0000,0x0000,0x0000,0x0000,0x0000,0x0000,0x0000,0x0000,0x0000,0x0000,0x0000,0x0000,0x0000,0x0000,0x0000,0x0000,0x0000,
};
const lv_image_dsc_t muse_avatar_frames[30] = {
{.header={.magic=LV_IMAGE_HEADER_MAGIC,.cf=LV_COLOR_FORMAT_RGB565,.flags=0,.w=64,.h=64,.stride=128},.data_size=8192,.data=(const uint8_t*)frame_0},
{.header={.magic=LV_IMAGE_HEADER_MAGIC,.cf=LV_COLOR_FORMAT_RGB565,.flags=0,.w=64,.h=64,.stride=128},.data_size=8192,.data=(const uint8_t*)frame_1},
{.header={.magic=LV_IMAGE_HEADER_MAGIC,.cf=LV_COLOR_FORMAT_RGB565,.flags=0,.w=64,.h=64,.stride=128},.data_size=8192,.data=(const uint8_t*)frame_2},
{.header={.magic=LV_IMAGE_HEADER_MAGIC,.cf=LV_COLOR_FORMAT_RGB565,.flags=0,.w=64,.h=64,.stride=128},.data_size=8192,.data=(const uint8_t*)frame_3},
{.header={.magic=LV_IMAGE_HEADER_MAGIC,.cf=LV_COLOR_FORMAT_RGB565,.flags=0,.w=64,.h=64,.stride=128},.data_size=8192,.data=(const uint8_t*)frame_4},
{.header={.magic=LV_IMAGE_HEADER_MAGIC,.cf=LV_COLOR_FORMAT_RGB565,.flags=0,.w=64,.h=64,.stride=128},.data_size=8192,.data=(const uint8_t*)frame_5},
{.header={.magic=LV_IMAGE_HEADER_MAGIC,.cf=LV_COLOR_FORMAT_RGB565,.flags=0,.w=64,.h=64,.stride=128},.data_size=8192,.data=(const uint8_t*)frame_6},
{.header={.magic=LV_IMAGE_HEADER_MAGIC,.cf=LV_COLOR_FORMAT_RGB565,.flags=0,.w=64,.h=64,.stride=128},.data_size=8192,.data=(const uint8_t*)frame_7},
{.header={.magic=LV_IMAGE_HEADER_MAGIC,.cf=LV_COLOR_FORMAT_RGB565,.flags=0,.w=64,.h=64,.stride=128},.data_size=8192,.data=(const uint8_t*)frame_8},
{.header={.magic=LV_IMAGE_HEADER_MAGIC,.cf=LV_COLOR_FORMAT_RGB565,.flags=0,.w=64,.h=64,.stride=128},.data_size=8192,.data=(const uint8_t*)frame_9},
{.header={.magic=LV_IMAGE_HEADER_MAGIC,.cf=LV_COLOR_FORMAT_RGB565,.flags=0,.w=64,.h=64,.stride=128},.data_size=8192,.data=(const uint8_t*)frame_10},
{.header={.magic=LV_IMAGE_HEADER_MAGIC,.cf=LV_COLOR_FORMAT_RGB565,.flags=0,.w=64,.h=64,.stride=128},.data_size=8192,.data=(const uint8_t*)frame_11},
{.header={.magic=LV_IMAGE_HEADER_MAGIC,.cf=LV_COLOR_FORMAT_RGB565,.flags=0,.w=64,.h=64,.stride=128},.data_size=8192,.data=(const uint8_t*)frame_12},
{.header={.magic=LV_IMAGE_HEADER_MAGIC,.cf=LV_COLOR_FORMAT_RGB565,.flags=0,.w=64,.h=64,.stride=128},.data_size=8192,.data=(const uint8_t*)frame_13},
{.header={.magic=LV_IMAGE_HEADER_MAGIC,.cf=LV_COLOR_FORMAT_RGB565,.flags=0,.w=64,.h=64,.stride=128},.data_size=8192,.data=(const uint8_t*)frame_14},
{.header={.magic=LV_IMAGE_HEADER_MAGIC,.cf=LV_COLOR_FORMAT_RGB565,.flags=0,.w=64,.h=64,.stride=128},.data_size=8192,.data=(const uint8_t*)frame_15},
{.header={.magic=LV_IMAGE_HEADER_MAGIC,.cf=LV_COLOR_FORMAT_RGB565,.flags=0,.w=64,.h=64,.stride=128},.data_size=8192,.data=(const uint8_t*)frame_16},
{.header={.magic=LV_IMAGE_HEADER_MAGIC,.cf=LV_COLOR_FORMAT_RGB565,.flags=0,.w=64,.h=64,.stride=128},.data_size=8192,.data=(const uint8_t*)frame_17},
{.header={.magic=LV_IMAGE_HEADER_MAGIC,.cf=LV_COLOR_FORMAT_RGB565,.flags=0,.w=64,.h=64,.stride=128},.data_size=8192,.data=(const uint8_t*)frame_18},
{.header={.magic=LV_IMAGE_HEADER_MAGIC,.cf=LV_COLOR_FORMAT_RGB565,.flags=0,.w=64,.h=64,.stride=128},.data_size=8192,.data=(const uint8_t*)frame_19},
{.header={.magic=LV_IMAGE_HEADER_MAGIC,.cf=LV_COLOR_FORMAT_RGB565,.flags=0,.w=64,.h=64,.stride=128},.data_size=8192,.data=(const uint8_t*)frame_20},
{.header={.magic=LV_IMAGE_HEADER_MAGIC,.cf=LV_COLOR_FORMAT_RGB565,.flags=0,.w=64,.h=64,.stride=128},.data_size=8192,.data=(const uint8_t*)frame_21},
{.header={.magic=LV_IMAGE_HEADER_MAGIC,.cf=LV_COLOR_FORMAT_RGB565,.flags=0,.w=64,.h=64,.stride=128},.data_size=8192,.data=(const uint8_t*)frame_22},
{.header={.magic=LV_IMAGE_HEADER_MAGIC,.cf=LV_COLOR_FORMAT_RGB565,.flags=0,.w=64,.h=64,.stride=128},.data_size=8192,.data=(const uint8_t*)frame_23},
{.header={.magic=LV_IMAGE_HEADER_MAGIC,.cf=LV_COLOR_FORMAT_RGB565,.flags=0,.w=64,.h=64,.stride=128},.data_size=8192,.data=(const uint8_t*)frame_24},
{.header={.magic=LV_IMAGE_HEADER_MAGIC,.cf=LV_COLOR_FORMAT_RGB565,.flags=0,.w=64,.h=64,.stride=128},.data_size=8192,.data=(const uint8_t*)frame_25},
{.header={.magic=LV_IMAGE_HEADER_MAGIC,.cf=LV_COLOR_FORMAT_RGB565,.flags=0,.w=64,.h=64,.stride=128},.data_size=8192,.data=(const uint8_t*)frame_26},
{.header={.magic=LV_IMAGE_HEADER_MAGIC,.cf=LV_COLOR_FORMAT_RGB565,.flags=0,.w=64,.h=64,.stride=128},.data_size=8192,.data=(const uint8_t*)frame_27},
{.header={.magic=LV_IMAGE_HEADER_MAGIC,.cf=LV_COLOR_FORMAT_RGB565,.flags=0,.w=64,.h=64,.stride=128},.data_size=8192,.data=(const uint8_t*)frame_28},
{.header={.magic=LV_IMAGE_HEADER_MAGIC,.cf=LV_COLOR_FORMAT_RGB565,.flags=0,.w=64,.h=64,.stride=128},.data_size=8192,.data=(const uint8_t*)frame_29},
};
